crossover_06_05_03.mp4,0,0.0199883729219436,0.1500894118238378,0.0842594633499781,-0.0444335341453552,0.100768432021141,0.8672083616256714,0.0631170868873596,0.0295010954141616,0.4716940224170685,-0.1125694513320922,0.2000449746847152,-0.5226395,0.7628503441810608,0.1155999302864074,0.0144029706716537,-0.39711812,0.2784079313278198,0.066730797290802,0.0918709486722946,0.7301533222198486,-0.0379349291324615,0.2225134223699569,0.8002031445503235,0.2870469700753034,0.0779067000073648,0.0,0.0,0.0,0.0,0.0,0.0,0.0,1,1.0
crossover_06_05_03.mp4,1,0.0335402190685272,0.1622237401979941,0.0393674343824386,0.0820313990116119,0.0292495936155319,0.8265565633773804,0.0022071897983551,0.0356336683034896,0.492019385099411,0.094785064458847,0.0771103948354721,-0.3866502,0.7257175445556641,0.0127494633197784,0.0646105259656906,-0.3922563,0.3230650722980499,0.0866504609584808,0.1344917267560959,0.7422602772712708,-0.1067147254943847,0.1431005448102951,0.8162024021148682,0.0772819904583795,0.1515908081677313,-0.0448920289675394,0.0121343283741562,0.0,0.0,0.0,0.0,0.0,1,1.0
crossover_06_05_03.mp4,2,0.0271071046590805,0.157989000832593,0.0511290341615676,-0.0240998864173889,0.0539068728685379,0.747433602809906,0.0334301590919494,0.0402392297983169,0.4625859558582306,-0.0088160037994384,0.0906026512384414,-0.37661698,0.654673159122467,0.088563323020935,0.0552602261304855,-0.39212498,0.3223960399627685,0.0892961621284484,0.1428670436143875,0.6914340853691101,-0.1211413443088531,0.1525521427392959,0.7893578410148621,0.1714120066256262,0.0695484829934642,0.0117615997791289,-0.004234739365401,0.0,0.0,0.0,0.0,0.0,1,1.0
crossover_06_05_03.mp4,3,0.070935234427452,0.156782654038182,0.0455419729153315,0.0525721311569213,-0.0195645242929458,0.7361952066421509,0.0424833893775939,-0.0225807577371597,0.5042684674263,-0.0153761506080627,0.0188011080026626,-0.37549162,0.6293594241142273,0.1368698477745056,0.018829122185707,-0.45960352,0.3724752068519592,0.088305652141571,0.0964565426111221,0.7148793935775757,-0.1281544268131256,0.0989349037408828,0.8087213039398193,0.1742232127860736,0.0333181068999712,-0.005587061246236,-0.001206346794411,0.0,0.0,0.0,0.0,0.0,0,1.0
crossover_06_05_03.mp4,4,0.0700467079877853,0.1527660096133196,0.0709874312082926,0.0931699872016906,-0.0223957300186157,0.76109379529953,-0.0464952886104583,-0.0287239253520965,0.5522128939628601,0.1351844668388366,0.016327679157257,-0.397448,0.6658643484115601,-0.0336655378341674,0.0128340125083923,-0.47989485,0.4348175525665283,0.0892874002456665,0.1046587228775024,0.7417656183242798,-0.1307334005832672,0.1046997904777526,0.8272833228111267,0.0574177598014034,0.195290916302194,0.025445458292961,-0.0040166444248623,0.0,0.0,0.0,0.25,0.0,0,1.0
crossover_06_05_03.mp4,5,0.0732607245445251,0.1541704202139818,0.0669000546137491,0.1044987738132476,-0.021413654088974,0.7839862108230591,-0.0605464577674865,-0.0371851921081543,0.5965021848678589,0.1477459967136383,0.0132235288619995,-0.4144924,0.6986737847328186,-0.0473922491073608,0.0053465366363525,-0.48592812,0.4912303388118744,0.0914662778377533,0.1028726696968078,0.7667772769927979,-0.1298311054706573,0.1066581010818481,0.8443371653556824,0.054059621105683,0.2107518570246503,-0.0040873765945435,0.0014044106006622,0.0,0.0,0.0,0.75,0.0,0,1.0
crossover_06_05_03.mp4,6,0.0611973255872726,0.150823974609375,0.1358494887749354,0.1039989590644836,-0.0144662708044052,0.8046324253082275,-0.0599238872528076,-0.0268581062555313,0.6365512013435364,0.1377793550491333,0.0306193083524703,-0.46896428,0.7285574078559875,-0.0459906756877899,0.0195374339818954,-0.4851609,0.5420569777488708,0.0921412706375122,0.1090350002050399,0.7893871068954468,-0.1277516484260559,0.1198370307683944,0.8594664931297302,0.1060356212374689,0.2286143054617852,0.0689494341611862,-0.0033464456046068,0.0,0.0,0.0,1.0,0.0,0,1.0
crossover_06_05_03.mp4,7,0.0597186684608459,0.148702312067703,0.1117554773886998,0.1061636060476303,-0.0146831423044204,0.8237192034721375,-0.0585977286100387,-0.0216655880212783,0.6726264953613281,0.1342424601316452,0.0287217646837234,-0.37651247,0.7555415034294128,-0.040634348988533,0.0246889740228652,-0.48306906,0.5877858996391296,0.0973872989416122,0.1155583411455154,0.8100114464759827,-0.1244496256113052,0.1220025569200515,0.8733392357826233,0.0842833599448033,0.2083961305501541,-0.0240940113862355,-0.002121662541672,0.0,0.0,0.0,0.75,0.0,0,1.0
crossover_06_05_03.mp4,8,0.0617439746856689,0.1520337838817526,0.1102169036865234,0.1094710677862167,-0.0146113038063049,0.8409404158592224,-0.0571093410253524,-0.0220996141433715,0.705052375793457,0.1402565091848373,0.0275906324386596,-0.39609638,0.7798082828521729,-0.0373481959104537,0.0234897136688232,-0.46467596,0.6289179921150208,0.1014274209737777,0.1138361096382141,0.8282440304756165,-0.1211159974336624,0.1199874877929687,0.8855379819869995,0.0834613976615067,0.2082957987055474,-0.0015385737021763,0.0033314718140495,0.0,0.0,0.0,0.25,0.0,0,1.0
crossover_06_05_03.mp4,9,0.05278941988945,0.1436241931385464,0.070888857046763,0.1108675599098205,-0.0140111744403839,0.8567456007003784,-0.0551641583442688,-0.0082081854343414,0.734416127204895,0.1361216306686401,0.0239279270172119,-0.26083592,0.8018091320991516,-0.0342058539390563,0.033067762851715,-0.45917034,0.6659777760505676,0.1071161031723022,0.11598402261734,0.844980001449585,-0.1166967153549194,0.1248502135276794,0.8968724012374878,0.0475564653107781,0.1818074828210685,-0.0393280466397604,-0.0084095907432061,0.0,0.0,0.0,0.0,0.0,0,1.0
crossover_06_05_03.mp4,10,0.0510666668415069,0.1386348879999585,0.0522867023944855,0.1097225397825241,-0.0167222619056701,0.870849609375,-0.0556085258722305,-0.008083164691925,0.7608359456062317,0.1320652812719345,0.017242282629013,-0.1951018,0.821557343006134,-0.0331857353448867,0.0362971723079681,-0.4644403,0.6993045806884766,0.1076094359159469,0.1116013824939727,0.859783411026001,-0.1173732429742813,0.1242135465145111,0.906985640525818,0.0356548887147265,0.1725630078522011,-0.0186021546522775,-0.0049893051385879,0.0,0.0,0.0,0.0,0.0,0,1.0
crossover_06_05_03.mp4,11,0.0499557852745056,0.1394220021035935,0.0530042906602223,0.1104684472084045,-0.0180853605270385,0.8836022019386292,-0.0547813773155212,-0.007356971502304,0.7846440076828003,0.1305043697357177,0.0156913101673126,-0.16798706,0.8393729329109192,-0.0319578349590301,0.0368641316890716,-0.4491855,0.7293009161949158,0.1115808486938476,0.1166897118091583,0.8731598258018494,-0.1169885993003845,0.1238630712032318,0.9161142706871032,0.0383638199390109,0.1721381807828393,0.0007175882657368,0.000787114103635,0.0,0.0,0.0,0.0,0.0,0,1.0
crossover_06_05_03.mp4,12,0.0446092337369918,0.1312774848054956,0.031073052684466,0.1035183668136596,-0.0165843516588211,0.8869456052780151,-0.0523106455802917,-0.0019998699426651,0.8058433532714844,0.1284422278404235,0.0111906677484512,-0.1554269,0.8517852425575256,-0.030879408121109,0.0435456782579422,-0.41602084,0.7561548948287964,0.1137612462043762,0.1183934360742569,0.8852083086967468,-0.1160570383071899,0.1240668445825576,0.924256443977356,0.0200835234160208,0.1626358641638013,-0.0219312379757563,-0.0081445172980979,0.0,0.0,0.0,0.0,0.0,1,1.0
crossover_06_05_03.mp4,13,0.0416440814733505,0.1274370048884991,0.0290143052736918,0.1019403785467147,-0.0121432542800903,0.8863484859466553,-0.0527448803186416,0.0004761219024658,0.8248807787895203,0.1172484010457992,0.005773514509201,-0.43731445,0.8593819737434387,-0.0317624062299728,0.0459697842597961,-0.44888532,0.7802600264549255,0.1136615127325058,0.1166815161705017,0.8961183428764343,-0.1164974421262741,0.1222420930862426,0.9316340684890748,0.0253760123664519,0.1600997837853521,-0.0020587474107741,-0.0038404799169964,0.0,0.0,0.0,0.0,0.0,1,1.0
crossover_06_05_03.mp4,14,0.0420491844415664,0.1274921396264323,0.0284456988175709,0.1011453717947006,-0.0129952430725097,0.884052038192749,-0.0523569732904434,0.000655174255371,0.8418929576873779,0.114800676703453,0.005167931318283,-0.09076096,0.8640255928039551,-0.0318696945905685,0.0461082756519317,-0.35840142,0.8018888235092163,0.1142542213201522,0.1159553825855255,0.9054235816001892,-0.1162730902433395,0.1212129890918731,0.9380375146865844,0.0265127835369329,0.1603376463137605,-0.0005686064561208,5.513473793317125e-05,0.0,0.0,0.0,0.0,0.0,1,1.0
crossover_06_05_03.mp4,15,0.0404190123081207,0.1348065884025008,0.0645733873049417,0.1049022674560546,-0.0008186697959899,0.8950474262237549,-0.0522931814193725,0.0029208958148956,0.8574609756469727,0.1148366332054138,0.0283144116401672,-0.39506334,0.8773815631866455,-0.0317564904689788,0.0479589700698852,-0.52844375,0.8215463757514954,0.1140098571777343,0.114618957042694,0.9142293930053712,-0.1170793175697326,0.1176891922950744,0.9439931511878968,0.0413945941740268,0.1673896594871,0.0361276884873708,0.0073144487760684,0.0,0.0,0.0,0.25,0.0,1,1.0
crossover_06_05_03.mp4,16,0.0386226177215576,0.1462571360446788,0.1035431404908497,0.1066550016403198,0.0026968419551849,0.9046597480773926,-0.0521976053714752,0.0070449411869049,0.8713103532791138,0.1294639110565185,0.0442399680614471,-0.37992185,0.88924640417099,-0.0319020450115203,0.0514313280582428,-0.5315542,0.8392273187637329,0.1124186515808105,0.1107224524021148,0.919818103313446,-0.117775946855545,0.1170279085636138,0.9484455585479736,0.0616350441363874,0.1856241761991869,0.038969753185908,0.011450547642178,0.0,0.0,0.0,0.75,0.0,0,1.0
crossover_06_05_03.mp4,17,0.0376067757606506,0.1460643852198565,0.1041016936302184,0.1074519157409668,0.0029777586460113,0.9130113124847412,-0.0519410669803619,0.0076063275337219,0.8838173747062683,0.1331355571746826,0.0465503931045532,-0.3687568,0.8998704552650452,-0.0316136479377746,0.0520983338356018,-0.512942,0.8551903963088989,0.1120343804359436,0.1108635663986206,0.9245899319648744,-0.1183671951293945,0.1179499626159668,0.95234215259552,0.0589856489903867,0.1851319337572333,0.0005585531393687,-0.0001927508248222,0.0,0.0,0.0,1.0,0.0,0,1.0
crossover_06_05_03.mp4,18,0.034485712647438,0.1586840253185343,0.0938995937506358,0.1088965684175491,0.014247328042984,0.9208375215530396,-0.0500480085611343,0.0115533173084259,0.8947441577911377,0.149615004658699,0.0570327341556549,-0.50939834,0.9094164967536926,-0.0271839052438735,0.0555395185947418,-0.5761677,0.8694127798080444,0.1132740527391433,0.1143349707126617,0.9300299882888794,-0.1200032085180282,0.1181060969829559,0.9559064507484436,0.0379659383148178,0.1897850968266948,-0.0102020998795826,0.0126196400986777,0.0,0.0,0.0,0.75,0.0,1,1.0
crossover_06_05_03.mp4,19,0.0332495868206024,0.1572203193549757,0.0761363019545873,0.1055953651666641,0.0144204050302505,0.9267898797988892,-0.0494843572378158,0.0108070522546768,0.9047814011573792,0.1500429660081863,0.0484952479600906,-0.48578233,0.9172068238258362,-0.0241379588842391,0.0542899519205093,-0.60346806,0.8823282718658447,0.1140517741441726,0.1161796599626541,0.9356298446655272,-0.1202685981988906,0.1183874160051345,0.9596797823905944,0.0285577006600907,0.1826693408749918,-0.0177632917960485,-0.0014637059635586,0.0,0.0,0.0,0.25,0.0,1,1.0
crossover_06_05_03.mp4,20,0.0333476364612579,0.1571950335193563,0.0763381133476893,0.1037349551916122,0.0139208883047103,0.9322801232337952,-0.0491155833005905,0.0111539810895919,0.9138940572738647,0.1501905769109726,0.0469683855772018,-0.47128597,0.9242826700210572,-0.02271468937397,0.05423603951931,-0.57770044,0.8939811587333679,0.1144270747900009,0.1162785142660141,0.9408157467842102,-0.1205778568983078,0.1185869425535202,0.9631932973861694,0.0301934317640654,0.1812622687132339,0.000201811393102,-2.5285835619337504e-05,0.0,0.0,0.0,0.0,0.0,1,1.0
crossover_06_05_03.mp4,21,0.0361375659704208,0.1212400875709674,0.0704227695862452,0.0829128921031951,0.0091213434934616,0.92603999376297,-0.0491843521595001,0.0094911307096481,0.9216614365577698,0.1350440084934234,0.044180616736412,-0.42985415,0.921550452709198,-0.0192215740680694,0.0526935905218124,-0.57730263,0.9043762683868408,0.1151011288166046,0.1139224618673324,0.9437127113342284,-0.1207836866378784,0.1164116114377975,0.9657797813415528,0.0296512869708454,0.141576135632733,-0.005915343761444,-0.0359549459483888,0.0,0.0,0.0,0.0,0.0,1,1.0
crossover_06_05_03.mp4,22,0.0360411256551742,0.0845838282947186,0.0840428829193115,0.073036178946495,0.0068927407264709,0.9306228160858154,-0.047409251332283,0.0135906338691711,0.92899090051651,0.0979949682950973,0.0637484788894653,-0.45361325,0.925820529460907,-0.0154518038034439,0.0574452877044677,-0.58286446,0.9138124585151672,0.1169672459363937,0.1158944368362426,0.9483447074890136,-0.1197478324174881,0.1176972985267639,0.968743860721588,0.0243253265350414,0.103511157661827,0.0136201133330662,-0.0366562592762488,0.0,0.0,0.0,0.25,0.25,1,1.0
crossover_06_05_03.mp4,23,0.035798892378807,0.0846698092089759,0.0845984131097793,0.0708441436290741,0.0071727186441421,0.9340898990631104,-0.0463352501392364,0.0146908909082412,0.9354952573776244,0.0983905494213104,0.0652927309274673,-0.43894333,0.9292249083518982,-0.0146582424640655,0.0582292824983596,-0.5723148,0.9222936034202576,0.1176217496395111,0.1169485598802566,0.9520070552825928,-0.1196102201938629,0.118161454796791,0.9711303114891052,0.0236847646494283,0.1027686377177614,0.0005555301904678,8.59809142572665e-05,0.0,0.0,0.0,0.75,0.75,1,1.0
crossover_06_05_03.mp4,24,0.0343333333730697,-0.0251206862705725,0.1276311685641606,0.0547439008951187,0.0150690525770187,0.9404064416885376,-0.045372650027275,0.0169672220945358,0.9416422247886658,0.0409190207719802,0.0658085197210311,-0.50467044,0.936089038848877,-0.022097423672676,0.0668999403715133,-0.59715545,0.9299073815345764,0.1188545972108841,0.1184918135404586,0.9563719630241394,-0.1189556866884231,0.1192346662282943,0.9736668467521667,0.0904614990824665,0.0608064321805122,0.0430327554543813,-0.1097904954795484,0.0,0.0,0.0,1.0,1.0,0,1.0
crossover_06_05_03.mp4,25,0.0319288074970245,-0.0650939205178507,0.1127757449944814,0.0406359583139419,0.0176773965358734,0.9459326267242432,-0.0480607599020004,0.0193332135677337,0.9466599225997924,0.0205971151590347,0.0665015876293182,-0.49334416,0.9419670104980468,-0.0424122959375381,0.0688455402851104,-0.57857674,0.9360605478286744,0.1187726408243179,0.1207838356494903,0.9604208469390868,-0.1187217980623245,0.122047871351242,0.976008951663971,0.097387120479215,0.049440054403383,-0.0148554235696792,-0.0399732342472782,0.0,0.0,0.0,0.75,0.75,0,1.0
crossover_06_05_03.mp4,26,0.0294848680496215,-0.0648934258355034,0.1148441781600316,0.0408249497413635,0.0199331194162368,0.9505115747451782,-0.050035536289215,0.0206062942743301,0.9507944583892822,0.0181885361671447,0.06863434612751,-0.5343078,0.946665346622467,-0.0510103404521942,0.0723758488893508,-0.60392475,0.9403407573699952,0.1179995536804199,0.1227442771196365,0.9639265537261964,-0.1181145906448364,0.1240328103303909,0.9780884385108948,0.0950681912454599,0.0446799625201635,0.0020684331655502,0.0002004946823473,0.0,0.0,0.0,0.25,0.25,0,1.0
crossover_06_05_03.mp4,27,0.0333791822195053,-0.1158558104877118,0.0801427165667215,0.0383296161890029,0.0162611007690429,0.9540023803710938,-0.0772492438554763,0.0118863582611083,0.9481617212295532,0.0010376721620559,0.0656118988990783,-0.52671224,0.9508440494537354,-0.1161969155073165,0.056063950061798,-0.49342155,0.9286269545555116,0.1202451139688491,0.1204735040664672,0.9661200642585754,-0.1158393174409866,0.1218425035476684,0.9787045121192932,0.1177931702098295,0.0240811824674998,-0.0347014615933101,-0.0509623846522084,0.0,0.0,0.0,0.0,0.0,1,1.0
crossover_06_05_03.mp4,28,0.0375180393457412,-0.1257413368534158,0.0641328394412994,0.0416546911001205,0.0134598910808563,0.9571128487586976,-0.0873361080884933,0.0029614269733428,0.9461891055107116,-0.0014900118112564,0.0554842054843902,-0.5054057,0.9541478157043456,-0.1285242587327957,0.038264125585556,-0.43857357,0.9204248189926147,0.1217357367277145,0.1191777884960174,0.9681332111358644,-0.1141394823789596,0.1209594309329986,0.9794475436210632,0.1245519596154671,0.0260179747624034,-0.0160098771254221,-0.009885526365704,0.0,0.0,0.0,0.0,0.0,1,1.0
crossover_06_05_03.mp4,29,0.0398989617824554,-0.1254925425405855,0.0632893015940984,0.0421401560306549,0.0114196985960006,0.9590610265731812,-0.0901690125465393,0.0003402084112167,0.9447464942932128,-0.0017308294773101,0.0517883747816085,-0.54570574,0.9559966921806335,-0.1281877756118774,0.0355332344770431,-0.48561102,0.9186248779296876,0.1214825809001922,0.1183640211820602,0.9701524376869202,-0.1138572692871093,0.120296224951744,0.9786617755889891,0.1242949433319906,0.0278866194278736,-0.000843537847201,0.0002487943128303,0.0,0.0,0.0,0.0,0.0,1,1.0
crossover_06_05_03.mp4,30,0.0471116751432418,-0.1231908521166554,0.0305103609959284,0.049431100487709,0.0017941743135452,0.9598446488380432,-0.0919003337621688,-0.0131019204854965,0.8900371789932251,0.0076798349618911,0.0336815863847732,-0.5377623,0.9549373388290404,-0.1280158907175064,0.0089700371026992,-0.4661436,0.8402391076087952,0.1238535195589065,0.1147375851869583,0.9691734910011292,-0.1112138479948043,0.1165973097085952,0.9739904999732972,0.1309091036058139,0.0220741149522448,-0.0327789405981699,0.0023016904239301,0.0,0.0,0.0,0.0,0.0,1,1.0
crossover_06_05_03.mp4,31,0.0475910902023315,-0.1148625659721869,0.0216604699691136,0.0522604435682296,-0.0007528811693191,0.958690106868744,-0.0900857895612716,-0.0169048160314559,0.8202950358390808,0.0108567327260971,0.0301389843225479,-0.519415,0.9508861899375916,-0.1156591325998306,0.0031633526086807,-0.31222284,0.7632831335067749,0.1241353601217269,0.1152035146951675,0.966395616531372,-0.1108405739068985,0.1177744418382644,0.9683278799057008,0.1260048700282245,0.0185142612339219,-0.0088498910268147,0.0083282861444685,0.0,0.0,0.0,0.0,0.0,1,1.0
crossover_06_05_03.mp4,32,0.0473614037036895,-0.1148747321632173,0.0220665216445923,0.0529095083475112,-0.0012350678443908,0.9498335123062134,-0.0912298113107681,-0.0173901617527008,0.750124454498291,0.0127375274896621,0.0296286940574646,-0.52226365,0.9367462396621704,-0.1116193681955337,0.0033959448337554,-0.39001998,0.6906380653381348,0.1219219118356704,0.1142429113388061,0.964023768901825,-0.1108496636152267,0.1181737780570983,0.964806854724884,0.1278361266047901,0.018952251396904,0.0004060516754786,-1.2166191030393849e-05,0.0,0.0,0.0,0.0,0.0,1,1.0
crossover_06_05_03.mp4,33,0.0475139319896698,-0.0984854141871134,0.0198471536238987,0.0562237501144409,-0.0036087185144424,0.9534584879875184,-0.0965924263000488,-0.0128799527883529,0.7680513858795166,0.0180472135543823,0.0284497886896133,-0.6198715,0.9401918649673462,-0.1032454371452331,0.0006777793169021,-0.84975797,0.7075144648551941,0.1241621971130371,0.1144573837518692,0.963532567024231,-0.1085299253463745,0.118066981434822,0.9629985690116882,0.1168497268221534,0.0197515247483218,-0.0022193680206935,0.0163893179761038,0.0,0.0,0.0,0.0,0.0,1,1.0
crossover_06_05_03.mp4,34,0.0473203659057617,-0.0971286210748884,0.0358377148707708,0.0576768219470977,-0.0041339248418807,0.9560867547988892,-0.0957968533039093,-0.0133098810911178,0.7883957028388977,0.022346943616867,0.0284046381711959,-0.6552666,0.9414543509483336,-0.102862000465393,0.0081654638051986,-0.8730421,0.7333436012268066,0.1252104938030243,0.1144750565290451,0.9626664519309998,-0.1079301238059997,0.1181310266256332,0.9612539410591124,0.1197065628427933,0.0282599560911109,0.015990561246872,0.0013567931122249,0.0,0.0,0.0,0.0,0.0,1,1.0
crossover_06_05_03.mp4,35,0.0469174832105636,-0.0961823176454614,0.0359346270561218,0.0587317943572998,-0.0035488009452819,0.9593079686164856,-0.0963946878910064,-0.0118411183357238,0.8085190057754517,0.024093747138977,0.0288991332054138,-0.6111858,0.945321798324585,-0.1018158197402954,0.0107176303863525,-0.7710509,0.7588715553283691,0.1262575387954712,0.1145370006561279,0.9613847732543944,-0.1070959568023681,0.1181824803352356,0.9598705172538756,0.1204816580801982,0.02583860032772,9.691218535101688e-05,0.0009463034294269,0.0,0.0,0.0,0.25,0.0,1,1.0
crossover_06_05_03.mp4,36,0.045493260025978,-0.1149009430849993,0.1051427602767944,0.0605981945991516,-0.0045064985752105,0.9611395001411438,-0.0962435901165008,-0.0003749132156372,0.8264923691749573,0.0271537899971008,0.0294440984725952,-0.44976455,0.9491673111915588,-0.105210930109024,0.0447484850883483,-0.484002,0.7822690606117249,0.1279851198196411,0.1145673394203186,0.960453450679779,-0.1058873832225799,0.1185779571533203,0.9568918347358704,0.1609653210787133,0.0611666970418734,0.0692081332206726,-0.0187186254395378,0.0,0.0,0.0,0.75,0.0,0,1.0
crossover_06_05_03.mp4,37,0.0443887114524841,-0.1243358487332308,0.1212160487969716,0.0604147166013717,-0.0060411393642425,0.9638335704803468,-0.0969732254743576,0.0061201155185699,0.8424543142318726,0.0283494442701339,0.0297290980815887,-0.4491542,0.9534077048301696,-0.1161475628614425,0.0543007552623748,-0.5073554,0.8024141788482666,0.127798780798912,0.114971250295639,0.962228298187256,-0.1064260751008987,0.1142085492610931,0.9576271176338196,0.1779962383049773,0.0674144237855622,0.0160732885201771,-0.0094349056482315,0.0,0.0,0.0,1.0,0.0,0,1.0
crossover_06_05_03.mp4,38,0.0439982861280441,-0.1245190003403911,0.1212517688671748,0.0603637248277664,-0.0068076103925704,0.96628338098526,-0.096904769539833,0.0079608708620071,0.8572354316711426,0.0291928797960281,0.0299669057130813,-0.45592338,0.9572513699531556,-0.1179797500371933,0.0552550107240676,-0.5246651,0.8212419152259827,0.1276504546403885,0.1152153760194778,0.9633314609527588,-0.1068605333566665,0.1132741123437881,0.9584130048751832,0.1787743503306178,0.0663199357654065,3.5720070203137944e-05,-0.0001831516071602,0.0,0.0,0.0,0.75,0.0,0,1.0
crossover_06_05_03.mp4,39,0.0423907488584518,-0.1347840766112009,0.0649086028337478,0.0609142482280731,-0.0059839636087417,0.9673014879226683,-0.0948250293731689,0.006741240620613,0.868266761302948,0.03570356965065,0.0289555937051773,-0.47296092,0.960239052772522,-0.12701416015625,0.0471384674310684,-0.51593614,0.8377541303634644,0.1277168095111847,0.1166413575410842,0.9640399217605592,-0.1066168248653411,0.1168927699327468,0.9561347365379332,0.1742373564804778,0.0193945691869265,-0.0563431660334269,-0.0102650762708098,0.0,0.0,0.0,0.25,0.0,1,1.0
crossover_06_05_03.mp4,40,0.0409630537033081,-0.1289020067011868,0.0522353231906891,0.0614156872034072,-0.0047643184661865,0.9681398272514344,-0.0926656872034072,0.0072383284568786,0.8687849640846252,0.0418083220720291,0.0293309390544891,-0.52594006,0.9629157185554504,-0.1253872662782669,0.0358810126781463,-0.5410434,0.8430806398391724,0.1274962574243545,0.1178379952907562,0.9645224809646606,-0.1062677353620529,0.1190288364887237,0.9532341361045836,0.1722400277592816,0.0167277276574307,-0.0126732796430587,0.0058820699100141,0.0,0.0,0.0,0.0,0.0,1,1.0
crossover_06_05_03.mp4,41,0.0406670719385147,-0.1290372644309644,0.0523484607537587,0.0615593045949935,-0.0044845640659332,0.9684606194496156,-0.089888647198677,0.0071636140346527,0.865708589553833,0.0437791794538497,0.0292524993419647,-0.5411111,0.9650324583053588,-0.1229183822870254,0.0326964557170867,-0.54654396,0.84288489818573,0.1273569911718368,0.1181308329105377,0.9628700017929076,-0.1061104387044906,0.1204153597354888,0.9476067423820496,0.1743529372007487,0.020582565939474,0.0001131375630696,-0.0001352577297775,0.0,0.0,0.0,0.0,0.0,1,1.0
crossover_06_05_03.mp4,42,0.0391396582126617,-0.0916341749606309,0.0498840639988581,0.0585372298955917,-0.001665636897087,0.9693435430526732,-0.0810741931200027,0.0050783604383468,0.8323105573654175,0.0410768836736679,0.0315932780504226,-0.5337897,0.9670923948287964,-0.0859803408384323,0.0319737344980239,-0.43197605,0.7800131440162659,0.1246017068624496,0.1193416863679885,0.9604336619377136,-0.108767881989479,0.1221239119768142,0.9433279633522034,0.1339655848882383,0.0187815266448121,-0.0024643967549006,0.0374030894703334,0.0,0.0,0.0,0.0,0.0,1,1.0
crossover_06_05_03.mp4,43,0.0407838374376297,-0.0629660426466553,0.062548816204071,0.0532462149858474,0.0003337562084197,0.969593584537506,-0.0672492831945419,0.0004109144210815,0.7921911478042603,0.037146583199501,0.03621107339859,-0.52365696,0.9671047925949096,-0.0636220425367355,0.0306441783905029,-0.47643274,0.7155990600585938,0.1195675879716873,0.1176481246948242,0.9600645303726196,-0.1138071566820144,0.1208751797676086,0.942927896976471,0.1035191506432513,0.0319113811965377,0.0126647522052129,0.0286681323139755,0.0,0.0,0.0,0.25,0.25,1,1.0
crossover_06_05_03.mp4,44,0.0411646366119384,-0.0636087967289818,0.0622456232706706,0.0526528060436248,0.0007324516773223,0.9704843759536744,-0.0658112466335296,0.0001160800457,0.7711217999458313,0.0373080074787139,0.0374725461006164,-0.4835425,0.968094527721405,-0.0646166801452636,0.0350162982940673,-0.46755123,0.6617048382759094,0.1188190281391143,0.1168683767318725,0.9606487154960632,-0.1144205331802368,0.1205137372016906,0.9439954161643982,0.1039129766870715,0.0272479718082334,-0.0003031929334004,-0.0006427540823265,0.0,0.0,0.0,0.75,0.75,1,1.0
crossover_06_05_03.mp4,45,0.0378330200910568,0.0372228772551924,0.128731682896614,0.0553528070449829,0.0072704702615737,0.9724904894828796,-0.0484287142753601,0.0119764953851699,0.7938185334205627,0.0530712008476257,0.0488254576921463,-0.43786016,0.9704794883728028,-0.0192479789257049,0.0601226836442947,-0.4874171,0.69539874792099,0.1175969243049621,0.1194850951433181,0.9634226560592652,-0.11405810713768,0.124004378914833,0.9488420486450196,0.0814627165463907,0.0888602969621886,0.0664860596259434,0.1008316739841743,0.0,0.0,0.0,1.0,1.0,0,1.0
crossover_06_05_03.mp4,46,0.0342813581228256,0.0758745582015426,0.1158780515193939,0.0587198138236999,0.0113477408885955,0.9651681184768676,-0.040078192949295,0.0186733901500701,0.8140184879302979,0.0672816634178161,0.0518904626369476,-0.46731573,0.9562050700187684,-0.004032015800476,0.0645617544651031,-0.5967742,0.7256250977516174,0.11715829372406,0.1226424276828765,0.9654807448387146,-0.1146007776260376,0.1273755729198455,0.95286762714386,0.0645619808536971,0.0949653774388556,-0.0128536313772201,0.0386516809463501,0.0,0.0,0.0,0.75,0.75,0,1.0
crossover_06_05_03.mp4,47,0.0337273627519607,0.0754787993651849,0.1164105514685313,0.0601231902837753,0.0112704634666442,0.963464617729187,-0.0385502427816391,0.019634872674942,0.8323806524276733,0.0693378299474716,0.0514891445636749,-0.46669298,0.9518532156944276,-0.0025732666254043,0.0652385056018829,-0.58291024,0.7529376149177551,0.1167949885129928,0.1232934296131134,0.9678379893302916,-0.1151894479990005,0.1279603540897369,0.956864595413208,0.0652111998041381,0.0933311485174037,0.0005324999491373,-0.0003957588363576,0.0,0.0,0.0,0.25,0.25,0,1.0
crossover_06_05_03.mp4,48,0.038888469338417,0.1257319139109717,0.0629952520132064,0.0780858695507049,0.0034139901399612,0.9660047888755798,-0.0418163836002349,0.0147292464971542,0.8486593961715698,0.1184501945972442,0.0402589291334152,-0.44492906,0.9549198150634766,0.0052373111248016,0.0604306310415267,-0.5706547,0.7773466110229492,0.1157213747501373,0.1154678910970687,0.9690648913383484,-0.11523899435997,0.1245959252119064,0.9605974555015564,0.0238739149336263,0.1205218925395933,-0.0534152994553248,0.0502531145457867,0.0,0.0,0.0,0.0,0.0,1,1.0
crossover_06_05_03.mp4,49,0.0400937646627426,0.141896332082925,0.0418912589550017,0.0840939432382583,-0.0014699399471282,0.9664781093597412,-0.0444837659597396,0.0135541260242462,0.8635887503623962,0.1293667703866958,0.0223482549190521,-0.40380102,0.9560688138008118,0.0032991915941238,0.0499694049358367,-0.56301683,0.799541175365448,0.1165059953927993,0.1155836284160614,0.9712349772453308,-0.1148030012845993,0.12454554438591,0.9640920758247375,0.0232146273510637,0.1388323585989959,-0.0211039930582046,0.0161644181719533,0.0,0.0,0.0,0.0,0.0,1,1.0
crossover_06_05_03.mp4,50,0.040667325258255,0.1424614389737447,0.0419156233469645,0.0857697129249572,-0.003790944814682,0.9673104882240297,-0.0443620085716247,0.0119659900665283,0.8770871758460999,0.1321009397506714,0.0201167464256286,-0.36993963,0.9580590724945068,0.0034365057945251,0.0468019843101501,-0.5466718,0.8195395469665527,0.1170746088027954,0.1156805753707885,0.9731928706169128,-0.114298939704895,0.1244035959243774,0.9674315452575684,0.02413567855236,0.1391107780473857,2.4364391962738985e-05,0.0005651068908196,0.0,0.0,0.0,0.0,0.0,1,1.0
crossover_06_05_03.mp4,51,0.04127998650074,0.1363732282762174,0.0091024130582809,0.088367611169815,-0.0086907595396041,0.9427615404129028,-0.047675609588623,0.0075392872095108,0.8891749382019043,0.1161886751651763,0.0062232464551925,-0.37756017,0.9124951958656312,-0.0039869844913482,0.0437776893377304,-0.54088736,0.837493360042572,0.1177258193492889,0.1183579415082931,0.9749897718429564,-0.1153054237365722,0.124458834528923,0.970470130443573,0.0203888642307701,0.1445799575086826,-0.0328132102886835,-0.0060882106975272,0.0,0.0,0.0,0.0,0.0,1,1.0
crossover_06_05_03.mp4,52,0.0412714183330535,0.1235463402889393,-0.0007310450077057,0.0836213827133178,-0.0059210956096649,0.905819833278656,-0.0502150356769561,0.0051199197769165,0.8997195363044739,0.0883512496948242,0.0202185809612274,-0.39644116,0.8381577730178833,-0.0105205178260803,0.0431964099407196,-0.5473856,0.8534620404243469,0.1172872185707092,0.1191846430301666,0.9756231904029846,-0.1166042387485504,0.124307781457901,0.9727785587310792,0.0409582864652095,0.1410799197018439,-0.0098334580659866,-0.0128268879872781,0.0,0.0,0.0,0.0,0.0,1,1.0
crossover_06_05_03.mp4,53,0.0414638221263885,0.1229090161897518,-0.0009461820125579,0.0820909589529037,-0.0057766735553741,0.8791329264640808,-0.0517299324274063,0.0039759874343872,0.909181535243988,0.0816056579351425,0.0296519696712493,-0.41268387,0.7805964350700378,-0.0132771879434585,0.0424651205539703,-0.5461546,0.8678249716758728,0.1172965615987777,0.1189384758472442,0.9771159887313844,-0.1171080321073532,0.1239629089832305,0.9750865697860718,0.051402473574468,0.1429378304954119,-0.0002151370048522,-0.0006373240991874,0.0,0.0,0.0,0.0,0.0,1,1.0
crossover_06_05_03.mp4,54,0.0411794632673263,0.1051308247778151,0.0060475885868072,0.0865200757980346,0.0039005279541015,0.8687582015991211,-0.053256869316101,0.002586543560028,0.9178863167762756,0.0950894355773925,0.0397522747516632,-0.41765738,0.7505723834037781,-0.0174037814140319,0.041699081659317,-0.55930847,0.8808600306510925,0.1160028576850891,0.117874652147293,0.977612853050232,-0.1186039447784423,0.1227884590625763,0.9768264293670654,0.0351686702413638,0.1276156678190035,0.0069937705993652,-0.0177781914119367,0.0,0.0,0.0,0.0,0.0,1,1.0
crossover_06_05_03.mp4,55,0.0416172891855239,0.1054624739620421,0.0283485502004623,0.0948187559843063,0.0014739483594894,0.8630945086479187,-0.0540881901979446,0.0010845810174942,0.925445318222046,0.0998834818601608,0.0419662445783615,-0.49454448,0.727559506893158,-0.0184415429830551,0.0404682606458663,-0.56397885,0.8924820423126221,0.1156841963529586,0.116415187716484,0.9761778116226196,-0.1193403452634811,0.1211365312337875,0.977286458015442,0.0147162071554704,0.1244953525092859,0.022300961613655,0.000331649184227,0.0,0.0,0.0,0.0,0.0,1,1.0
crossover_06_05_03.mp4,56,0.0431589484214782,0.1052291194597879,0.0265231718619664,0.0951215028762817,0.0031523555517196,0.8692306280136108,-0.0543219745159149,-0.000539556145668,0.9323785305023192,0.0957626104354858,0.0656781941652298,-0.5210066,0.7304410338401794,-0.0197311639785766,0.0391850620508194,-0.5826097,0.9030485153198242,0.1166852116584777,0.1158962398767471,0.9771046042442322,-0.1195898056030273,0.1191306859254837,0.9786177277565002,0.0402831300258091,0.1256001429145325,-0.0018253783384959,-0.0002333545022541,0.0,0.0,0.0,0.25,0.0,1,1.0
crossover_06_05_03.mp4,57,0.0425084829330444,0.1252699032977775,0.1113099386294682,0.0975567400455474,0.0028380006551742,0.8815035223960876,-0.0550456941127777,-0.0006544739007949,0.9389131665229796,0.1183821260929107,0.0522665828466415,-0.43689492,0.7569895386695862,-0.0227312445640563,0.0393642038106918,-0.5065399,0.9126735329627992,0.1160829365253448,0.1144452542066574,0.9775688052177428,-0.1200514137744903,0.1192577332258224,0.9799231886863708,0.0594437493511415,0.1645616253171866,0.0847867667675018,0.0200407838379895,0.0,0.0,0.0,0.75,0.0,0,1.0
crossover_06_05_03.mp4,58,0.0421873480081558,0.1341017239623599,0.1196875353654225,0.0999294817447662,0.0053399503231048,0.8917593359947205,-0.055068165063858,-0.0008641481399536,0.944530427455902,0.1299795806407928,0.0532061755657196,-0.4895647,0.7801549434661865,-0.025008738040924,0.0392186343669891,-0.5232202,0.921263873577118,0.1116071045398712,0.1039855778217315,0.9758473634719848,-0.1199354827404022,0.119027704000473,0.9797510504722596,0.0666090329188248,0.1783013829076885,0.0083775967359542,0.0088318206645824,0.0,0.0,0.0,1.0,0.0,0,1.0
crossover_06_05_03.mp4,59,0.0417110174894332,0.1341148778244301,0.1197580277919769,0.1004295945167541,0.0063742101192474,0.9003391861915588,-0.0551525950431823,-0.0008580982685089,0.9495856165885924,0.1324076652526855,0.0541517436504364,-0.5122404,0.800472617149353,-0.0259398818016052,0.0400151908397674,-0.5308762,0.9290027618408204,0.109848141670227,0.103042334318161,0.972852110862732,-0.1199327111244201,0.1190070807933807,0.9788216948509216,0.0656284930013304,0.1788195909964414,7.0492426554436e-05,1.3153862070125475e-05,0.0,0.0,0.0,0.75,0.0,0,1.0
crossover_06_05_03.mp4,60,0.0405132919549942,0.1419656315335521,0.0605154822270075,0.0981909781694412,0.0063774734735488,0.9071186780929564,-0.0563532561063766,9.648501873016356e-05,0.9541347026824952,0.1381728202104568,0.0433883816003799,-0.48413432,0.817994236946106,-0.0300995260477066,0.0405187159776687,-0.53362924,0.9359607100486756,0.1115187555551529,0.1097690612077713,0.974248468875885,-0.1202504485845565,0.1186874657869339,0.9805394411087036,0.0175420350474859,0.1732232349134898,-0.0592425455649694,0.007850753709122,0.0,0.0,0.0,0.25,0.0,1,1.0
crossover_06_05_03.mp4,61,0.0393607169389724,0.1339061259119599,0.0460123757521311,0.0843390375375747,0.0097160637378692,0.9108885526657104,-0.0574683994054794,0.0043701827526092,0.9579837918281556,0.1175635010004043,0.0753200948238372,-0.49870056,0.8305434584617615,-0.0320766121149063,0.0428181588649749,-0.4793464,0.9421150088310242,0.1104546934366226,0.1049673855304718,0.9748671650886536,-0.1203498095273971,0.1181035935878753,0.9820191860198976,0.0335562778952887,0.1660134703703814,-0.0145031064748764,-0.0080595056215921,0.0,0.0,0.0,0.0,0.0,1,1.0
crossover_06_05_03.mp4,62,0.0387506633996963,0.1341223642781929,0.0461169570684433,0.0784716457128524,0.0088466852903366,0.8989862203598022,-0.0584441572427749,0.0050533264875411,0.9610853791236876,0.107113167643547,0.0619188994169235,-0.4608582,0.8222230076789856,-0.0330579131841659,0.0429429858922958,-0.4717571,0.9475039839744568,0.1093844622373581,0.104925200343132,0.97552090883255,-0.1201986521482467,0.1182053536176681,0.9831435084342957,0.0312921409435924,0.1672104041781441,0.0001045813163121,0.0002162383662329,0.0,0.0,0.0,0.0,0.0,1,1.0
crossover_06_05_03.mp4,63,0.039636418223381,0.0901775479316711,0.0515457193056742,0.0721993446350097,0.0077271461486816,0.9040850400924684,-0.0533236265182495,0.0084293484687805,0.9637197852134703,0.0960128903388977,0.0644637942314148,-0.44377282,0.8288092613220215,-0.0281508564949035,0.0478771924972534,-0.5494696,0.9518975019454956,0.114653468132019,0.1064038872718811,0.9770472049713136,-0.115743488073349,0.1167812347412109,0.9843189120292664,0.0141749032023723,0.1183852583013743,0.0054287622372308,-0.0439448163465218,0.0,0.0,0.0,0.0,0.0,1,1.0
crossover_06_05_03.mp4,64,0.0398823469877243,0.0484587373556913,0.0728797525167465,0.0653337240219116,0.0064496248960494,0.910226047039032,-0.0517166852951049,0.0102252811193466,0.9662520289421082,0.0622851252555847,0.0462294071912765,-0.4494259,0.8354958891868591,-0.0304216742515563,0.0533237904310226,-0.5422715,0.95565527677536,0.1190392971038818,0.1111918538808822,0.9790523648262024,-0.1144115924835205,0.1161407679319381,0.9855799078941344,0.0300234892763168,0.0812684132269549,0.0213340332110723,-0.0417188105759797,0.0,0.0,0.0,0.25,0.25,1,1.0
crossover_06_05_03.mp4,65,0.0406038165092468,0.0487525244553883,0.0722992698351542,0.063879519701004,0.0052958726882934,0.9177975058555604,-0.0517556965351104,0.0089104175567626,0.9689510464668274,0.0581471025943756,0.0403938889503479,-0.46814805,0.8490068316459656,-0.0327329039573669,0.0520225167274475,-0.5450716,0.959282159805298,0.120157390832901,0.11191987991333,0.980923593044281,-0.1142805218696594,0.1156601309776306,0.9868562817573548,0.0332597568814641,0.083970362391746,-0.0005804826815922,0.0002937870996969,0.0,0.0,0.0,0.75,0.75,1,1.0
crossover_06_05_03.mp4,66,0.0371291041374206,-0.0655586643351449,0.1294041693210601,0.0459124892950058,0.0110279023647308,0.9252153038978576,-0.0576332062482833,0.0109469592571258,0.964130997657776,0.0148378461599349,0.0570807754993438,-0.48260894,0.8628219366073608,-0.066266044974327,0.0544174015522003,-0.51676524,0.9355260729789734,0.1203623861074447,0.1151098906993866,0.981789767742157,-0.1148341447114944,0.1186418831348419,0.9874255061149596,0.1081400582285609,0.0749901041990848,0.0571048994859059,-0.1143111887905332,0.0,0.0,0.0,1.0,1.0,0,1.0
crossover_06_05_03.mp4,67,0.0381912440061569,-0.1023398004196308,0.1018696000178654,0.038323551416397,0.0126245468854904,0.9308220744132996,-0.0732118785381317,0.0095010846853256,0.9651941061019896,-0.0036100447177886,0.0573380440473556,-0.5431637,0.8738585710525513,-0.096375435590744,0.0590858906507492,-0.5347624,0.9333797693252563,0.1203484237194061,0.1140529364347457,0.9791366457939148,-0.1150567829608917,0.1181375831365585,0.9831908345222472,0.1083080058818371,0.0431974470891734,-0.0275345693031946,-0.0367811360844859,0.0,0.0,0.0,0.75,0.75,0,1.0
crossover_06_05_03.mp4,68,0.0382337421178817,-0.1023730964572341,0.1017420043547948,0.0368953049182891,0.0126934200525283,0.9343279600143432,-0.0759519934654235,0.0090869814157485,0.9626257419586182,-0.0047540366649627,0.0575630217790603,-0.54706615,0.8794088959693909,-0.099112868309021,0.058119848370552,-0.5356463,0.9155877232551576,0.1206835806369781,0.1136973649263382,0.9735330939292908,-0.1154613494873046,0.117971733212471,0.9767816066741944,0.1071506571895576,0.0437438176236598,-0.0001275956630706,-3.3296037603325335e-05,0.0,0.0,0.0,0.25,0.25,0,1.0
crossover_06_05_03.mp4,69,0.0426346510648727,-0.1514615930892803,0.053580817580223,0.0426488816738128,0.0091126412153244,0.9348059296607972,-0.0925984680652618,-0.0005414336919784,0.9483851790428162,-0.0100918114185333,0.0468792170286178,-0.5752368,0.8791201114654541,-0.1390322744846344,0.0301175564527511,-0.5277319,0.8950559496879578,0.1223694384098053,0.1133863180875778,0.9746270775794984,-0.1135596334934234,0.1164848655462265,0.975956380367279,0.1415285364143498,0.026552073058647,-0.0481611867745718,-0.0490884966320461,0.0,0.0,0.0,0.0,0.0,1,1.0
crossover_06_05_03.mp4,70,0.0453896820545196,-0.1532597376240624,0.0331101636091868,0.0471769869327545,0.0064799487590789,0.9350717663764954,-0.0959780812263488,-0.007790207862854,0.9194671511650084,-0.0049132406711578,0.0357849895954132,-0.56275594,0.8813446164131165,-0.147852748632431,0.0113433897495269,-0.53652006,0.8538638949394226,0.1243073642253875,0.1121358573436737,0.973636031150818,-0.1119169890880584,0.1147985756397247,0.9724535942077636,0.14837060979943,0.0224282851375934,-0.0204706539710362,-0.0017981445347821,0.0,0.0,0.0,0.0,0.0,1,1.0
crossover_06_05_03.mp4,71,0.0474200695753097,-0.1535551327246206,0.031828819712003,0.047897458076477,0.0037796646356582,0.9369009733200072,-0.0962838232517242,-0.0103561133146286,0.887515664100647,-0.0045892000198364,0.0323397070169448,-0.5626357,0.8870782256126404,-0.1469054818153381,0.0103690177202224,-0.5354767,0.8010069727897644,0.1238771080970764,0.1110320836305618,0.9711841344833374,-0.1118450760841369,0.1135336309671402,0.9683316946029664,0.1489668087610279,0.0224664407225922,-0.0012813438971838,-0.0002953951005582,0.0,0.0,0.0,0.0,0.0,1,1.0
crossover_06_05_03.mp4,72,0.0473502278327941,-0.1304338338198485,0.0106261879205703,0.0511588752269744,0.0027303844690322,0.9206167459487916,-0.0965347588062286,-0.0184466391801834,0.8131665587425232,0.0025355517864227,0.0287461429834365,-0.4597776,0.8568310141563416,-0.1220501363277435,-0.0003176778554916,-0.32617435,0.7237801551818848,0.1256966888904571,0.1120823174715042,0.9665175676345824,-0.1098135113716125,0.1154737025499343,0.9637688398361206,0.1341983244306334,0.0137860284985774,-0.0212026317914326,0.0231212989047721,0.0,0.0,0.0,0.0,0.0,1,1.0
crossover_06_05_03.mp4,73,0.0471829771995544,-0.1127459971993057,0.0082703610261281,0.0535181760787963,0.0008874237537384,0.916514813899994,-0.1016932427883148,-0.0171251595020294,0.764614462852478,0.0086817741394042,0.0278462469577789,-0.46534368,0.8438721895217896,-0.1111137568950653,0.0031659305095672,-0.38269162,0.6580469608306885,0.1272857785224914,0.1121809184551239,0.9629240036010742,-0.10813769698143,0.1158975064754486,0.9595821499824524,0.1229956054592808,0.0053590502245439,-0.0023558268944422,0.0176878366205427,0.0,0.0,0.0,0.0,0.0,1,1.0
crossover_06_05_03.mp4,74,0.0469260662794113,-0.1121183371102368,0.0087742348512013,0.05469611287117,0.0001188516616821,0.9160674214363098,-0.1010820567607879,-0.0175763368606567,0.7224666476249695,0.0110212266445159,0.0277388989925384,-0.4989385,0.839056134223938,-0.1048403680324554,0.0059334337711334,-0.43732294,0.600129246711731,0.1272389590740203,0.1125250160694122,0.9610782861709596,-0.1074567735195159,0.1164031326770782,0.958344340324402,0.1245913746922496,0.0078127450152719,0.0005038738250732,0.0006276600890689,0.0,0.0,0.0,0.0,0.0,1,1.0
crossover_06_05_03.mp4,75,0.0473576337099075,-0.0944684933733057,0.0348765214284261,0.0559831857681274,-0.0012473165988922,0.9209202527999878,-0.1043104827404022,-0.0145906805992126,0.7080304026603699,0.0140550732612609,0.0286873579025268,-0.5236759,0.8494009971618652,-0.1019401848316192,0.0095688700675964,-0.441633,0.556212842464447,0.1281899809837341,0.1115130186080932,0.9550907611846924,-0.1061611771583557,0.1154170632362365,0.9500707983970642,0.1086999092006868,0.0263875612865141,0.0261022865772247,0.0176498437369311,0.0,0.0,0.0,0.0,0.0,1,1.0
crossover_06_05_03.mp4,76,0.0471527576446533,-0.0977199573207784,0.0692993074655532,0.0570785552263259,-0.0027850419282913,0.9279193878173828,-0.1019814163446426,-0.006972387433052,0.7350708246231079,0.0161749273538589,0.0292886644601821,-0.4960803,0.8637940883636475,-0.099097654223442,0.0272528082132339,-0.44996572,0.598170280456543,0.128636434674263,0.1106850057840347,0.9550955295562744,-0.1052084416151046,0.1148026138544082,0.9467767477035522,0.1207182517631538,0.0420690640272741,0.0344227860371271,-0.0032514639474727,0.0,0.0,0.0,0.25,0.0,0,1.0
crossover_06_05_03.mp4,77,0.0471229702234268,-0.0977801422278086,0.069056624174118,0.0573116242885589,-0.003304898738861,0.9327720999717712,-0.1015869677066803,-0.0051781833171844,0.7586222290992737,0.0168668329715728,0.029540330171585,-0.48645625,0.8753432631492615,-0.0986816883087158,0.0301257669925689,-0.4538028,0.6355919241905212,0.1284863054752349,0.1107853353023529,0.9544324278831482,-0.104922205209732,0.1146850883960723,0.9405665993690492,0.1212660975461081,0.0389412946141518,-0.0002426832914351,-6.018490703013635e-05,0.0,0.0,0.0,0.75,0.0,0,1.0
crossover_06_05_03.mp4,78,0.0454678982496261,-0.1177577935987048,0.1121394405762354,0.0588834732770919,-0.0050272792577743,0.9364427924156188,-0.099067822098732,0.0030700415372848,0.7798668742179871,0.0246888250112533,0.0298990458250045,-0.49556977,0.8838030099868774,-0.1232688874006271,0.051179215312004,-0.53824586,0.6668427586555481,0.1284174174070358,0.1125232428312301,0.9538444876670836,-0.1012674421072006,0.1072456687688827,0.9324167370796204,0.1644825877783091,0.0612088328524521,0.0430828164021174,-0.0199776513708962,0.0,0.0,0.0,1.0,0.0,0,1.0
crossover_06_05_03.mp4,79,0.0447269529104232,-0.1238971308425621,0.0797973712285359,0.0603730082511901,-0.0058133602142333,0.9408614635467528,-0.0982449948787689,0.0049002170562744,0.7975348234176636,0.0318483710289001,0.0288326740264892,-0.5069774,0.8936303853988647,-0.1270284056663513,0.0467641353607177,-0.5220191,0.6939104199409485,0.127873420715332,0.1126030087471008,0.9529103636741638,-0.1021220684051513,0.1100719571113586,0.9259153604507446,0.163872089490828,0.0331813133242342,-0.0323420693476995,-0.0061393372438572,0.0,0.0,0.0,0.75,0.0,0,1.0
crossover_06_05_03.mp4,80,0.0442509055137634,-0.1238675479535703,0.0800828685363134,0.061491847038269,-0.005982682108879,0.944726288318634,-0.0971395075321197,0.0054588466882705,0.8125120997428894,0.0340628623962402,0.0288291126489639,-0.518004,0.9021549224853516,-0.1275111436843872,0.0459743291139602,-0.52956915,0.7157918214797974,0.1278533339500427,0.1131350547075271,0.9501854181289672,-0.102535605430603,0.1122489720582962,0.915922224521637,0.1660390375960411,0.0343025983181426,0.0002854973077774,2.958288899174155e-05,0.0,0.0,0.0,0.25,0.0,0,1.0
crossover_06_05_03.mp4,81,0.0405984371900558,-0.1185136163676226,0.0526518344879149,0.0623978376388549,-0.0021239221096038,0.9487147331237792,-0.0902611017227172,0.0080744624137878,0.7872703671455383,0.0402619838714599,0.0318560004234313,-0.60870016,0.9104275703430176,-0.1206913888454437,0.0347324013710022,-0.64333713,0.6652446389198303,0.127818763256073,0.1168871521949768,0.9502972960472108,-0.1026312708854675,0.1175670623779296,0.9127982258796692,0.1601316893863251,0.0180512818435884,-0.0274310340483984,0.0053539315859477,0.0,0.0,0.0,0.0,0.0,1,1.0
crossover_06_05_03.mp4,82,0.0401964783668518,-0.1002515758629198,0.053636078039805,0.0627154260873794,-0.0012494027614593,0.9524618983268738,-0.0770064741373062,0.0033884346485137,0.7658213973045349,0.0443583875894546,0.0327279567718505,-0.52323216,0.9185693264007568,-0.0971644967794418,0.0289228558540344,-0.5660658,0.635455846786499,0.1275435239076614,0.1177858114242553,0.949187695980072,-0.1032003313302993,0.1181204319000244,0.9092281460762024,0.1461136238160308,0.0249052887570273,0.00098424355189,0.0182620405047028,0.0,0.0,0.0,0.0,0.0,1,1.0
crossover_06_05_03.mp4,83,0.0403627008199691,-0.1003167857726415,0.0534780989090601,0.0635547488927841,-0.0011193603277206,0.955752968788147,-0.0749263912439346,0.0022909194231033,0.7362095713615417,0.0449169725179672,0.032836839556694,-0.5322153,0.9255754947662354,-0.0959759205579757,0.0284034460783004,-0.55691475,0.5902165770530701,0.1272608488798141,0.1175840944051742,0.9482893347740172,-0.1033127754926681,0.1182494610548019,0.9063272476196288,0.1466932382043106,0.0254476192480754,-0.0001579791307448,-6.520990972169738e-05,0.0,0.0,0.0,0.25,0.25,1,1.0
crossover_06_05_03.mp4,84,0.0403714478015899,-0.0192164436534599,0.0885146548350651,0.0618793070316314,0.0046977847814559,0.9589962959289552,-0.0555883944034576,0.0065567940473556,0.7532521486282349,0.0462338626384735,0.0432894080877304,-0.47424984,0.9314409494400024,-0.0332362353801727,0.0420622080564498,-0.50674886,0.6046531200408936,0.1258810460567474,0.116793617606163,0.9513874053955078,-0.1054890155792236,0.1180645674467086,0.9139456152915956,0.0795554243095039,0.0485219988436223,0.0350365559260049,0.0811003421191816,0.0,0.0,0.0,0.75,0.75,0,1.0
crossover_06_05_03.mp4,85,0.038894236087799,0.0334512558248307,0.1194337298472721,0.0615608394145965,0.0074382275342941,0.9624448418617249,-0.0460126399993896,0.0114052146673202,0.7776286602020264,0.0590313374996185,0.0484862774610519,-0.45256564,0.9376372694969176,-0.016934335231781,0.0595351904630661,-0.5101623,0.6439046263694763,0.1253678500652313,0.1179262846708297,0.955041229724884,-0.1061773300170898,0.1193387359380722,0.921626091003418,0.0754180454439373,0.0782722352209607,0.030919075012207,0.0526676994782907,0.0,0.0,0.0,1.0,1.0,0,1.0
crossover_06_05_03.mp4,86,0.0390465408563613,0.0331605229112836,0.1192772964636484,0.061483234167099,0.0075237452983856,0.965840756893158,-0.0456276834011077,0.0118394196033477,0.7995678782463074,0.0601970255374908,0.0497933328151702,-0.45047656,0.9435579180717468,-0.0166956484317779,0.0605742037296295,-0.5046277,0.6792058944702148,0.1249571740627288,0.1177744567394256,0.9584841132164,-0.1068570017814636,0.1193619072437286,0.9285739064216614,0.0745586593130532,0.0770174715082724,-0.0001564333836236,-0.000290732913547,0.0,0.0,0.0,0.75,0.75,0,1.0
crossover_06_05_03.mp4,87,0.0406161844730377,0.1063477519485686,0.0879501620928446,0.0721233040094375,0.0056755542755126,0.968753457069397,-0.0314769893884658,0.0124952793121337,0.8192191123962402,0.1004512459039688,0.0515605807304382,-0.46891886,0.9480164647102356,0.0075463205575942,0.0577528476715087,-0.57160836,0.7109370231628418,0.1213231235742569,0.1164066195487976,0.9611225128173828,-0.1105873435735702,0.1183685660362243,0.9346676468849182,0.0368642159182207,0.1033131194145565,-0.0313271343708038,0.0731872290372849,0.0,0.0,0.0,0.25,0.25,1,1.0
crossover_06_05_03.mp4,88,0.0416375249624252,0.1328082517341331,0.0678695509831111,0.0874518752098083,0.0033331364393234,0.9712452292442322,-0.031202495098114,0.0128622204065322,0.8370596766471863,0.1268159747123718,0.0483728796243667,-0.47946066,0.9521255493164062,0.0177461504936218,0.0540570765733718,-0.61029047,0.7396795153617859,0.1185366511344909,0.1090871840715408,0.962906002998352,-0.110534518957138,0.1181774884462356,0.9404852390289308,0.0203967541039355,0.1158881857274561,-0.0200806111097335,0.0264604997855645,0.0,0.0,0.0,0.0,0.0,1,1.0
crossover_06_05_03.mp4,89,0.0417233109474182,0.1327141214300085,0.0677383631467819,0.0914281606674194,0.003051534295082,0.9734058380126952,-0.0313577055931091,0.012489303946495,0.8530595898628235,0.136956512928009,0.0464128106832504,-0.516817,0.9554530382156372,0.0171201229095459,0.052641674876213,-0.61568695,0.7654921412467957,0.1186404824256897,0.110024020075798,0.9644585847854614,-0.1110126376152038,0.1180170029401779,0.945615291595459,0.0217434374811606,0.116575651362913,-0.0001311878363291,-9.413030412463996e-05,0.0,0.0,0.0,0.0,0.0,1,1.0
crossover_06_05_03.mp4,90,0.0420483350753784,0.1552777735171494,0.0289734005928039,0.0950169116258621,-0.00437992811203,0.9673579335212708,-0.0379107147455215,0.0119721889495849,0.8675908446311951,0.1487272530794143,0.0114914178848266,-0.3664409,0.9491903781890868,0.0110526829957962,0.0454291701316833,-0.59175396,0.7888840436935425,0.1194611936807632,0.1104030013084411,0.9670702815055848,-0.1127874702215194,0.1181505918502807,0.9508307576179504,0.0186689324120904,0.1451608386825084,-0.0387649625539779,0.0225636520871409,0.0,0.0,0.0,0.0,0.0,1,1.0
crossover_06_05_03.mp4,91,0.0429227501153945,0.1506607870260874,0.0111292193333307,0.0932250916957855,-0.0123907178640365,0.9597808718681335,-0.0412836670875549,0.0093355923891067,0.8807045221328735,0.138580709695816,-0.0020972043275833,-0.3070927,0.9422975182533264,0.004764586687088,0.0416436940431594,-0.52972645,0.8099502921104431,0.1189967691898346,0.1104976683855056,0.9697169065475464,-0.1139078140258789,0.1177874952554702,0.9556107521057128,0.0179127482861599,0.1490531262341526,-0.0178441812594731,-0.004616986491062,0.0,0.0,0.0,0.0,0.0,1,1.0
crossover_06_05_03.mp4,92,0.0430509895086288,0.1502006507582134,0.0109538157780965,0.0932398587465286,-0.0127916932106018,0.950538456439972,-0.0421701520681381,0.007308006286621,0.8923394680023193,0.1401299387216568,-0.0034298300743103,-0.30771965,0.9333900809288024,0.0046895295381546,0.0400652885437011,-0.5140212,0.8288411498069763,0.118681862950325,0.1107187867164611,0.972176730632782,-0.1143307238817215,0.1177997589111328,0.959932267665863,0.0175587160387855,0.1483946233705965,-0.0001754035552342,-0.000460136267874,0.0,0.0,0.0,0.0,0.0,1,1.0
crossover_06_05_03.mp4,93,0.041943073272705,0.1282461262411541,0.0002495656410853,0.0900240689516067,-0.0119601637125015,0.9109532237052916,-0.0469533056020736,0.0067167729139328,0.902862310409546,0.1133189350366592,0.0056197494268417,-0.29101568,0.8690345883369446,-0.0033011883497238,0.0421340316534042,-0.52410257,0.845843493938446,0.1137561947107315,0.11232690513134,0.9738557934761048,-0.1193455606698989,0.1193739622831344,0.9636558294296264,0.0158637924579323,0.1380543533149481,-0.0107042501370112,-0.0219545245170592,0.0,0.0,0.0,0.0,0.0,1,1.0
crossover_06_05_03.mp4,94,0.0417433828115463,0.1234683435272288,0.0131077746550242,0.0949510186910629,-0.0097173750400543,0.8867745399475098,-0.0472392886877059,0.0053822100162506,0.912291407585144,0.1149376481771469,0.0108757317066192,-0.52744573,0.8273537158966064,-0.0062672644853591,0.0424993932247161,-0.5434452,0.8611141443252563,0.1127222627401351,0.1125400960445404,0.97529536485672,-0.1212236434221267,0.1192710697650909,0.9668752551078796,0.0088178670255018,0.1330232882939756,0.0128582090139389,-0.0047777827139253,0.0,0.0,0.0,0.0,0.0,1,1.0
crossover_06_05_03.mp4,95,0.0413814932107925,0.1233633222403349,0.0130878955125808,0.096301794052124,-0.0086633712053298,0.8533663153648376,-0.0463570356369018,0.0046069771051406,0.920693814754486,0.1100150346755981,0.0148943811655044,-0.49620655,0.7783346772193909,-0.0068108439445495,0.0427168756723403,-0.5558353,0.8748544454574585,0.1142943501472473,0.1131907850503921,0.976682186126709,-0.1213291883468627,0.1192386895418167,0.9697682857513428,0.0134699729519077,0.1335035205799359,-1.987914244339084e-05,-0.0001050212868938,0.0,0.0,0.0,0.25,0.0,1,1.0
crossover_06_05_03.mp4,96,0.0418591648340225,0.1322397802714948,0.0781467596689859,0.0989425033330917,-0.0068026185035705,0.8673598766326904,-0.0461736768484115,0.0040325224399566,0.928530752658844,0.1176327913999557,0.026876151561737,-0.35982427,0.8001795411109924,-0.0101921111345291,0.0450968742370605,-0.5350292,0.8873364329338074,0.1130420416593551,0.1124154925346374,0.978520691394806,-0.1223644465208053,0.1183872818946838,0.9726751446723938,0.0533107810820697,0.1462160682570859,0.0650588641564051,0.0088764580311598,0.0,0.0,0.0,0.75,0.0,0,1.0
crossover_06_05_03.mp4,97,0.0416908711194992,0.1422226703829235,0.1224383960167566,0.1009228080511093,8.891522884368896e-05,0.878257691860199,-0.047188177704811,0.0039790123701095,0.9352850317955016,0.1304882615804672,0.0482351630926132,-0.47666863,0.818030059337616,-0.0120984464883804,0.0460869520902633,-0.53439426,0.8984783291816711,0.1110035628080368,0.1063537448644638,0.9769004583358764,-0.122660681605339,0.1185443252325058,0.9739443063735962,0.0751253361146414,0.1721759277659543,0.0442916363477706,0.0099828901114287,0.0,0.0,0.0,1.0,0.0,0,1.0
crossover_06_05_03.mp4,98,0.0415135025978088,0.1423888680007722,0.1224610338608424,0.1021618098020553,0.0020511895418167,0.8881033062934875,-0.0470821112394332,0.003943994641304,0.9413589239120485,0.1328335851430893,0.0504329651594162,-0.49850345,0.8342828750610352,-0.0127943307161331,0.0464120358228683,-0.53815883,0.9085038304328918,0.1112773865461349,0.1060392707586288,0.9759941697120668,-0.122317835688591,0.1185142248868942,0.97425776720047,0.0726591089358223,0.1728157263289146,2.2637844085737768e-05,0.0001661976178486,0.0,0.0,0.0,0.75,0.0,0,1.0
crossover_06_05_03.mp4,99,0.0414231270551681,0.1440477808316548,0.0728038708368937,0.0984342098236084,0.0017309188842773,0.8964409828186035,-0.0478243231773376,0.0032195150852203,0.9469839930534364,0.135394275188446,0.0425388813018798,-0.4658684,0.8487384915351868,-0.0196889638900756,0.045783519744873,-0.5543843,0.9175786375999452,0.1108747124671936,0.107559323310852,0.9776030778884888,-0.1227713823318481,0.1178480982780456,0.9765958786010742,0.0314778136386812,0.165951260752081,-0.0496571630239486,0.0016589128308825,0.0,0.0,0.0,0.25,0.0,1,1.0
crossover_06_05_03.mp4,100,0.0407100915908813,0.1393150438865026,0.0567141483227412,0.0940328389406204,0.0034059733152389,0.9012250900268556,-0.0527363270521163,0.0030707567930221,0.951985239982605,0.1402701884508133,0.0349695235490798,-0.45599902,0.860345184803009,-0.0276892930269241,0.0457785278558731,-0.5548526,0.925732672214508,0.1110206991434097,0.1082866340875625,0.9789859056472778,-0.1226455420255661,0.117781713604927,0.9786885976791382,0.021765592288887,0.1673619919303327,-0.0160897225141525,-0.0047327369451521,0.0,0.0,0.0,0.0,0.0,1,1.0
crossover_06_05_03.mp4,101,0.0402896106243133,0.1392856398114451,0.0568144927422206,0.0917938500642776,0.0042489320039749,0.9060693979263306,-0.0543083101511001,0.0031427890062332,0.9565072655677797,0.1409067660570144,0.0316593497991561,-0.4329176,0.8711064457893372,-0.0294432789087295,0.0458893030881881,-0.55329716,0.9330625534057616,0.1110361367464065,0.1096515506505966,0.9804410338401794,-0.1226455420255661,0.11769799888134,0.980621337890625,0.0252073256572385,0.1690822515270479,0.0001003444194793,-2.940407505747089e-05,0.0,0.0,0.0,0.0,0.0,1,1.0
crossover_06_05_03.mp4,102,0.0401035994291305,0.1006721888427381,0.0570227930943171,0.0714122205972671,0.0026077777147293,0.8796921968460083,-0.0543408542871475,0.0068152695894241,0.960052490234375,0.0964009314775466,0.0305444151163101,-0.41134802,0.8392193913459778,-0.0330422669649124,0.0483375936746597,-0.5450678,0.9393126368522644,0.1111560612916946,0.1087378412485122,0.981298565864563,-0.1223011463880539,0.1167399436235427,0.982192873954773,0.0268206662822888,0.1339962252486813,0.0002083003520965,-0.038613450968707,0.0,0.0,0.0,0.0,0.0,1,1.0
crossover_06_05_03.mp4,103,0.0384622514247894,0.0687801418481049,0.0757831702629725,0.0651901960372924,0.0073590725660324,0.8905060291290283,-0.051152765750885,0.01181261241436,0.9621130228042604,0.097619891166687,0.0708534568548202,-0.4847844,0.8531036376953125,-0.0309699475765228,0.0554099529981613,-0.5805764,0.9445452690124512,0.1154088973999023,0.1147467344999313,0.982396125793457,-0.1198037266731262,0.1178654283285141,0.983335256576538,0.0292580453045853,0.1018093724660968,0.0187603771686554,-0.0318920469946331,0.0,0.0,0.0,0.25,0.25,1,1.0
crossover_06_05_03.mp4,104,0.0372314900159835,0.0707155287265777,0.0766943703095118,0.0653336346149444,0.007925733923912,0.8989362120628357,-0.0491428077220916,0.0134432166814804,0.9639179706573486,0.0915568172931671,0.0705197900533676,-0.5210115,0.8624857068061829,-0.0293363034725189,0.0576129406690597,-0.60379213,0.9491267204284668,0.1174738705158233,0.1167696565389633,0.9834872484207152,-0.1181585490703582,0.1189012378454208,0.9843981862068176,0.0217367143436034,0.101855142646406,0.0009112000465393,0.0019353868784727,0.0,0.0,0.0,0.75,0.75,1,1.0
crossover_06_05_03.mp4,105,0.0361213833093643,-0.0417973819706175,0.1225572874148687,0.0466816574335098,0.0111948698759078,0.9078457951545716,-0.0488400906324386,0.0139137953519821,0.9652031064033508,0.0258140712976455,0.0606937855482101,-0.48654774,0.8744697570800781,-0.0538522452116012,0.0596223324537277,-0.5357727,0.948817491531372,0.1190143376588821,0.1173069924116134,0.9847046732902528,-0.1165113896131515,0.1198579519987106,0.9854950904846193,0.0916427928221995,0.0640790783619713,0.0458629171053568,-0.1125129106971952,0.0,0.0,0.0,1.0,1.0,0,1.0
crossover_06_05_03.mp4,106,0.0362891405820846,-0.0778540913705472,0.0966880907615025,0.0450844466686248,0.0116467624902725,0.9138227105140686,-0.0582229197025299,0.0134565383195877,0.9552859663963318,0.0059411227703094,0.0561262518167495,-0.48712537,0.8796852827072144,-0.0789554715156555,0.0579797178506851,-0.52144396,0.9018321633338928,0.1212538182735443,0.117153599858284,0.9851059317588806,-0.1143128275871276,0.1201521307229995,0.9858301281929016,0.0930961905315792,0.038724038679184,-0.0258691966533661,-0.0360567093999297,0.0,0.0,0.0,0.75,0.75,0,1.0
crossover_06_05_03.mp4,107,0.0364886820316314,-0.0780361228519015,0.0965814779202143,0.0450741052627563,0.0116489678621292,0.91826730966568,-0.0613154768943786,0.0128358751535415,0.9506922364234924,0.0042225718498229,0.0543474107980728,-0.49421105,0.8835973143577576,-0.0819484293460846,0.0586531311273574,-0.5293223,0.8712947964668274,0.1207220554351806,0.1168090254068374,0.9859021306037904,-0.1145554482936859,0.1201992183923721,0.9865446090698242,0.0924673416926705,0.038129589986566,-0.0001066128412882,-0.0001820314813543,0.0,0.0,0.0,0.25,0.25,1,1.0
crossover_06_05_03.mp4,108,0.0393412411212921,-0.1244363120308628,0.0545894255240758,0.0492732226848602,0.0117705017328262,0.924718141555786,-0.079742431640625,-8.349120616912842e-05,0.9464162588119508,-0.0041615068912506,0.0441710501909256,-0.5354054,0.89271479845047,-0.1174822747707367,0.0297725349664688,-0.47921205,0.8710477948188782,0.1214425861835479,0.1164118200540542,0.9844094514846802,-0.1134735941886901,0.1206439882516861,0.984445869922638,0.1207251891526954,0.0257727897435157,-0.0419920523961384,-0.0464001891789612,0.0,0.0,0.0,0.0,0.0,1,1.0
crossover_06_05_03.mp4,109,0.0419428497552871,-0.1278727531433105,0.033570522069931,0.0492539405822753,0.0103708803653717,0.9271780252456664,-0.0847953259944915,-0.0097764432430267,0.9202605485916138,-0.0041956901550292,0.0368675291538238,-0.5249552,0.8974844813346863,-0.1277305781841278,0.0116064846515655,-0.40145972,0.8408508896827698,0.1221930980682373,0.1155376136302948,0.9818825125694276,-0.1125666201114654,0.1194981634616851,0.982158899307251,0.1237210013098767,0.0219644975684484,-0.0210189034541448,-0.0034364411124476,0.0,0.0,0.0,0.0,0.0,1,1.0
crossover_06_05_03.mp4,110,0.0435872226953506,-0.1280566863439701,0.0326029956340789,0.0489393323659896,0.0085981786251068,0.9299883842468262,-0.0877676159143447,-0.0105842053890228,0.8965650796890259,-0.0040367990732192,0.0340061485767364,-0.52976716,0.9028157591819764,-0.1300497502088546,0.0115207135677337,-0.4674743,0.8035006523132324,0.1207926124334335,0.1140190660953521,0.9751699566841124,-0.1128839403390884,0.1184624135494232,0.9775633215904236,0.1240278246073445,0.0211762820318971,-0.000967526435852,-0.0001839332006595,0.0,0.0,0.0,0.0,0.0,1,1.0
crossover_06_05_03.mp4,111,0.044251874089241,-0.1090005210152378,0.0045897265275319,0.0525173246860504,0.0049674212932586,0.9284405708312988,-0.0850333571434021,-0.0179401636123657,0.8229183554649353,0.0043324530124664,0.0302830040454864,-0.43267864,0.8945438265800476,-0.1056225895881652,-0.0028970837593078,-0.21423714,0.7286108732223511,0.1237700879573822,0.1146124899387359,0.9737138152122498,-0.1098490953445434,0.1184520423412323,0.9755969643592834,0.1162088960087777,0.0082135710258775,-0.028013269106547,0.0190561653287322,0.0,0.0,0.0,0.0,0.0,1,1.0
crossover_06_05_03.mp4,112,0.0469150990247726,-0.0985399976924613,0.0030314445495605,0.0523946583271026,0.0018410682678222,0.9251627922058104,-0.0904775261878967,-0.0215929448604583,0.785518229007721,0.0053909718990325,0.0282628536224365,-0.5328356,0.8852307796478271,-0.0954073071479797,-0.0104455947875976,-0.6626951,0.6793567538261414,0.1243861615657806,0.1120914220809936,0.9658023118972778,-0.1093873679637909,0.116413414478302,0.9667038917541504,0.1069498501356166,0.0138363412556496,-0.0015582819779714,0.0104605233227765,0.0,0.0,0.0,0.0,0.0,1,1.0
crossover_06_05_03.mp4,113,0.0470781773328781,-0.0973589771323734,0.0031147003173828,0.0540681183338165,0.0007325112819671,0.9306953549385072,-0.0901205241680145,-0.0220876336097717,0.7981165647506714,0.0084919035434722,0.0271170139312744,-0.60743237,0.8917728662490845,-0.0960578322410583,-0.0168987810611724,-0.6354502,0.6961784362792969,0.1241455376148223,0.1117613315582275,0.9601727724075316,-0.1082456707954406,0.1167776584625244,0.9641742706298828,0.1085381039021399,0.0200557327195486,8.325576782231003e-05,0.0011810205600879,0.0,0.0,0.0,0.0,0.0,1,1.0
crossover_06_05_03.mp4,114,0.0469636917114257,-0.090698989894655,0.0387235105037688,0.0547650158405303,0.0001449584960937,0.9335594773292542,-0.1006481647491455,-0.0196735262870788,0.8000390529632568,0.0115609467029571,0.0291748344898223,-0.5695173,0.8978227972984314,-0.0934620797634124,-0.0089730620384216,-0.36469832,0.7089897394180298,0.1255533993244171,0.1120218336582183,0.9583290219306946,-0.1066929399967193,0.116771250963211,0.9577584266662598,0.1027047800570498,0.0477765391996455,0.035608810186386,0.0066599872377183,0.0,0.0,0.0,0.0,0.0,1,1.0
crossover_06_05_03.mp4,115,0.0471392571926116,-0.0986655837959713,0.0748082806666692,0.056331068277359,-0.0010217279195785,0.9375844597816468,-0.1014012694358825,-0.0108441859483718,0.8184025883674622,0.0150882899761199,0.0303286761045455,-0.50389135,0.9058123826980592,-0.0974272489547729,0.0266703814268112,-0.44440633,0.736954927444458,0.126464694738388,0.1120939701795578,0.9592112302780152,-0.1058112680912017,0.1167669743299484,0.9547170400619508,0.1221408163562033,0.0481538245252196,0.0360847701629003,-0.0079665939013163,0.0,0.0,0.0,0.25,0.0,0,1.0
crossover_06_05_03.mp4,116,0.0470096468925476,-0.0993200865056779,0.0746516346931457,0.0566268265247345,-0.00143763422966,0.9403453469276428,-0.101338505744934,-0.0076461136341094,0.8345084190368652,0.0162703096866607,0.0309990048408508,-0.48927283,0.911969006061554,-0.0979534685611724,0.0323366522789001,-0.4533882,0.7618680000305176,0.1266256272792816,0.1124434471130371,0.958960235118866,-0.1056766808032989,0.1167415380477905,0.9494353532791138,0.1235584549309488,0.042337045023527,-0.0001566459735234,-0.0006545027097066,0.0,0.0,0.0,0.75,0.0,0,1.0
crossover_06_05_03.mp4,117,0.0463545620441436,-0.1230508769000018,0.1086381951967875,0.0564951300621032,-0.0021446049213409,0.9425790905952454,-0.0987478196620941,0.0004371106624603,0.8485468029975891,0.0179413557052612,0.0316636562347412,-0.48074403,0.9164382815361024,-0.1220380365848541,0.0481051206588745,-0.49281973,0.7825947999954224,0.1263899207115173,0.1141061782836914,0.9495327472686768,-0.104431003332138,0.1130647659301757,0.9254107475280762,0.1606358904586275,0.0605415473746461,0.0339865605036417,-0.0237307903943238,0.0,0.0,0.0,1.0,0.0,0,1.0
crossover_06_05_03.mp4,118,0.0450374037027359,-0.1292354244876791,0.0791919608910878,0.0571948438882827,-0.0039789378643035,0.9463399052619934,-0.0974559634923935,0.0033729672431945,0.8604815602302551,0.0252149254083633,0.0323681533336639,-0.4690172,0.9230498671531676,-0.1252425760030746,0.0464119017124176,-0.49554783,0.8010839819908142,0.1260982900857925,0.1155773103237152,0.9497067928314208,-0.1048861294984817,0.1150828301906585,0.9232672452926636,0.1613920058032138,0.0330223427209235,-0.0294462343056997,-0.0061845475876772,0.0,0.0,0.0,0.75,0.0,0,1.0
crossover_06_05_03.mp4,119,0.0443691611289978,-0.1293893141878975,0.0799290418624878,0.0579656809568405,-0.0043855011463165,0.9497575759887696,-0.0969201773405075,0.004291146993637,0.8712543249130249,0.0280445665121078,0.0329037904739379,-0.47894698,0.9290339946746826,-0.1250052601099014,0.0464336276054382,-0.49909392,0.8177822232246399,0.1258801072835922,0.1162218451499939,0.9497323036193848,-0.1053807884454727,0.1166450977325439,0.9221408367156982,0.1643070329000552,0.0337810998401496,0.0007370809714,-0.0001538897002184,0.0,0.0,0.0,0.25,0.0,0,1.0
crossover_06_05_03.mp4,120,0.0430240929126739,-0.1304811180741698,0.0519427100817362,0.0604466646909713,-0.00423064827919,0.9534136056900024,-0.0948173552751541,0.0039479732513427,0.8570195436477661,0.0387399643659591,0.0325356125831604,-0.5467659,0.934962034225464,-0.1313382238149643,0.0311094522476196,-0.58396095,0.7911515831947327,0.1262165158987045,0.1170394420623779,0.9516483545303344,-0.1050461679697036,0.1181919574737548,0.924068570137024,0.1703302972918446,0.0208508815697006,-0.0279863317807516,-0.0010918038862722,0.0,0.0,0.0,0.0,0.0,1,1.0
crossover_06_05_03.mp4,121,0.041263923048973,-0.1134792782642223,0.0543593933184941,0.0607037544250488,-0.0022949427366256,0.9568776488304138,-0.0877789855003357,0.0037238746881484,0.816692054271698,0.0440009236335754,0.0339578241109848,-0.5383315,0.9407336115837096,-0.1239398419857025,0.0284642428159713,-0.5399347,0.7329762578010559,0.1257638931274414,0.1181660741567611,0.9519676566123962,-0.1054367423057556,0.1199831813573837,0.923750638961792,0.1587962153702031,0.0279281616458988,0.0024166832367579,0.0170018398099475,0.0,0.0,0.0,0.0,0.0,1,1.0
crossover_06_05_03.mp4,122,0.041141077876091,-0.1137619506429742,0.0544064452250798,0.0612959563732147,-0.0018495768308639,0.959960639476776,-0.0851240456104278,0.002667412161827,0.7769596576690674,0.045157641172409,0.0341148227453231,-0.53583264,0.9458471536636353,-0.120948702096939,0.0265900939702987,-0.53045684,0.6773613095283508,0.1254085600376129,0.1183999627828598,0.9521034955978394,-0.1057288348674774,0.120662435889244,0.9233703017234802,0.1602098205654978,0.0287297544993065,4.705190658571557e-05,-0.0002826723787519,0.0,0.0,0.0,0.0,0.0,1,1.0
crossover_06_05_03.mp4,123,0.0422021299600601,-0.0402890811363855,0.0872613956530888,0.0583774000406265,0.00212262570858,0.9585404992103576,-0.0605170577764511,0.0032926052808761,0.7472885251045227,0.0427561551332473,0.0434550493955612,-0.49186215,0.9394127130508424,-0.0491437464952468,0.034342810511589,-0.46499068,0.6223717331886292,0.1242457777261734,0.1162345260381698,0.951281189918518,-0.1072035878896713,0.1191795915365219,0.9268388152122498,0.0938909326799641,0.0536542799038025,0.032854950428009,0.0734728695065887,0.0,0.0,0.0,0.25,0.25,0,1.0
crossover_06_05_03.mp4,124,0.0431408733129501,0.0188074373536639,0.1129172027111053,0.0581817477941513,0.0031262636184692,0.9624958634376526,-0.0494367033243179,0.0090458691120147,0.7719526886940002,0.0515932887792587,0.0487840473651886,-0.47938576,0.9453204870224,-0.0234948545694351,0.056500107049942,-0.47145095,0.659248411655426,0.1246065348386764,0.1151300966739654,0.9547337889671326,-0.1074758321046829,0.1182392537593841,0.9329884052276612,0.0720275896328946,0.0705150521859549,0.0256558070580165,0.0590965184900495,0.0,0.0,0.0,0.75,0.75,0,1.0
crossover_06_05_03.mp4,125,0.0448888540267944,0.018833651917952,0.1113194028536478,0.0583364814519882,0.0014430880546569,0.966065526008606,-0.0479999631643295,0.0085154771804809,0.7943853139877319,0.0538456887006759,0.0484800934791564,-0.4624575,0.9506585001945496,-0.0235244780778884,0.0571191906929016,-0.48113698,0.6928449273109436,0.1250050514936447,0.1135215759277343,0.9578190445899964,-0.1073551923036575,0.1170807480812072,0.9386302828788756,0.0719348421999926,0.068788619516708,-0.0015977998574575,2.6214564288085107e-05,0.0,0.0,0.0,1.0,1.0,0,1.0
crossover_06_05_03.mp4,126,0.0440105348825454,0.1063164597308193,0.0900408367315928,0.0671647638082504,0.0014857351779937,0.969163417816162,-0.0400807708501815,0.0110125839710235,0.8145583868026733,0.088440403342247,0.0489259660243988,-0.44490254,0.9550580382347108,0.0053828209638595,0.0554684102535247,-0.5317275,0.7231312990188599,0.1220343559980392,0.1143201291561126,0.9605119228363036,-0.1105700880289077,0.1176454126834869,0.9437005519866944,0.0448328672435379,0.1066904499349428,-0.021278566122055,0.0874828078128673,0.0,0.0,0.0,0.75,0.75,0,1.0
crossover_06_05_03.mp4,127,0.0436825007200241,0.1320791711409886,0.0699134945869446,0.0839846283197403,0.0001821815967559,0.9716961979866028,-0.0386716574430465,0.0098780989646911,0.8328660130500793,0.122827723622322,0.039405882358551,-0.41948152,0.9586138725280762,0.0096132308244705,0.0508041977882385,-0.54167485,0.7506482601165771,0.1118919998407363,0.1150193810462951,0.9632536768913268,-0.11081163585186,0.1178538799285888,0.9490594863891602,0.031879518269081,0.1239478590446403,-0.0201273421446481,0.0257627114101692,0.0,0.0,0.0,0.25,0.25,1,1.0
crossover_06_05_03.mp4,128,0.042640209197998,0.132059383281955,0.0706638902425765,0.0868172198534011,0.0005755275487899,0.9736716747283936,-0.0380969792604446,0.0104015916585922,0.8493639826774597,0.1245777159929275,0.0380371063947677,-0.4300124,0.960885524749756,0.0123009830713272,0.050341710448265,-0.566177,0.7754271030426025,0.112066701054573,0.1114375442266464,0.9646683931350708,-0.110811099410057,0.1184884160757064,0.9535095691680908,0.0334736070610166,0.1214704301984693,0.0007503956556319,-1.9787859033670863e-05,0.0,0.0,0.0,0.0,0.0,1,1.0
crossover_06_05_03.mp4,129,0.0421611815690994,0.1623343299936365,0.0301696985960007,0.0934495329856872,-0.0057148486375808,0.9726165533065796,-0.042462408542633,0.0099094361066818,0.8642135858535767,0.1497278213500976,0.0125928372144699,-0.35534236,0.9601646661758424,0.005990982055664,0.0478949397802352,-0.5102121,0.7978015542030334,0.1144421696662902,0.1120616048574447,0.9670026898384094,-0.1127137243747711,0.1188843697309494,0.9577534794807434,0.0216303055042033,0.1573449288013223,-0.0404941916465758,0.0302749467116815,0.0,0.0,0.0,0.0,0.0,1,1.0
crossover_06_05_03.mp4,130,0.0422212332487106,0.1603631383842891,0.0149349808692932,0.0962684452533721,-0.0095719099044799,0.9683818221092224,-0.043927788734436,0.0094831585884094,0.8776424527168274,0.14779594540596,-0.0010322630405426,-0.30431172,0.9579157829284668,0.0035431087017059,0.0459222793579101,-0.50253975,0.8179603219032288,0.1165169775485992,0.112357497215271,0.9697583317756652,-0.1130375862121582,0.1189033985137939,0.96185302734375,0.020319626409724,0.1598522266884916,-0.0152347177267074,-0.0019711916093473,0.0,0.0,0.0,0.0,0.0,1,1.0
crossover_06_05_03.mp4,131,0.042461484670639,0.159844352028988,0.0146421879529953,0.0963058620691299,-0.0119722634553909,0.966841161251068,-0.0442302376031875,0.0087532252073287,0.8897656202316284,0.1470291763544082,-0.0039694458246231,-0.3056945,0.9589805006980896,0.0023099929094314,0.044703409075737,-0.5295738,0.836118221282959,0.1178882867097854,0.1121134608983993,0.9723589420318604,-0.1135580688714981,0.118527814745903,0.9655659198760986,0.0225969387183868,0.1603769039438029,-0.0002927929162979,-0.0005187863553011,0.0,0.0,0.0,0.0,0.0,1,1.0
crossover_06_05_03.mp4,132,0.0412305742502212,0.1440034759265405,0.0108879715204238,0.0971242934465408,-0.0093400627374649,0.9203616380691528,-0.0432824343442916,0.0097193270921707,0.9000167846679688,0.1295435577630996,-0.0007418543100357,-0.3325174,0.8864415287971497,0.0005546957254409,0.046679750084877,-0.5644184,0.851793110370636,0.1134243756532669,0.1114591509103775,0.9735282063484192,-0.1179623454809188,0.1190750747919082,0.968622863292694,0.018556456615966,0.1478465554349854,-0.0037542164325714,-0.0158408761024475,0.0,0.0,0.0,0.0,0.0,1,1.0
crossover_06_05_03.mp4,133,0.0399356484413147,0.1412672397163179,0.0292769819498062,0.0974002927541732,-0.0081338435411453,0.9128153324127196,-0.0424616485834121,0.0101686865091323,0.9098066687583924,0.1187001913785934,0.0065162926912307,-0.28983706,0.8766316175460815,0.0002855509519577,0.0493921786546707,-0.5380201,0.8664993643760681,0.1115096062421798,0.1117980629205703,0.9750710725784302,-0.1207522302865982,0.1190585643053054,0.9714742302894592,0.0320518431014914,0.1424094719649164,0.0183890104293823,-0.0027362362102225,0.0,0.0,0.0,0.0,0.0,1,1.0
crossover_06_05_03.mp4,134,0.0394256711006164,0.1410648747726722,0.0293456822633743,0.0968233346939086,-0.0074018985033035,0.9029601812362672,-0.042100042104721,0.0100385695695877,0.9185567498207092,0.1149600148200988,0.0102236419916152,-0.26657054,0.8622226119041443,-0.0002568364143371,0.0495755821466445,-0.5699098,0.8797520995140076,0.1148213744163513,0.1147146373987197,0.9760498404502868,-0.121083378791809,0.1191151291131973,0.973904013633728,0.0323591739279333,0.1427623021042727,6.870031356809303e-05,-0.0002023649436456,0.0,0.0,0.0,0.25,0.0,1,1.0
crossover_06_05_03.mp4,135,0.0385176986455917,0.150619610592171,0.1091314872105916,0.1013513207435607,0.0006150603294372,0.910990834236145,-0.0411650538444519,0.0102723836898803,0.9264065027236938,0.1350199580192566,0.0434197187423706,-0.44232064,0.8744210600852966,-0.0017521977424621,0.0520495772361755,-0.5792141,0.8916701674461365,0.1139581203460693,0.114986777305603,0.9752690196037292,-0.1224901676177978,0.1192452311515808,0.975499987602234,0.0675380313276654,0.1627129755781435,0.0797858049472173,0.0095547358194987,0.0,0.0,0.0,0.75,0.0,0,1.0
crossover_06_05_03.mp4,136,0.0380756705999374,0.1543383986861617,0.1151627490917841,0.1057968139648437,0.0046154409646987,0.9183974862098694,-0.0416738092899322,0.0100505501031875,0.9334989786148072,0.1444307565689087,0.0519921332597732,-0.5286358,0.885219395160675,-0.0041393041610717,0.0519225150346756,-0.60139585,0.902418851852417,0.1137897968292236,0.1141020208597183,0.97356379032135,-0.1225067377090454,0.1188118606805801,0.9764535427093506,0.0639428500844236,0.1706297438998661,0.0060312618811925,0.0037187880939907,0.0,0.0,0.0,1.0,0.0,0,1.0
crossover_06_05_03.mp4,137,0.0380086600780487,0.1543227105228989,0.1149812867244084,0.1073863208293914,0.005936250090599,0.9243834614753724,-0.0422715842723846,0.0097974389791488,0.9397861957550048,0.1465149223804474,0.0528988093137741,-0.53433275,0.8938889503479004,-0.003262311220169,0.0518045872449874,-0.61330587,0.9120487570762634,0.1138905584812164,0.1118746846914291,0.9719867706298828,-0.1225509941577911,0.1186306327581405,0.976256251335144,0.0625715235320295,0.1697773083626792,-0.0001814623673757,-1.5688163262805865e-05,0.0,0.0,0.0,0.75,0.0,0,1.0
crossover_06_05_03.mp4,138,0.0382463186979293,0.1568517550274177,0.0610952119032541,0.1026315987110138,0.005359262228012,0.928965389728546,-0.0440790951251983,0.0059649050235748,0.9454256296157836,0.1549516022205352,0.0432016551494598,-0.5112712,0.9020261764526368,-0.0080648362636566,0.0497472584247589,-0.6176756,0.9207538366317748,0.1131021082401275,0.1120384037494659,0.9722828269004822,-0.123292863368988,0.118157297372818,0.9776099920272828,0.0179941644426953,0.165306558040561,-0.0538860748211542,0.0025290445045188,0.0,0.0,0.0,0.25,0.0,1,1.0
crossover_06_05_03.mp4,139,0.0385420620441436,0.1474111669593387,0.0505225181579589,0.0995371043682098,0.0039964616298675,0.9282541275024414,-0.047083169221878,0.0054420828819274,0.9504801034927368,0.1469088494777679,0.0297206044197082,-0.42323473,0.9075413942337036,-0.0150283873081207,0.0490782260894775,-0.5956758,0.9285464882850648,0.1125394403934478,0.1126528978347778,0.9728941917419434,-0.1238299906253814,0.1177436709403991,0.9790669679641724,0.0208079777495535,0.1624459749276355,-0.0105726937452952,-0.009440588068079,0.0,0.0,0.0,0.0,0.0,1,1.0
crossover_06_05_03.mp4,140,0.0384991317987442,0.1465820474757089,0.0505143523216247,0.0961465984582901,0.0034387111663818,0.9273104667663574,-0.0500739067792892,0.0047698616981506,0.9550829529762268,0.1430675536394119,0.0255910754203796,-0.40591657,0.9127665758132936,-0.0197058171033859,0.048445701599121,-0.5875244,0.9355846643447876,0.1115080863237381,0.1127238273620605,0.9733358025550842,-0.1246660500764846,0.1176757216453552,0.9804782271385192,0.025169850981313,0.1663007312734586,-8.165836334228516e-06,-0.0008291194836298,0.0,0.0,0.0,0.0,0.0,1,1.0
crossover_06_05_03.mp4,141,0.0374386459589004,0.0995760386740719,0.0682045797506968,0.0763390809297561,0.0067057907581329,0.917035698890686,-0.0502622872591018,0.0099378526210784,0.9581424593925476,0.0916536599397659,0.0453091561794281,-0.44959384,0.8962003588676453,-0.0221371501684188,0.0528924763202667,-0.5686466,0.9414247870445251,0.1113513857126236,0.1132239401340484,0.9713500142097472,-0.1247767359018325,0.1185403168201446,0.980985701084137,0.0242273503569332,0.1226725757847776,0.0176902274290721,-0.0470060088016369,0.0,0.0,0.0,0.0,0.0,1,1.0
crossover_06_05_03.mp4,142,0.0365226715803146,0.0534853332572513,0.0939230968554815,0.0626831352710723,0.0069969147443771,0.918064832687378,-0.0486426949501037,0.0131314843893051,0.9611591100692748,0.0624233186244964,0.0603118985891342,-0.45069188,0.8953863382339478,-0.0265202820301055,0.0576486438512802,-0.54421717,0.946855902671814,0.1120096743106842,0.1177285760641098,0.9735020399093628,-0.1242069602012634,0.1194917410612106,0.9824820160865784,0.0347793075164643,0.0878449453199361,0.0257185171047846,-0.0460907054168205,0.0,0.0,0.0,0.25,0.25,0,1.0
crossover_06_05_03.mp4,143,0.0356453210115432,0.0536239791799474,0.0947998990615208,0.0603731870651245,0.0079395323991775,0.920464813709259,-0.0481245219707489,0.0146696716547012,0.9637722969055176,0.0610551238059997,0.0641180425882339,-0.45145395,0.8970426917076111,-0.0277000963687896,0.0593997985124588,-0.5423497,0.95169860124588,0.1122022867202758,0.1191035658121109,0.9752770066261292,-0.1240488588809967,0.1201194673776626,0.9837635159492492,0.0315689440289136,0.0886948272603335,0.0008768022060393,0.000138645922696,0.0,0.0,0.0,0.75,0.75,0,1.0
crossover_06_05_03.mp4,144,0.0359817147254943,-0.0526738072986955,0.1070496638615926,0.046641930937767,0.0104461312294006,0.923645555973053,-0.0505484193563461,0.0122789144515991,0.9406018257141112,0.0183619707822799,0.0571857690811157,-0.457519,0.8962565064430237,-0.0604112297296524,0.0586478114128112,-0.52067345,0.8998972773551941,0.1133272498846054,0.118278682231903,0.9771884679794312,-0.1226000636816024,0.1200690269470214,0.985016942024231,0.0867899174457959,0.0490163954850688,0.0122497648000717,-0.106297786478643,0.0,0.0,0.0,1.0,1.0,0,1.0
crossover_06_05_03.mp4,145,0.0364254564046859,-0.0866280199201018,0.081957659125328,0.0471661239862442,0.0104640573263168,0.9297881126403807,-0.0616870373487472,0.0070353895425796,0.9389665126800536,0.0075707584619522,0.0548170059919357,-0.48461282,0.9049749970436096,-0.0801295191049575,0.0520304292440414,-0.509014,0.8851266503334045,0.1161078363656997,0.1175552457571029,0.9788259267807008,-0.119557186961174,0.1208278983831405,0.9858158230781556,0.0980307344722993,0.0306246567525548,-0.0250920047362646,-0.0339542126214063,0.0,0.0,0.0,0.75,0.75,1,1.0
crossover_06_05_03.mp4,146,0.0369819402694702,-0.0862776501311196,0.0819227159023284,0.0470937043428421,0.0104924142360687,0.9355565309524536,-0.065029963850975,0.0064291357994079,0.94167298078537,0.0059543997049331,0.0528369843959808,-0.46382174,0.9132339358329772,-0.0846466869115829,0.0517701804637908,-0.47021577,0.8830143809318542,0.1165077835321426,0.1175518333911895,0.9804749488830566,-0.1192929595708847,0.1213386952877044,0.9868296980857848,0.0967095175989388,0.0301966129623132,-3.4943222999572754e-05,0.0003503697889822,0.0,0.0,0.0,0.25,0.25,1,1.0
crossover_06_05_03.mp4,147,0.0417800396680831,-0.115226654542817,0.0399453908205031,0.0508249253034591,0.0084364563226699,0.9405673146247864,-0.0792586952447891,-0.0063396245241165,0.9277512431144714,0.0052054375410079,0.0383539348840713,-0.515769,0.920014262199402,-0.120407149195671,0.0219867378473281,-0.41371584,0.8547520041465759,0.1178915351629257,0.1157784014940261,0.977780282497406,-0.1178073137998581,0.1193882375955581,0.982593834400177,0.1204426068120601,0.0186909267148308,-0.0419773250818252,-0.0289490044116974,0.0,0.0,0.0,0.0,0.0,1,1.0
crossover_06_05_03.mp4,148,0.0486769676208496,-0.1123256279362572,0.0182409842809041,0.0538227260112762,0.0018808841705322,0.9451553225517272,-0.0836990475654602,-0.0190744400024414,0.8882279396057129,0.0047505795955657,0.0283409357070922,-0.5180345,0.926116704940796,-0.1232198476791381,-0.0020408034324645,-0.34187567,0.7912052273750305,0.1188361942768096,0.1103977560997009,0.9712046980857848,-0.1161287128925323,0.1142317652702331,0.9788091778755188,0.1175110521987011,0.023022487629627,-0.021704406539599,0.0029010266065597,0.0,0.0,0.0,0.0,0.0,1,1.0
crossover_06_05_03.mp4,149,0.0507484376430511,-0.1110917510809721,0.0165786365667979,0.0556628704071044,-0.0009287297725677,0.945867657661438,-0.0837950110435485,-0.0215524435043334,0.8447953462600708,0.0057615637779235,0.0251629054546356,-0.50259006,0.925163984298706,-0.1242621839046478,-0.0053203403949737,-0.37329766,0.7292546033859253,0.1188107728958129,0.1086351573467254,0.9673848152160645,-0.1149750053882598,0.1126321852207183,0.9755619764328004,0.1171681990381815,0.0255543634774016,-0.0016623477141062,0.001233876855285,0.0,0.0,0.0,0.0,0.0,1,1.0
crossover_06_05_03.mp4,150,0.0500862449407577,-0.0924924272078054,-0.0007123718659082,0.0575664043426513,-0.001801922917366,0.9474269151687622,-0.0932428836822509,-0.0212237387895584,0.8215574622154236,0.0120415687561035,0.0237254053354263,-0.610951,0.9215686321258544,-0.0976530015468597,-0.011109784245491,-0.6073192,0.6736630201339722,0.122369110584259,0.1091081649065017,0.9632596969604492,-0.1111567914485931,0.1131551414728164,0.972607970237732,0.1073525093638924,0.0116076574596257,-0.0172910084327062,0.0185993238731667,0.0,0.0,0.0,0.0,0.0,1,1.0
crossover_06_05_03.mp4,151,0.0496838986873626,-0.0823997365103827,0.0051376581192016,0.0587145686149597,-0.0024944841861724,0.9504339694976808,-0.0902170836925506,-0.0229929983615875,0.8304582834243774,0.0149651765823364,0.0249173045158386,-0.6966976,0.9229243397712708,-0.089501291513443,-0.0199852287769317,-0.8734222,0.6778741478919983,0.1242207884788513,0.1096265316009521,0.9575355052947998,-0.1092807948589325,0.1142328977584838,0.9683856964111328,0.0993537151450752,0.0261073079703251,0.0058500299851099,0.0100926906974227,0.0,0.0,0.0,0.0,0.0,1,1.0
crossover_06_05_03.mp4,152,0.0495904386043548,-0.079839758630152,0.0053317228953043,0.0611273199319839,-0.0032036304473876,0.9535549283027648,-0.0906945616006851,-0.0217030048370361,0.8435018658638,0.0185975581407547,0.0250649452209472,-0.6619662,0.9251067638397216,-0.0834982544183731,-0.0213078260421752,-0.8358088,0.7010539174079895,0.1270647794008255,0.1104488968849182,0.9569927453994752,-0.1067992001771926,0.1144428253173828,0.9675342440605164,0.1003957439158109,0.0268895920204231,0.0001940647761027,0.0025599778802306,0.0,0.0,0.0,0.0,0.0,1,1.0
crossover_06_05_03.mp4,153,0.0481931269168853,-0.0742594572129072,0.0462700724601745,0.0594839304685592,-0.0034412741661071,0.9562567472457886,-0.1002507954835891,-0.0135136544704437,0.831588864326477,0.0210673660039901,0.0255017876625061,-0.49518082,0.9294509291648864,-0.0815059393644332,0.0150110125541687,-0.43709365,0.6667259931564331,0.1271182149648666,0.1110886931419372,0.957654595375061,-0.1072796434164047,0.1145895719528198,0.9651933908462524,0.0975629277854179,0.0320880091277045,0.0409383495648701,0.0055803014172448,0.0,0.0,0.0,0.0,0.0,1,1.0
crossover_06_05_03.mp4,154,0.0455039888620376,-0.0846692023453888,0.0844411154588063,0.0591982007026672,-0.0019100606441497,0.9591024518013,-0.0991659462451934,-0.0047892928123474,0.8433821201324463,0.0237897634506225,0.0306750833988189,-0.46699935,0.9351369738578796,-0.0925626158714294,0.0350016057491302,-0.46869466,0.6888258457183838,0.1271445751190185,0.1131193935871124,0.9596580266952516,-0.1069368124008178,0.1167062222957611,0.9652031660079956,0.121054258351435,0.050065667851595,0.0381710429986318,-0.0104097451324816,0.0,0.0,0.0,0.25,0.0,0,1.0
crossover_06_05_03.mp4,155,0.0444205254316329,-0.0848239080773459,0.0854260176420211,0.0591034740209579,-0.0007670074701309,0.9617229104042052,-0.0994461923837661,-0.0021836310625076,0.8549916744232178,0.0251129120588302,0.0330070108175277,-0.4700584,0.940255343914032,-0.0944067686796188,0.0378972142934799,-0.48399156,0.7101922631263733,0.1268460005521774,0.1141745299100875,0.9611703753471376,-0.1068431586027145,0.117958053946495,0.965101420879364,0.1217943212884749,0.0484852386306069,0.0009849021832147,-0.000154705731957,0.0,0.0,0.0,0.75,0.0,0,1.0
crossover_06_05_03.mp4,156,0.0419927090406417,-0.1085360998356783,0.1017194877068201,0.0600918382406234,-0.0003954321146011,0.9649387001991272,-0.0938237458467483,0.0056714266538619,0.8657528162002563,0.0326016396284103,0.0350590795278549,-0.45047793,0.9458221793174744,-0.1042212396860122,0.0484710186719894,-0.45898107,0.7340240478515625,0.1271511167287826,0.1162448972463607,0.9618079662322998,-0.1050692945718765,0.1194721907377243,0.9634881615638732,0.1560880249078039,0.0534230050882997,0.0162934700647989,-0.0237121917583323,0.0,0.0,0.0,1.0,0.0,0,1.0
crossover_06_05_03.mp4,157,0.0411860048770904,-0.1183662432211417,0.0746598372856776,0.0619271993637084,-0.0006049424409866,0.9674972891807556,-0.0923174619674682,0.0043054968118667,0.8557369709014893,0.0408071279525756,0.0351862758398056,-0.4710804,0.9503832459449768,-0.1030933260917663,0.0440137833356857,-0.4897761,0.7089566588401794,0.1269550323486328,0.1166596263647079,0.9612492322921752,-0.1067140698432922,0.1197900027036666,0.9606201648712158,0.163994890603418,0.0342409494661958,-0.0270596504211425,-0.0098301433854633,0.0,0.0,0.0,0.75,0.0,1,1.0
crossover_06_05_03.mp4,158,0.0407250672578811,-0.1184995239531552,0.0749054114023844,0.0629883855581283,-0.001016765832901,0.9698622822761536,-0.0921477526426315,0.0037958025932312,0.8429908752441406,0.0436237901449203,0.0352235436439514,-0.47530013,0.9546623826026917,-0.1022752970457077,0.0427988171577453,-0.49636632,0.6866424083709717,0.1267684549093246,0.1168705821037292,0.9605181813240052,-0.1079333275556564,0.1200731396675109,0.9576554894447328,0.1669090159426417,0.0359730306303797,0.0002455741167068,-0.0001332807320135,0.0,0.0,0.0,0.25,0.0,1,1.0
crossover_06_05_03.mp4,159,0.040817454457283,-0.115103472382934,0.0479812333981196,0.068141371011734,-0.0022976845502853,0.9722959995269777,-0.0899839997291565,0.0020122379064559,0.8031426072120667,0.0556897819042205,0.0320572406053543,-0.65762246,0.9587424397468568,-0.109685331583023,0.0267701297998428,-0.653709,0.6319035291671753,0.1263594329357147,0.1168709546327591,0.957668662071228,-0.107768028974533,0.1202081590890884,0.9477694630622864,0.1715339886333338,0.0218921713309687,-0.0269241780042648,0.0033960515702212,0.0,0.0,0.0,0.0,0.0,1,1.0
crossover_06_05_03.mp4,160,0.0415430963039398,-0.1037315552985226,0.0465446084737777,0.0686725229024887,-0.0026996582746505,0.9740602374076844,-0.0833368748426437,-0.0025296062231063,0.7608110904693604,0.0566279739141464,0.0319161266088485,-0.60848397,0.962389349937439,-0.110101118683815,0.020079419016838,-0.5102514,0.592473030090332,0.1237538903951644,0.1162568181753158,0.9545324444770812,-0.1102559715509414,0.1197711080312728,0.9437082409858704,0.1610253740594364,0.027220903561619,-0.0014366249243419,0.0113719170844113,0.0,0.0,0.0,0.0,0.0,1,1.0
crossover_06_05_03.mp4,161,0.042026475071907,-0.105103705657853,0.0461812674999236,0.0685622245073318,-0.0030211806297302,0.9755579233169556,-0.0814882069826126,-0.0043476223945617,0.7201250791549683,0.0562393218278884,0.0317709147930145,-0.5397926,0.9655655026435852,-0.1098737567663192,0.0189673006534576,-0.4556574,0.5527017116546631,0.1217748075723648,0.115683227777481,0.9501784443855286,-0.1115883439779281,0.1196757853031158,0.9384862780570984,0.1619852795268825,0.0276288504845556,-0.000363340973854,-0.0013721503593303,0.0,0.0,0.0,0.25,0.25,1,1.0
crossover_06_05_03.mp4,162,0.0409422516822814,-0.0351185215844048,0.0849713106950124,0.0682471990585327,-0.0009244680404663,0.9770377278327942,-0.059471309185028,0.0074035227298736,0.7407255172729492,0.0549389123916626,0.0389657914638519,-0.5013008,0.9677552580833436,-0.0398144125938415,0.0388438999652862,-0.52170765,0.5773969888687134,0.1205865740776062,0.115340918302536,0.952620565891266,-0.1124241948127746,0.1205979287624359,0.9427367448806764,0.1011278854425544,0.0463658216038642,0.0387900431950887,0.0699851840734482,0.0,0.0,0.0,0.75,0.75,0,1.0
crossover_06_05_03.mp4,163,0.040326103568077,0.0220500076258624,0.1150381694237391,0.0680726766586303,0.0028131157159805,0.978947639465332,-0.0463652908802032,0.0111028403043746,0.766369640827179,0.0615543127059936,0.0479841083288192,-0.45337322,0.9707006812095642,-0.0182611644268035,0.0582659095525741,-0.5106298,0.6193729043006897,0.1195851564407348,0.1156154125928878,0.9557061195373536,-0.1134038865566253,0.1208271831274032,0.9475385546684264,0.077825684893776,0.0696281558217559,0.0300668587287267,0.0571685292102672,0.0,0.0,0.0,1.0,1.0,0,1.0
crossover_06_05_03.mp4,164,0.0401588231325149,0.021278879487956,0.1150351951519648,0.0674328655004501,0.0041660517454147,0.9807554483413696,-0.0454951971769332,0.0122009664773941,0.7894362211227417,0.0618593543767929,0.0505927950143814,-0.45513973,0.9733476042747498,-0.01705102622509,0.0601701289415359,-0.51110494,0.6570950150489807,0.1187819093465805,0.1160773187875747,0.9588006734848022,-0.1142805367708206,0.120680347084999,0.9518833756446838,0.0761550909506116,0.0669279998374801,-2.9742717743141966e-06,-0.0007711281379063,0.0,0.0,0.0,0.75,0.75,0,1.0
crossover_06_05_03.mp4,165,0.0397872179746627,0.1122114980662311,0.0943468193213145,0.0785984396934509,0.0038552582263946,0.9824383854866028,-0.0333446264266967,0.0143949091434478,0.8102027773857117,0.1045214533805847,0.0521460473537445,-0.47461542,0.9757061004638672,0.0160803198814392,0.0579814612865448,-0.58895564,0.6910716891288757,0.1181912422180175,0.1160246431827545,0.961446225643158,-0.1147727966308593,0.1204741895198822,0.9558671116828918,0.0428957100643651,0.1027795830123531,-0.0206883758306503,0.090932618578275,0.0,0.0,0.0,0.25,0.25,0,1.0
crossover_06_05_03.mp4,166,0.0384815633296966,0.1425949623187382,0.0719907820224762,0.0915863960981369,0.0039864480495452,0.9832331538200378,-0.0327951461076736,0.0154187977313995,0.8289172649383545,0.1341039389371872,0.0476155579090118,-0.445438,0.9765514731407166,0.0221032351255416,0.05409637093544,-0.5771862,0.7218175530433655,0.1163871735334396,0.1130737960338592,0.9634002447128296,-0.1149021238088607,0.121205061674118,0.9597429037094116,0.0258118001822356,0.1218132434103597,-0.0223560372988382,0.0303834642525071,0.0,0.0,0.0,0.0,0.0,1,1.0
crossover_06_05_03.mp4,167,0.0383613556623458,0.1425554781048386,0.0719027171532312,0.0933272540569305,0.0034669488668441,0.9841246008872986,-0.0332439243793487,0.0150706619024276,0.8456939458847046,0.1340249478816986,0.0438347905874252,-0.45974162,0.9774970412254332,0.0218938291072845,0.0526394695043563,-0.6137138,0.7494338750839233,0.1162963211536407,0.1125286072492599,0.9652043581008912,-0.1140989065170288,0.1210852116346359,0.9631312489509584,0.0293356173889588,0.1221896323293871,-8.80648692449526e-05,-3.9484213899654286e-05,0.0,0.0,0.0,0.0,0.0,1,1.0
crossover_06_05_03.mp4,168,0.0379704385995864,0.1743919488456514,0.0301043679316838,0.0938981622457504,-0.0030765980482101,0.9786027073860168,-0.039284273982048,0.0140781849622726,0.8607414364814758,0.1482467502355575,0.0139824599027633,-0.38549358,0.9710823893547058,0.0086052268743515,0.0493781417608261,-0.54245,0.7743514180183411,0.1152027696371078,0.1149951070547103,0.967218577861786,-0.1162570267915725,0.1214839071035385,0.966413140296936,0.0307162388461579,0.1669033119491822,-0.0417983492215474,0.0318364707408128,0.0,0.0,0.0,0.0,0.0,1,1.0
crossover_06_05_03.mp4,169,0.0384181439876556,0.1698673587154459,0.0130764305591583,0.0926476866006851,-0.0072124302387237,0.9601665735244752,-0.0420133024454116,0.0137289464473724,0.8743032813072205,0.1393710523843765,0.0010423958301544,-0.26766744,0.9450358748435974,0.0005422979593276,0.0452761352062225,-0.5029321,0.7967420816421509,0.1136827617883682,0.114827960729599,0.9696844220161438,-0.118084892630577,0.1212183535099029,0.9695988297462464,0.0327847936046163,0.1723594998235411,-0.0170279373725255,-0.0045245901302055,0.0,0.0,0.0,0.0,0.0,1,1.0
crossover_06_05_03.mp4,170,0.0389688462018966,0.1695041333083753,0.0128779858350753,0.0929746180772781,-0.010897472500801,0.9451251029968262,-0.0432686060667037,0.0132683366537094,0.8865865468978882,0.1372782737016677,-0.0014981776475906,-0.2725389,0.9200945496559144,1.0266900062561035e-05,0.0441406220197677,-0.5176852,0.8169358372688293,0.1142130047082901,0.1148342341184616,0.971767008304596,-0.118047222495079,0.1206655353307724,0.9724172949790956,0.0352871095992795,0.1723529029963099,-0.0001984447240829,-0.0003632254070705,0.0,0.0,0.0,0.0,0.0,1,1.0
crossover_06_05_03.mp4,171,0.039296954870224,0.1504204778759568,0.0007573813199996,0.0966292321681976,-0.0089055448770523,0.8880938291549683,-0.0448058247566223,0.012327954173088,0.8967280983924866,0.1246220767498016,0.0033968240022659,-0.34981942,0.8354772329330444,-0.0026675164699554,0.0458221286535263,-0.55304676,0.8339178562164307,0.1110682189464569,0.1145949810743331,0.9725109338760376,-0.1219064593315124,0.1203423589468002,0.974564790725708,0.0259330707464228,0.1595830989330908,-0.0121206045150756,-0.0190836554324185,0.0,0.0,0.0,0.0,0.0,1,1.0
crossover_06_05_03.mp4,172,0.0389744639396667,0.1480439404646555,0.0137931237618128,0.0981731116771698,-0.0079853385686874,0.8588923811912537,-0.0446064174175262,0.0115051120519638,0.9066651463508606,0.1195943057537078,0.0050215274095535,-0.34957922,0.7896074652671814,-0.0048839747905731,0.0473636835813522,-0.567785,0.8502700328826904,0.1090437471866607,0.1144445389509201,0.9739486575126648,-0.1241396069526672,0.1201408952474594,0.9768403768539428,0.0297711709167329,0.1565692490590271,0.0130357424418131,-0.0023765374113012,0.0,0.0,0.0,0.0,0.0,1,1.0
crossover_06_05_03.mp4,173,0.0391951501369476,0.1481852784200951,0.0133724331855773,0.0989828556776046,-0.0076918900012969,0.8255699276924133,-0.0433798283338546,0.0109050869941711,0.9156954288482666,0.1218359917402267,0.0098716616630554,-0.35641655,0.745170533657074,-0.0049110203981399,0.0471935868263244,-0.58196914,0.8651295304298401,0.1104332655668258,0.11452317237854,0.9753134846687316,-0.1239958852529525,0.1193504929542541,0.9787411093711852,0.0265808259802209,0.1567875860692846,-0.0004206905762355,0.0001413379554395,0.0,0.0,0.0,0.25,0.0,1,1.0
crossover_06_05_03.mp4,174,0.0396297425031662,0.1642138222853343,0.0868080715338389,0.1031328737735748,-0.0030908584594726,0.8419494032859802,-0.0437544286251068,0.00956991314888,0.9239495396614076,0.1327159106731414,0.0314187109470367,-0.3804838,0.7700403332710266,-0.0062474310398101,0.0480245053768157,-0.5729663,0.8785421848297119,0.1083610355854034,0.1115735471248626,0.9768726229667664,-0.1259515285491943,0.1187845766544342,0.980690896511078,0.063718911652227,0.1748176303724406,0.0734356383482616,0.0160285438652392,0.0,0.0,0.0,0.75,0.0,0,1.0
crossover_06_05_03.mp4,175,0.0399298220872879,0.1721438003910912,0.1292887230714162,0.1075336039066314,0.0020219683647155,0.8552573323249817,-0.0437919795513153,0.0081956088542938,0.9310807585716248,0.1469745337963104,0.0455370843410491,-0.5434894,0.7903944253921509,-0.0073975026607513,0.0481821596622467,-0.6110283,0.8905138969421387,0.1086466014385223,0.1096541583538055,0.9751590490341188,-0.1266495883464813,0.1184639036655426,0.9813148975372314,0.0874518665949507,0.1970110507804047,0.0424806515375772,0.0079299781057569,0.0,0.0,0.0,1.0,0.0,0,1.0
crossover_06_05_03.mp4,176,0.0399336665868759,0.1722695917994887,0.1291449040174483,0.1086755096912384,0.0035880357027053,0.8677381873130798,-0.043672502040863,0.0072763413190841,0.9374980926513672,0.1490055620670318,0.0473304837942123,-0.5572369,0.8091396689414978,-0.0074223577976226,0.0481724590063095,-0.62585634,0.9012933373451232,0.1099781095981597,0.1094564646482467,0.9747976064682008,-0.1264874041080474,0.1183405965566635,0.9821885228157043,0.085057712383163,0.1970932104388498,-0.0001438190539678,0.0001257914083975,0.0,0.0,0.0,0.75,0.0,0,1.0
crossover_06_05_03.mp4,177,0.0398294478654861,0.1807044152860288,0.0720435440540313,0.1095412969589233,0.0041229426860809,0.8775880932807922,-0.0445117950439453,0.0050477683544158,0.9433614015579224,0.1596044301986694,0.0425667464733123,-0.5342729,0.8239352107048035,-0.0086721181869506,0.0476343929767608,-0.65266037,0.911041259765625,0.1103786826133728,0.1122664511203765,0.974035620689392,-0.1266198456287384,0.1178342998027801,0.9827777147293092,0.0362503926365145,0.1909431278851259,-0.057101359963417,0.0084348234865401,0.0,0.0,0.0,0.25,0.0,0,1.0
crossover_06_05_03.mp4,178,0.0388690382242202,0.178664927902045,0.0577871034542719,0.1056723147630691,0.0042148679494857,0.8843181729316711,-0.0479310303926467,0.0053389817476272,0.9485782384872437,0.1632549315690994,0.041566863656044,-0.49864992,0.8373525142669678,-0.0121503323316574,0.0473964363336563,-0.6221305,0.9197922945022584,0.1104446202516555,0.1135950833559036,0.9740198850631714,-0.1265441924333572,0.1181161552667617,0.9838237762451172,0.0223732913558424,0.1910979578678616,-0.0142564405997593,-0.0020394873839838,0.0,0.0,0.0,0.0,0.0,1,1.0
crossover_06_05_03.mp4,179,0.0385831445455551,0.1785947476272229,0.0579379866520564,0.1036295443773269,0.004007950425148,0.889761745929718,-0.0496868640184402,0.0053690522909164,0.9533191323280334,0.162859097123146,0.0400723963975906,-0.49392474,0.8490537405014038,-0.0143709629774093,0.047074094414711,-0.61998945,0.9276851415634156,0.1102887541055679,0.1139521747827529,0.974525272846222,-0.1266086548566818,0.1180560141801834,0.9848666191101074,0.0238073520561804,0.1932712850469395,0.0001508831977844,-7.018027482208478e-05,0.0,0.0,0.0,0.0,0.0,1,1.0
crossover_06_05_03.mp4,180,0.0378680080175399,0.1413140920577226,0.0543273985385894,0.0919985622167587,0.0037183761596679,0.8869521617889404,-0.0501737743616104,0.0082487761974334,0.9573877453804016,0.142800435423851,0.0302598774433136,-0.38141415,0.8557353615760803,-0.0154806524515151,0.0487381517887115,-0.5756352,0.9347101449966432,0.1093339771032333,0.1115299761295318,0.9760892987251282,-0.1264512687921524,0.1176336705684661,0.9861541986465454,0.0241133736394056,0.1568943325456601,-0.0036105881134669,-0.0372806555695003,0.0,0.0,0.0,0.0,0.0,1,1.0
crossover_06_05_03.mp4,181,0.0378348976373672,0.1058513950418542,0.072720272342364,0.0805556774139404,0.0056244283914566,0.8935738801956177,-0.0499353110790252,0.0110702663660049,0.9607778191566468,0.103026807308197,0.0521176606416702,-0.46543396,0.8653361797332764,-0.0156149864196777,0.0539896637201309,-0.5809062,0.9409193992614746,0.1105557680130004,0.1114979535341262,0.9771714210510254,-0.1261998116970062,0.1175818592309951,0.9871299862861632,0.0207953337254945,0.1229020647699528,0.0183928738037745,-0.0354626970158683,0.0,0.0,0.0,0.25,0.25,1,1.0
crossover_06_05_03.mp4,182,0.0374272912740707,0.1063923634864666,0.072741808493932,0.0776908695697784,0.0073336064815521,0.8991293907165527,-0.0493952929973602,0.0135745108127594,0.9634364247322084,0.098317950963974,0.0555939972400665,-0.5016792,0.8736432194709778,-0.0151428282260894,0.056274265050888,-0.5748935,0.9463289380073548,0.1121630370616912,0.111542135477066,0.9776231050491332,-0.1257584989070892,0.1176479756832122,0.987892746925354,0.0189537217554121,0.1226457614907922,2.1536151568080086e-05,0.0005409684446123,0.0,0.0,0.0,0.75,0.75,1,1.0
crossover_06_05_03.mp4,183,0.0379345566034317,-0.0133828078155164,0.1284324496984481,0.0578800290822982,0.0090070217847824,0.9087277054786682,-0.0477271825075149,0.0134720057249069,0.966161608695984,0.0357822626829147,0.0562378019094467,-0.49187496,0.8856863379478455,-0.0301475971937179,0.05882029235363,-0.5358662,0.9509150981903076,0.1135403364896774,0.1117415875196456,0.9796074032783508,-0.1240894943475723,0.1177282780408859,0.98897522687912,0.0873457001030599,0.0716024483736077,0.055690641204516,-0.1197751713019831,0.0,0.0,0.0,1.0,1.0,0,1.0
crossover_06_05_03.mp4,184,0.0373057574033737,-0.0562173302526827,0.1048712482055028,0.0476017296314239,0.0111153274774551,0.9163002967834472,-0.0501055121421813,0.0136088877916336,0.9675624370574952,0.0171928703784942,0.0549945384263992,-0.48841682,0.894469678401947,-0.052810251712799,0.0590149909257888,-0.53267443,0.9521498680114746,0.1131740510463714,0.1121228486299514,0.9810755848884584,-0.1227321624755859,0.1186493784189224,0.9896702170372008,0.0887510210369356,0.0459826545110246,-0.0235612014929452,-0.0428345224371662,0.0,0.0,0.0,0.75,0.75,0,1.0
crossover_06_05_03.mp4,185,0.0375835448503494,-0.0554878343034673,0.1046879221995671,0.0486694276332855,0.0113420933485031,0.9236278533935548,-0.0501950681209564,0.0128481835126876,0.9689965844154358,0.0184170305728912,0.0537873953580856,-0.45495132,0.9033565521240234,-0.0540435910224914,0.0578883737325668,-0.4925486,0.9530822038650512,0.1139090955257415,0.1148996204137802,0.9826357960700988,-0.1220706701278686,0.1184329837560653,0.990385890007019,0.0897373539008879,0.0468218279797975,-0.0001833260059357,0.0007294959492153,0.0,0.0,0.0,0.25,0.25,0,1.0
crossover_06_05_03.mp4,186,0.0438230633735656,-0.1118645510187855,0.0574840654929479,0.0538637787103652,0.0071733742952346,0.9294584393501282,-0.0671391040086746,-0.0019674748182296,0.9558677077293396,0.0038859397172927,0.0430988818407058,-0.5079357,0.9097028970718384,-0.0997444540262222,0.034744992852211,-0.4671404,0.9151641726493835,0.1182921677827835,0.111323669552803,0.982279896736145,-0.117663100361824,0.1151655465364456,0.9884278774261476,0.1166409431304106,0.0257674635086547,-0.0472038567066191,-0.0563767167153181,0.0,0.0,0.0,0.0,0.0,1,1.0
crossover_06_05_03.mp4,187,0.0455282777547836,-0.119947158076145,0.0391636898120244,0.055991843342781,0.0059169381856918,0.9329602122306824,-0.0746897310018539,-0.0098103433847427,0.9110277891159058,0.0023226886987686,0.0354137867689132,-0.52474546,0.9106336832046508,-0.10988350212574,0.0174018591642379,-0.44284225,0.8351788520812988,0.1189197450876236,0.1112727969884872,0.9736557602882384,-0.1165320426225662,0.1146619766950607,0.982571303844452,0.1223273362874937,0.0239761223768786,-0.0183203756809234,-0.0080826070573594,0.0,0.0,0.0,0.0,0.0,1,1.0
crossover_06_05_03.mp4,188,0.0454413741827011,-0.1203706576868339,0.0393547723690669,0.0556511729955673,0.0055719763040542,0.9351672530174256,-0.0764505118131637,-0.010322943329811,0.8633963465690613,0.0018672794103622,0.033509150147438,-0.51744086,0.9111469984054564,-0.1108163446187973,0.0164590626955032,-0.35852998,0.7634773850440979,0.1181677430868148,0.1119823604822158,0.96863454580307,-0.1171500533819198,0.1148591190576553,0.9778963327407836,0.1223776309826926,0.024809240610268,0.0001910825570424,-0.0004234996106889,0.0,0.0,0.0,0.0,0.0,1,1.0
crossover_06_05_03.mp4,189,0.0472524017095565,-0.1111249004249219,0.0143067429463068,0.0563269704580307,0.001312181353569,0.938502848148346,-0.0783083885908126,-0.0149253755807876,0.8146423697471619,0.0062117427587509,0.0287592560052871,-0.50712377,0.9133757948875428,-0.090350791811943,0.0062399059534072,-0.39491478,0.6958999037742615,0.1191358417272567,0.1110967546701431,0.9595766663551332,-0.1148914247751236,0.1142384558916091,0.9711027145385742,0.1182233604975453,0.0222853639802866,-0.02504802942276,0.009245757261912,0.0,0.0,0.0,0.0,0.0,1,1.0
crossover_06_05_03.mp4,190,0.0472858250141143,-0.1024973971976174,0.0124745210011799,0.0563457161188125,0.0002733469009399,0.9405381083488464,-0.0824901908636093,-0.0146690607070922,0.7880294322967529,0.008026972413063,0.0288752913475036,-0.56605434,0.9116179347038268,-0.0845397561788559,0.006305456161499,-0.5852251,0.6414392590522766,0.120534673333168,0.1122305989265441,0.9535274505615234,-0.113684669137001,0.1144256591796875,0.9633709788322448,0.1117346031710461,0.0189877389900665,-0.0018322219451268,0.0086275032273045,0.0,0.0,0.0,0.0,0.0,1,1.0
crossover_06_05_03.mp4,191,0.0476877242326736,-0.1025705557178567,0.0125230113665263,0.0556103438138961,-8.022785186767578e-05,0.9437859058380128,-0.0849841982126236,-0.0150325000286102,0.7890494465827942,0.0088634938001632,0.029007613658905,-0.5446676,0.9141737222671508,-0.0782618671655654,0.0143060684204101,-0.5471012,0.6133180260658264,0.1196517795324325,0.1122553348541259,0.953323781490326,-0.1137336045503616,0.1144754886627197,0.963297724723816,0.1126467465341207,0.0243739949862492,4.849036534637641e-05,-7.31585202393692e-05,0.0,0.0,0.0,0.0,0.0,1,1.0
crossover_06_05_03.mp4,192,0.0473099201917648,-0.1030519511964586,0.0525008390347162,0.0577682256698608,-0.000452384352684,0.946681261062622,-0.0964192748069763,-0.0138626247644424,0.801905632019043,0.0130418539047241,0.0299462229013443,-0.5293291,0.919751763343811,-0.0911261141300201,0.0181087404489517,-0.4124347,0.6424415111541748,0.1218792796134948,0.1117134243249893,0.9483601450920104,-0.1115172207355499,0.1145379096269607,0.9521069526672364,0.1182644591235894,0.0364011268351432,0.0399778276681899,-0.0004813954786018,0.0,0.0,0.0,0.25,0.0,1,1.0
crossover_06_05_03.mp4,193,0.0470765382051467,-0.1122268993545461,0.0928732951482137,0.059869572520256,-0.0012932419776916,0.950158953666687,-0.0957028418779373,-0.006718635559082,0.8207268714904785,0.0172988027334213,0.0305663347244262,-0.5095544,0.9255393147468568,-0.1006469577550888,0.0356352925300598,-0.4440196,0.6771287322044373,0.1227454394102096,0.1117932200431823,0.9445709586143494,-0.1108982115983963,0.1145097613334655,0.9434370994567872,0.1437326157092826,0.0583976368628272,0.0403724561134974,-0.0091749481580875,0.0,0.0,0.0,0.75,0.0,0,1.0
crossover_06_05_03.mp4,194,0.046171635389328,-0.1113559519803082,0.093384156624476,0.0608232617378234,-0.0012214183807373,0.9522603154182434,-0.0946815907955169,-0.0028870105743408,0.8374025225639343,0.0184313654899597,0.0314259827136993,-0.50300384,0.9293763041496276,-0.1017161607742309,0.0401816070079803,-0.45728183,0.7080979943275452,0.1230679750442504,0.1122389733791351,0.939903438091278,-0.1108125448226928,0.1147518455982208,0.9334455728530884,0.1438178121460835,0.0540688159681017,0.0005108614762623,0.0008709473742379,0.0,0.0,0.0,1.0,0.0,0,1.0
crossover_06_05_03.mp4,195,0.0447075068950653,-0.133468809944612,0.0942660888036092,0.0609057694673538,-0.0018186271190643,0.9542515277862548,-0.0950363427400589,0.0018964409828186,0.8502574563026428,0.0197289139032363,0.0319816470146179,-0.48265755,0.9334692358970642,-0.1287281066179275,0.0459133386611938,-0.4939755,0.7314463257789612,0.1223170310258865,0.1134357452392578,0.9370891451835632,-0.1111756414175033,0.1140972375869751,0.9229112863540648,0.1653750110540521,0.0485845933848013,0.0008819321791331,-0.0221128579643037,0.0,0.0,0.0,0.75,0.0,0,1.0
crossover_06_05_03.mp4,196,0.0430224537849426,-0.1401887644220281,0.0695478657881418,0.0611785948276519,-0.001911848783493,0.9565187692642212,-0.0943289995193481,0.0038403868675231,0.8527005910873413,0.0271452367305755,0.0321802198886871,-0.5041014,0.9377988576889038,-0.1341369152069091,0.0428811609745025,-0.51383233,0.7363337278366089,0.1219349205493927,0.114314466714859,0.938410460948944,-0.1109233498573303,0.1159599125385284,0.9208741784095764,0.1714555595535082,0.0273447988571923,-0.0247182230154673,-0.0067199544774161,0.0,0.0,0.0,0.25,0.0,1,1.0
crossover_06_05_03.mp4,197,0.0422690510749816,-0.1404211826898433,0.0698746025562286,0.0614257007837295,-0.0019060373306274,0.9581559300422668,-0.0941911190748214,0.0044058859348297,0.8524506092071533,0.0304244309663772,0.0322267115116119,-0.5173514,0.9414353370666504,-0.1346245855093002,0.0416282713413238,-0.52184445,0.73807293176651,0.121737852692604,0.1146518886089325,0.939722776412964,-0.1104934364557266,0.116612821817398,0.919234573841095,0.1749445266525304,0.0288349747004499,0.0003267367680868,-0.0002324182678151,0.0,0.0,0.0,0.0,0.0,1,1.0
crossover_06_05_03.mp4,198,0.0415372848510742,-0.1243529095693871,0.0521088143189748,0.0620888620615005,-0.0010422468185424,0.9598578810691832,-0.0931765288114547,0.0034073889255523,0.8016393780708313,0.0394873768091201,0.0329127609729766,-0.55968314,0.9446802735328674,-0.1225790530443191,0.0288547575473785,-0.5558211,0.6772218346595764,0.121468499302864,0.1151423156261444,0.9377543330192566,-0.1103265136480331,0.1175546944141388,0.912785828113556,0.1649609890387836,0.0233216149378243,-0.0177657882372538,0.0160682731204562,0.0,0.0,0.0,0.0,0.0,1,1.0
crossover_06_05_03.mp4,199,0.0410664081573486,-0.1015144960747824,0.0612924744685491,0.0621394962072372,0.0006915181875228,0.96171897649765,-0.0854159146547317,0.0030477195978164,0.7634873986244202,0.0434949249029159,0.0353277772665023,-0.54958564,0.948355197906494,-0.1031580120325088,0.0339252799749374,-0.5149681,0.6220657825469971,0.1213660687208175,0.1149356216192245,0.93461275100708,-0.1103526800870895,0.1176529377698898,0.9035684466362,0.1473156396078886,0.0274165001259181,0.0091836601495742,0.0228384134946046,0.0,0.0,0.0,0.0,0.0,1,1.0
crossover_06_05_03.mp4,200,0.0412158071994781,-0.1015439707923818,0.0610884030659993,0.0622038692235946,0.0008809268474578,0.9632848501205444,-0.0814898461103439,0.0026784241199493,0.7279459238052368,0.0448853820562362,0.0362846255302429,-0.54668915,0.951332151889801,-0.0958543866872787,0.0358005166053772,-0.508455,0.5719348788261414,0.121307834982872,0.1149353384971618,0.9306463599205016,-0.1103954762220382,0.117745041847229,0.8918007016181946,0.1485152610195612,0.0259200418389778,-0.0002040714025497,-2.947471759939813e-05,0.0,0.0,0.0,0.25,0.25,1,1.0
crossover_06_05_03.mp4,201,0.0396651178598403,-0.0035544040026488,0.1108248800039291,0.0613453686237335,0.0067617744207382,0.9664562344551086,-0.0579050481319427,0.0098476856946945,0.7510648965835571,0.050002783536911,0.051851138472557,-0.48138344,0.955798864364624,-0.0390315651893615,0.0564369410276412,-0.48498124,0.6021333932876587,0.1211488544940948,0.1164702624082565,0.9347261786460876,-0.11033296585083,0.1194467395544052,0.9005040526390076,0.0796635081286071,0.0649359443756414,0.0497364769379297,0.097989566789733,0.0,0.0,0.0,0.75,0.75,0,1.0
crossover_06_05_03.mp4,202,0.0389593690633773,0.0485258666453538,0.1216064741214116,0.0602535754442215,0.0096386522054672,0.9686984419822692,-0.0485258251428604,0.013114795088768,0.7755774259567261,0.0637360960245132,0.0567359179258346,-0.43471903,0.9592702388763428,-0.0211754292249679,0.062295839190483,-0.47443163,0.6417112350463867,0.1194796115159988,0.1169569343328476,0.9368645548820496,-0.1115543395280838,0.1200132220983505,0.907654881477356,0.0666298742223798,0.0915206100390072,0.0107815941174825,0.0520802706480026,0.0,0.0,0.0,1.0,1.0,0,1.0
crossover_06_05_03.mp4,203,0.0384979397058486,0.0479019691546758,0.1217281480630239,0.059713527560234,0.0102346837520599,0.9700459837913512,-0.0478109568357467,0.0132937133312225,0.7975123524665833,0.0670437663793563,0.0558035671710968,-0.40601525,0.9616087079048156,-0.0205319374799728,0.0630383789539337,-0.46120396,0.6772481799125671,0.1189684122800827,0.1175304949283599,0.9389821887016296,-0.1123595088720321,0.1202302277088165,0.9145405292510986,0.0686473507629174,0.0901536941858631,0.0001216739416122,-0.000623897490678,0.0,0.0,0.0,0.75,0.75,0,1.0
crossover_06_05_03.mp4,204,0.0394870936870574,0.1173031433864876,0.0757430851459503,0.074607104063034,0.0045797526836395,0.9711283445358276,-0.0452529191970825,0.0131867825984954,0.8174560070037842,0.1080141961574554,0.054932564496994,-0.43888956,0.9612264633178712,0.0026696622371673,0.0571960508823394,-0.5533806,0.7093020677566528,0.1177186071872711,0.1153371632099151,0.9433623552322388,-0.1135798990726471,0.1207256615161895,0.9224379062652588,0.022789521941111,0.1161241899019627,-0.0459850629170736,0.0694011742318118,0.0,0.0,0.0,0.25,0.25,1,1.0
crossover_06_05_03.mp4,205,0.0385299623012542,0.1404439335619961,0.0560630331436793,0.0851008743047714,0.0009527653455734,0.9721646904945374,-0.0439393073320388,0.0139758437871932,0.8354802131652832,0.1392508596181869,0.033177301287651,-0.41199383,0.9629049897193908,0.0054676979780197,0.0557705610990524,-0.5500354,0.7382900714874268,0.1120127886533737,0.1168930977582931,0.9472475647926332,-0.1140188127756118,0.1222923249006271,0.9297763109207152,0.0229168092897205,0.1349765524538169,-0.0196800520022709,0.0231407901755085,0.0,0.0,0.0,0.0,0.0,1,1.0
crossover_06_05_03.mp4,206,0.0381930321455001,0.1403601095632271,0.0567504425843556,0.0868022292852401,0.0005732178688049,0.9719237089157104,-0.0440471321344375,0.0140959322452545,0.8516426086425781,0.1368777006864547,0.0307282507419586,-0.41084576,0.9624962210655212,0.0049646943807601,0.0541858375072479,-0.54478747,0.7643680572509766,0.1083258837461471,0.1176299154758453,0.9503292441368104,-0.1142846792936325,0.1230155527591705,0.936298668384552,0.0262541737609001,0.1354197018591981,0.0006874094406763,-8.382399876905033e-05,0.0,0.0,0.0,0.0,0.0,1,1.0
crossover_06_05_03.mp4,207,0.0381486862897872,0.1567994984211744,0.0210329045852025,0.0897019356489181,-0.0067134052515029,0.9696389436721802,-0.0443891733884811,0.0129722505807876,0.8662469387054443,0.1445879787206649,0.0045652240514755,-0.2873721,0.9626457691192628,0.0020251125097274,0.0494073778390884,-0.46981075,0.7878560423851013,0.1129814833402633,0.1168937236070633,0.9539644122123718,-0.1152796596288681,0.1222193986177444,0.9423156976699828,0.0205013588709827,0.1573538091903116,-0.0357175379991531,0.0164393888579473,0.0,0.0,0.0,0.0,0.0,1,1.0
crossover_06_05_03.mp4,208,0.0381261110305786,0.1482981695069207,0.0122449119885762,0.0902432203292846,-0.0078864991664886,0.9620769619941713,-0.046337753534317,0.012317955493927,0.8794537782669067,0.1330631971359253,-0.0017034411430358,-0.25820357,0.959101140499115,-0.0020294785499572,0.0476021766662597,-0.48196164,0.8089908957481384,0.1122975945472717,0.1162275075912475,0.9577188491821288,-0.1180958151817321,0.1218728423118591,0.9479243159294128,0.020655772515913,0.154429718434634,-0.0087879925966263,-0.0085013289142537,0.0,0.0,0.0,0.0,0.0,1,1.0
crossover_06_05_03.mp4,209,0.0387917309999465,0.1481019655863443,0.0120357672373453,0.0899118185043335,-0.0098061263561248,0.9376791715621948,-0.0456489026546478,0.0106039643287658,0.8912332057952881,0.1299726366996765,-0.0055828392505645,-0.3244006,0.9103041887283324,-0.0028779506683349,0.0459035038948059,-0.49565718,0.8279504179954529,0.1136961579322815,0.1156739592552185,0.9612199068069458,-0.1184494495391845,0.1215596795082092,0.9529873132705688,0.0252801871127725,0.1547318929586563,-0.0002091447512309,-0.0001962039205763,0.0,0.0,0.0,0.0,0.0,1,1.0
crossover_06_05_03.mp4,210,0.0388873219490051,0.1420052202763381,0.029093345006307,0.0947677344083786,-0.0096113979816436,0.9182973504066468,-0.04075388610363,0.0108634233474731,0.9019013047218324,0.1217834204435348,0.0058166086673736,-0.11752363,0.8866332769393921,0.0030118077993392,0.0474024415016174,-0.5423068,0.8449543714523315,0.1141119450330734,0.1155093312263488,0.963986039161682,-0.1199195832014083,0.1214480996131897,0.9574564099311828,0.0308338716847265,0.1401941215831666,0.0170575777689616,-0.0060967453100062,0.0,0.0,0.0,0.0,0.0,1,1.0
crossover_06_05_03.mp4,211,0.0390128493309021,0.1429524479088959,0.0572719593842824,0.097832977771759,-0.0080495774745941,0.9250933527946472,-0.040379524230957,0.0108408033847808,0.9116165637969972,0.1243403553962707,0.0205638706684112,-0.27982056,0.8971942067146301,0.0039440393447875,0.0498569905757904,-0.5759951,0.8603971600532532,0.1103157401084899,0.1104243695735931,0.966766893863678,-0.1219698190689086,0.1211802065372467,0.9615748524665833,0.0411569406646167,0.139206032247015,0.0281786143779754,0.0009472276325578,0.0,0.0,0.0,0.25,0.0,1,1.0
crossover_06_05_03.mp4,212,0.039053127169609,0.1426051447788874,0.0571747094392776,0.0985940247774124,-0.0074591189622879,0.9292054176330566,-0.0407495945692062,0.0106595903635025,0.920336127281189,0.124992087483406,0.0249667316675186,-0.31035048,0.9058140516281128,0.0029195100069046,0.0502455383539199,-0.6056241,0.8743051290512085,0.1106760650873184,0.1106647998094558,0.9688498377799988,-0.1222768574953079,0.1204385310411453,0.9651476144790648,0.0367093124348581,0.1398573915586227,-9.72499450048181e-05,-0.0003473031300085,0.0,0.0,0.0,0.75,0.0,0,1.0
crossover_06_05_03.mp4,213,0.0383496880531311,0.1502317693498399,0.1275019864241282,0.105926513671875,0.0037391185760498,0.9327437877655028,-0.0394025444984436,0.010078877210617,0.9277155995368958,0.1415891051292419,0.0508628189563751,-0.5152199,0.912386417388916,0.0027594566345214,0.0509362518787384,-0.6242849,0.8866678476333618,0.1084446907043457,0.102173775434494,0.9603103399276732,-0.1226381361484527,0.1195509135723114,0.965967893600464,0.0771249482008274,0.1661637587564742,0.0703272769848506,0.0076266245709525,0.0,0.0,0.0,1.0,0.0,0,1.0
crossover_06_05_03.mp4,214,0.0377500057220459,0.1546462518197519,0.0976212998231251,0.1069117784500122,0.0075203478336334,0.9372405409812928,-0.0412646234035491,0.00938680768013,0.9343327283859252,0.154819905757904,0.0557915270328521,-0.53856385,0.9191644191741944,5.841255187988281e-06,0.0505324304103851,-0.6198748,0.8977488279342651,0.1086176633834838,0.1062582433223724,0.9594200253486632,-0.1229608952999115,0.1191379725933075,0.9676952958106996,0.0418301332459759,0.1616509146344275,-0.029880686601003,0.0044144824699119,0.0,0.0,0.0,0.75,0.0,0,1.0
crossover_06_05_03.mp4,215,0.0381311774253845,0.1543930819741001,0.0972870002190272,0.1061958372592926,0.0075317472219467,0.941614270210266,-0.04242804646492,0.0078245848417282,0.9404395818710328,0.1551251113414764,0.0546858757734298,-0.5403983,0.925498068332672,-0.0016579926013946,0.050050064921379,-0.6363959,0.9078030586242676,0.1084699928760528,0.1084627360105514,0.9606431722640992,-0.1236121654510498,0.1187243908643722,0.9698001742362976,0.0426074133341133,0.1630437546564751,-0.0003342996040979,-0.0002531698456517,0.0,0.0,0.0,0.25,0.0,0,1.0
crossover_06_05_03.mp4,216,0.0391899794340133,0.1437345734349003,0.0648819466431935,0.1031131744384765,0.0052169263362884,0.941979706287384,-0.0431944727897644,0.0059963762760162,0.9458435773849488,0.1455031037330627,0.0499595701694488,-0.4669675,0.9291610717773438,-0.0023915767669677,0.0484082996845245,-0.61786306,0.9168304204940796,0.1092692613601684,0.1107701361179351,0.962546706199646,-0.1243811547756195,0.1173683702945709,0.9720988273620604,0.0150268100087706,0.1470518031747241,-0.0324050535758336,-0.0106585085391998,0.0,0.0,0.0,0.0,0.0,1,1.0
crossover_06_05_03.mp4,217,0.0409392863512039,0.1201050440470378,0.0664206196864446,0.0878313183784484,0.0033415406942367,0.929149329662323,-0.0440175235271453,0.0042654126882553,0.9500777721405028,0.1244141459465026,0.0422132462263107,-0.4526984,0.9177362322807312,-0.0080397129058837,0.0468948930501937,-0.6038908,0.9246628284454346,0.1086924076080322,0.109015867114067,0.9640904664993286,-0.1251534521579742,0.115669772028923,0.974233627319336,0.0245879094072344,0.1296238123771899,0.001538673043251,-0.0236295293878625,0.0,0.0,0.0,0.0,0.0,1,1.0
crossover_06_05_03.mp4,218,0.0415974259376525,0.1200007664936559,0.065840886036555,0.0836806148290634,0.0022242963314056,0.9169265627861024,-0.0446429699659347,0.0037067234516143,0.9541576504707336,0.118128165602684,0.03882297873497,-0.44619992,0.9060384035110474,-0.0105683952569961,0.0462828576564788,-0.596903,0.9318751096725464,0.1091019958257675,0.10899618268013,0.9651209115982056,-0.1252680271863937,0.1150826513767242,0.9759628772735596,0.0270827241808113,0.1320258401767768,-0.0005797336498896,-0.0001042775533818,0.0,0.0,0.0,0.25,0.25,1,1.0
crossover_06_05_03.mp4,219,0.0395663827657699,0.0322446028391519,0.1027894924084346,0.0638312697410583,0.0059309750795364,0.9141589403152466,-0.0417848825454711,0.0095625668764114,0.9553283452987672,0.0576406717300415,0.064955785870552,-0.5177917,0.8930842280387878,-0.0182986855506896,0.0570849925279617,-0.5643356,0.9369522929191588,0.1100514531135559,0.1136866956949234,0.965678334236145,-0.1247767210006713,0.1167472749948501,0.9757542014122008,0.0455669799910573,0.0681434172212022,0.0369486063718795,-0.087756163654504,0.0,0.0,0.0,0.75,0.75,0,1.0
crossover_06_05_03.mp4,220,0.0370784103870391,-0.029844730982074,0.1264705071846644,0.0526687055826187,0.0088985413312911,0.922263205051422,-0.0423314422369003,0.012553796172142,0.959269404411316,0.0275094658136367,0.0592331737279892,-0.4817524,0.9033885598182678,-0.0328742712736129,0.0611429065465927,-0.56321836,0.9428309202194214,0.1102764755487442,0.115950271487236,0.9688614010810852,-0.1246297508478164,0.1193578094244003,0.9780421853065492,0.088376257560757,0.0653978097454758,0.0236810147762298,-0.062089333821226,0.0,0.0,0.0,1.0,1.0,0,1.0
crossover_06_05_03.mp4,221,0.0368237197399139,-0.0296260274118847,0.1268243799606959,0.0489716082811355,0.009515032172203,0.9295341372489928,-0.0426633208990097,0.0130753964185714,0.9626582860946656,0.0259830504655838,0.0579261034727096,-0.4744433,0.9126099944114684,-0.0360576063394546,0.0615714043378829,-0.5568519,0.9479137063026428,0.1114207655191421,0.1173672527074813,0.9717933535575868,-0.1244114190340042,0.1197089999914169,0.9801250696182252,0.088540058986864,0.0655691698524007,0.0003538727760314,0.0002187035701892,0.0,0.0,0.0,0.75,0.75,0,1.0
crossover_06_05_03.mp4,222,0.0375764518976211,-0.0958732859955893,0.0870963583389917,0.0414891093969345,0.0098713487386703,0.9319025278091432,-0.0580512136220932,0.0078656524419784,0.9584863781929016,-0.0039385110139846,0.0567197054624557,-0.5335547,0.9128738045692444,-0.0827342420816421,0.057501420378685,-0.58646876,0.9216826558113098,0.1152115315198898,0.1173545569181442,0.9737043380737304,-0.1208246499300003,0.1198810786008834,0.9808632731437684,0.0968232611044466,0.0323804698521661,-0.0397280216217041,-0.0662472585837046,0.0,0.0,0.0,0.25,0.25,1,1.0
crossover_06_05_03.mp4,223,0.0399947017431259,-0.1130522390206654,0.0691647440195083,0.0450339615345001,0.0094680935144424,0.9369569420814514,-0.0716100633144378,0.0018924325704574,0.952936053276062,-0.0074199736118316,0.0482015162706375,-0.5367144,0.9191561341285706,-0.1094900071620941,0.043907418847084,-0.51758856,0.9105205535888672,0.11945840716362,0.1145054847002029,0.9750761985778807,-0.1164664626121521,0.119764044880867,0.98108172416687,0.1076923043353299,0.0255072924999851,-0.0179316143194834,-0.0171789530250761,0.0,0.0,0.0,0.0,0.0,1,1.0
crossover_06_05_03.mp4,224,0.0410273373126983,-0.1128510778700864,0.0687370270490645,0.0453873127698898,0.0088831037282943,0.9419118762016296,-0.0773806720972061,0.0003388673067092,0.9491611123085022,-0.006794586777687,0.0449157208204269,-0.53728414,0.9247378706932068,-0.1164927333593368,0.0421071499586105,-0.5004652,0.8932878971099854,0.1196056455373764,0.1146610826253891,0.976392924785614,-0.1162998229265213,0.119444653391838,0.9813644886016846,0.108698822133778,0.0268777232770016,-0.0004277169704437,0.000201161150579,0.0,0.0,0.0,0.0,0.0,1,1.0
crossover_06_05_03.mp4,225,0.0416457206010818,-0.1286608856033396,0.037110831340154,0.0458886176347732,0.0094022452831268,0.9444053769111632,-0.0802521258592605,-0.0089682042598724,0.9395157098770142,-0.0116116851568222,0.0376712977886199,-0.5183407,0.92862731218338,-0.1251080185174942,0.0156463086605072,-0.40214363,0.8883297443389893,0.1203372031450271,0.1158396303653717,0.9769114255905152,-0.1157007962465286,0.1201741397380828,0.9814376831054688,0.1170505422790038,0.0217565759804882,-0.0316261957089105,-0.0158098077332531,0.0,0.0,0.0,0.0,0.0,1,1.0
crossover_06_05_03.mp4,226,0.044996440410614,-0.1210413146902013,0.0232458670934041,0.0470919609069824,0.0057601332664489,0.9451733231544496,-0.0828818380832672,-0.0139233767986297,0.8810380697250366,-0.0085117816925048,0.0320870876312255,-0.52857226,0.927947461605072,-0.1192926168441772,0.0043471157550811,-0.2991508,0.8107477426528931,0.1210770010948181,0.1130409836769104,0.9687680602073668,-0.113987773656845,0.1169761419296264,0.976460337638855,0.1128763171674114,0.0189794822454263,-0.0138649642467498,0.0076195709131382,0.0,0.0,0.0,0.0,0.0,1,1.0
crossover_06_05_03.mp4,227,0.0459408015012741,-0.1209662281804614,0.0223227103551229,0.0461994856595993,0.0047387480735778,0.945860743522644,-0.0824561864137649,-0.0149938762187957,0.8428041934967041,-0.0079364329576492,0.0300455689430236,-0.49300745,0.9294642806053162,-0.1145765930414199,0.0026484727859497,-0.3210475,0.7581155896186829,0.1198161095380783,0.1115860939025878,0.9614681005477904,-0.1142417043447494,0.1161088943481445,0.970649480819702,0.1132933235141399,0.0206858178745327,-0.0009231567382812,7.508650973991893e-05,0.0,0.0,0.0,0.0,0.0,1,1.0
crossover_06_05_03.mp4,228,0.0480545312166214,-0.0988621909309316,0.0256854077180226,0.0476841181516647,0.0020269453525543,0.9478635787963868,-0.0901361554861068,-0.0163472294807434,0.8244677186012268,-0.0063551217317581,0.0288752615451812,-0.5683637,0.9301902651786804,-0.1029065698385238,0.0065756142139434,-0.57353246,0.7131271362304688,0.1231059283018112,0.1100654900074005,0.9507368206977844,-0.1110497564077377,0.1139949262142181,0.9548349976539612,0.0925620495627626,0.01953307985231,0.0033626973628997,0.0221040372495297,0.0,0.0,0.0,0.0,0.0,1,1.0
crossover_06_05_03.mp4,229,0.0493070185184478,-0.0958282123009363,0.0442133039236068,0.047774389386177,0.000431939959526,0.952229142189026,-0.096848651766777,-0.013256624341011,0.8386574983596802,-0.005195066332817,0.0286085456609725,-0.5103624,0.9364202618598938,-0.0956383198499679,0.0157694667577743,-0.50739074,0.7368881702423096,0.1256302148103714,0.1100873798131942,0.9460951089859008,-0.1095774322748184,0.1127758473157882,0.9450963139533995,0.0919667093491643,0.0284444710244246,0.0185278962055842,0.0030339786299953,0.0,0.0,0.0,0.25,0.0,1,1.0
crossover_06_05_03.mp4,230,0.0482491552829742,-0.0954868051740858,0.0446787625551223,0.0479410290718078,0.0008282214403152,0.9558643698692322,-0.0976829528808593,-0.0113519579172134,0.8528981804847717,-0.0035266876220703,0.0297151356935501,-0.55567276,0.9414270520210266,-0.0948424935340881,0.0169993788003921,-0.55550325,0.7607355117797852,0.1260138154029846,0.1107852607965469,0.9382773637771606,-0.1091620326042175,0.1135364919900894,0.9337629079818726,0.0931695945522619,0.0276868817769545,0.0004654586315154,0.0003414071268505,0.0,0.0,0.0,0.75,0.0,1,1.0
crossover_06_05_03.mp4,231,0.0468696653842926,-0.1042421893941031,0.1174466093381245,0.0492677837610244,0.0009863376617431,0.9574850797653198,-0.0958634465932846,-0.0014057457447052,0.8659729361534119,0.0014587193727493,0.0332700014114379,-0.5421257,0.9439355731010436,-0.1067133396863937,0.0438634157180786,-0.5196875,0.7828752994537354,0.1270895153284073,0.1112124323844909,0.9375296235084534,-0.104965254664421,0.1118474006652832,0.9250867366790771,0.1351235857879059,0.0736246763462649,0.0727678467830021,-0.0087553842200173,0.0,0.0,0.0,1.0,0.0,0,1.0
crossover_06_05_03.mp4,232,0.0456169545650482,-0.1105015208323796,0.1036120235919952,0.0514300018548965,0.0006395876407623,0.958124816417694,-0.0936151593923568,0.0022896230220794,0.8765345811843872,0.0056997090578079,0.0347199141979217,-0.53495306,0.945131540298462,-0.1136157363653183,0.0483317673206329,-0.5130178,0.8008496165275574,0.1266138702630996,0.1118499338626861,0.9331746697425842,-0.1017764061689376,0.1123868525028228,0.9112927317619324,0.1350882991408109,0.0553679065146325,-0.0138345857461292,-0.0062593314382765,0.0,0.0,0.0,0.75,0.0,0,1.0
crossover_06_05_03.mp4,233,0.0441868156194686,-0.1100351673585397,0.104850008090337,0.0524891018867492,0.0009590685367584,0.9584255814552308,-0.0935762524604797,0.0047310292720794,0.8847633004188538,0.0080165266990661,0.0363886058330535,-0.539542,0.9452321529388428,-0.1146408319473266,0.0492976009845733,-0.52759176,0.8148782849311829,0.1268659234046936,0.1133528053760528,0.9321364164352416,-0.1014959514141082,0.1124103963375091,0.902052104473114,0.1364667214704895,0.0557430002919551,0.0012379844983417,0.0004663534738399,0.0,0.0,0.0,0.25,0.0,0,1.0
crossover_06_05_03.mp4,234,0.0418644398450851,-0.1135963321835906,0.0652058750391006,0.0575725585222244,0.0005068928003311,0.960230827331543,-0.0897845774888992,0.0048815160989761,0.881533682346344,0.0242363959550857,0.0372430831193923,-0.53394556,0.94875568151474,-0.1116978675127029,0.0453187376260757,-0.51729816,0.81818687915802,0.1278950721025467,0.1152894645929336,0.9339380860328674,-0.1021341830492019,0.1162266284227371,0.9015437364578248,0.1406406011011585,0.0199775474618669,-0.0396441330512363,-0.0035611648250509,0.0,0.0,0.0,0.0,0.0,1,1.0
crossover_06_05_03.mp4,235,0.0409735441207885,-0.1038844827148649,0.0564874370892842,0.059642419219017,0.0005077421665191,0.9608937501907348,-0.0866190046072006,0.0033646821975708,0.8311432600021362,0.0344436019659042,0.0374490618705749,-0.5087638,0.9509351849555968,-0.1091723889112472,0.0354657769203186,-0.44756973,0.7566759586334229,0.127260074019432,0.1152532696723938,0.9324976205825806,-0.1034697443246841,0.1180511116981506,0.8974876403808594,0.1396320834995253,0.0216765345062631,-0.0087184379498164,0.0097118494687257,0.0,0.0,0.0,0.0,0.0,1,1.0
crossover_06_05_03.mp4,236,0.0405095964670181,-0.1041169629052833,0.0569336652755737,0.061054989695549,0.0002556443214416,0.9618406891822816,-0.0835971683263778,0.002160370349884,0.7901504039764404,0.0368319004774093,0.0374194383621215,-0.4928406,0.9534091353416444,-0.1078042834997177,0.0316651463508605,-0.43495023,0.707015872001648,0.1273409575223922,0.1157967448234558,0.9337068796157836,-0.1043417304754257,0.1188175082206726,0.8970451354980469,0.1422933137603544,0.0255361387412961,0.0004462281862894,-0.0002324801904183,0.0,0.0,0.0,0.0,0.0,1,1.0
crossover_06_05_03.mp4,237,0.0379935503005981,-0.0592842644011533,0.0727776070435841,0.0610637515783309,0.0050413012504577,0.9641892910003662,-0.060230329632759,0.0046921372413635,0.7702426314353943,0.0425010174512863,0.0469770729541778,-0.49827608,0.9569008350372314,-0.0604272335767746,0.0382327139377594,-0.4483332,0.663883626461029,0.1268844455480575,0.1180603802204132,0.9374545812606812,-0.1049623042345047,0.1213226616382598,0.9038967490196228,0.1050043387726392,0.034563796351519,0.0158439417680104,0.04483269850413,0.0,0.0,0.0,0.0,0.0,1,1.0
crossover_06_05_03.mp4,238,0.0382079482078552,-0.0090951806969112,0.0982550064722697,0.0603780448436737,0.0057561695575714,0.967053472995758,-0.0498202741146087,0.0106425285339355,0.792131245136261,0.0478453934192657,0.0507091879844665,-0.4497654,0.9607411026954652,-0.0274898707866668,0.0549595952033996,-0.46304426,0.6963082551956177,0.1265846192836761,0.1176492571830749,0.9415599703788756,-0.1059984862804412,0.1214889287948608,0.9121389389038086,0.074181088131376,0.0470410167878921,0.0254773994286855,0.050189083704242,0.0,0.0,0.0,0.25,0.25,0,1.0
crossover_06_05_03.mp4,239,0.038399264216423,-0.0095550811953014,0.0980933080116908,0.0600272566080093,0.0061287730932235,0.9698172211647034,-0.0483209639787673,0.0118997544050216,0.8120658993721008,0.049172356724739,0.0510158985853195,-0.44354922,0.964326560497284,-0.025522843003273,0.0565627068281173,-0.46589303,0.7257611751556396,0.1261800676584243,0.1171206086874008,0.9457571506500244,-0.1068691164255142,0.1215053647756576,0.91989004611969,0.0752674859614057,0.044494496871244,-0.0001616984605788,-0.0004599004983901,0.0,0.0,0.0,0.75,0.75,0,1.0
crossover_06_05_03.mp4,240,0.0384179651737213,0.0777709822963785,0.1097561587889989,0.063731625676155,0.006313070654869,0.970000982284546,-0.0342333763837814,0.0142347365617752,0.8298279643058777,0.080088272690773,0.0539395958185195,-0.4670587,0.9607227444648744,-0.0021885484457015,0.0616586953401565,-0.5619576,0.7523566484451294,0.1234020143747329,0.1173997074365615,0.9493988156318665,-0.1096627563238143,0.1213838011026382,0.9260220527648926,0.055864644781914,0.0933107311444208,0.0116628507773081,0.08732606349168,0.0,0.0,0.0,1.0,1.0,0,1.0
crossover_06_05_03.mp4,241,0.0383378714323043,0.1114541627742625,0.0879190484682719,0.0768080353736877,0.0062533915042877,0.9719039797782898,-0.0331781804561615,0.0138530731201171,0.8461798429489136,0.1019566059112548,0.0536956787109375,-0.45298067,0.9624292850494384,0.0112091898918151,0.0588757395744323,-0.57575136,0.7766575217247009,0.1220080852508544,0.1182760000228881,0.952165961265564,-0.1112694144248962,0.1216200590133667,0.9321125149726868,0.0355167935477471,0.1043674680142504,-0.0218371103207269,0.0336831804778839,0.0,0.0,0.0,0.75,0.75,1,1.0
crossover_06_05_03.mp4,242,0.0381666719913482,0.1108635265518117,0.0878825773795445,0.0796505361795425,0.0059031993150711,0.9740816950798036,-0.0317333489656448,0.0143341571092605,0.8609490990638733,0.1040222197771072,0.0541641265153884,-0.43789563,0.9650402069091796,0.0125432163476943,0.0588243156671524,-0.55457884,0.798593282699585,0.121547594666481,0.1184702068567276,0.9547024369239808,-0.1120369881391525,0.1220905929803848,0.9377907514572144,0.0344054851304864,0.1025244652382041,-3.647108872739668e-05,-0.0005906362224508,0.0,0.0,0.0,0.25,0.25,1,1.0
crossover_06_05_03.mp4,243,0.037660926580429,0.1555844227472941,0.0514758944511413,0.0954668521881103,0.0006856620311737,0.9748351573944092,-0.0345161855220794,0.0135434865951538,0.8744378089904785,0.1441733837127685,0.029814064502716,-0.36360833,0.9671951532363892,0.0155920386314392,0.0509123802185058,-0.545424,0.818606972694397,0.1206425428390502,0.114974558353424,0.9579272866249084,-0.1122446656227111,0.1220846772193908,0.9436120390892028,0.0244836004003079,0.1399935182739952,-0.0364066829284032,0.0447208961954823,0.0,0.0,0.0,0.0,0.0,1,1.0
crossover_06_05_03.mp4,244,0.0375420600175857,0.1619561512161184,0.0329630186160405,0.0961076766252517,-0.004224881529808,0.9724795818328856,-0.0367866307497024,0.0127026885747909,0.8866157531738281,0.1498165875673294,0.0129803270101547,-0.30056247,0.9668148159980774,0.0112168341875076,0.0460442751646041,-0.49532324,0.8366261124610901,0.1188312321901321,0.1151152104139328,0.9614105820655824,-0.1141348034143447,0.1218006461858749,0.9490755200386048,0.0233811242116143,0.1513058524021505,-0.0185128758351007,0.0063717284688242,0.0,0.0,0.0,0.0,0.0,1,1.0
crossover_06_05_03.mp4,245,0.0378587543964386,0.1607719048305794,0.0329885979493459,0.0960496962070465,-0.0049070715904235,0.966848850250244,-0.0384037196636199,0.0125388801097869,0.8976863026618958,0.1490472853183746,0.0116656720638275,-0.30096993,0.9611976146697998,0.0080727636814117,0.0443378984928131,-0.49830458,0.8528612852096558,0.117584079504013,0.1143118441104888,0.9644634127616882,-0.1155202090740203,0.1216984689235687,0.9540168046951294,0.0243338009983086,0.1531203263140442,2.557933330538109e-05,-0.0011842463855389,0.0,0.0,0.0,0.0,0.0,1,1.0
crossover_06_05_03.mp4,246,0.0381990075111389,0.1503919645592019,0.0074224233627319,0.0911526083946228,-0.012747436761856,0.9280617833137512,-0.0403927564620971,0.0119237899780273,0.907410442829132,0.1299299001693725,-0.0057297050952911,-0.09516991,0.9219969511032104,0.0040143728256225,0.0441560745239257,-0.4884166,0.8671751022338867,0.112578809261322,0.1139938235282898,0.9658326506614684,-0.1203166544437408,0.1209011673927307,0.9582245349884032,0.0243243614935698,0.1509164023204725,-0.025566174586614,-0.0103799402713775,0.0,0.0,0.0,0.0,0.0,1,1.0
crossover_06_05_03.mp4,247,0.0382279157638549,0.1449775850331341,0.0106484025716782,0.0958212614059448,-0.0101124197244644,0.8918193578720093,-0.040550023317337,0.0111344307661056,0.9162874817848206,0.1268470287322998,-0.004865363240242,-0.27148405,0.8709691762924194,0.0043186545372009,0.0442458838224411,-0.6016817,0.8801455497741699,0.1093485951423645,0.1144385188817977,0.9681382775306702,-0.1240013539791107,0.1208637803792953,0.9621939063072203,0.0238619781544789,0.1446157857035501,0.0032259792089462,-0.0054143795260677,0.0,0.0,0.0,0.0,0.0,1,1.0
crossover_06_05_03.mp4,248,0.0388436615467071,0.1442400718176806,0.0106415460507075,0.0967569053173065,-0.0093163102865219,0.8672543168067932,-0.0404746234416961,0.0094715505838394,0.924411952495575,0.1320177614688873,-0.0013916343450546,-0.41233152,0.8332074880599976,0.0053641498088836,0.0449400693178176,-0.58321756,0.8919927477836609,0.1090354621410369,0.1145485192537307,0.9701758623123168,-0.1247758567333221,0.1206236630678176,0.9656896591186525,0.0171517433720066,0.1430486295358957,-6.856520970655033e-06,-0.0007375132154535,0.0,0.0,0.0,0.0,0.0,1,1.0
crossover_06_05_03.mp4,249,0.0388405472040176,0.1534165150589412,0.0607030232747395,0.1031499803066253,-0.0086297094821929,0.8789081573486328,-0.0354955494403839,0.0094039440155029,0.9318054914474488,0.1349798142910003,0.0223004817962646,-0.35676128,0.8492502570152283,0.0105269849300384,0.0503084063529968,-0.5832696,0.9027129411697388,0.1093639433383941,0.1117762923240661,0.9720680117607116,-0.1245894432067871,0.1202216744422912,0.968902587890625,0.0425989099298629,0.1432671137470438,0.0500614772240319,0.0091764432412606,0.0,0.0,0.0,0.25,0.0,0,1.0
crossover_06_05_03.mp4,250,0.0390261113643646,0.1626410918103323,0.1035899460315704,0.1079436391592025,-0.0026860237121582,0.8898928165435791,-0.0294265896081924,0.0106537640094757,0.9384709596633912,0.1425072401762008,0.0412472784519195,-0.46618408,0.8635594844818115,0.0136530250310897,0.054890900850296,-0.669454,0.9123839139938354,0.1101743429899215,0.1126425564289093,0.9734662771224976,-0.1242077201604843,0.1197618544101715,0.9715505242347716,0.0655132061692303,0.1567451467962688,0.0428869227568309,0.0092245767513911,0.0,0.0,0.0,0.75,0.0,0,1.0
crossover_06_05_03.mp4,251,0.0388440489768981,0.1620385312371783,0.1034843156735102,0.1078224629163742,0.0002272576093673,0.8985629677772522,-0.0298778265714645,0.0104498416185379,0.9442816376686096,0.1436635106801986,0.0446797758340835,-0.46462426,0.8755192160606384,0.0115817636251449,0.0551351457834243,-0.6744422,0.921010971069336,0.1095976084470748,0.113454595208168,0.973914921283722,-0.124840959906578,0.1196009069681167,0.9736137986183168,0.0616085650392552,0.1580344302654387,-0.0001056303580602,-0.0006025605731539,0.0,0.0,0.0,1.0,0.0,0,1.0
crossover_06_05_03.mp4,252,0.0384927093982696,0.1656361114095759,0.0906431277592977,0.107827752828598,0.0037597715854644,0.9045272469520568,-0.032832533121109,0.0086106657981872,0.9493516087532043,0.1487934291362762,0.0461658835411071,-0.50334,0.884425938129425,0.0066122114658355,0.0536029338836669,-0.6874786,0.92874675989151,0.1096047461032867,0.1130267977714538,0.9720996022224426,-0.1247773468494415,0.1190889477729797,0.974413812160492,0.0475594491074474,0.1632806685301755,-0.0128411879142125,0.0035975801723975,0.0,0.0,0.0,0.75,0.0,0,1.0
crossover_06_05_03.mp4,253,0.0383671522140502,0.1665026145952719,0.0646319637695947,0.1040736734867096,0.0041594058275222,0.9082475304603576,-0.0345507562160491,0.0075777024030685,0.9540616273880004,0.1482578814029693,0.0399465411901474,-0.45312577,0.8916047811508179,0.0057527720928192,0.0525110810995101,-0.66571814,0.9357567429542542,0.1097075045108795,0.1127707213163375,0.973052740097046,-0.1246880292892456,0.1186401098966598,0.9763216376304626,0.0306959342125988,0.1612061650845442,-0.0260111639897029,0.000866503185696,0.0,0.0,0.0,0.25,0.0,1,1.0
crossover_06_05_03.mp4,254,0.0383844673633575,0.1665313471246648,0.0643935789664585,0.1032430827617645,0.0049321502447128,0.9114336967468262,-0.035166323184967,0.0071489363908767,0.958215355873108,0.1499791443347931,0.0383277088403701,-0.4500183,0.8976955413818359,0.0052411258220672,0.0518576055765152,-0.6663508,0.9420314431190492,0.1098017990589141,0.1125742346048355,0.9731742739677428,-0.1245018541812896,0.1183095127344131,0.9777409434318542,0.0308772570450671,0.1617766550422967,-0.0002383848031362,2.873252939294968e-05,0.0,0.0,0.0,0.0,0.0,1,1.0
crossover_06_05_03.mp4,255,0.0394567996263504,0.1417204833692974,0.0475554207960764,0.0925167948007583,0.0045406520366668,0.9003763198852539,-0.0426895469427108,0.0038205981254577,0.9613543748855592,0.1434211879968643,0.032018631696701,-0.45951465,0.8889743089675903,-0.0137004107236862,0.0493700802326202,-0.6627668,0.9474417567253112,0.1098087579011917,0.1111950576305389,0.9743361473083496,-0.1244822591543197,0.1171440184116363,0.9793666005134584,0.0156295941005739,0.1554314875098771,-0.0168381581703821,-0.0248108637553674,0.0,0.0,0.0,0.0,0.0,1,1.0
crossover_06_05_03.mp4,256,0.0395895689725875,0.1127960137746951,0.0575646350781122,0.0811180621385574,0.0066092163324356,0.8914464712142944,-0.0468843430280685,0.0038491636514663,0.9630103707313538,0.1069705635309219,0.0566088110208511,-0.47098473,0.8793455958366394,-0.0194679945707321,0.0498710423707962,-0.57074755,0.951701045036316,0.1086409837007522,0.1108246594667434,0.9747352004051208,-0.1251783519983291,0.1169787794351577,0.980620801448822,0.0059033439821102,0.1324875815778419,0.0100092142820358,-0.0289244695946022,0.0,0.0,0.0,0.25,0.25,1,1.0
crossover_06_05_03.mp4,257,0.0397276878356933,0.1125433366607736,0.0573299994071324,0.077885553240776,0.0057006627321243,0.8721089959144592,-0.0486502796411514,0.0036547929048538,0.9642696976661682,0.0932693928480148,0.0553710609674453,-0.46343237,0.8550980687141418,-0.0213564187288284,0.0495944172143936,-0.5159098,0.9555453658103944,0.1083712428808212,0.1105870753526687,0.9750336408615112,-0.125504270195961,0.1167615205049514,0.9815622568130492,0.019373237982017,0.1341230171344795,-0.0002346356709798,-0.0002526771139215,0.0,0.0,0.0,0.75,0.75,1,1.0
crossover_06_05_03.mp4,258,0.0374012440443038,-0.0048850914946309,0.1130809704462687,0.0614069551229476,0.0084226131439208,0.8749092817306519,-0.0459182411432266,0.0113522410392761,0.9642380475997924,0.0409673899412155,0.0576028823852539,-0.5150828,0.8514884114265442,-0.0357436686754226,0.0577380061149597,-0.5566017,0.9568357467651368,0.1113002747297287,0.1128239631652832,0.9762937426567078,-0.1226128190755844,0.118902564048767,0.9826826453208924,0.0719740808119864,0.0633647811216879,0.0557509710391362,-0.1174284281554045,0.0,0.0,0.0,1.0,1.0,0,1.0
crossover_06_05_03.mp4,259,0.0359895825386047,-0.0657655127622462,0.1227150787909825,0.052337571978569,0.012842908501625,0.8868588209152222,-0.0487580746412277,0.0136788040399551,0.9664358496665956,0.022718533873558,0.0613969713449478,-0.50204057,0.865846574306488,-0.0525487214326858,0.0595855861902236,-0.54965055,0.959781050682068,0.1124559491872787,0.1143551617860794,0.9781184792518616,-0.121600404381752,0.1203453689813613,0.984011173248291,0.1076537821435487,0.0644981891922432,0.0096341083447137,-0.0608804212676153,0.0,0.0,0.0,0.75,0.75,0,1.0
crossover_06_05_03.mp4,260,0.0347930938005447,-0.0657352713523087,0.1240575383106867,0.0501300245523452,0.0157090574502944,0.8976849317550659,-0.0499813109636306,0.0155610591173172,0.9677155017852784,0.0224604755640029,0.0635928660631179,-0.49738458,0.8787020444869995,-0.0536829978227615,0.0612496882677078,-0.5623031,0.9608020782470704,0.1126620918512344,0.1166438609361648,0.9799603819847108,-0.1215842515230178,0.1212950497865676,0.9853546619415284,0.106932064247035,0.0639537592659912,0.0013424595197042,3.0241409937514785e-05,0.0,0.0,0.0,0.25,0.25,0,1.0
crossover_06_05_03.mp4,261,0.0354212522506713,-0.1332166987436789,0.0798697382211685,0.042970210313797,0.0150113850831985,0.9065110087394714,-0.0684296786785125,0.0095503479242324,0.9641848802566528,-0.0090387761592864,0.0603537112474441,-0.4865816,0.889039933681488,-0.1059402227401733,0.0525061041116714,-0.47250566,0.9512619972229004,0.1150572597980499,0.1173499375581741,0.981395661830902,-0.119706392288208,0.1208937317132949,0.986358880996704,0.1257021549784032,0.0386364415396688,-0.0441878000895182,-0.0674814273913701,0.0,0.0,0.0,0.0,0.0,1,1.0
crossover_06_05_03.mp4,262,0.0371846854686737,-0.1546444937034889,0.0619175235430399,0.0474005937576293,0.0143950581550598,0.915088713169098,-0.0807183384895324,0.0021084547042846,0.962532103061676,-0.0092644095420837,0.0515043139457702,-0.46034607,0.8995973467826843,-0.1369396448135376,0.0350358486175537,-0.42698288,0.9507659673690796,0.1187139153480529,0.1172395944595336,0.9826253652572632,-0.1159886419773101,0.1213364005088806,0.9873404502868652,0.1457525430477764,0.0321882916759421,-0.0179522146781285,-0.02142779495981,0.0,0.0,0.0,0.0,0.0,1,1.0
crossover_06_05_03.mp4,263,0.0386148393154144,-0.1536388786854567,0.0613662391901016,0.0486835986375808,0.0133584290742874,0.9228082895278932,-0.0822056978940963,0.0001528114080429,0.9607475996017456,-0.0079056471586227,0.0476278215646743,-0.46064785,0.9089263677597046,-0.1372294276952743,0.0320039540529251,-0.4251455,0.9496973752975464,0.119693174958229,0.1168049722909927,0.9835272431373596,-0.1149303168058395,0.1208796650171279,0.9879792332649232,0.1463793663400154,0.0336364961058082,-0.0005512843529382,0.0010056150180322,0.0,0.0,0.0,0.0,0.0,1,1.0
crossover_06_05_03.mp4,264,0.0396486669778823,-0.1603362400222707,0.03601502875487,0.0527952760457992,0.0128430873155593,0.9272777438163756,-0.0913455635309219,-0.0058489590883255,0.9256755113601683,-0.0046670585870742,0.0415563136339187,-0.5982373,0.911061942577362,-0.1452168971300125,0.0117242485284805,-0.4787921,0.891095757484436,0.1218080967664718,0.1172539144754409,0.9830801486968994,-0.1131482273340225,0.1213876754045486,0.9862276911735536,0.1557677755083345,0.028611825064131,-0.0253512104352315,-0.006697361336814,0.0,0.0,0.0,0.0,0.0,1,1.0
crossover_06_05_03.mp4,265,0.0411356836557388,-0.1528866325263623,0.0274838616450627,0.0568058937788009,0.009378358721733,0.9309843182563782,-0.0928563028573989,-0.0090453475713729,0.86760014295578,0.0012339204549789,0.0381151288747787,-0.5592253,0.9112069010734558,-0.1306250542402267,0.0046428591012954,-0.42025232,0.8166643381118774,0.1251670569181442,0.1159845441579818,0.9816180467605592,-0.1095222383737564,0.1202065795660018,0.9837994575500488,0.1544867913259384,0.0318949724093646,-0.0085311671098072,0.0074496074959083,0.0,0.0,0.0,0.0,0.0,1,1.0
crossover_06_05_03.mp4,266,0.0433413237333297,-0.1532958037323422,0.025426814953486,0.0562498867511749,0.0069437325000762,0.9270856380462646,-0.0954268276691436,-0.0106851160526275,0.8073446154594421,0.0011299550533294,0.0353196561336517,-0.5932851,0.8938407897949219,-0.1353251338005066,0.0045503079891204,-0.44442064,0.7427005171775818,0.1240858137607574,0.1136684715747833,0.9692505598068236,-0.1098415255546569,0.1177826821804046,0.9689751863479614,0.1547423125171212,0.0275458439847499,-0.0020570466915766,-0.0004091712059798,0.0,0.0,0.0,0.0,0.0,1,1.0
crossover_06_05_03.mp4,267,0.0459241569042205,-0.1425310515695148,0.026277557015419,0.0566157847642898,0.0030820220708847,0.9323008060455322,-0.0964452475309372,-0.0141914039850234,0.80306077003479,0.0047464519739151,0.03401680290699,-0.63406295,0.8989507555961609,-0.1208000928163528,0.0083693414926528,-0.6679852,0.7171891927719116,0.126022532582283,0.1118831783533096,0.9619061350822448,-0.1080512553453445,0.1157694607973098,0.9588485956192015,0.1474807071347137,0.0281591681613904,0.0008507420619329,0.0107647521628274,0.0,0.0,0.0,0.0,0.0,1,1.0
crossover_06_05_03.mp4,268,0.0462566465139389,-0.1412349439329571,0.046647356947263,0.0586119145154953,-7.565319538116455e-05,0.9376161694526672,-0.103114441037178,-0.0150467008352279,0.8203683495521545,0.0103893131017684,0.0332213789224624,-0.5151563,0.9073489904403688,-0.1151933819055557,0.0205502063035964,-0.47975305,0.7434844970703125,0.1282943338155746,0.1106720715761184,0.9621978402137756,-0.1054955571889877,0.1143717318773269,0.9566839933395386,0.15221751609869,0.0368676582460185,0.020369799931844,0.0012961076365576,0.0,0.0,0.0,0.25,0.0,1,1.0
crossover_06_05_03.mp4,269,0.0454936027526855,-0.141220400178874,0.0466491679350534,0.0583792477846145,-0.0008597671985626,0.9411541223526,-0.1037732809782028,-0.0125598311424255,0.8346354365348816,0.0098511129617691,0.033718317747116,-0.51183146,0.9135277271270752,-0.1143233329057693,0.0250619947910308,-0.49014837,0.7659581303596497,0.1283012777566909,0.1109665930271148,0.9625349044799804,-0.1056695133447647,0.1143743693828582,0.9538622498512268,0.1516239063247823,0.034488523775945,1.8109877903960123e-06,1.4543754083107265e-05,0.0,0.0,0.0,0.75,0.0,1,1.0
crossover_06_05_03.mp4,270,0.0442242324352264,-0.1494339260790083,0.1271236995855967,0.0610553324222564,-0.0016002058982849,0.943473756313324,-0.1081542670726776,-0.0028418004512786,0.8495416641235352,0.01575568318367,0.0343569815158844,-0.5294463,0.9175025820732116,-0.1346020698547363,0.0462910830974578,-0.52361923,0.7876279354095459,0.1309728920459747,0.1122525036334991,0.9631020426750184,-0.1053773462772369,0.1155205070972442,0.9518926739692688,0.1894551952039897,0.082182089577815,0.0804745316505433,-0.0082135259001343,0.0,0.0,0.0,1.0,0.0,0,1.0
crossover_06_05_03.mp4,271,0.0434080362319946,-0.1528522747534292,0.1023516486088434,0.0622376203536987,-0.0028940290212631,0.9457407593727112,-0.1092709302902221,0.0003452748060226,0.8632454872131348,0.0166183710098266,0.0341574698686599,-0.53875893,0.9221978783607484,-0.1464923620223999,0.0459123998880386,-0.5575703,0.8078862428665161,0.1322395205497741,0.1130911856889724,0.964928150177002,-0.1047450602054596,0.1151814013719558,0.95053631067276,0.1826766153328418,0.0567964548727751,-0.0247720509767532,-0.0034183486744209,0.0,0.0,0.0,0.75,0.0,0,1.0
crossover_06_05_03.mp4,272,0.0429230779409408,-0.1525490681330363,0.1025604685147603,0.0626844763755798,-0.0032683014869689,0.946897566318512,-0.109965443611145,0.0022346675395965,0.8749961256980896,0.0180123448371887,0.0342499017715454,-0.53930515,0.9250734448432922,-0.1491170227527618,0.0476812124252319,-0.5654908,0.825391948223114,0.1330341100692749,0.1139456629753112,0.9655457735061646,-0.1044090390205383,0.114861786365509,0.9458070993423462,0.183732221243795,0.0549864681938411,0.0002088199059168,0.0003032066203929,0.0,0.0,0.0,0.25,0.0,0,1.0
crossover_06_05_03.mp4,273,0.0423865169286727,-0.1499092168278164,0.0578541020552317,0.0626649260520935,-0.0041870474815368,0.9495612382888794,-0.105104774236679,0.001602292060852,0.8655065894126892,0.0297813415527343,0.0337858498096466,-0.55921584,0.9302254915237428,-0.141691118478775,0.0322124063968658,-0.556724,0.8206754326820374,0.133420705795288,0.1147383749485015,0.966309368610382,-0.1045416593551635,0.115287035703659,0.943594455718994,0.1812952772061954,0.0269264497606123,-0.0447063664595285,0.0026398513052198,0.0,0.0,0.0,0.0,0.0,1,1.0
crossover_06_05_03.mp4,274,0.0413943529129028,-0.1368948034666202,0.0511463413635889,0.0629147738218307,-0.003909632563591,0.9521347284317015,-0.1023441404104232,0.0023338347673416,0.8195937871932983,0.0381476134061813,0.034042939543724,-0.6092435,0.9347161054611206,-0.1402141004800796,0.0315324515104293,-0.64167404,0.7534505128860474,0.133505031466484,0.1155801266431808,0.9666255712509156,-0.1038950532674789,0.116251453757286,0.9415299892425536,0.1758760189977116,0.0198927727538278,-0.0067077606916428,0.0130144133611961,0.0,0.0,0.0,0.0,0.0,1,1.0
crossover_06_05_03.mp4,275,0.0406643450260162,-0.1366577716889204,0.0519111732641855,0.0633318871259689,-0.0034293830394744,0.9547380208969116,-0.1013146191835403,0.0032067894935607,0.7755703926086426,0.0408848375082016,0.0344164669513702,-0.62229186,0.9390617609024048,-0.1390501409769058,0.0312497913837432,-0.63653255,0.6902481317520142,0.1336573809385299,0.1162427365779876,0.9655221700668336,-0.1033702939748764,0.1170711815357208,0.9374818205833436,0.17840247428075,0.0207994262425569,0.0007648319005966,0.0002370317776997,0.0,0.0,0.0,0.0,0.0,1,1.0
crossover_06_05_03.mp4,276,0.0417224615812301,-0.0766474932432174,0.0690201014280319,0.062098816037178,-0.0029072612524032,0.955327570438385,-0.0843183249235153,0.0025652199983596,0.7626878023147583,0.0402591973543167,0.0388008803129196,-0.5440107,0.9386886358261108,-0.0887276083230972,0.0432571023702621,-0.5486161,0.6456695795059204,0.1335079222917556,0.1149284094572067,0.965741753578186,-0.1033744066953659,0.1160048097372055,0.9351856708526612,0.1207492262139664,0.0284545479808375,0.0171089281638463,0.060010278445703,0.0,0.0,0.0,0.0,0.0,1,1.0
crossover_06_05_03.mp4,277,0.0479605942964553,-0.0345859514342414,0.0887532472610473,0.0520393848419189,-0.0020697712898254,0.9580301642417908,-0.066613495349884,0.001861572265625,0.7607238292694092,0.0333828330039978,0.0427790284156799,-0.537071,0.9407731890678406,-0.0487759709358215,0.0453149676322937,-0.5471301,0.6113682985305786,0.1252150535583496,0.1079718470573425,0.9653404355049132,-0.1111522912979126,0.1097583174705505,0.93706613779068,0.0820572023435698,0.0456972733383625,0.0197331458330154,0.042061541808976,0.0,0.0,0.0,0.25,0.25,0,1.0
crossover_06_05_03.mp4,278,0.0469562411308288,-0.0340098762953722,0.0899584909280141,0.0529392063617706,-0.0005095303058624,0.9609568119049072,-0.0661320686340332,0.0056001245975494,0.7681589126586914,0.0361028611660003,0.0451292097568511,-0.51320523,0.9449720978736876,-0.0558336377143859,0.0500396788120269,-0.5210217,0.6014549136161804,0.1254483163356781,0.1084791719913482,0.9635442495346068,-0.1104309856891632,0.1109382212162017,0.937035322189331,0.0832193511429315,0.0454949241479257,0.0012052436669667,0.0005760751388691,0.0,0.0,0.0,0.75,0.75,0,1.0
crossover_06_05_03.mp4,279,0.0441677868366241,0.064574083354738,0.1009280681610107,0.0538686215877532,0.0011869668960571,0.9574215412139891,-0.0513637065887451,0.0096949934959411,0.7909080982208252,0.0603487789630889,0.0473822951316833,-0.46097997,0.9357425570487976,-0.0149153470993042,0.054775595664978,-0.52400637,0.641129732131958,0.1252853572368621,0.110996663570404,0.9652990698814392,-0.1099941730499267,0.1134194135665893,0.9407217502593994,0.053712223995198,0.0919163765136826,0.0109695772329966,0.0985839596501103,0.0,0.0,0.0,1.0,1.0,0,1.0
crossover_06_05_03.mp4,280,0.0420922935009002,0.0973393681976529,0.0802976568539937,0.063211515545845,0.0017037689685821,0.9604803323745728,-0.0475764125585556,0.0116385221481323,0.8114369511604309,0.0866784006357193,0.0491741299629211,-0.4197729,0.9405810832977296,0.0032119303941726,0.0527334809303283,-0.5103351,0.6767667531967163,0.1241002827882766,0.1145933866500854,0.9668720960617064,-0.1114667505025863,0.1165562868118286,0.9452856183052064,0.0328987865353103,0.09808036674992,-0.020630411307017,0.0327652848429149,0.0,0.0,0.0,0.75,0.75,0,1.0
crossover_06_05_03.mp4,281,0.0424564182758331,0.097469640661169,0.0803345521291096,0.0672825574874877,0.0008673071861267,0.9639405012130736,-0.0469069480895996,0.0114445090293884,0.8299386501312256,0.0937075614929199,0.0469712615013122,-0.4341101,0.9459789395332336,0.0047764778137207,0.0514149665832519,-0.521433,0.708834707736969,0.123802363872528,0.114909827709198,0.9688085317611694,-0.111670970916748,0.116749107837677,0.9498264193534852,0.033574728609224,0.0970997675939945,3.68952751159668e-05,0.000130272463516,0.0,0.0,0.0,0.25,0.25,0,1.0
crossover_06_05_03.mp4,282,0.042472019791603,0.1431509865654839,0.0374819765488306,0.0839784145355224,-0.0057858377695083,0.9658232927322388,-0.0420990586280822,0.0108190029859542,0.8466212153434753,0.1369181275367736,0.0184451788663864,-0.3765578,0.949974536895752,0.0078327059745788,0.0466703027486801,-0.52637506,0.7378472089767456,0.1220617294311523,0.112351045012474,0.969933271408081,-0.1120935380458831,0.1170363277196884,0.9540541768074036,0.0200311806360506,0.1356298728172882,-0.0428525755802789,0.0456813459043149,0.0,0.0,0.0,0.0,0.0,1,1.0
crossover_06_05_03.mp4,283,0.0420141220092773,0.1497348092220447,0.021229209502538,0.0859344601631164,-0.0108096003532409,0.966497004032135,-0.042405754327774,0.0113188326358795,0.8616619110107422,0.1427081823348999,-0.0011763870716094,-0.30110666,0.9529183506965636,0.0049492716789245,0.04434135556221,-0.48059928,0.7639583945274353,0.1218695044517517,0.1132343709468841,0.9712437391281128,-0.1122955977916717,0.1181180775165557,0.9581810235977172,0.0234815724186988,0.1466186317530411,-0.0162527670462926,0.0065838226565607,0.0,0.0,0.0,0.0,0.0,1,1.0
crossover_06_05_03.mp4,284,0.0416680872440338,0.1495456836841724,0.0215240389108657,0.0872597098350524,-0.0114374905824661,0.9674459099769592,-0.0428672730922699,0.0112313777208328,0.8752356767654419,0.1427890062332153,-0.0016949027776718,-0.33301824,0.9559186697006226,0.0058910846710205,0.0437196046113967,-0.4866589,0.7874816060066223,0.1216649413108825,0.1132376343011856,0.9732472896575928,-0.1123988330364227,0.1185553222894668,0.9620572328567504,0.0241820582935361,0.1453591653608263,0.0002948294083277,-0.0001891255378723,0.0,0.0,0.0,0.0,0.0,1,1.0
crossover_06_05_03.mp4,285,0.0410213321447372,0.1410928198584804,0.0048104792833327,0.0851550996303558,-0.0171647518873214,0.9461403489112854,-0.0411253273487091,0.0118110924959182,0.8874542713165283,0.1212413012981414,-0.0113903433084487,-0.16357408,0.9276552200317384,0.0077936947345733,0.0464269071817398,-0.46954644,0.808538019657135,0.1190561354160308,0.1133858114480972,0.9750215411186218,-0.1147644519805908,0.1185399442911148,0.9655606150627136,0.025623220753876,0.1396444908681411,-0.0167135596275329,-0.0084528638256919,0.0,0.0,0.0,0.0,0.0,1,1.0
crossover_06_05_03.mp4,286,0.0409064143896102,0.1391780310206942,0.0158304621775945,0.0883199572563171,-0.0149242430925369,0.9104564785957336,-0.0389780402183532,0.0127212256193161,0.8984105587005615,0.1143036484718322,-0.007020428776741,-0.089938015,0.8696193099021912,0.0082651376724243,0.0506206005811691,-0.5496631,0.8272911906242371,0.1169452667236328,0.1103328317403793,0.9762190580368042,-0.1165734529495239,0.1183786243200302,0.9687028527259828,0.0337771834911388,0.1354567804687361,0.0110199828942617,-0.0019147888377861,0.0,0.0,0.0,0.0,0.0,1,1.0
crossover_06_05_03.mp4,287,0.0406645685434341,0.1377083390951157,0.0160391420125961,0.087916299700737,-0.0136491209268569,0.8832275867462158,-0.0389287620782852,0.013255700469017,0.908315896987915,0.1131877154111862,-0.0046480149030685,-0.086194724,0.82696133852005,0.0048004239797592,0.0509636253118515,-0.53620917,0.8443018198013306,0.1164238303899765,0.110625073313713,0.977590799331665,-0.1180464774370193,0.1185175031423568,0.9715747237205504,0.0320814502026048,0.1374199164387417,0.0002086798350016,-0.0014696919255785,0.0,0.0,0.0,0.25,0.0,1,1.0
crossover_06_05_03.mp4,288,0.040276825428009,0.1476068310163639,0.0770984590053558,0.0983148366212844,-0.0099941194057464,0.8938584923744202,-0.036707654595375,0.0128702223300933,0.9173344373703004,0.1274948269128799,0.0275802314281463,-0.33404428,0.8432363271713257,0.0027139335870742,0.0534792244434356,-0.60405284,0.8597449064254761,0.1119593530893325,0.1101336777210235,0.9789910912513732,-0.1201431006193161,0.1181932985782623,0.9742411971092224,0.0534466797046071,0.1468053812594949,0.0610593169927596,0.0098984919212482,0.0,0.0,0.0,0.75,0.0,0,1.0
crossover_06_05_03.mp4,289,0.0393919944763183,0.1510850307014253,0.1166871905326842,0.1041652411222457,-0.0013043880462646,0.9035276770591736,-0.0379148572683334,0.0126190781593322,0.9253371953964232,0.1393451541662216,0.0470922589302063,-0.46812028,0.8577370643615723,-0.0021975189447402,0.0541637539863586,-0.57465553,0.8736295104026794,0.1098378151655197,0.1072290539741516,0.9779485464096068,-0.1225168257951736,0.1179661750793457,0.9758509397506714,0.070578177971774,0.1655437106736212,0.0395887315273284,0.0034781996850613,0.0,0.0,0.0,1.0,0.0,0,1.0
crossover_06_05_03.mp4,290,0.0394459515810012,0.150872164633539,0.1163601011037827,0.1050748974084854,4.889070987701416e-05,0.9122599363327026,-0.0375222712755203,0.0121958702802658,0.932579517364502,0.1400876194238662,0.0482141226530075,-0.47411862,0.8709325790405273,-0.0027553290128707,0.054620549082756,-0.5730796,0.8861582279205322,0.1097519546747207,0.1058959811925888,0.977630376815796,-0.1227143555879592,0.117530271410942,0.977321207523346,0.068994063472106,0.1655692576773682,-0.0003270894289015,-0.0002128660678862,0.0,0.0,0.0,0.75,0.0,0,1.0
crossover_06_05_03.mp4,291,0.0384226143360137,0.1571073816882239,0.0761067509651184,0.1061100661754608,0.0017519891262054,0.9197322130203248,-0.0408406555652618,0.0103782415390014,0.9389199018478394,0.152787297964096,0.0438733696937561,-0.4730237,0.8826338648796082,-0.0044128596782684,0.0544829964637756,-0.57755995,0.8973709940910339,0.1103157103061676,0.1095536351203918,0.9780628085136414,-0.1224540472030639,0.1176245212554931,0.9791507124900818,0.0325215926972909,0.1629612688028179,-0.0402533501386642,0.0062352170546848,0.0,0.0,0.0,0.25,0.0,0,1.0
crossover_06_05_03.mp4,292,0.0386286526918411,0.1533154560459985,0.0611171434322993,0.1018911302089691,0.0026939958333969,0.9236406683921814,-0.0423357188701629,0.0085420161485672,0.944593608379364,0.1526984870433807,0.037681296467781,-0.4671306,0.8907082676887512,-0.0114622414112091,0.0535835772752761,-0.62185335,0.9074200391769408,0.11159148812294,0.1124305874109268,0.977002501487732,-0.1228703260421752,0.1169887334108352,0.980107605457306,0.0234439666800333,0.1649498232746591,-0.014989607532819,-0.0037919256422254,0.0,0.0,0.0,0.0,0.0,1,1.0
crossover_06_05_03.mp4,293,0.0386760979890823,0.1535291147452814,0.0611280391613642,0.1006738394498825,0.0028963238000869,0.9281499981880188,-0.0431299954652786,0.0082169920206069,0.949718177318573,0.1526874750852584,0.0350858718156814,-0.46216094,0.899289608001709,-0.0147927552461624,0.0531998425722122,-0.6175136,0.9165005087852478,0.1123846620321273,0.112905815243721,0.9768851399421692,-0.1226341277360916,0.1166604906320571,0.981252908706665,0.0260557639952826,0.1685084811473083,1.0895729064874791e-05,0.0002136586992829,0.0,0.0,0.0,0.0,0.0,1,1.0
crossover_06_05_03.mp4,294,0.0393026471138,0.1218212905857297,0.0526752928892771,0.0867150276899337,0.0008370578289031,0.919452428817749,-0.0437571853399276,0.0094904601573944,0.9541948437690736,0.1388677805662155,0.0295133888721466,-0.3354061,0.9028101563453674,-0.0251682549715042,0.0523596704006195,-0.5142426,0.9246410727500916,0.1119211167097091,0.1121692359447479,0.9769472479820251,-0.1231305450201034,0.1153648793697357,0.9823864698410034,0.0287585920787783,0.1469898844161648,-0.008452746272087,-0.0317078241595516,0.0,0.0,0.0,0.0,0.0,1,1.0
crossover_06_05_03.mp4,295,0.0387593805789947,0.0853461326272398,0.0670686115821203,0.0746864825487136,0.0010246187448501,0.918131709098816,-0.0454659909009933,0.011882796883583,0.9577990174293518,0.0982764512300491,0.0449653416872024,-0.44179288,0.9007196426391602,-0.0294450670480728,0.0569909960031509,-0.56694853,0.931739091873169,0.111818328499794,0.1108449846506118,0.9780177474021912,-0.1237441748380661,0.1153575927019119,0.9836369752883912,0.0256075707402661,0.115232711756059,0.0143933186928431,-0.0364751579584898,0.0,0.0,0.0,0.25,0.25,1,1.0
crossover_06_05_03.mp4,296,0.0380752831697464,0.0849865488432072,0.0676271677017211,0.070907786488533,0.0016476511955261,0.9171809554100036,-0.0465664714574813,0.0132560133934021,0.9611862897872924,0.0905231386423111,0.0468949675559997,-0.4523344,0.8995906114578247,-0.0306904464960098,0.0585244297981262,-0.58174294,0.9381573796272278,0.1116362363100051,0.1106681823730468,0.9794248938560486,-0.1242969781160354,0.1159287095069885,0.9849563241004944,0.0214587499516116,0.1160345943589703,0.0005585561196008,-0.0003595837840326,0.0,0.0,0.0,0.75,0.75,1,1.0
crossover_06_05_03.mp4,297,0.0375682562589645,-0.0227018054988649,0.1137405763069788,0.0489366501569747,0.007147654891014,0.9245554208755492,-0.0501260310411453,0.0139673799276351,0.9646724462509156,0.0255259126424789,0.0537116378545761,-0.4433274,0.9082955718040466,-0.0456231087446212,0.0614555925130844,-0.53945,0.9440622329711914,0.1142502874135971,0.114209160208702,0.9812739491462708,-0.122474655508995,0.1171836704015731,0.9862645864486694,0.077002508068525,0.0570885774285165,0.0461134086052577,-0.1076883543420721,0.0,0.0,0.0,1.0,1.0,0,1.0
crossover_06_05_03.mp4,298,0.0362279266119003,-0.0737714215561195,0.1171090970436732,0.0359004735946655,0.0102159827947616,0.8873658180236816,-0.0521324276924133,0.0146961659193038,0.9537137746810912,0.0035305023193359,0.0531812757253646,-0.5553642,0.8331478834152222,-0.0674731433391571,0.0632802695035934,-0.63413846,0.8985018134117126,0.1158787608146667,0.1150925606489181,0.9808078408241272,-0.1199415028095245,0.1185601204633712,0.9855465292930604,0.1003112843769448,0.0541960421325941,0.0033685207366943,-0.0510696160572546,0.0,0.0,0.0,0.75,0.75,0,1.0
crossover_06_05_03.mp4,299,0.0356966704130172,-0.0729204153573071,0.1173563172419865,0.0319372713565826,0.0119263976812362,0.8513734340667725,-0.0528018772602081,0.0147589892148971,0.944802463054657,0.0009377300739288,0.0534707754850387,-0.53069556,0.7651707530021667,-0.0706779360771179,0.0652873963117599,-0.6160767,0.8597398996353149,0.1166322529315948,0.1150072067975997,0.980131208896637,-0.118537962436676,0.1188097447156906,0.9847623109817504,0.0976544320147341,0.0521171875695559,0.0002472201983133,0.0008510061988123,0.0,0.0,0.0,0.25,0.25,0,1.0
crossover_06_05_03.mp4,300,0.0381804108619689,-0.1408117613306752,0.0825323154528935,0.0363480597734451,0.0107632130384445,0.8592254519462585,-0.0778386145830154,0.0053992718458175,0.9423814415931702,-0.0235296934843063,0.0464689582586288,-0.5780219,0.7702887654304504,-0.1232221275568008,0.0512755364179611,-0.61436194,0.84970623254776,0.11887027323246,0.1145419329404831,0.9798378944396972,-0.1163806766271591,0.1171449869871139,0.9819362759590148,0.1227014636035014,0.0358661602619741,-0.034824001789093,-0.067891345973368,0.0,0.0,0.0,0.0,0.0,1,1.0
crossover_06_05_03.mp4,301,0.0406690090894699,-0.1586967985939096,0.0658146321773529,0.037764087319374,0.0084642469882965,0.8495060205459595,-0.0884359329938888,-0.0014638304710388,0.9331545829772948,-0.022477850317955,0.0350271165370941,-0.5760438,0.7359678745269775,-0.1392310708761215,0.0320689380168914,-0.5333304,0.8363564610481262,0.1194031983613967,0.1131030619144439,0.9800638556480408,-0.1158996075391769,0.1157638132572174,0.9809554815292358,0.1396548351784011,0.038957495170435,-0.0167176832755405,-0.0178850372632344,0.0,0.0,0.0,0.0,0.0,1,1.0
crossover_06_05_03.mp4,302,0.041766345500946,-0.1588000348320714,0.0649072885513305,0.0381159484386444,0.007177710533142,0.8487363457679749,-0.0931105017662048,-0.0029967129230499,0.9275813698768616,-0.023002415895462,0.0301317572593688,-0.55857575,0.7209687829017639,-0.141703724861145,0.0294414162635803,-0.51718307,0.8285874724388123,0.1199956834316253,0.1125321984291076,0.980398952960968,-0.1159002780914306,0.1148825287818908,0.9801335334777832,0.1401796379132532,0.0393714606250899,-0.0009073436260224,-0.0001032362381617,0.0,0.0,0.0,0.0,0.0,1,1.0
crossover_06_05_03.mp4,303,0.0429729670286178,-0.1631003389755884,0.0393960118293762,0.0420855432748794,0.0062849521636962,0.8595291972160339,-0.0981442481279373,-0.0101862549781799,0.9193488955497742,-0.0174694508314132,0.0237638354301452,-0.6312743,0.741640031337738,-0.1531310230493545,0.0116384625434875,-0.5228205,0.8229185342788696,0.1212353259325027,0.1122176647186279,0.9763358235359192,-0.1142841130495071,0.1146200895309448,0.9755655527114868,0.1464674725686148,0.0294935383159701,-0.0255112767219543,-0.004300304143517,0.0,0.0,0.0,0.0,0.0,1,1.0
crossover_06_05_03.mp4,304,0.0450681895017623,-0.1522374265723758,0.0273795316616694,0.046448677778244,0.0042695552110672,0.8679972887039185,-0.0969774723052978,-0.014870211482048,0.8849999308586121,-0.013075053691864,0.0198416262865066,-0.59901834,0.7593924403190613,-0.1421213150024414,0.0047958642244338,-0.52245235,0.7772158980369568,0.1238087117671966,0.1102605015039444,0.9725612998008728,-0.1109880208969116,0.11281318962574,0.9690770506858826,0.1393663734305356,0.024745863254512,-0.0120164801677068,0.0108629124032126,0.0,0.0,0.0,0.0,0.0,1,1.0
crossover_06_05_03.mp4,305,0.0447538644075393,-0.1523427678479088,0.0275814453760783,0.0473402440547943,0.003981590270996,0.8770501613616943,-0.0962893664836883,-0.0147618651390075,0.8423465490341187,-0.0125277638435363,0.0195328593254089,-0.59040546,0.7776764035224915,-0.1441175639629364,0.004137635231018,-0.50739753,0.7187099456787109,0.1242561042308807,0.1117185354232788,0.9655936360359192,-0.1111712753772735,0.1139070391654968,0.9584420919418336,0.1400464747223496,0.0248448427861195,0.0002019137144089,-0.000105341275533,0.0,0.0,0.0,0.0,0.0,1,1.0
crossover_06_05_03.mp4,306,0.0450779944658279,-0.1362847693540431,0.0348338971535364,0.0508467406034469,0.0024635642766952,0.8849139213562012,-0.1008723229169845,-0.0119761675596237,0.8146697878837585,-0.00347800552845,0.0220091789960861,-0.5980572,0.7912214398384094,-0.1224058717489242,0.0153339356184005,-0.5230656,0.6646236181259155,0.128361627459526,0.1110098212957382,0.9590322971343994,-0.1070600599050521,0.1136873811483383,0.9481942653656006,0.1334245476426467,0.0239347508573863,0.0072524517774581,0.0160579984938656,0.0,0.0,0.0,0.0,0.0,1,1.0
crossover_06_05_03.mp4,307,0.0446244776248931,-0.136969839753928,0.0590471208095551,0.0520419031381607,0.0020933449268341,0.8943494558334351,-0.1012738198041915,-0.0106297433376312,0.8317357301712036,-0.0031348317861557,0.0237523019313812,-0.49787822,0.8104995489120483,-0.115970030426979,0.0229882895946502,-0.466969,0.6974709033966064,0.1293463855981826,0.1110093295574188,0.9565843939781188,-0.1050068289041519,0.1140612065792083,0.9396809935569764,0.138410742348189,0.0417280637024198,0.0242132236560186,-0.0006850703998848,0.0,0.0,0.0,0.25,0.0,1,1.0
crossover_06_05_03.mp4,308,0.0440920293331146,-0.1368748911001064,0.0591914137204487,0.0522911995649337,0.0018340945243835,0.9000840783119202,-0.1009912341833114,-0.0095102787017822,0.8467738628387451,-0.0025816708803176,0.02462899684906,-0.48073035,0.8243879079818726,-0.1149312406778335,0.0262500047683715,-0.46872067,0.7268640995025635,0.129324123263359,0.1111180186271667,0.9557496309280396,-0.1051852852106094,0.1141731739044189,0.9355919361114502,0.1386694979330073,0.039581058823671,0.0001442929108936,9.494865382159157e-05,0.0,0.0,0.0,0.75,0.0,1,1.0
crossover_06_05_03.mp4,309,0.043946772813797,-0.1466589663867597,0.1194990217685699,0.0523638874292373,0.0006604492664337,0.9049139618873596,-0.1079712957143783,-0.0004276931285858,0.8608709573745728,0.0007863193750381,0.0256592333316802,-0.48121655,0.8367063999176025,-0.1371831148862838,0.0508929193019866,-0.5248524,0.7526746988296509,0.1289576441049575,0.1118194758892059,0.9568169116973876,-0.1067705303430557,0.1137361228466034,0.9339603185653688,0.1747741919942943,0.0692574115695525,0.0603076080481211,-0.0097840752866533,0.0,0.0,0.0,1.0,0.0,0,1.0
crossover_06_05_03.mp4,310,0.0438607186079025,-0.1506769892242219,0.0915230532487233,0.0526222735643386,-0.0015663802623748,0.909986674785614,-0.1078850477933883,0.0016616880893707,0.8721162676811218,0.0027826577425003,0.0261087715625762,-0.49627364,0.8489909172058105,-0.1457133144140243,0.0499770939350128,-0.54064316,0.7735030651092529,0.1294140368700027,0.1122072041034698,0.9586820602416992,-0.1064218431711196,0.1138301193714141,0.934318482875824,0.166819937344628,0.0418414244848078,-0.0279759685198466,-0.0040180228374622,0.0,0.0,0.0,0.75,0.0,0,1.0
crossover_06_05_03.mp4,311,0.0433782041072845,-0.1508394771152072,0.0919407884279887,0.0526102781295776,-0.002760499715805,0.9132745265960692,-0.1079046428203582,0.0028392076492309,0.8812872767448425,0.0056145787239074,0.0268325805664062,-0.47729295,0.8580372333526611,-0.146292358636856,0.0494839549064636,-0.5293487,0.7905513048171997,0.1298404932022094,0.1125847101211547,0.9596284627914428,-0.1068286597728729,0.1142286658287048,0.9340845346450806,0.1694607633626611,0.0426996369906192,0.0004177351792653,-0.0001624878909852,0.0,0.0,0.0,0.25,0.0,0,1.0
crossover_06_05_03.mp4,312,0.043182373046875,-0.1480889078643587,0.0580966134866078,0.0546024590730667,-0.0059361457824707,0.9192269444465636,-0.1043493002653122,0.002884417772293,0.8848620057106018,0.0212651044130325,0.0251841247081756,-0.48653424,0.8703478574752808,-0.1475428193807602,0.0361190140247345,-0.5230648,0.8038854598999023,0.1298080831766128,0.1131897866725921,0.9613798260688782,-0.1072931438684463,0.1147279441356659,0.9363365173339844,0.1725225011180895,0.0219843828828206,-0.0338441749413808,0.0027505692508485,0.0,0.0,0.0,0.0,0.0,1,1.0
crossover_06_05_03.mp4,313,0.0419377535581588,-0.1397739632262123,0.0519051204125086,0.0556328445672988,-0.0048820823431015,0.9213948249816896,-0.1032686978578567,0.0037678331136703,0.8513122797012329,0.0261296182870864,0.0272723883390426,-0.5191636,0.8773281574249268,-0.1466771811246872,0.0311029404401779,-0.543919,0.7540461421012878,0.1296568661928177,0.114021822810173,0.9614074230194092,-0.1072640269994735,0.1159341186285018,0.935144066810608,0.1677222997944607,0.0219176894073043,-0.0061914930740992,0.0083149446381463,0.0,0.0,0.0,0.0,0.0,1,1.0
crossover_06_05_03.mp4,314,0.0411491394042968,-0.1398429573686034,0.052653682231903,0.0564768761396408,-0.0043870508670806,0.9232646226882936,-0.1024489253759384,0.0043392777442932,0.8223810791969299,0.0282241553068161,0.0284486413002014,-0.5180815,0.8834309577941895,-0.1465620547533035,0.030449092388153,-0.5433779,0.7115231156349182,0.1294516175985336,0.1146013736724853,0.9611376523971558,-0.1072597354650497,0.1165809631347656,0.933410346508026,0.1698011730511822,0.0231989241085496,0.0007485618193944,-6.899414239108781e-05,0.0,0.0,0.0,0.0,0.0,1,1.0
crossover_06_05_03.mp4,315,0.041529968380928,-0.0858483424893132,0.0714527398347855,0.0560464262962341,-0.0042432397603988,0.9262219667434692,-0.083945095539093,0.0040775090456008,0.8025233745574951,0.0306954979896545,0.0368049293756485,-0.5346614,0.8901228904724121,-0.0926353931427002,0.0389469414949417,-0.53152084,0.6687402725219727,0.1292191743850708,0.1144747287034988,0.9588800072669984,-0.1068587005138397,0.114524021744728,0.9217228889465332,0.1215851040349901,0.033206791207255,0.0187990576028824,0.0539946148792902,0.0,0.0,0.0,0.0,0.0,1,1.0
crossover_06_05_03.mp4,316,0.0429467260837554,-0.0379519007824085,0.0950468709071477,0.0509345531463623,0.0008208602666854,0.9297741055488586,-0.0687197148799896,0.0044131726026535,0.7740993499755859,0.0282889604568481,0.0486578792333602,-0.5464221,0.8941330313682556,-0.0623730421066284,0.0377480834722518,-0.51861054,0.6229783296585083,0.1254643201828003,0.1131211370229721,0.9592928886413574,-0.1106384098529815,0.1145914047956466,0.9241790771484376,0.080868969612758,0.0622859790409277,0.0235941310723621,0.0478964417069046,0.0,0.0,0.0,0.25,0.25,0,1.0
crossover_06_05_03.mp4,317,0.0433388352394104,-0.0392778641647763,0.0946432222922643,0.0489870011806488,0.0028004795312881,0.9328281879425048,-0.067564308643341,0.0046005398035049,0.756985068321228,0.0270322859287261,0.0502886325120925,-0.55351007,0.897345244884491,-0.0650668144226074,0.0416759401559829,-0.5176471,0.5834964513778687,0.1241306364536285,0.1126349121332168,0.9585089683532716,-0.1119635701179504,0.1145452409982681,0.9238100647926332,0.0797769743722469,0.0589118233659875,-0.0004036486148834,-0.0013259633823677,0.0,0.0,0.0,0.75,0.75,0,1.0
crossover_06_05_03.mp4,318,0.0413364917039871,0.0630513095193439,0.1056771506865819,0.050949141383171,0.0059225112199783,0.9319180250167848,-0.0526103228330612,0.0110027939081192,0.7808708548545837,0.0638927668333053,0.0526375919580459,-0.49313506,0.8957130908966064,-0.019776776432991,0.0571858435869216,-0.5325169,0.6249551773071289,0.1238200515508651,0.1146547943353653,0.9597930908203124,-0.1115930527448654,0.1172012835741043,0.9282453656196594,0.0530462330474938,0.0959786366164936,0.0110339283943176,0.1023291736841202,0.0,0.0,0.0,1.0,1.0,0,1.0
crossover_06_05_03.mp4,319,0.0409276336431503,0.1014077103800243,0.0869327515363693,0.06375353038311,0.0053689330816268,0.9377143979072572,-0.0479557663202285,0.0119331926107406,0.8020814061164856,0.0893474072217941,0.0508201569318771,-0.4803707,0.9046859741210938,-0.000520721077919,0.0549657791852951,-0.55635005,0.6620017290115356,0.1244112700223922,0.1158155053853988,0.9622611403465272,-0.1118775457143783,0.1182837337255477,0.9339849352836608,0.0380732242046404,0.1068236512237388,-0.0187443991502125,0.0383564008606804,0.0,0.0,0.0,0.75,0.75,0,1.0
crossover_06_05_03.mp4,320,0.0393542349338531,0.1017214906436425,0.0886289258797963,0.0683150440454483,0.0067379176616668,0.9434279799461364,-0.0460691601037979,0.0139268338680267,0.8210188746452332,0.0965010076761245,0.055923193693161,-0.4915402,0.91369366645813,0.0012720376253128,0.0562178194522857,-0.56456083,0.6952337026596069,0.1244654208421707,0.1183315217494964,0.964020311832428,-0.1116954237222671,0.1199845969676971,0.9385340213775636,0.033119757853554,0.1055489101390301,0.0016961743434269,0.0003137802636181,0.0,0.0,0.0,0.25,0.25,0,1.0
crossover_06_05_03.mp4,321,0.0384559333324432,0.1521068097264678,0.054617483417193,0.0937723964452743,-0.0005949884653091,0.9485440254211426,-0.0436504334211349,0.0139180570840835,0.8384978175163269,0.1510680764913559,0.030698612332344,-0.40138274,0.9221075177192688,0.0051939338445663,0.0490098744630813,-0.55438375,0.7256022691726685,0.1221834868192672,0.1166798025369644,0.966688632965088,-0.1116337031126022,0.1210571676492691,0.9443039894104004,0.0239414151776237,0.1470198570876506,-0.0340114424626032,0.0503853190828252,0.0,0.0,0.0,0.0,0.0,1,1.0
crossover_06_05_03.mp4,322,0.0379940867424011,0.164501894624145,0.036411381761233,0.09803107380867,-0.0074934810400009,0.9520344138145448,-0.0409276783466339,0.01335309445858,0.854316771030426,0.1575009524822235,0.0122055262327194,-0.33659032,0.9293826818466188,0.0024762451648712,0.043623611330986,-0.50249934,0.7529644966125488,0.1206608712673187,0.1164771765470504,0.9686160087585448,-0.1126706600189209,0.1211205571889877,0.949423611164093,0.0251979489788713,0.1621860886083214,-0.01820610165596,0.0123950848976771,0.0,0.0,0.0,0.0,0.0,1,1.0
crossover_06_05_03.mp4,323,0.0378727912902832,0.1643761876556608,0.0363993595043817,0.0978257805109024,-0.008781686425209,0.9554963707923888,-0.0430159121751785,0.0130291134119033,0.8685269951820374,0.1595715433359146,0.0101391226053237,-0.36572978,0.9357953667640686,0.0016585141420364,0.0422937422990798,-0.50421333,0.7775710225105286,0.1211317330598831,0.1163695007562637,0.9704993367195128,-0.1128492802381515,0.1211521178483963,0.954087495803833,0.0266961541993208,0.1628243993454817,-1.2022256851262902e-05,-0.0001257069684841,0.0,0.0,0.0,0.0,0.0,1,1.0
crossover_06_05_03.mp4,324,0.0364634096622467,0.1599594923081221,0.0162827531496684,0.1009052544832229,-0.0099435448646545,0.9521732926368712,-0.0417579263448715,0.0139051675796508,0.8813009858131409,0.1530071645975113,-0.0031544566154479,-0.31245232,0.9388275146484376,0.0025066882371902,0.0440893769264221,-0.47548145,0.7996962666511536,0.1198283582925796,0.117464542388916,0.9725573062896729,-0.1135165244340896,0.1223770976066589,0.9584490060806274,0.0206431582866785,0.1598893174532344,-0.0201166063547133,-0.0044166953475387,0.0,0.0,0.0,0.0,0.0,1,1.0
crossover_06_05_03.mp4,325,0.0364435315132141,0.1544566679883886,0.0194606363773346,0.1011922359466552,-0.0085139572620391,0.93073570728302,-0.0392216742038726,0.014172226190567,0.8926907181739807,0.1373376846313476,-0.0029022395610809,-0.00424589,0.924356997013092,0.0081962347030639,0.0466932952404022,-0.36752352,0.8194019198417664,0.1166942715644836,0.1172309815883636,0.9745795726776124,-0.1167618632316589,0.1221065819263458,0.962462604045868,0.0281630575651084,0.1487740973878286,0.0031778832276662,-0.0055028243197334,0.0,0.0,0.0,0.0,0.0,1,1.0
crossover_06_05_03.mp4,326,0.0368550270795822,0.1533765675844969,0.0193047076463699,0.0926638543605804,-0.0224402695894241,0.9125478863716124,-0.0389953851699829,0.0140047222375869,0.9033108353614808,0.1261365711688995,-0.0056424289941787,0.116288334,0.9066094756126404,0.0062727630138397,0.0469346195459365,-0.38849178,0.8372631072998047,0.1160778105258941,0.1170044690370559,0.9768685698509216,-0.1177302896976471,0.1215049177408218,0.9661217331886292,0.0369374746197403,0.1496761215115488,-0.0001559287309647,-0.0010801004038917,1.0,0.0,1.0,0.25,0.0,1,1.0
crossover_06_05_03.mp4,327,0.0373086035251617,0.1576193220085567,0.0726986825466156,0.1021554768085479,-0.0109873712062835,0.9201205968856812,-0.0378005504608154,0.0138335525989532,0.9128422737121582,0.1370851695537567,0.0299800932407379,-0.3051033,0.9152418971061708,0.0093479454517364,0.0525464117527008,-0.59763366,0.8534411191940308,0.111609011888504,0.1126054227352142,0.9773266315460204,-0.1212497651576995,0.1214958727359771,0.9692429900169371,0.047397566280572,0.1496346053698999,0.0533939749002456,0.0042427544240598,0.0,0.0,0.0,0.75,0.0,0,1.0
crossover_06_05_03.mp4,328,0.0376427769660949,0.1621405863099627,0.110484759012858,0.1072128266096115,-0.0009968876838684,0.9274370670318604,-0.0388659387826919,0.0132872462272644,0.9214172959327698,0.1454318612813949,0.0484474897384643,-0.44142064,0.9231460094451904,0.0068355649709701,0.0540481209754943,-0.6098001,0.8680292963981628,0.1089415401220321,0.1128052473068237,0.9780986309051514,-0.124131754040718,0.1210371851921081,0.9719353914260864,0.0642479904051785,0.1652414710841843,0.0377860764662424,0.0045212643014059,0.0,0.0,0.0,1.0,0.0,0,1.0
crossover_06_05_03.mp4,329,0.0380546152591705,0.1622735674734469,0.1106153259674708,0.1098428666591644,0.0027333348989486,0.932240903377533,-0.0378792881965637,0.0129949897527694,0.92900151014328,0.1465846598148346,0.0483859032392501,-0.47662207,0.9282509684562684,0.0077208578586578,0.0551225990056991,-0.6238004,0.881089448928833,0.1092086136341095,0.1133118122816085,0.9766374230384828,-0.1236687302589416,0.1207091063261032,0.9736833572387696,0.0641766536725626,0.1642132235690142,0.0001305669546127,0.0001329811634841,0.0,0.0,0.0,0.75,0.0,0,1.0
crossover_06_05_03.mp4,330,0.0377777963876724,0.1678250439740993,0.088128055135409,0.1136574894189834,0.0066048949956893,0.9355905055999756,-0.0387752205133438,0.0108609646558761,0.9355020523071288,0.1655472666025161,0.0518559664487838,-0.5515801,0.9319719672203064,0.003355398774147,0.0541111081838607,-0.6469682,0.8927653431892395,0.1110491901636123,0.11287222802639,0.9718855023384094,-0.1228760033845901,0.1201831549406051,0.9739304184913636,0.0363435370794436,0.1679506382009388,-0.0224872708320618,0.0055514765006524,0.0,0.0,0.0,0.25,0.0,0,1.0
crossover_06_05_03.mp4,331,0.0378531813621521,0.1677953137291802,0.0691858212153117,0.1107022762298584,0.0077336430549621,0.9388402104377748,-0.0406257212162017,0.0078955292701721,0.9413359761238098,0.1683855056762695,0.0457164645195007,-0.5573522,0.9359551668167114,3.993511199951172e-05,0.0530644655227661,-0.69762814,0.90325927734375,0.1123086214065551,0.1136636734008789,0.9703602194786072,-0.1225128471851348,0.1199094057083129,0.974685549736023,0.0234767764024283,0.1685282325438655,-0.0189422339200973,-2.973024491914611e-05,0.0,0.0,0.0,0.0,0.0,1,1.0
crossover_06_05_03.mp4,332,0.0382345914840698,0.1681059488543758,0.0687586983044942,0.1093171238899231,0.0073860883712768,0.9414093494415284,-0.0416629612445831,0.0062705874443054,0.9465609788894652,0.1677260994911193,0.0430366396903991,-0.57756084,0.9392001032829284,-0.0013321042060852,0.0522409677505493,-0.6977138,0.912714660167694,0.1128174066543579,0.1137318611145019,0.9696508646011353,-0.1222372353076934,0.1194171905517578,0.9756908416748048,0.025724863165539,0.1702412677571813,-0.0004271229108174,0.0003106351251955,0.0,0.0,0.0,0.0,0.0,1,1.0
crossover_06_05_03.mp4,333,0.0406910628080368,0.1302630138617975,0.0595200061798095,0.0962140411138534,0.0045474171638488,0.934138834476471,-0.0434975177049636,0.0039905309677124,0.9512540102005004,0.144851729273796,0.0349082350730896,-0.4257025,0.938428521156311,-0.0104146748781204,0.0496832728385925,-0.63901764,0.92115581035614,0.1080115288496017,0.1094018816947937,0.9701842069625854,-0.1229881197214126,0.1170060038566589,0.977561891078949,0.0286106605023697,0.141021180792218,-0.0092386921246846,-0.0378429349925782,0.0,0.0,0.0,0.0,0.0,1,1.0
crossover_06_05_03.mp4,334,0.0415010750293731,0.0991217680551387,0.0729567448298136,0.083913430571556,0.00335294008255,0.9306191205978394,-0.0435107797384262,0.0050467848777771,0.9551538228988647,0.1020343750715255,0.050151526927948,-0.48842004,0.931500256061554,-0.0121270567178726,0.0538163781166076,-0.637164,0.928386092185974,0.1112431734800338,0.1103138923645019,0.971464216709137,-0.1224990934133529,0.1162600517272949,0.9789161682128906,0.0229904598297528,0.1128833674696683,0.013436738650004,-0.0311412458066587,0.0,0.0,0.0,0.25,0.25,1,1.0
crossover_06_05_03.mp4,335,0.041886880993843,0.0995374303173135,0.0724231829245884,0.0807575136423111,0.0029990226030349,0.9243720173835754,-0.0433357506990432,0.0056363493204116,0.9582529664039612,0.0998928695917129,0.0509183555841445,-0.48640984,0.9183553457260132,-0.0135653465986251,0.0540476590394973,-0.64758104,0.9346360564231871,0.1127205044031143,0.1111534982919693,0.9725284576416016,-0.1222332864999771,0.1155750900506973,0.9798676371574402,0.0215077645519028,0.1145857671098298,-0.0005335619052251,0.0004156622621748,0.0,0.0,0.0,0.75,0.75,1,1.0
crossover_06_05_03.mp4,336,0.0395745038986206,-0.0133684134041821,0.1237912168105442,0.0579612553119659,0.008115068078041,0.9308418035507202,-0.0433425605297088,0.0115129500627517,0.9615430235862732,0.0339931547641754,0.0575077086687088,-0.46796614,0.925758183002472,-0.0346465110778808,0.0604065209627151,-0.572079,0.9406729936599731,0.1132673919200897,0.1145390421152114,0.9746047258377076,-0.1222013533115387,0.1184014230966568,0.981484353542328,0.0814654625651555,0.0668608787583088,0.0513680338859557,-0.1129058437214957,0.0,0.0,0.0,1.0,1.0,0,1.0
crossover_06_05_03.mp4,337,0.0364302396774292,-0.0584671462023699,0.1088396708170572,0.0460401177406311,0.0110272765159606,0.928994119167328,-0.051975131034851,0.0146491527557373,0.9549034237861632,0.0124844908714294,0.0578511357307434,-0.47150707,0.9178774952888488,-0.0666566491127014,0.063486099243164,-0.58751625,0.9192436933517456,0.1133914589881897,0.1177534461021423,0.9766392707824708,-0.1221124231815338,0.1211374998092651,0.9829662442207336,0.0873725672834466,0.0460870308484564,-0.014951545993487,-0.0450987327981878,0.0,0.0,0.0,0.75,0.75,0,1.0
crossover_06_05_03.mp4,338,0.0342466235160827,-0.0583654959996541,0.1111387640237808,0.0453856587409973,0.0134433060884475,0.925290584564209,-0.0534748136997222,0.0167447477579116,0.9497918486595154,0.0120128393173217,0.0596919208765029,-0.4658682,0.9060762524604796,-0.0688738524913787,0.0652814656496048,-0.5938923,0.8998046517372131,0.1135504245758056,0.1188265830278396,0.978634774684906,-0.122020274400711,0.1223881989717483,0.9843827486038208,0.0871773350809102,0.0470459070518932,0.0022990932067236,0.0001016502027158,0.0,0.0,0.0,0.25,0.25,0,1.0
crossover_06_05_03.mp4,339,0.03487990796566,-0.1136294026065755,0.0716804295778275,0.0430084615945816,0.0129504352807998,0.9247927665710448,-0.0769561380147934,0.0076078623533248,0.9498969912528992,-0.0092368572950363,0.0492691546678543,-0.5484799,0.9047784805297852,-0.1217574626207351,0.0497309118509292,-0.59658974,0.9036917090415956,0.1182148605585098,0.1178006678819656,0.9798486828804016,-0.1172975450754165,0.121948555111885,0.9847187399864196,0.1067711045166817,0.0234061250111418,-0.0394583344459533,-0.0552639066069214,0.0,0.0,0.0,0.0,0.0,1,1.0
crossover_06_05_03.mp4,340,0.0372633039951324,-0.1259295774830712,0.0520543466011683,0.0502677261829376,0.0119738429784774,0.926682472229004,-0.0872712433338165,-0.0019203275442123,0.9444888234138488,-0.0100779235363006,0.0402363389730453,-0.60083604,0.9031975269317628,-0.1383046209812164,0.0311904996633529,-0.5263021,0.8974512815475464,0.1226856410503387,0.1171394437551498,0.9780560731887816,-0.1127412021160125,0.1212000101804733,0.981900990009308,0.1164528704090227,0.0242578195769029,-0.0196260829766591,-0.0123001748764956,0.0,0.0,0.0,0.0,0.0,1,1.0
crossover_06_05_03.mp4,341,0.0387948155403137,-0.1255173239443037,0.051479501525561,0.051621526479721,0.0110959559679031,0.9230205416679382,-0.0892582833766937,-0.0032924860715866,0.9334575533866882,-0.0108810365200042,0.0377345830202102,-0.5759617,0.8919080495834351,-0.1372675001621246,0.0289639979600906,-0.5049171,0.8871239423751831,0.1231185495853424,0.1155319958925247,0.9771901965141296,-0.1123197376728057,0.1207142025232315,0.9806797504425048,0.1154573565397429,0.025397136491277,-0.0005748450756073,0.0004122535387675,0.0,0.0,0.0,0.0,0.0,1,1.0
crossover_06_05_03.mp4,342,0.0416141897439956,-0.1362343473566903,0.0178893566131591,0.0507590621709823,0.0093415975570678,0.9289297461509703,-0.0916533917188644,-0.0176910459995269,0.9121756553649902,-0.0066893845796585,0.0299037098884582,-0.52376693,0.9009413123130798,-0.1308152228593826,-0.0037338435649871,-0.39944986,0.8635901808738708,0.1241385787725448,0.1158767938613891,0.9769113063812256,-0.1113904863595962,0.1190634369850158,0.980527639389038,0.1301008918706026,0.022291919977012,-0.0335901449124018,-0.0107170234123866,0.0,0.0,0.0,0.0,0.0,1,1.0
crossover_06_05_03.mp4,343,0.0427262037992477,-0.1285066858485893,0.0094460894664129,0.0546296536922454,0.007385715842247,0.9281023144721984,-0.0920815169811248,-0.018934890627861,0.855653703212738,-0.0030852854251861,0.0289403647184371,-0.23074892,0.897814154624939,-0.1157487332820892,-0.010546401143074,-0.033787947,0.805469274520874,0.1270088851451873,0.1171207875013351,0.9776530861854552,-0.1084456741809845,0.1188206523656845,0.981013298034668,0.1269273589568825,0.0237163453014896,-0.0084432671467462,0.007727661508101,0.0,0.0,0.0,0.0,0.0,1,1.0
crossover_06_05_03.mp4,344,0.0426222532987594,-0.1289505004882812,0.0091727713743845,0.053627073764801,0.0067862570285797,0.9237840175628662,-0.0933879911899566,-0.018768161535263,0.796570897102356,-0.0026444196701049,0.0288503468036651,-0.2331473,0.891994297504425,-0.1168866157531738,-0.011812537908554,-0.0023257886,0.7438945770263672,0.1260478496551513,0.1167449653148651,0.976539134979248,-0.1088619232177734,0.1185571253299713,0.9808780550956726,0.1278297032243394,0.0242057951863298,-0.0002733180920283,-0.0004438146396919,0.0,0.0,0.0,0.0,0.0,1,1.0
crossover_06_05_03.mp4,345,0.0448899269104003,-0.1269337233569887,0.0250992129246393,0.051528975367546,0.0046634227037429,0.928075075149536,-0.0964130908250808,-0.0169905871152877,0.7754422426223755,-0.0036352425813674,0.0277334600687026,-0.54548156,0.8949016332626343,-0.1103425770998001,-0.0016931146383285,-0.42438892,0.7022995948791504,0.1276811808347702,0.1151717454195022,0.9753646850585938,-0.1066984981298446,0.1166333109140396,0.9764893054962158,0.1233266176443359,0.031513409056603,0.0159264415502548,0.0020167771312925,0.0,0.0,0.0,0.0,0.0,1,1.0
crossover_06_05_03.mp4,346,0.0444345772266387,-0.1325393889789228,0.0498607605695724,0.0496854931116104,0.0041928738355636,0.9330667853355408,-0.099464938044548,-0.0105222910642623,0.7918962240219116,-0.0030009597539901,0.0341937392950058,-0.5121738,0.9024051427841188,-0.1168787032365799,0.0239613503217697,-0.47320986,0.7263000011444092,0.1291797310113906,0.1150886267423629,0.9750055074691772,-0.1056289821863174,0.1171796768903732,0.9719383716583252,0.1304824133808101,0.030266095372618,0.0247615476449331,-0.005605665621934,0.0,0.0,0.0,0.25,0.0,1,1.0
crossover_06_05_03.mp4,347,0.0442374199628829,-0.1319803911226767,0.0490286449591318,0.04927459359169,0.0033029615879058,0.9381855726242064,-0.1002095937728881,-0.0076137781143188,0.8095434904098511,-0.0027085244655609,0.0353970825672149,-0.49414012,0.9104477763175964,-0.1158456802368164,0.0279918015003204,-0.47033405,0.7513862252235413,0.1283800303936004,0.1134887635707855,0.9719701409339904,-0.1052221059799194,0.1168063580989837,0.9651829600334167,0.1299885956623113,0.0265118403374951,-0.0008321156104406,0.000558997856246,0.0,0.0,0.0,0.75,0.0,1,1.0
crossover_06_05_03.mp4,348,0.0429418683052063,-0.1523766290258478,0.1210454891125361,0.0485663115978241,0.0026529878377914,0.94021075963974,-0.104505717754364,0.0047690421342849,0.8272721767425537,0.0009885728359222,0.037572756409645,-0.54624623,0.913843870162964,-0.1364179849624633,0.0527858287096023,-0.55199564,0.7749380469322205,0.1292405426502227,0.1139824539422988,0.9721326231956482,-0.1070007681846618,0.1167444139719009,0.9634529948234558,0.1746097999740844,0.0701003534845983,0.0720168441534042,-0.020396237903171,0.0,0.0,0.0,1.0,0.0,0,1.0
crossover_06_05_03.mp4,349,0.0429755002260208,-0.1590828859143787,0.1013590971628825,0.0490259379148483,0.0013075470924377,0.9418460130691528,-0.1056810766458511,0.0074055790901184,0.8417739272117615,0.0037794560194015,0.0377164483070373,-0.58601457,0.9166326522827148,-0.1449800878763198,0.0533478260040283,-0.57709754,0.7951259613037109,0.130564734339714,0.1146480441093444,0.9724813103675842,-0.1071413308382034,0.1165641546249389,0.9594942331314088,0.1748557381773442,0.0500396949510216,-0.0196863919496536,-0.0067062568885308,0.0,0.0,0.0,0.75,0.0,0,1.0
crossover_06_05_03.mp4,350,0.0432081967592239,-0.1592023654116524,0.1009349217017491,0.0488592833280563,9.392201900482178e-05,0.9426177740097046,-0.1067558079957962,0.0067957192659378,0.8544544577598572,0.0048687905073165,0.0371220260858535,-0.5900243,0.9190006852149964,-0.1454303413629531,0.0514093786478042,-0.58401805,0.8136022090911865,0.1306561678647995,0.1141836196184158,0.971735656261444,-0.1072148531675338,0.1161132603883743,0.9539598822593688,0.1760438293478979,0.0514047474576628,-0.0004241754611333,-0.0001194794972737,0.0,0.0,0.0,0.25,0.0,0,1.0
crossover_06_05_03.mp4,351,0.0423557609319686,-0.1631719951276425,0.0606349329153697,0.0493258237838745,-0.0025335550308227,0.943609058856964,-0.1032275259494781,0.0046182572841644,0.8461094498634338,0.0161648988723754,0.0363678038120269,-0.56371343,0.922810435295105,-0.1523934006690979,0.0488858520984649,-0.590217,0.8105822801589966,0.1303958892822265,0.1140790879726409,0.9699610471725464,-0.1074288189411163,0.116070419549942,0.9468485116958618,0.1809713101695736,0.0159442465655774,-0.0402999887863794,-0.0039696297159901,0.0,0.0,0.0,0.0,0.0,1,1.0
crossover_06_05_03.mp4,352,0.042030930519104,-0.1568140298128127,0.0528477956851323,0.0499359220266342,-0.0032832473516464,0.9360986948013306,-0.1008206158876419,0.0035158246755599,0.7963926196098328,0.0257303565740585,0.0361482352018356,-0.5652645,0.9155032634735109,-0.1527518182992935,0.033060535788536,-0.5619631,0.7582893967628479,0.1294672936201095,0.1141106337308883,0.9645898938179016,-0.1071499437093734,0.1155977100133895,0.9350200295448304,0.183306651056896,0.0201999311037442,-0.0077871372302373,0.0063579653148297,0.0,0.0,0.0,0.0,0.0,1,1.0
crossover_06_05_03.mp4,353,0.0419071018695831,-0.1568325730385603,0.0529848198095957,0.0503793209791183,-0.0039958953857421,0.9306575059890748,-0.0995631366968154,0.0029378235340118,0.7630141377449036,0.0286236256361007,0.035989373922348,-0.58370453,0.9132406711578368,-0.1510262042284011,0.0275602638721466,-0.56717426,0.7365971803665161,0.1292632669210434,0.1140920221805572,0.9595985412597656,-0.1073791533708572,0.1146670877933502,0.9243059754371644,0.1862333128303359,0.0260791480569452,0.0001370241244634,-1.854322574756928e-05,0.0,0.0,0.0,0.0,0.0,1,1.0
crossover_06_05_03.mp4,354,0.0427269488573074,-0.1153508760310985,0.0698190003633498,0.0506209731101989,-0.0048502534627914,0.934532344341278,-0.0935940444469451,0.0024988204240798,0.7378444671630859,0.0301005840301513,0.0388728529214859,-0.6284682,0.9191443920135498,-0.1235757172107696,0.0379080325365066,-0.5528717,0.696398138999939,0.1286824345588684,0.1120053082704544,0.954594612121582,-0.1073913872241973,0.1129591017961502,0.9020756483078004,0.1487070653178354,0.0329538750388575,0.016834180553754,0.0414816970074617,0.0,0.0,0.0,0.0,0.0,1,1.0
crossover_06_05_03.mp4,355,0.0428693294525146,-0.0728150767308694,0.088027952114741,0.0493257343769073,-0.0015201866626739,0.9369679689407348,-0.083087682723999,0.0034597814083099,0.742864727973938,0.0307259261608123,0.0467319190502166,-0.5884403,0.9223066568374634,-0.0856421887874603,0.0496661365032196,-0.5047217,0.6939620971679688,0.1276179850101471,0.1115685403347015,0.9506953954696656,-0.1076838374137878,0.112962931394577,0.8915404677391052,0.1114724254095224,0.0404495204016649,0.0182089517513911,0.0425357993002291,0.0,0.0,0.0,0.25,0.25,1,1.0
crossover_06_05_03.mp4,356,0.0428704321384429,-0.0733070078823301,0.0880374103784561,0.0485373884439468,0.0002611428499221,0.9387088418006896,-0.0810504704713821,0.0044273883104324,0.7489553689956665,0.0302971750497818,0.0491988807916641,-0.585548,0.924035370349884,-0.0811750143766403,0.0515895038843154,-0.50963974,0.6924525499343872,0.1268451362848281,0.1113754659891128,0.9478394389152528,-0.1073582023382186,0.1129971295595169,0.8842429518699646,0.1106447382458589,0.0372874699329429,9.45826371512304e-06,-0.0004919311514606,0.0,0.0,0.0,0.75,0.75,1,1.0
crossover_06_05_03.mp4,357,0.0424559861421585,0.034390233070762,0.1122432072957356,0.047921672463417,0.0039912462234497,0.942521333694458,-0.0616937130689621,0.0060707926750183,0.7650250792503357,0.0473213344812393,0.0593498945236206,-0.56929415,0.9281782507896424,-0.0296212881803512,0.0560572743415832,-0.5294947,0.7052234411239624,0.1256706863641739,0.1115792989730835,0.9490612745285034,-0.1086998134851455,0.1135646104812622,0.890221893787384,0.0544510414932243,0.0851723776515029,0.0242057969172795,0.1076972409530921,0.0,0.0,0.0,1.0,1.0,0,1.0
crossover_06_05_03.mp4,358,0.0401079803705215,0.0768492959163806,0.0956526637077331,0.0529274940490722,0.0061562657356262,0.9465921521186828,-0.0564256012439727,0.0116945505142211,0.7878918051719666,0.0814093351364135,0.0578529834747314,-0.53255516,0.9336194396018982,-0.0130920112133026,0.0574631094932556,-0.5582207,0.7344907522201538,0.1241043806076049,0.1145099401473999,0.9505372643470764,-0.1107201278209686,0.1163686513900756,0.8966773748397827,0.038073741389643,0.0977132579504774,-0.0165905435880024,0.0424590628456186,0.0,0.0,0.0,0.75,0.75,0,1.0
crossover_06_05_03.mp4,359,0.0381587445735931,0.0764398949013815,0.0974787145853042,0.0551229268312454,0.0084504038095474,0.9501032829284668,-0.0551315993070602,0.0145362764596939,0.8085336089134216,0.088151529431343,0.062335267663002,-0.5407177,0.9384244084358216,-0.0123625248670578,0.0592512637376785,-0.5702943,0.7608776092529297,0.1242313534021377,0.1173508316278457,0.951549768447876,-0.1111110001802444,0.1187111884355545,0.9022512435913086,0.0370435452534454,0.0966809585959807,0.001826050877571,-0.000409401014999,0.0,0.0,0.0,0.25,0.25,0,1.0
crossover_06_05_03.mp4,360,0.0375186800956726,0.1354464889676482,0.0673171738783519,0.0796726793050766,0.0035757720470428,0.9501813650131226,-0.0540758818387985,0.0152513682842254,0.8267478942871094,0.1304406970739364,0.0448656380176544,-0.50904095,0.9370784163475036,-0.001963272690773,0.0568573772907257,-0.6186029,0.7844641804695129,0.1200216263532638,0.1184680163860321,0.9546009302139282,-0.1126544028520584,0.1198061406612396,0.9107533097267152,0.0230028131972447,0.1378072927811828,-0.0301615407069523,0.0590065940662666,0.0,0.0,0.0,0.0,0.0,1,1.0
crossover_06_05_03.mp4,361,0.0373394787311553,0.1573735546182703,0.0537057042121886,0.0990703105926513,-0.0011747479438781,0.9522863626480104,-0.0502321124076843,0.0148681998252868,0.8430117964744568,0.1582302451133728,0.0269740223884582,-0.4386314,0.9408453106880188,0.0002569556236267,0.0531474947929382,-0.5844064,0.8057527542114258,0.1200690865516662,0.1163463592529296,0.9575918912887572,-0.1127029359340667,0.120019793510437,0.9186893105506896,0.0267454058060362,0.1571175906046149,-0.0136114696661632,0.021927065650622,0.0,0.0,0.0,0.0,0.0,1,1.0
crossover_06_05_03.mp4,362,0.037382498383522,0.1568875664914095,0.0535309543212254,0.101810410618782,-0.0023526698350906,0.9554710984230042,-0.0502642542123794,0.0143516808748245,0.857767641544342,0.1642890125513076,0.0242666751146316,-0.4566801,0.9458237290382384,-0.0015611499547958,0.0508713275194168,-0.6028161,0.8249562382698059,0.121309295296669,0.1164388805627822,0.9609526991844176,-0.1133158355951309,0.1199092417955398,0.9261184334754944,0.0301857489762811,0.1584710363384265,-0.0001747498909632,-0.0004859881268607,0.0,0.0,0.0,0.0,0.0,1,1.0
crossover_06_05_03.mp4,363,0.0365882664918899,0.1635187852161902,0.0261073519786199,0.0999070256948471,-0.0101725310087203,0.9575694799423218,-0.0484469980001449,0.0142037719488143,0.8715938329696655,0.1550896614789962,0.0017482787370681,-0.36107588,0.9505643844604492,-0.0058471709489822,0.0503778308629989,-0.52628064,0.8423647284507751,0.1195546835660934,0.1174986213445663,0.9637904167175292,-0.1158518642187118,0.1198878735303878,0.9329296350479126,0.0257762405358929,0.1710961228462533,-0.0274236023426055,0.0066312187247806,0.0,0.0,0.0,0.0,0.0,1,1.0
crossover_06_05_03.mp4,364,0.0364644080400466,0.1568816742411366,0.0211718986431758,0.0950231999158859,-0.0136723071336746,0.9537236094474792,-0.0484877973794937,0.0148714929819107,0.8842082023620605,0.1394437998533249,-0.0022787302732467,0.09354331,0.9517824053764344,-0.0084711462259292,0.0512330085039138,-0.35239986,0.8580054640769958,0.1160542219877243,0.1173610836267471,0.9670603275299072,-0.1188047677278518,0.1206719428300857,0.9394518733024596,0.0292234744638767,0.1680631594445168,-0.004935453335444,-0.0066371109750535,1.0,0.0,1.0,0.0,0.0,1,1.0
crossover_06_05_03.mp4,365,0.0359707176685333,0.1572307022633375,0.0212903926769892,0.0955560058355331,-0.0142940133810043,0.951693832874298,-0.0469187647104263,0.0153357535600662,0.8955677151679993,0.1347529143095016,-0.0038839429616928,0.03983358,0.9535780549049376,-0.0070032030344009,0.0517115145921707,-0.38695788,0.8720558285713196,0.1164399236440658,0.1169333010911941,0.9699469804763794,-0.1184091120958328,0.1208686381578445,0.945319414138794,0.0337490462998086,0.1670276034310642,0.0001184940338134,0.0003490280222009,0.0,0.0,0.0,0.0,0.0,1,1.0
crossover_06_05_03.mp4,366,0.0354771763086319,0.1595701342379605,0.0484542369842528,0.1023140996694564,-0.0121126770973205,0.9543533325195312,-0.0451699942350387,0.0170610547065734,0.9056615233421326,0.1372435539960861,0.0101866126060485,-0.21228828,0.9571714401245116,-0.0003532916307449,0.0559617280960083,-0.5549319,0.8845553398132324,0.1128600090742111,0.1157939434051513,0.970746636390686,-0.1219179779291153,0.1209620237350463,0.9503456950187684,0.0443044835298662,0.1600995457969085,0.0271638443072635,0.0023394319746229,0.0,0.0,0.0,0.0,0.0,1,1.0
crossover_06_05_03.mp4,367,0.0349668711423873,0.1649396327910599,0.0812082240978876,0.1077679246664047,-0.0017610937356948,0.9581501483917236,-0.0440215617418289,0.0180486589670181,0.9147080779075624,0.1465439051389694,0.0395591408014297,-0.43304995,0.960990071296692,0.0005226582288742,0.0574048310518264,-0.60957706,0.8958016037940979,0.1109276860952377,0.1158192902803421,0.9698911905288696,-0.1243399530649185,0.1209530979394912,0.9543962478637696,0.0455307471417412,0.1661311019787917,0.0327539871136347,0.0053694985530994,0.0,0.0,0.0,0.25,0.0,0,1.0
crossover_06_05_03.mp4,368,0.0345704704523086,0.16409197571101,0.0812555164098739,0.1076136082410812,0.000762715935707,0.9616369605064392,-0.043528601527214,0.0187873095273971,0.923019289970398,0.1452450603246688,0.0414560288190841,-0.46068615,0.964344561100006,0.0009772628545761,0.0578672736883163,-0.6579433,0.9060498476028442,0.109469398856163,0.1133519858121872,0.971112847328186,-0.124929204583168,0.1207465380430221,0.9586209654808044,0.0440364102995388,0.1647829464715308,4.729231198630224e-05,-0.0008476570800498,0.0,0.0,0.0,0.75,0.0,0,1.0
crossover_06_05_03.mp4,369,0.0341846793889999,0.1726373711117992,0.1084560235341389,0.1120886355638504,0.0089645981788635,0.9640751481056212,-0.0456243604421615,0.0182069540023803,0.930268406867981,0.1634931117296219,0.0557932257652282,-0.5595002,0.9666279554367064,-0.0027408450841903,0.0568853020668029,-0.6696216,0.9150661826133728,0.1087952405214309,0.1134786605834961,0.970973253250122,-0.1256550997495651,0.1205780506134033,0.9621241688728333,0.053450797454273,0.1828033315581223,0.027200507124265,0.0085453954007891,0.0,0.0,0.0,1.0,0.0,0,1.0
crossover_06_05_03.mp4,370,0.0345249623060226,0.1776232543918822,0.0831175009409587,0.1120460480451583,0.0094358325004577,0.964492678642273,-0.0477086454629898,0.0166621208190917,0.9368855357170104,0.1664995402097702,0.0528424978256225,-0.5494236,0.965068221092224,-0.0050509124994277,0.056490421295166,-0.6752968,0.9233386516571044,0.1110953539609909,0.113349974155426,0.9718586802482604,-0.125119462609291,0.1203747987747192,0.9653967022895812,0.0322538808647724,0.1846045845040083,-0.0253385225931802,0.0049858832800829,0.0,0.0,0.0,0.75,0.0,1,1.0
crossover_06_05_03.mp4,371,0.0351590812206268,0.1775408254729377,0.0828849116961161,0.1128147840499877,0.0097922682762146,0.9644723534584044,-0.0488802194595336,0.0145675539970397,0.9424853920936584,0.1676262021064758,0.0540690422058105,-0.57035863,0.964741051197052,-0.0072938203811645,0.0557067394256591,-0.6715088,0.9306249618530272,0.1109981536865234,0.1129294633865356,0.9706451892852784,-0.1252060830593109,0.1201527118682861,0.9678774476051332,0.0304738263265562,0.1868221061758325,-0.0002325892448425,-8.242891894449933e-05,0.0,0.0,0.0,0.25,0.0,1,1.0
crossover_06_05_03.mp4,372,0.0364249795675277,0.1637935413254632,0.0625265796979268,0.1060418486595153,0.0068503022193908,0.960168480873108,-0.0522270500659942,0.0123441219329833,0.9477865695953368,0.1597702503204345,0.04227215051651,-0.5233512,0.9613350033760072,-0.0112383961677551,0.0540205836296081,-0.6353256,0.937347173690796,0.1095919609069824,0.1128348708152771,0.9718373417854308,-0.1272999346256256,0.1190717816352844,0.9706748723983764,0.0206501518632714,0.1752384978015508,-0.0203583319981892,-0.0137472841474745,0.0,0.0,0.0,0.0,0.0,1,1.0
crossover_06_05_03.mp4,373,0.0374820083379745,0.1438241162785777,0.062355849146843,0.093882218003273,0.0051542967557907,0.9559311866760254,-0.052443727850914,0.0113929957151412,0.9526972770690918,0.1434964090585708,0.0315946787595748,-0.3840996,0.9616739749908448,-0.015006884932518,0.052877053618431,-0.6246884,0.9435139298439026,0.1103957444429397,0.1125491112470626,0.9734801054000854,-0.1268956512212753,0.1181315630674362,0.9733326435089112,0.0307629159153774,0.1591135899613497,-0.0001707305510838,-0.0199694250468854,0.0,0.0,0.0,0.0,0.0,1,1.0
crossover_06_05_03.mp4,374,0.038123607635498,0.1440286674985179,0.0617518951495488,0.0899559408426284,0.0042305439710617,0.9517536163330078,-0.0527333468198776,0.0108606666326522,0.9571700096130372,0.137722447514534,0.0289961546659469,-0.38335136,0.9615692496299744,-0.0167091339826583,0.0521357506513595,-0.62159115,0.9490712285041808,0.1108281761407852,0.1122686117887497,0.9751132130622864,-0.1266097277402877,0.1173610538244247,0.9757649898529052,0.0333572622544997,0.1610251876571243,-0.0006039539972941,0.0002045512199402,0.0,0.0,0.0,0.25,0.25,1,1.0
crossover_06_05_03.mp4,375,0.0379562228918075,0.0587365520221215,0.09754032989343,0.0706105381250381,0.0047194510698318,0.947744071483612,-0.0491420179605484,0.0125674158334732,0.9601604342460632,0.0806192904710769,0.0532049685716629,-0.4756203,0.952757716178894,-0.0206154435873031,0.0596917420625686,-0.6481105,0.9535487294197084,0.1126520782709121,0.1136111766099929,0.9764506816864014,-0.1255385726690292,0.1174093037843704,0.9775661826133728,0.0494416677060659,0.0879161805812138,0.0357884347438812,-0.0852921154763963,0.0,0.0,0.0,0.75,0.75,0,1.0
crossover_06_05_03.mp4,376,0.0381430983543396,-0.0066716196360411,0.1255935291449229,0.0612528026103973,0.0102361738681793,0.9522135853767396,-0.0485347807407379,0.0131843388080596,0.9620121717453004,0.0386067926883697,0.0565244853496551,-0.4765872,0.9568314552307128,-0.0368247330188751,0.0600735247135162,-0.58067906,0.9553008675575256,0.1123502552509307,0.1139721572399139,0.9784904718399048,-0.1255367696285247,0.1178408563137054,0.9796327948570251,0.0825873321606406,0.0721254547810244,0.0280531992514928,-0.0654081716581627,0.0,0.0,0.0,1.0,1.0,0,1.0
crossover_06_05_03.mp4,377,0.0374276340007782,-0.0066357912840666,0.1264373610417047,0.0602332353591918,0.0127586871385574,0.956116795539856,-0.0479286611080169,0.015058234333992,0.9627676606178284,0.0373656749725341,0.0577860623598098,-0.48445022,0.9603145122528076,-0.0386071801185607,0.0620069056749343,-0.58922386,0.955010950565338,0.1123005151748657,0.1151258498430252,0.9803813099861144,-0.1256336271762848,0.1185939460992813,0.9815402626991272,0.081542196704783,0.0719267216184347,0.0008438318967818,3.58283519744651e-05,0.0,0.0,0.0,0.75,0.75,0,1.0
crossover_06_05_03.mp4,378,0.0364031046628952,-0.0862776979252143,0.0847978293895721,0.0546033084392547,0.0125999748706817,0.952142059803009,-0.0640887320041656,0.0098392069339752,0.9477011561393738,0.0067706406116485,0.0560065805912017,-0.5106674,0.949342668056488,-0.0861018002033233,0.0585282146930694,-0.59446967,0.8989837765693665,0.1166038215160369,0.1169092953205108,0.981541872024536,-0.1214381754398346,0.1204070150852203,0.9824519753456116,0.0974008691534131,0.0262702035833618,-0.0416395316521326,-0.0796419066411477,0.0,0.0,0.0,0.25,0.25,1,1.0
crossover_06_05_03.mp4,379,0.0379415303468704,-0.1121364037195841,0.0633871535460154,0.0543321967124938,0.0118208825588226,0.9543781280517578,-0.0755684673786163,0.0014890432357788,0.9435508251190186,0.0008746981620788,0.0434471666812896,-0.53755707,0.9515995979309082,-0.1129029691219329,0.0423375070095062,-0.51946455,0.8927334547042847,0.1200246810913086,0.1167167723178863,0.9814066886901855,-0.1177664101123809,0.1199529469013214,0.9815644025802612,0.114756752414283,0.0210635999256549,-0.0214106758435567,-0.0258587057943697,0.0,0.0,0.0,0.0,0.0,1,1.0
crossover_06_05_03.mp4,380,0.0385924130678176,-0.1113102975818846,0.0633164564768473,0.0551189333200454,0.011221170425415,0.9549005031585692,-0.077795073390007,2.282857894897461e-05,0.9296800494194032,0.0026718527078628,0.0395303964614868,-0.54174995,0.95035582780838,-0.1125488430261612,0.0406299829483032,-0.52561337,0.8557137846946716,0.1207803636789321,0.1165347099304199,0.9805703163146972,-0.1169709414243698,0.119696021080017,0.9799811840057372,0.1164375679741246,0.0227202569523073,-7.069706916806862e-05,0.0008261061376995,0.0,0.0,0.0,0.0,0.0,1,1.0
crossover_06_05_03.mp4,381,0.042940929532051,-0.1342352446582582,0.0244580417871475,0.0558665245771408,0.0094024688005447,0.956670880317688,-0.0865686684846878,-0.0131098181009292,0.911000669002533,-0.0028040558099746,0.0307167917490005,-0.52120835,0.9505571126937866,-0.1304600983858108,0.0073619037866592,-0.36401743,0.8146117329597473,0.123166486620903,0.1144921332597732,0.9802395701408386,-0.1142422705888748,0.1179987341165542,0.980028510093689,0.1315801252209396,0.0175079885740798,-0.0388584146896998,-0.0229249470763736,0.0,0.0,0.0,0.0,0.0,1,1.0
crossover_06_05_03.mp4,382,0.0436709374189376,-0.1272906808941452,0.0116757184267044,0.0582475364208221,0.0078542977571487,0.9521952867507936,-0.0923900008201599,-0.015175238251686,0.8457099199295044,9.617209434509276e-05,0.0280784517526626,-0.54592603,0.9386408925056458,-0.1227971017360687,-0.0003433674573898,-0.40757304,0.7391480207443237,0.1250446736812591,0.1141919642686843,0.9776039719581604,-0.1115566492080688,0.1175623685121536,0.975921630859375,0.1284385455183674,0.0128316280782733,-0.012782323360443,0.0069445637641129,0.0,0.0,0.0,0.0,0.0,1,1.0
crossover_06_05_03.mp4,383,0.0439384430646896,-0.1271336437375457,0.0114877512057621,0.0584049969911575,0.006609484553337,0.9383991360664368,-0.0925061553716659,-0.0148567110300064,0.7778821587562561,0.0005353838205337,0.0267041772603988,-0.5767298,0.9068596959114076,-0.1236585527658462,0.0002102702856063,-0.46305898,0.6676069498062134,0.1224526315927505,0.1108682602643966,0.9677254557609558,-0.1118047386407852,0.1173656433820724,0.9689639210700988,0.1285726262448655,0.0118007556184366,-0.0001879672209422,0.0001570371565995,0.0,0.0,0.0,0.0,0.0,1,1.0
crossover_06_05_03.mp4,384,0.0446145981550216,-0.1139616773084358,0.0104079782962799,0.0567785650491714,0.0037949979305267,0.936641812324524,-0.0964455753564834,-0.0150063335895538,0.7265628576278687,0.0045471936464309,0.0278779566287994,-0.5508222,0.8996827006340027,-0.1036768406629562,0.0018058121204376,-0.37736747,0.6073316931724548,0.123903289437294,0.1125498116016388,0.9643784165382384,-0.1103803664445877,0.116635650396347,0.9641240239143372,0.1197896182393782,0.0134080247516554,-0.0010797729094822,0.0131719664291098,0.0,0.0,0.0,0.0,0.0,1,1.0
crossover_06_05_03.mp4,385,0.0460603088140487,-0.1167370903271216,0.0277967820564906,0.0560432821512222,0.00187449157238,0.9380098581314088,-0.0997736603021621,-0.0136138349771499,0.7007659077644348,0.0068624168634414,0.0272367447614669,-0.5330604,0.8960645198822021,-0.0960413366556167,0.0065508931875228,-0.4410988,0.5569434762001038,0.1260559111833572,0.1126164644956588,0.9615683555603028,-0.1093344837427139,0.1156842559576034,0.958320140838623,0.1236007759665038,0.02965977096783,0.0173888037602106,-0.0027754130186857,0.0,0.0,0.0,0.0,0.0,1,1.0
crossover_06_05_03.mp4,386,0.0458397269248962,-0.1165227132814901,0.0279315173625945,0.0559559762477874,0.0018867552280426,0.9403655529022216,-0.099889725446701,-0.0117768943309783,0.6941370368003845,0.0069359242916107,0.0280220806598663,-0.5314357,0.9000738263130188,-0.0935457646846771,0.0117130577564239,-0.45091215,0.5304007530212402,0.1246372163295745,0.1123125851154327,0.9611029624938964,-0.1091170907020568,0.1160354316234588,0.9560914039611816,0.1234586707895281,0.0281243417490539,0.0001347353061039,0.0002143770456314,0.0,0.0,0.0,0.25,0.0,1,1.0
crossover_06_05_03.mp4,387,0.0457106232643127,-0.1412800638763993,0.1014802972475688,0.0582748055458068,0.000416487455368,0.9437246322631836,-0.1014595925807952,-0.0035395622253417,0.7221536040306091,0.0125199556350708,0.0325565934181213,-0.5294229,0.9067659378051758,-0.1210860311985015,0.0402434468269348,-0.51035076,0.5746312737464905,0.1256407499313354,0.1126095056533813,0.9586595892906188,-0.1084234118461608,0.1143850088119506,0.9453057050704956,0.1685376010013728,0.0644806234867119,0.0735487798849742,-0.0247573505949091,0.0,0.0,0.0,0.75,0.0,0,1.0
crossover_06_05_03.mp4,388,0.0442795306444168,-0.1533513704935709,0.1163072894016902,0.0596698522567749,0.0001278966665267,0.9421461224555968,-0.1057243645191192,0.0037652999162673,0.7484841346740723,0.0158252716064453,0.035856619477272,-0.5139779,0.9050984978675842,-0.140983372926712,0.0531287342309951,-0.5537182,0.6153619289398193,0.1257356405258178,0.1128968149423599,0.9570071697235109,-0.1082401275634765,0.1140758544206619,0.938993513584137,0.1873313815769388,0.0643777694337912,0.0148269921541214,-0.0120713066171716,0.0,0.0,0.0,1.0,0.0,0,1.0
crossover_06_05_03.mp4,389,0.0437295883893966,-0.1534355649241695,0.1164086153109867,0.0602402091026306,4.5046210289001465e-05,0.940341293811798,-0.1063170731067657,0.0047032088041305,0.7722098231315613,0.01708984375,0.0370962470769882,-0.5037902,0.9043127298355104,-0.1431336402893066,0.0537646859884262,-0.54836094,0.6522951722145081,0.1257039904594421,0.1131381243467331,0.9575589299201964,-0.1083086133003234,0.1140131801366806,0.9372560381889344,0.1880674526822169,0.0634853647083511,0.0001013259092965,-8.41944305985387e-05,0.0,0.0,0.0,0.75,0.0,0,1.0
crossover_06_05_03.mp4,390,0.0417775511741638,-0.1652720053990682,0.0632750689983367,0.0627774000167846,-0.00044646859169,0.943555474281311,-0.1044915318489074,0.0039311945438385,0.7774355411529541,0.0300118923187255,0.0372420251369476,-0.53171027,0.9105720520019532,-0.1511332988739013,0.0529136955738067,-0.5434345,0.6571615934371948,0.1256471872329712,0.114440768957138,0.9592816233634948,-0.1084119975566864,0.1159522235393524,0.9388989210128784,0.1970114719516169,0.0175288642372331,-0.0531335463126499,-0.0118364404748987,0.0,0.0,0.0,0.25,0.0,1,1.0
crossover_06_05_03.mp4,391,0.038465067744255,-0.1628148873647054,0.0529700080553691,0.0648615956306457,0.0016941726207733,0.9472101926803588,-0.102575272321701,0.0067104697227478,0.7708375453948975,0.0383574366569519,0.040326178073883,-0.5276442,0.9180883169174194,-0.1525563597679138,0.0355518460273742,-0.5452087,0.6551995277404785,0.1254615783691406,0.1175357699394226,0.9600105285644532,-0.1086039245128631,0.1193244457244873,0.9397895932197572,0.2015692694556276,0.0202145926718204,-0.0103050609429676,0.0024571180343628,0.0,0.0,0.0,0.0,0.0,1,1.0
crossover_06_05_03.mp4,392,0.0377398133277893,-0.1630165640954618,0.0536380996306736,0.0662290751934051,0.0018970221281051,0.9506366848945618,-0.1015067398548126,0.0064581781625747,0.763834536075592,0.0404869616031646,0.0407813340425491,-0.5260674,0.9250149726867676,-0.1511767506599426,0.0308761745691299,-0.536439,0.655190646648407,0.1252869665622711,0.1181823760271072,0.9602825045585632,-0.1087816059589386,0.1202615052461624,0.9399449229240416,0.2039092479343679,0.0256570928730289,0.0006680915753045,-0.0002016767307564,0.0,0.0,0.0,0.0,0.0,1,1.0
crossover_06_05_03.mp4,393,0.0379960387945175,-0.135496339753822,0.0585405826568603,0.0658542811870575,0.0024614036083221,0.9529345631599426,-0.0925092995166778,0.0044555962085723,0.724675178527832,0.0451032221317291,0.0415529012680053,-0.51946914,0.9309211373329164,-0.1371567249298095,0.0306001305580139,-0.4629585,0.6154203414916992,0.1252438724040985,0.1170688867568969,0.9590004086494446,-0.1087259948253631,0.1199791431427002,0.9351879954338074,0.181396755958375,0.027989743521879,0.0049024830261866,0.0275202243416398,0.0,0.0,0.0,0.0,0.0,1,1.0
crossover_06_05_03.mp4,394,0.0383129715919494,-0.104476679916735,0.0797410567601522,0.0662366449832916,0.0027123987674713,0.954639196395874,-0.0836884975433349,0.0100085139274597,0.7154126167297363,0.0458363592624664,0.0457233190536499,-0.5333835,0.9342092275619508,-0.103631854057312,0.0548006892204284,-0.5550801,0.5750279426574707,0.1257807910442352,0.117017388343811,0.957459032535553,-0.1087433993816375,0.1194159984588623,0.9285023808479308,0.1541142959817698,0.0249546721827647,0.0212004741032918,0.0310196598370869,0.0,0.0,0.0,0.25,0.25,1,1.0
crossover_06_05_03.mp4,395,0.0385466814041137,-0.1040402284374943,0.0794746716817219,0.0664591193199157,0.0033106505870819,0.956372082233429,-0.0807896554470062,0.0110501050949096,0.7035285830497742,0.0456549525260925,0.0469928979873657,-0.5424352,0.937262237071991,-0.0965052247047424,0.0565484166145324,-0.5621493,0.5364567637443542,0.1262173056602478,0.116743266582489,0.95369952917099,-0.1088923811912536,0.1187328100204467,0.9162716865539552,0.1531786957316597,0.0241327464798024,-0.0002663850784302,0.0004364514792407,0.0,0.0,0.0,0.75,0.75,1,1.0
crossover_06_05_03.mp4,396,0.0406064391136169,0.0012278592145001,0.1136955181757609,0.0617520213127136,0.0048301815986633,0.9590253233909608,-0.0593456029891967,0.0081858038902282,0.6941815614700317,0.0571846961975097,0.0503710508346557,-0.5420478,0.9399423599243164,-0.039187341928482,0.053060233592987,-0.54694253,0.5052037835121155,0.1225912570953369,0.1146947741508483,0.9536758065223694,-0.1124043762683868,0.1165568232536315,0.9196770191192628,0.0845053594109735,0.0728699267178284,0.034220846494039,0.1052680876519945,0.0,0.0,0.0,1.0,1.0,0,1.0
crossover_06_05_03.mp4,397,0.0399156957864761,0.0428561649940631,0.0892339011033376,0.0617426931858062,0.0074911415576934,0.9620766043663024,-0.0547102987766265,0.0087092816829681,0.7212808728218079,0.0809114277362823,0.0654400885105133,-0.5394858,0.9441977739334106,-0.0162282288074493,0.0522896945476532,-0.5583998,0.5510962009429932,0.1208617985248565,0.1158030927181243,0.9551141858100892,-0.1141311526298523,0.1176322400569915,0.9249704480171204,0.0448814944056208,0.0696838574486321,-0.0244616170724233,0.041628305779563,0.0,0.0,0.0,0.75,0.75,0,1.0
crossover_06_05_03.mp4,398,0.0396847575902938,0.0411960195612024,0.0894041717052459,0.061125099658966,0.0090033113956451,0.9655826091766356,-0.0548230409622192,0.0086033046245574,0.7466886043548584,0.082897663116455,0.0673933327198028,-0.53797007,0.949495255947113,-0.0155448615550994,0.0492948591709136,-0.5638349,0.5932101011276245,0.1194109320640564,0.1167173683643341,0.9573490619659424,-0.1157776117324829,0.1181958615779876,0.930715024471283,0.0471540465713436,0.0694858585744686,0.0001702706019083,-0.0016601454328607,0.0,0.0,0.0,0.25,0.25,0,1.0
crossover_06_05_03.mp4,399,0.0416381508111953,0.1130528203867099,0.0419115404287974,0.0832891315221786,-0.005709558725357,0.96588397026062,-0.0502279251813888,0.0090449154376983,0.770129382610321,0.1218681782484054,0.0235335528850555,-0.3672024,0.948599934577942,0.004771813750267,0.0400263369083404,-0.53133446,0.6327131986618042,0.1188769787549972,0.1147451102733612,0.9565149545669556,-0.1148906797170639,0.1184833347797393,0.935475528240204,0.0203828594752475,0.1082974163612176,-0.0474926312764485,0.0718568008255075,0.0,0.0,0.0,0.0,0.0,1,1.0
crossover_06_05_03.mp4,400,0.0426644533872604,0.140481518595307,0.0191210289796193,0.0914640128612518,-0.0148157477378845,0.9614505171775818,-0.0470996797084808,0.0086815059185028,0.7908551096916199,0.1399355828762054,0.0034492313861846,-0.34162083,0.9394178986549376,0.0053965151309967,0.0340062081813812,-0.47307062,0.6678230166435242,0.119890958070755,0.1146772801876068,0.9591091275215148,-0.1140300035476684,0.1187255680561065,0.9411277770996094,0.0156813036964078,0.1359026369163648,-0.022790511449178,0.027428698208597,0.0,0.0,0.0,0.0,0.0,1,1.0
crossover_06_05_03.mp4,401,0.0434562861919403,0.1408486968941158,0.0188425292571385,0.0928134024143219,-0.0163224190473556,0.9573416709899902,-0.0464424490928649,0.0080257803201675,0.8107560873031616,0.1424479782581329,0.0012701302766799,-0.3044485,0.9305343627929688,0.0098598301410675,0.0326454788446426,-0.47863373,0.7004927396774292,0.1208401620388031,0.1144051700830459,0.9608758091926576,-0.1136345863342285,0.1186340004205703,0.9461440443992616,0.017645024987506,0.131714101866744,-0.0002784997224807,0.0003671782988088,0.0,0.0,0.0,0.0,0.0,1,1.0
crossover_06_05_03.mp4,402,0.0445262491703033,0.16365117640407,-0.017659235994021,0.0986932963132858,-0.0260094851255416,0.946597695350647,-0.0486424416303634,0.0083186775445938,0.8287829160690308,0.1453257650136947,-0.0292200893163681,-0.3444483,0.9104960560798644,0.0058488696813583,0.0344965606927871,-0.48576903,0.7297863364219666,0.1200675219297409,0.1154257804155349,0.9631614685058594,-0.1148208230733871,0.1192090064287185,0.950806438922882,0.0216673494495131,0.1661980599617349,-0.0365017652511596,0.0228024795099541,0.0,0.0,0.0,0.0,0.0,1,1.0
crossover_06_05_03.mp4,403,0.0424773246049881,0.1615893688466814,-0.0238934497038523,0.0993953049182891,-0.0251557230949401,0.9250522255897522,-0.0499776303768157,0.0107177197933197,0.8451573252677917,0.1336047351360321,-0.0346937477588653,-0.31493247,0.8795315623283386,0.0044820606708526,0.0394988358020782,-0.50921065,0.7562159895896912,0.1182579100131988,0.1180761754512786,0.9656468629837036,-0.1166273057460784,0.1220128834247589,0.9552451372146606,0.0299964358215493,0.1694145452548872,-0.0062342137098312,-0.0020618075573886,0.0,0.0,0.0,0.0,0.0,1,1.0
crossover_06_05_03.mp4,404,0.0424736738204956,0.1603931721713808,-0.0235773762067159,0.0952548533678054,-0.0282310545444488,0.8799537420272827,-0.051258310675621,0.0106924176216125,0.8602753281593323,0.1088171750307083,-0.0336142480373382,-0.070023626,0.8024460673332214,0.0024166852235794,0.0403764843940734,-0.44052392,0.7800098061561584,0.1172058135271072,0.1179880499839782,0.968456208705902,-0.1178666800260543,0.1222019791603088,0.9594513773918152,0.0525435274529508,0.1704308267717846,0.0003160734971364,-0.0011961966753005,0.0,0.0,0.0,0.0,0.0,1,1.0
crossover_06_05_03.mp4,405,0.0423981696367263,0.1616318909106431,-0.0095526218414306,0.1004337817430496,-0.0211555957794189,0.8493899703025818,-0.0488299876451492,0.010391354560852,0.8737465143203735,0.1387434750795364,-0.0231735408306121,-0.5706435,0.7484790086746216,0.002617135643959,0.044046938419342,-0.60721797,0.8013690710067749,0.115894928574562,0.1171522736549377,0.969024896621704,-0.1191803663969039,0.1217796802520752,0.9628875255584716,0.0266347332137474,0.167805259907643,0.0140247543652852,0.0012387187392622,0.0,0.0,0.0,0.0,0.0,1,1.0
crossover_06_05_03.mp4,406,0.0419488698244094,0.1686777627026593,0.0161021888256073,0.1004185676574707,-0.0185638964176177,0.8528478145599365,-0.0447238087654113,0.0112392008304595,0.8861744999885559,0.1457728743553161,-0.0139407813549041,-0.3774686,0.7583271265029907,0.0067053437232971,0.0484319627285003,-0.5707219,0.8211241364479065,0.1148926019668579,0.1158693134784698,0.9714022278785706,-0.1201069355010986,0.1216958463191986,0.9664626717567444,0.0377784855105569,0.1651674265423974,0.025654810667038,0.0070458717920162,0.0,0.0,0.0,0.0,0.0,1,1.0
crossover_06_05_03.mp4,407,0.0417474955320358,0.1687826876287107,0.0160151431957881,0.1006508469581604,-0.0171225816011428,0.8490938544273376,-0.043121725320816,0.0113904625177383,0.897373616695404,0.1410637497901916,-0.0127817243337631,-0.3494624,0.7581422328948975,0.0071779489517211,0.0495943576097488,-0.5582054,0.8389313220977783,0.1148872971534729,0.114772155880928,0.9734839200973512,-0.1201116740703582,0.1213907748460769,0.9696217775344848,0.0399699774131811,0.165056521238989,-8.70456298192046e-05,0.0001049249260514,0.0,0.0,0.0,0.25,0.0,1,1.0
crossover_06_05_03.mp4,408,0.040715292096138,0.1857123867229179,0.0996554593245188,0.1086391508579254,-0.0051596164703369,0.8633896112442017,-0.0442440211772918,0.0114853680133819,0.907483160495758,0.1535733640193939,0.0352043807506561,-0.4643781,0.7815000414848328,0.0034826695919036,0.0520084202289581,-0.5809569,0.854974627494812,0.1124854385852813,0.114059954881668,0.9750990271568298,-0.1225252449512481,0.1214487254619598,0.9724289774894714,0.0720198466373808,0.1883558072909442,0.0836403161287306,0.0169296990942071,0.0,0.0,0.0,0.75,0.0,0,1.0
crossover_06_05_03.mp4,409,0.038795530796051,0.1901275202080056,0.1209107667207718,0.1155081987380981,0.002423420548439,0.8753829002380371,-0.0463156700134277,0.0112236887216568,0.9162696599960328,0.1656440496444702,0.0503079444169998,-0.5289097,0.8018203377723694,-0.0015191435813903,0.0519200712442398,-0.60203755,0.8692736625671387,0.1127411127090454,0.1129714995622634,0.9744284749031068,-0.1226859390735626,0.1209055334329605,0.9740450382232666,0.0747274972690341,0.2036864251832737,0.021255307396253,0.0044151334850877,0.0,0.0,0.0,1.0,0.0,0,1.0
crossover_06_05_03.mp4,410,0.0385036319494247,0.1890876933380409,0.1207797408103943,0.1164310574531555,0.0038139820098876,0.8857029676437378,-0.0482113361358642,0.0101113319396972,0.9239605665206908,0.1653881669044494,0.0509694218635559,-0.54783744,0.819516122341156,-0.0050045251846313,0.0515393018722534,-0.62858284,0.8820884227752686,0.1150895953178405,0.1132175922393798,0.97188001871109,-0.1237132847309112,0.1202532649040222,0.9746372699737548,0.0737234574924142,0.2060728698189046,-0.0001310259103775,-0.0010398268699646,0.0,0.0,0.0,0.75,0.0,0,1.0
crossover_06_05_03.mp4,411,0.0381403714418411,0.1906315983445555,0.0638628373543421,0.1120153218507766,0.0026434510946273,0.8942623138427734,-0.0513602346181869,0.0088849514722824,0.931155800819397,0.1672907620668411,0.0375018566846847,-0.5059424,0.8354498147964478,-0.0157651156187057,0.0502396076917648,-0.61725706,0.8937224745750427,0.1146211773157119,0.1129961460828781,0.973395824432373,-0.1239475160837173,0.119090124964714,0.9766778349876404,0.0352093160968673,0.2068458264535971,-0.0569169034560521,0.0015439050065145,0.0,0.0,0.0,0.25,0.0,1,1.0
crossover_06_05_03.mp4,412,0.0372745245695114,0.1868408400703359,0.0485302040974299,0.1099906116724014,0.0007291287183761,0.9009137153625488,-0.0555186718702316,0.0085466653108596,0.9372832775115968,0.1654578596353531,0.0331988483667373,-0.39521646,0.8503940105438232,-0.0260832458734512,0.0500644594430923,-0.61248153,0.903965175151825,0.1148014217615127,0.115019753575325,0.9740346670150756,-0.1236786693334579,0.1183415204286575,0.9783602952957152,0.0263112584424215,0.2129296135216118,-0.0153326332569122,-0.0037907582742195,0.0,0.0,0.0,0.0,0.0,1,1.0
crossover_06_05_03.mp4,413,0.0376718640327453,0.1870852319178757,0.0473359068234761,0.1090913563966751,-0.0012310445308685,0.905665934085846,-0.0566239804029464,0.0078123211860656,0.9427465200424194,0.1645137220621109,0.0262482166290283,-0.40012944,0.8633269667625427,-0.0278850644826889,0.049324631690979,-0.59659874,0.913158357143402,0.1149473935365676,0.1145060062408447,0.9745909571647644,-0.1236380487680435,0.1171556115150451,0.9799141883850098,0.0308895408658966,0.2149794952109276,-0.0011942972739538,0.0002443918475397,0.0,0.0,0.0,0.0,0.0,1,1.0
crossover_06_05_03.mp4,414,0.037875086069107,0.1564662009477615,0.0463404208421707,0.0947503000497818,-0.0021487921476364,0.9091953039169312,-0.0565596371889114,0.0111667066812515,0.9480161070823668,0.1479322463274002,0.0247672945261001,-0.37123713,0.8743833303451538,-0.0332370549440383,0.0510513335466384,-0.5908844,0.9216852188110352,0.1150622516870498,0.1139175444841384,0.976181983947754,-0.1236773282289505,0.1160147935152053,0.9815167784690856,0.0231997448372072,0.1897617400701702,-0.0009954859813053,-0.0306190309701142,0.0,0.0,0.0,0.0,0.0,1,1.0
crossover_06_05_03.mp4,415,0.0380289405584335,0.1195538347518002,0.0660119334856669,0.0817498713731765,0.0041800737380981,0.8838748931884766,-0.0559405833482742,0.0126986503601074,0.9494520425796508,0.1084620505571365,0.0424842238426208,-0.49615434,0.8390251994132996,-0.0325189381837844,0.0574414134025573,-0.62552637,0.927134931087494,0.1147007495164871,0.1118389964103698,0.9748715758323668,-0.1240797787904739,0.1154996752738952,0.9813153743743896,0.02601116678791,0.1523140902307232,0.0196715126434962,-0.0369123661959612,0.0,0.0,0.0,0.25,0.25,1,1.0
crossover_06_05_03.mp4,416,0.0377813875675201,0.1193499846590889,0.066085210442543,0.0787642151117324,0.0057534724473953,0.8753840327262878,-0.0553729385137558,0.0140132457017898,0.9513759613037108,0.0986234694719314,0.0525326877832412,-0.51098824,0.8293341398239136,-0.0328261405229568,0.0585628300905227,-0.6211184,0.9329369068145752,0.1144364029169082,0.1111514717340469,0.9732462763786316,-0.1243356019258499,0.1156073361635208,0.9809277057647704,0.0247640728119257,0.1523619351464864,7.327695687608937e-05,-0.0002038500927112,0.0,0.0,0.0,0.75,0.75,1,1.0
crossover_06_05_03.mp4,417,0.0378652065992355,0.0024941147477538,0.116094700495402,0.0598510652780532,0.010427713394165,0.8779393434524536,-0.0524434298276901,0.0141931772232055,0.9442614912986756,0.0720237642526626,0.0717830061912536,-0.49618462,0.8258099555969238,-0.0424329489469528,0.0600689649581909,-0.50714916,0.9274746179580688,0.1165263801813125,0.1127988100051879,0.9742212295532228,-0.1214995831251144,0.1157475709915161,0.9810968041419984,0.0824493687809661,0.0718145117278795,0.050009490052859,-0.1168558699113351,0.0,0.0,0.0,1.0,1.0,0,1.0
crossover_06_05_03.mp4,418,0.0359471887350082,-0.0530350229254475,0.1139645129442215,0.0464839190244674,0.0127029567956924,0.8874614238739014,-0.0548994690179824,0.0153414756059646,0.9443572759628296,0.0226699560880661,0.0595281869173049,-0.48324648,0.8396506309509277,-0.0612982064485549,0.0607291609048843,-0.5322215,0.9260032773017884,0.1165582984685897,0.1145243793725967,0.9763242602348328,-0.1202053278684616,0.117404356598854,0.982540488243103,0.0932446107758796,0.0538728401765557,-0.0021301875511805,-0.0555291376732013,0.0,0.0,0.0,0.75,0.75,0,1.0
crossover_06_05_03.mp4,419,0.0335545986890792,-0.0522564130800741,0.1159031103054683,0.0441931784152984,0.0147212892770767,0.8936441540718079,-0.0553115904331207,0.0170844942331314,0.9458749294281006,0.0203124582767486,0.0587328225374221,-0.465286,0.8495856523513794,-0.0642969012260437,0.0618577152490615,-0.52904034,0.9272910356521606,0.117264300584793,0.1163955479860305,0.97840815782547,-0.1194353103637695,0.1195704489946365,0.9840648174285888,0.0923833474901418,0.0553703718751852,0.0019385973612467,0.0007786098453733,0.0,0.0,0.0,0.25,0.25,0,1.0
crossover_06_05_03.mp4,420,0.0348329842090606,-0.1222442399572443,0.0772391259670257,0.0421128571033477,0.0133932530879974,0.9031282663345336,-0.0794920623302459,0.0091571509838104,0.9475324749946594,-0.0065633952617645,0.0541588962078094,-0.4669407,0.8636829257011414,-0.1131797432899475,0.0498684346675872,-0.46661383,0.9278809428215028,0.1196820437908172,0.1165184080600738,0.979638397693634,-0.1170335412025451,0.1195586621761322,0.9847463965415956,0.117960819068019,0.0288326176758301,-0.0386639843384425,-0.0699878268771701,0.0,0.0,0.0,0.0,0.0,1,1.0
crossover_06_05_03.mp4,421,0.0375598818063735,-0.1367196108456011,0.0580403178930282,0.0448859184980392,0.0118450373411178,0.9090177416801452,-0.0909109264612197,0.0019851773977279,0.9262003898620604,-0.0142535418272018,0.042994424700737,-0.56538826,0.8694008588790894,-0.1391563266515731,0.0352110713720321,-0.5109597,0.8726587891578674,0.1218979209661483,0.1159055680036544,0.9800392985343932,-0.1136122494935989,0.1188748329877853,0.9838042259216307,0.123386858954968,0.0229589215913005,-0.0191988080739975,-0.0144753708883568,0.0,0.0,0.0,0.0,0.0,1,1.0
crossover_06_05_03.mp4,422,0.038123533129692,-0.1353095118646268,0.0582539190848668,0.0474342405796051,0.0114661008119583,0.9121670126914978,-0.0915956497192382,0.0005242377519607,0.9010154008865356,-0.0123208463191986,0.0402122288942337,-0.59970176,0.8680034279823303,-0.141870766878128,0.0327012687921524,-0.52169,0.8118836879730225,0.1234655678272247,0.1161567121744155,0.9798343777656556,-0.1123515963554382,0.1191682368516922,0.982239842414856,0.124304925234602,0.0263815845682922,0.0002136011918386,0.0014100989809742,0.0,0.0,0.0,0.0,0.0,1,1.0
crossover_06_05_03.mp4,423,0.0405963957309722,-0.1365880875675766,0.0266393681367238,0.0504179298877716,0.009003072977066,0.9157000184059144,-0.0942040383815765,-0.0112879276275634,0.8728981018066406,-0.0079570710659027,0.030708223581314,-0.61188346,0.8718054294586182,-0.1375218331813812,0.0073991119861602,-0.50916225,0.7701481580734253,0.1259580552577972,0.1150228083133697,0.9737198948860168,-0.1095342636108398,0.1181205213069915,0.9733454585075378,0.1286953534160534,0.0192629005502961,-0.031614550948143,-0.0012785757029498,0.0,0.0,0.0,0.0,0.0,1,1.0
crossover_06_05_03.mp4,424,0.0435131192207336,-0.1248552761696003,0.0158701926469803,0.0514831840991973,0.0043904930353164,0.9149704575538636,-0.0945360958576202,-0.0169340521097183,0.7992505431175232,-0.0043952763080596,0.0257589966058731,-0.5909185,0.8615111112594604,-0.1160995364189148,-0.0045882016420364,-0.3954148,0.6974197626113892,0.1273498833179474,0.1126772314310073,0.9697219133377076,-0.1084737181663513,0.1157190948724746,0.9672993421554564,0.1208652142279976,0.0222532890932241,-0.0107691754897435,0.0117328113979763,0.0,0.0,0.0,0.0,0.0,1,1.0
crossover_06_05_03.mp4,425,0.043320894241333,-0.1240932588224058,0.016038429737091,0.0526604652404785,0.0038176178932189,0.921186089515686,-0.0969003736972808,-0.0163280367851257,0.7373558282852173,-0.0035533905029296,0.0256354808807373,-0.5117958,0.8713330030441284,-0.1176130771636962,-0.0023385286331176,-0.11396332,0.6375123858451843,0.1280978918075561,0.1128901243209838,0.9712399244308472,-0.1076894700527191,0.1166165471076965,0.9677066802978516,0.1209213101365115,0.0194860296948931,0.0001682370901107,0.0007620173471944,0.0,0.0,0.0,0.0,0.0,1,1.0
crossover_06_05_03.mp4,426,0.0444136708974838,-0.1047048768511524,0.0307517309983571,0.0548048168420791,0.0022160112857818,0.9253013134002686,-0.0969564169645309,-0.0129244029521942,0.7334977984428406,0.0031748563051223,0.0268608629703521,-0.5190756,0.8771356344223022,-0.1044122129678726,0.0103106796741485,-0.33497906,0.6253304481506348,0.1310088187456131,0.1114981472492218,0.9636263847351074,-0.1040778309106826,0.1154227554798126,0.9552521109580994,0.1079498757751968,0.0204431463182042,0.0147133012612661,0.0193883819712533,0.0,0.0,0.0,0.0,0.0,1,1.0
crossover_06_05_03.mp4,427,0.044862225651741,-0.1085428861556229,0.0602120081583659,0.0536087900400161,0.0012598931789398,0.930759847164154,-0.0977531820535659,-0.0116239190101623,0.7584916353225708,0.0033872872591018,0.0284865498542785,-0.4837516,0.888195276260376,-0.1047831624746322,0.020698070526123,-0.4504103,0.6622862219810486,0.1305712014436721,0.1112729310989379,0.9617253541946412,-0.1043753176927566,0.1153562664985656,0.9461170434951782,0.1163394534337116,0.0396924021616503,0.0294602771600087,-0.0038380093044704,0.0,0.0,0.0,0.25,0.0,0,1.0
crossover_06_05_03.mp4,428,0.0449071079492569,-0.108671971934813,0.0597933779160181,0.0530887097120285,0.0005305558443069,0.9352148771286012,-0.0989837199449539,-0.0119019895792007,0.780504047870636,0.0039628595113754,0.0290461629629135,-0.45732656,0.8978203535079956,-0.1055115908384323,0.0238476246595382,-0.45062584,0.6953235864639282,0.1304387301206588,0.1110544651746749,0.9580142498016356,-0.1052827984094619,0.1149711459875106,0.93308687210083,0.1167561410902386,0.0360844174935676,-0.0004186302423477,-0.00012908577919,0.0,0.0,0.0,0.75,0.0,0,1.0
crossover_06_05_03.mp4,429,0.0445653796195983,-0.1202198562798676,0.120216981569926,0.0541064143180847,-0.0004515945911407,0.9354596138000488,-0.1003263890743255,0.000948429107666,0.7995814681053162,0.0085362195968627,0.0313300490379333,-0.4794572,0.9005719423294067,-0.1261408925056457,0.0497313141822814,-0.5288808,0.7231858968734741,0.1299723982810974,0.1115159392356872,0.9557008147239684,-0.1059062778949737,0.108859121799469,0.92009299993515,0.1564577062663305,0.0707339238065345,0.0604236036539078,-0.0115478843450546,0.0,0.0,0.0,1.0,0.0,0,1.0
crossover_06_05_03.mp4,430,0.0439732819795608,-0.124649781540588,0.089132476846377,0.0545923560857772,-0.0014239996671676,0.9372512102127076,-0.0986547321081161,0.0035750716924667,0.8166632652282715,0.0139785856008529,0.031619057059288,-0.4909507,0.9066548347473145,-0.1332263797521591,0.048603817820549,-0.5108113,0.749107837677002,0.1309140771627426,0.1121756881475448,0.9562516808509828,-0.1057247370481491,0.1112987846136093,0.91859233379364,0.150085367814148,0.0414262023279295,-0.0310845047235489,-0.0044299252607204,0.0,0.0,0.0,0.75,0.0,0,1.0
crossover_06_05_03.mp4,431,0.0437036752700805,-0.1248885177903705,0.089355143904686,0.054920807480812,-0.0020333975553512,0.9374628663063048,-0.0982574373483657,0.0039654821157455,0.8320727944374084,0.0182494670152664,0.0318803042173385,-0.49291727,0.9103339910507202,-0.1334016472101211,0.0486408323049545,-0.517569,0.7722201347351074,0.1308149248361587,0.1124857515096664,0.957282304763794,-0.1059137135744094,0.1128911226987838,0.9182516932487488,0.1542460368739017,0.0415948138781441,0.0002226670583089,-0.0002387362497824,0.0,0.0,0.0,0.25,0.0,0,1.0
crossover_06_05_03.mp4,432,0.0410019308328628,-0.1202582274322156,0.0578223407268524,0.0596204847097396,-0.0019387602806091,0.941573679447174,-0.0960875004529953,0.0063438713550567,0.8115471601486206,0.0322438925504684,0.0344524681568145,-0.5301661,0.9177082180976868,-0.1274179965257644,0.037684291601181,-0.5303754,0.7463780641555786,0.1301039904356002,0.1148987710475921,0.9558558464050292,-0.1067152172327041,0.1165590584278106,0.9130123257637024,0.1542823630333447,0.0213729575880572,-0.0315328031778335,0.0046302903581548,0.0,0.0,0.0,0.0,0.0,1,1.0
crossover_06_05_03.mp4,433,0.0401529222726821,-0.1032547789591329,0.0557881822188695,0.0623320639133453,-0.0007733553647994,0.94441020488739,-0.087490975856781,0.0047219544649124,0.7749274373054504,0.0416537821292877,0.0362516790628433,-0.5616604,0.9242005348205566,-0.1189642548561096,0.031651571393013,-0.52603537,0.701229453086853,0.1298787891864776,0.1154949814081192,0.9522638320922852,-0.106963962316513,0.117504671216011,0.901848316192627,0.1462195815623953,0.0287986738430182,-0.0020341585079829,0.0170034484730826,0.0,0.0,0.0,0.0,0.0,1,1.0
crossover_06_05_03.mp4,434,0.0397176593542099,-0.10349452274817,0.0561860471963882,0.0633499026298523,-7.052719593048096e-05,0.9462509751319884,-0.0840994119644165,0.0034049004316329,0.7409017086029053,0.042643666267395,0.0375220328569412,-0.5721696,0.9292784333229064,-0.1156305968761444,0.0306149274110794,-0.54635984,0.659309983253479,0.1296546459197998,0.1158068925142288,0.9508328437805176,-0.1072116792201995,0.1182397156953811,0.8951113820075989,0.1473252039537434,0.0283048840717339,0.0003978649775187,-0.000239743789037,0.0,0.0,0.0,0.0,0.0,1,1.0
crossover_06_05_03.mp4,435,0.0393610149621963,-0.033127134044965,0.0857462932666143,0.062733843922615,0.0045533329248428,0.9505921602249146,-0.0606447607278823,0.0086807459592819,0.7487486004829407,0.0465966612100601,0.048556849360466,-0.5295601,0.9352319240570068,-0.0327269285917282,0.0471983402967453,-0.54052836,0.6436150074005127,0.1291126757860183,0.1165765970945358,0.9534801840782166,-0.1086029559373855,0.1185934990644455,0.902724266052246,0.0879712354574706,0.0385500303835422,0.0295602460702261,0.0703673887032049,0.0,0.0,0.0,0.25,0.25,0,1.0
crossover_06_05_03.mp4,436,0.0375489592552185,0.0194132977061801,0.1146295169989267,0.0626997351646423,0.0080388486385345,0.9542450904846193,-0.0463020205497741,0.0133202970027923,0.772745668888092,0.0565994381904602,0.0581220090389251,-0.51003146,0.940544843673706,-0.0130544602870941,0.0628480613231659,-0.53439504,0.6778796911239624,0.1291187405586242,0.1183924376964569,0.9552537798881532,-0.1089643239974975,0.1198765337467193,0.9095421433448792,0.0676454543924885,0.0611185279682897,0.0288832237323124,0.0525404317511452,0.0,0.0,0.0,0.75,0.75,0,1.0
crossover_06_05_03.mp4,437,0.0369651764631271,0.0186091428553616,0.1149266223112742,0.0619935244321823,0.0094226896762847,0.957362949848175,-0.0453119724988937,0.0140759646892547,0.7945683598518372,0.0576969236135482,0.0587780773639678,-0.51264036,0.9450218677520752,-0.0126158148050308,0.0647803843021392,-0.5471697,0.7091354131698608,0.1283234804868698,0.1187967956066131,0.957108736038208,-0.1097300201654434,0.1202105581760406,0.9160969257354736,0.0684142799735534,0.0590732017700252,0.0002971053123475,-0.0008041548508185,0.0,0.0,0.0,1.0,1.0,0,1.0
crossover_06_05_03.mp4,438,0.0364883244037628,0.0986742107956497,0.094443533817927,0.0735282301902771,0.0092759430408477,0.9612396359443665,-0.033502459526062,0.0155239999294281,0.8140865564346313,0.0988747477531433,0.0652432739734649,-0.52592003,0.9501424431800842,0.0135354399681091,0.0585910975933074,-0.5843887,0.7374878525733948,0.1264208555221557,0.1183914840221405,0.9596792459487916,-0.1112401485443115,0.1204193532466888,0.9227035641670228,0.0292009484444499,0.0923796919309914,-0.0204830884933472,0.0800650679402881,0.0,0.0,0.0,0.75,0.75,1,1.0
crossover_06_05_03.mp4,439,0.0362970381975173,0.1238363143470552,0.0758368015289306,0.0885348170995712,0.00749272108078,0.9644105434417723,-0.0295709818601608,0.0152274966239929,0.832011342048645,0.1220364421606063,0.0584402084350585,-0.47362298,0.954491376876831,0.0198889225721359,0.0582717657089233,-0.558634,0.7634936571121216,0.1240230649709701,0.1173756718635559,0.9617965221405028,-0.1121462136507034,0.1206864714622497,0.9295976758003236,0.0174894537124894,0.1054210165961545,-0.0186067322889963,0.0251621035514054,0.0,0.0,0.0,0.25,0.25,1,1.0
crossover_06_05_03.mp4,440,0.0363323539495468,0.1230286711895907,0.0758230278889338,0.0901244431734085,0.006682351231575,0.9672128558158876,-0.0305318385362625,0.0147571116685867,0.8481724858283997,0.1204299479722976,0.0561305433511734,-0.4613751,0.9583550095558168,0.019903615117073,0.0572931915521621,-0.5516792,0.786871612071991,0.1226447373628616,0.1173043996095657,0.9633244276046752,-0.1131020933389663,0.1210295706987381,0.9356430768966676,0.0198632149872579,0.1047765814704194,-1.3773639996883524e-05,-0.0008076431574645,0.0,0.0,0.0,0.0,0.0,1,1.0
crossover_06_05_03.mp4,441,0.0360051840543746,0.1529873011288819,0.0427373240391413,0.1016550958156585,-0.0030316561460494,0.9683974981307985,-0.0320294201374053,0.0139799267053604,0.8628283143043518,0.1572562158107757,0.0212729722261428,-0.34108686,0.9615077376365662,0.0205268561840057,0.0466820746660232,-0.4702618,0.8080535531044006,0.1210337579250335,0.114947572350502,0.9645515084266664,-0.113894373178482,0.1213837414979934,0.941369354724884,0.0218847442597225,0.1325191704339521,-0.0330857038497924,0.0299586299392912,0.0,0.0,0.0,0.0,0.0,1,1.0
crossover_06_05_03.mp4,442,0.0362879633903503,0.1532927129003737,0.0286983639001846,0.0993808507919311,-0.0089755803346633,0.9679129123687744,-0.03677698969841,0.0136304646730422,0.8761768937110901,0.1470555663108825,0.0038235038518905,-0.120368704,0.9639305472373962,0.0157621502876281,0.0434916764497756,-0.4047969,0.8271269202232361,0.1187418103218078,0.114750400185585,0.9670371413230896,-0.1156451404094696,0.1211906224489212,0.947009265422821,0.0256448953985197,0.1383238871228256,-0.0140389601389566,0.0003054117714917,0.0,0.0,0.0,0.0,0.0,1,1.0
crossover_06_05_03.mp4,443,0.0363695472478866,0.152469927293283,0.0285378674666086,0.0994605422019958,-0.009660929441452,0.9679431319236756,-0.0393619239330291,0.0133112967014312,0.8881772756576538,0.1462186574935913,0.0030742287635803,-0.07775453,0.9660412669181824,0.012539267539978,0.0420192182064056,-0.35000402,0.8442875146865845,0.1179510951042175,0.1146300733089447,0.96907377243042,-0.1155708730220794,0.1211487352848053,0.9520774483680724,0.0262197496194548,0.1405785771615456,-0.0001604964335759,-0.0008227856070907,0.0,0.0,0.0,0.0,0.0,1,1.0
crossover_06_05_03.mp4,444,0.0361814945936203,0.1350281122657988,0.0152003119389215,0.0953707844018936,-0.0108719319105148,0.9492051601409912,-0.0429252535104751,0.0125411301851272,0.8988544344902039,0.1298499256372451,-0.0006922632455825,-0.08594469,0.9533414244651794,0.0068423300981521,0.042529359459877,-0.3833652,0.8595398664474487,0.1128391176462173,0.1148388534784317,0.9716455340385436,-0.1215049475431442,0.1209408193826675,0.956775963306427,0.0167148904499924,0.1310666684872015,-0.0133375555276871,-0.0174418150274842,0.0,0.0,0.0,0.0,0.0,1,1.0
crossover_06_05_03.mp4,445,0.0359321385622024,0.1319580750332938,0.0266698906819026,0.0949522107839584,-0.0099406689405441,0.9456483125686646,-0.0409535616636276,0.0115264803171157,0.9087398052215576,0.1219286769628524,0.0053574293851852,-0.024210494,0.9530620574951172,0.0047430843114852,0.0425082594156265,-0.34172127,0.8733773231506348,0.1115887612104415,0.1144020706415176,0.9740288257598876,-0.1226954311132431,0.1205966025590896,0.9610261917114258,0.0235544015457716,0.1281971442290944,0.011469578742981,-0.0030700372325049,0.0,0.0,0.0,0.0,0.0,1,1.0
crossover_06_05_03.mp4,446,0.0359798669815063,0.1310941781158801,0.0266462634007136,0.095961257815361,-0.0089484006166458,0.9337112307548524,-0.0409159511327743,0.011009469628334,0.917224109172821,0.1238921135663986,0.0077030807733535,-0.05463191,0.9439767599105836,0.0028233379125595,0.0431577712297439,-0.3439102,0.8856290578842163,0.1108833998441696,0.1144126206636428,0.9757706522941588,-0.1232921034097671,0.1202066093683242,0.9647761583328248,0.0202660776133028,0.1293291859452225,-2.3627281188987048e-05,-0.0008638969174137,0.0,0.0,0.0,0.0,0.0,1,1.0
crossover_06_05_03.mp4,447,0.0358785390853881,0.1348101905098667,0.0881999065478642,0.1024328768253326,-0.0007153898477554,0.9398210048675536,-0.0376507937908172,0.0114034861326217,0.9253441095352172,0.1309120953083038,0.0406260937452316,-0.3785214,0.9493061304092408,0.0038630068302154,0.0501350611448287,-0.5597375,0.8969998359680176,0.1091983616352081,0.1142524927854538,0.9769494533538818,-0.1247567236423492,0.1202722638845443,0.9679867625236512,0.0477332463884489,0.1363675084805369,0.0615536431471506,0.0037160123939866,0.0,0.0,0.0,0.25,0.0,0,1.0
crossover_06_05_03.mp4,448,0.0348263680934906,0.1427292011402271,0.1266863971948624,0.1056309342384338,0.0081489235162734,0.9444218277931212,-0.0364865064620971,0.0117280036211013,0.9325575232505798,0.1389503479003906,0.0533082634210586,-0.4395472,0.9533870220184326,0.0014580488204956,0.0525542646646499,-0.5941425,0.9072383046150208,0.1087932586669921,0.1103285700082779,0.9756048321723938,-0.1251901090145111,0.1203566938638687,0.969852328300476,0.0734753717100802,0.1595403132478489,0.0384864906469981,0.0079190106303603,0.0,0.0,0.0,0.75,0.0,0,1.0
crossover_06_05_03.mp4,449,0.0346357524394989,0.1424568365017573,0.1267754803101222,0.1059579998254776,0.0081687420606613,0.9447951316833496,-0.0370125323534011,0.011527881026268,0.938442885875702,0.1393665820360183,0.0552700608968734,-0.49360052,0.9532161951065063,0.0003011971712112,0.0529154390096664,-0.61240125,0.916259229183197,0.1082904487848281,0.1090358942747116,0.9661371111869812,-0.1254443973302841,0.1199993342161178,0.9687057733535768,0.0715721641291335,0.1601984128959501,8.908311525979151e-05,-0.0002723646384698,0.0,0.0,0.0,1.0,0.0,0,1.0
