Video_ID,Frame_ID,Norm_Torso_Height,Rel_Ball_X,Rel_Ball_Y,Rel_LeftElbow_X,Rel_LeftElbow_Y,LeftElbow_Vis,Rel_RightElbow_X,Rel_RightElbow_Y,RightElbow_Vis,Rel_LeftWrist_X,Rel_LeftWrist_Y,Rel_LeftWrist_Z,LeftWrist_Vis,Rel_RightWrist_X,Rel_RightWrist_Y,Rel_RightWrist_Z,RightWrist_Vis,Rel_LeftAnkle_X,Rel_LeftAnkle_Y,LeftAnkle_Vis,Rel_RightAnkle_X,Rel_RightAnkle_Y,RightAnkle_Vis,Dist_Ball_L_Wrist,Dist_Ball_R_Wrist,Delta_Ball_Y,Delta_Ball_X,Left_Wrist_Behind,Right_Wrist_Behind,Hands_Behind_Back_Count,Dribble,Crossover,Hand_Touch,Ball_Detected
crossover_11_05_01_fps30.mp4,0,0.2042917609214782,0.1245526539067091,-0.0552589250773918,0.0733400881290435,-0.0979735851287841,0.9188178777694702,-0.0791603624820709,-0.0933245122432708,0.993194818496704,0.1081808507442474,-0.0356380939483642,-0.3446015119552612,0.8587544560432434,-0.0673809945583343,-0.0055978298187255,-0.3011733293533325,0.9952232241630554,0.1284736692905426,0.2620030641555786,0.9880768060684204,-0.1402472853660583,0.2560625672340393,0.9938802719116212,0.0255541181218254,0.1982542554282081,0.0,0.0,0.0,0.0,0.0,0,0,1,1.0
crossover_11_05_01_fps30.mp4,1,0.2043414562940597,0.1244820569531391,-0.0551549962381037,0.0728425085544586,-0.0987124443054199,0.9224650859832764,-0.0791544914245605,-0.0928632318973541,0.9934309124946594,0.1078731119632721,-0.0367712378501892,-0.3387923836708069,0.8678826689720154,-0.0674541592597961,-0.00382861495018,-0.2790532112121582,0.9954228401184082,0.1290927231311798,0.2630128562450409,0.9882572889328004,-0.1403363049030304,0.2563632428646087,0.993829071521759,0.0247753834711321,0.1986804180342189,0.0001039288392881,-7.059695356992357e-05,0.0,0.0,0.0,0,0,1,1.0
crossover_11_05_01_fps30.mp4,2,0.2038953006267547,0.118437482441886,-0.0451440508772687,0.0726756751537323,-0.098455011844635,0.9250749349594116,-0.0793980360031127,-0.0926496088504791,0.9935512542724608,0.1068112552165985,-0.035293161869049,-0.3459416627883911,0.8745694756507874,-0.0654199719429016,-0.0070255994796752,-0.3028689324855804,0.9955453872680664,0.1293867528438568,0.2639570832252502,0.9883655309677124,-0.1405060887336731,0.2566608190536499,0.993745505809784,0.0152384111293231,0.1877673557086134,0.0100109453608349,-0.0060445745112531,0.0,0.0,0.0,0,0,1,1.0
crossover_11_05_01_fps30.mp4,3,0.2035705745220184,0.1183112580897444,-0.0450465988822099,0.0725588798522949,-0.0982888340950012,0.9270402789115906,-0.0796265304088592,-0.0925126671791076,0.9936714768409728,0.1061742305755615,-0.0344284176826477,-0.3485781252384186,0.8799652457237244,-0.0645209550857544,-0.0082183182239532,-0.3078382015228271,0.9956662654876708,0.1295779347419738,0.2646528780460357,0.9885066151618958,-0.1406207084655761,0.2568510472774505,0.993709146976471,0.0161261653491079,0.1865045319312492,9.745199505878376e-05,-0.0001262243521416,0.0,0.0,0.0,0,0,1,1.0
crossover_11_05_01_fps30.mp4,4,0.2020845562219619,0.1112342923374499,-0.0328322382961831,0.0733320116996765,-0.0971971154212951,0.9289433360099792,-0.0797238647937774,-0.0925633907318115,0.9938231706619264,0.1057470440864563,-0.0317382216453552,-0.3940122127532959,0.8838749527931213,-0.0602823495864868,-0.0121349394321441,-0.3554588854312897,0.9958298802375792,0.1299612522125244,0.2650632560253143,0.9884784817695618,-0.140340656042099,0.2567780315876007,0.9934970140457152,0.0055952449276436,0.1727609233511192,0.0122143605860268,-0.0070769657522944,0.0,0.0,0.0,0,0,1,1.0
crossover_11_05_01_fps30.mp4,5,0.2010981440544128,0.1114127452090635,-0.0328384139188905,0.0741179585456848,-0.0961147546768188,0.930189609527588,-0.0797126293182373,-0.0925757586956024,0.9939547181129456,0.1055976152420044,-0.0303958654403686,-0.4000121355056762,0.886292040348053,-0.0587990880012512,-0.0138952434062957,-0.3594656586647033,0.995963454246521,0.1303126811981201,0.2655893862247467,0.9883463382720948,-0.1401083171367645,0.2567873895168304,0.9932489991188048,0.0063072798894387,0.1712626984310513,-6.175622707438322e-06,0.0001784528716135,0.0,0.0,0.0,0,0,1,1.0
crossover_11_05_01_fps30.mp4,6,0.2006369084119796,0.1115855222031221,-0.0329113873039804,0.07465061545372,-0.0952978730201721,0.9314064383506776,-0.0795966982841491,-0.0926640927791595,0.9941428303718568,0.1053343117237091,-0.0294670760631561,-0.3937591016292572,0.8880847692489624,-0.0580942928791046,-0.0147240161895751,-0.3553740382194519,0.9961147904396056,0.1305281221866607,0.2656314969062805,0.9881944060325624,-0.1400256156921386,0.2576923370361328,0.9931196570396424,0.0071372902688339,0.1706517509854257,-7.29733850898251e-05,0.0001727769940585,0.0,0.0,0.0,0,0,1,1.0
crossover_11_05_01_fps30.mp4,7,0.1992003917694091,0.1009830547591387,-0.0192430379914074,0.076018750667572,-0.0943114459514617,0.9328113794326782,-0.0792630314826965,-0.0923421382904052,0.9943668246269226,0.1022431850433349,-0.0278154015541076,-0.4529795050621032,0.8882767558097839,-0.0532514452934265,-0.0157936811447143,-0.3981465399265289,0.9962287545204164,0.1308633089065551,0.2659191489219665,0.988231360912323,-0.1392285823822021,0.2578020095825195,0.9930892586708068,0.0086644876007908,0.1542730665706771,0.0136683493125729,-0.0106024674439834,0.0,0.0,0.0,0,0,1,1.0
crossover_11_05_01_fps30.mp4,8,0.1980914622545242,0.1011636430934324,-0.0190184357689647,0.0769251585006713,-0.0932654738426208,0.9337637424468994,-0.079067438840866,-0.092038482427597,0.9945800304412842,0.1005329489707946,-0.0273343026638031,-0.4524950385093689,0.8872107267379761,-0.0517462790012359,-0.0164896249771118,-0.3889541029930115,0.9963148832321168,0.1310397982597351,0.2665302157402038,0.9885817766189576,-0.1386732459068298,0.2580175399780273,0.9932579398155212,0.0083397492341795,0.1529308312898956,0.0002246022224426,0.0001805883342936,0.0,0.0,0.0,0,0,1,1.0
crossover_11_05_01_fps30.mp4,9,0.196697399020195,0.0897225324380195,-0.0041046455139066,0.0778052508831024,-0.0934077799320221,0.9332658648490906,-0.0777953267097473,-0.0926986038684845,0.9945162534713744,0.09297576546669,-0.0143432915210723,-0.4259003400802612,0.8797440528869629,-0.0463874638080596,-0.0176762640476226,-0.392871230840683,0.9961130619049072,0.1317619383335113,0.265225201845169,0.9882727265357972,-0.1376352310180664,0.256778746843338,0.993097484111786,0.0107430627476005,0.1367849403543109,0.0149137902550581,-0.0114411106554128,0.0,0.0,0.0,0,0,1,1.0
crossover_11_05_01_fps30.mp4,10,0.1962238997220993,0.0904150960809093,-0.0046049091874099,0.0784782171249389,-0.093972623348236,0.933480739593506,-0.076844185590744,-0.0926668345928192,0.9945416450500488,0.0933582186698913,-0.0148330926895141,-0.435778796672821,0.876060426235199,-0.044280856847763,-0.018143892288208,-0.4110826849937439,0.99611097574234,0.132447600364685,0.2647192478179931,0.9881911277770996,-0.1368404030799865,0.2564504146575928,0.9930808544158936,0.0106432000980199,0.1353746793117783,-0.0005002636735033,0.0006925636428898,0.0,0.0,0.0,0,0,1,1.0
crossover_11_05_01_fps30.mp4,11,0.1962678432464599,0.0906752552016306,-0.0049554576234119,0.0787825584411621,-0.094753473997116,0.9365333914756776,-0.0765272974967956,-0.0926156044006347,0.994556486606598,0.0934747457504272,-0.0170380175113677,-0.437171071767807,0.8815338015556335,-0.0436955988407135,-0.0184774696826934,-0.3943747282028198,0.9960565567016602,0.132587730884552,0.264072984457016,0.987722873687744,-0.1366623640060424,0.2562541663646698,0.9930105805397034,0.0124026368478174,0.1350495139798745,-0.000350548436002,0.0002601591207213,0.0,0.0,0.0,0,0,1,1.0
crossover_11_05_01_fps30.mp4,12,0.1933469921350479,0.0766670811984499,0.0138816078988517,0.0796335637569427,-0.092301994562149,0.9371002912521362,-0.0744360983371734,-0.0906513333320617,0.9946228265762328,0.0908028185367584,-0.0127364695072174,-0.3917583525180816,0.8796014189720154,-0.0377844274044036,-0.0148384869098663,-0.353963702917099,0.995802104473114,0.1333896219730377,0.2636120021343231,0.9871930480003356,-0.1360373497009277,0.2562311589717865,0.9926931858062744,0.0301386979628042,0.1179999646919049,0.0188370655222637,-0.0140081740031807,0.0,0.0,0.0,0,0,1,1.0
crossover_11_05_01_fps30.mp4,13,0.192263051867485,0.0772496716450836,0.0131312556383086,0.0802063345909118,-0.0916360020637512,0.93826162815094,-0.0730465650558471,-0.0900509357452392,0.9946502447128296,0.0905259847640991,-0.0130127668380737,-0.381699800491333,0.8799558877944946,-0.0359104871749877,-0.0135001540184021,-0.3297730982303619,0.9955812692642212,0.1339316368103027,0.2623048424720764,0.9857460856437684,-0.1354599595069885,0.2555397748947143,0.9922865629196168,0.029321841710229,0.1162516818135864,-0.000750352260543,0.0005825904466337,0.0,0.0,0.0,0,0,1,1.0
crossover_11_05_01_fps30.mp4,14,0.187084823846817,0.0591557643171084,0.0390292526745215,0.0802009999752044,-0.0858595669269561,0.9428077340126038,-0.0668396353721618,-0.0820670425891876,0.9947763681411744,0.0890075862407684,0.0004922449588775,-0.2850988209247589,0.8897138833999634,-0.0249963700771331,0.0015430748462677,-0.3384375274181366,0.995602250099182,0.1341024935245514,0.2634629905223846,0.985238254070282,-0.1353221833705902,0.2560645639896393,0.9922481775283812,0.0487466125575665,0.0921238039340428,0.0258979970362128,-0.0180939073279752,0.0,0.0,0.0,0,0,1,1.0
crossover_11_05_01_fps30.mp4,15,0.1847938150167465,0.0592369816060793,0.039370195458575,0.0801982581615448,-0.0833975076675415,0.9469404220581056,-0.0647993981838226,-0.0789142251014709,0.9949471950531006,0.0887958705425262,0.0048871636390686,-0.2766232192516327,0.8982776999473572,-0.0231973826885223,0.0054462552070617,-0.3439032435417175,0.9957329034805298,0.134197860956192,0.2642262578010559,0.9850769639015198,-0.1353195905685424,0.2564257979393005,0.9921994805336,0.0454181395328154,0.0891417867155653,0.0003409427840534,8.121728897092506e-05,0.0,0.0,0.0,0,0,1,1.0
crossover_11_05_01_fps30.mp4,16,0.1832987070083618,0.0593080126633078,0.0395058567931012,0.0802733898162841,-0.0821287631988525,0.9505544304847716,-0.0642723441123962,-0.0779053568840026,0.9951783418655396,0.0886475443840026,0.0060898065567016,-0.2749136388301849,0.9062591195106506,-0.0229704976081848,0.0062626600265502,-0.345969945192337,0.9959266781806946,0.1342133283615112,0.2645089626312256,0.9852622747421264,-0.1355814039707183,0.2572677731513977,0.9923865795135498,0.0444684217731103,0.0887404269978218,0.0001356613345262,7.10310572284989e-05,0.0,0.0,0.0,0,0,1,1.0
crossover_11_05_01_fps30.mp4,17,0.1777168363332748,0.0480385739924543,0.0602732345825288,0.0788284540176391,-0.0749630033969879,0.9528060555458068,-0.0599251687526702,-0.0638778805732727,0.9953837990760804,0.0782963633537292,0.0142140090465545,-0.3027026057243347,0.9097703099250792,-0.0105290412902832,0.0158190429210662,-0.3814280033111572,0.9958909153938292,0.1340447068214416,0.2645773589611053,0.9856259226799012,-0.1361521482467651,0.2576983869075775,0.9926644563674928,0.0551088565840829,0.0735278227352123,0.0207673777894276,-0.0112694386708535,0.0,0.0,0.0,0,0,1,1.0
crossover_11_05_01_fps30.mp4,18,0.1759006381034851,0.0479501136278701,0.0603287496217866,0.0782316923141479,-0.0726637542247772,0.955436646938324,-0.0586050748825073,-0.0612619817256927,0.9955739378929138,0.0759711861610412,0.0161661505699157,-0.3084332346916199,0.914509415626526,-0.0083404779434204,0.0179876685142517,-0.3973422348499298,0.9958068132400512,0.1339878439903259,0.2646351456642151,0.985853910446167,-0.1364239454269409,0.258544385433197,0.9929564595222472,0.0523021573257312,0.0704371908071347,5.55150392578252e-05,-8.846036458420858e-05,0.0,0.0,0.0,0,0,1,1.0
crossover_11_05_01_fps30.mp4,19,0.1709479391574859,0.0458273380489672,0.0832543707475429,0.076811134815216,-0.0620502531528472,0.957971692085266,-0.0518596768379211,-0.0491133034229278,0.9958460927009584,0.0700041055679321,0.0284610390663146,-0.3637137115001678,0.9182740449905396,0.0004549026489257,0.0308337211608886,-0.4842941462993622,0.995908260345459,0.1339671611785888,0.2647527456283569,0.9860920906066896,-0.136746346950531,0.2594534754753113,0.993298888206482,0.0598901100716568,0.0693295203879107,0.0229256211257562,-0.0021227755789029,0.0,0.0,0.0,0,0,1,1.0
crossover_11_05_01_fps30.mp4,20,0.1698187887668609,0.0458276157662019,0.0828926000653244,0.076044887304306,-0.0608777999877929,0.9592165946960448,-0.0502942204475402,-0.0463961660861969,0.996082067489624,0.0692180693149566,0.0295427143573761,-0.3791177570819855,0.9185178279876708,0.0027267634868621,0.0332390964031219,-0.5027790069580078,0.9959862232208252,0.133970707654953,0.2643530070781708,0.9862838983535768,-0.1369751095771789,0.2593117654323578,0.9935370087623596,0.0582522413497334,0.0657506950011771,-0.0003617706822185,2.777172347645518e-07,0.0,0.0,0.0,0,0,1,1.0
crossover_11_05_01_fps30.mp4,21,0.1698512285947799,0.0458533268863872,0.0825670264116147,0.0754730701446533,-0.0615268945693969,0.9611429572105408,-0.0500430464744567,-0.0459568202495574,0.9963166117668152,0.0695957541465759,0.0282195508480072,-0.3707830011844635,0.9219467043876648,0.0034579038619995,0.033468097448349,-0.5025171637535095,0.9960771203041076,0.1341379284858703,0.2641238272190094,0.9861826300621032,-0.1370865106582641,0.2590101063251495,0.9936403036117554,0.0593072588503487,0.0648696902933611,-0.0003255736537096,2.571112018523447e-05,0.0,0.0,0.0,0,0,1,1.0
crossover_11_05_01_fps30.mp4,22,0.1659876555204391,0.0571854894444093,0.082020909030263,0.0724571347236633,-0.0581187009811401,0.9627220630645752,-0.0486395359039306,-0.0409175157546997,0.9964614510536194,0.0714501142501831,0.0313416719436645,-0.4135002195835113,0.9235571622848512,0.0104730725288391,0.0377439260482788,-0.5518348813056946,0.995757520198822,0.1341670155525207,0.2632819414138794,0.986276924610138,-0.1372508704662323,0.2582011818885803,0.9938402771949768,0.0526485003825289,0.06436226469043,-0.0005461173813516,0.0113321625580221,0.0,0.0,0.0,0,0,1,1.0
crossover_11_05_01_fps30.mp4,23,0.1651361733675003,0.0573389717077804,0.0819517288266158,0.0714872777462005,-0.059933453798294,0.9629615545272828,-0.0478180944919586,-0.0393278300762176,0.9965537786483764,0.0719334185123443,0.0301410853862762,-0.4060478210449219,0.9204947352409364,0.0120980441570281,0.0386681854724884,-0.5429218411445618,0.9952372908592224,0.1342794597148895,0.2626736462116241,0.9862105250358582,-0.1374020874500274,0.2581519782543182,0.9940126538276672,0.0538269509747045,0.0626115536537869,-6.918020364721222e-05,0.000153482263371,0.0,0.0,0.0,0,0,1,1.0
crossover_11_05_01_fps30.mp4,24,0.1600298285484314,0.0724827431016049,0.066205930855216,0.0720148682594299,-0.0588919818401336,0.9606170058250428,-0.048246145248413,-0.0370920896530151,0.9960159063339232,0.0750826597213745,0.0287795364856719,-0.4938676655292511,0.9164026379585266,0.014061152935028,0.0361993610858917,-0.5419065952301025,0.9931583404541016,0.1345056295394897,0.2625576555728912,0.9845414757728576,-0.1373527944087982,0.2581624090671539,0.993186354637146,0.0375165904892008,0.0656770616495044,-0.0157457979713997,0.0151437713938245,0.0,0.0,0.0,0,0,1,1.0
crossover_11_05_01_fps30.mp4,25,0.1582659780979156,0.0724908069028692,0.0659178690212528,0.072296917438507,-0.0588032603263855,0.961129069328308,-0.0484545528888702,-0.0365017652511596,0.9955477714538574,0.077193796634674,0.0259610414505004,-0.5268363952636719,0.9197692275047302,0.0142763257026672,0.0348193049430847,-0.5475932955741882,0.9908929467201232,0.1344186663627624,0.2619081735610962,0.9832358360290528,-0.1373560726642608,0.2574337720870971,0.9924328923225404,0.0402326506948808,0.0660003523409731,-0.0002880618339632,8.063801264279746e-06,0.0,0.0,0.0,0,0,1,1.0
crossover_11_05_01_fps30.mp4,26,0.1574585437774658,0.0724812626838684,0.0658652160225845,0.0724673867225647,-0.0586983859539032,0.9581742882728576,-0.0484988987445831,-0.0362718105316162,0.995201826095581,0.0784817337989807,0.0247159004211425,-0.5009470582008362,0.9127525687217712,0.0139930844306945,0.0341866016387939,-0.5446457862854004,0.9891282916069032,0.1344174742698669,0.261511743068695,0.982126772403717,-0.1373554468154907,0.2571405172348022,0.9918251633644104,0.0415845142820061,0.0665161755113141,-5.265299866830109e-05,-9.544219000789944e-06,0.0,0.0,0.0,0,0,1,1.0
crossover_11_05_01_fps30.mp4,27,0.1533798575401306,0.0832990564532198,0.0449646989019906,0.0738804042339325,-0.0590580105781555,0.954864263534546,-0.0485022366046905,-0.0314984321594238,0.9952091574668884,0.0881831347942352,0.0125978887081146,-0.51717209815979,0.9110121726989746,0.0153129994869232,0.0333882868289947,-0.5479534268379211,0.9896631240844728,0.1345686614513397,0.2619079649448395,0.9826588034629822,-0.137236088514328,0.2574914395809173,0.9919940233230592,0.032733234233231,0.0689646087374411,-0.0209005171205939,0.0108177937693514,0.0,0.0,0.0,0,0,1,1.0
crossover_11_05_01_fps30.mp4,28,0.1524237245321273,0.0835193382481397,0.0443886982231604,0.0751673877239227,-0.0601840317249298,0.951084554195404,-0.0482530891895294,-0.0314269065856933,0.9952324628829956,0.0920601785182952,0.0078984797000885,-0.4911637008190155,0.9078387022018432,0.0158589780330657,0.032090812921524,-0.5537506341934204,0.990079700946808,0.134792298078537,0.2617854177951813,0.9835678339004515,-0.1370237171649933,0.257072240114212,0.9923444390296936,0.0374764192577393,0.068768905235766,-0.0005760006788301,0.0002202817949198,0.0,0.0,0.0,0,0,1,1.0
crossover_11_05_01_fps30.mp4,29,0.1479248106479644,0.096690485740112,0.0284289562120669,0.0779456794261932,-0.05957692861557,0.9486740827560424,-0.0483319461345672,-0.0264667570590972,0.9953302145004272,0.0976919829845428,-0.0157395899295806,-0.6363605856895447,0.9073261022567748,0.0160688459873199,0.0316108763217926,-0.6018772125244141,0.9905004501342772,0.1348675191402435,0.2618868052959442,0.9844598770141602,-0.1365193724632263,0.2574110329151153,0.9927108883857728,0.044179898879439,0.0806844062506112,-0.0159597420110935,0.0131711474919723,0.0,0.0,0.0,0,0,1,1.0
crossover_11_05_01_fps30.mp4,30,0.146945521235466,0.0964966903298588,0.0283098626427533,0.0786251425743103,-0.0598922669887542,0.945684254169464,-0.0485893189907074,-0.0238090455532073,0.9953139424324036,0.0989084243774414,-0.0196355283260345,-0.6264375448226929,0.9054203629493712,0.0157042741775512,0.0311662256717681,-0.5684612989425659,0.9907661080360411,0.1347436308860778,0.2618069350719452,0.9848644733428956,-0.136605829000473,0.2573338449001312,0.9929404258728028,0.0480060097932144,0.0808428928074767,-0.0001190935693136,-0.0001937954102532,0.0,0.0,0.0,0,0,1,1.0
crossover_11_05_01_fps30.mp4,31,0.1463613659143448,0.0965077066825608,0.0283310724467765,0.0788349509239196,-0.0600217580795288,0.9440329670906068,-0.0486048758029937,-0.023747444152832,0.9953524470329284,0.098817765712738,-0.020509660243988,-0.621263325214386,0.9059894680976868,0.0156657695770263,0.0310180187225341,-0.5643662214279175,0.9911811947822572,0.1347527503967285,0.2617978453636169,0.985634982585907,-0.1365589201450348,0.2575302720069885,0.9933446049690248,0.0488953325225795,0.0808865778436941,2.1209804023203382e-05,1.1016352701953558e-05,0.0,0.0,0.0,0,0,1,1.0
crossover_11_05_01_fps30.mp4,32,0.1394798159599304,0.1055044095394974,0.0187111337010453,0.0795663595199585,-0.0576082170009613,0.929593861103058,-0.0496756136417388,-0.0200481414794921,0.9951406121253968,0.09764164686203,-0.0223327875137329,-0.6776385307312012,0.8799607753753662,0.014501929283142,0.031781792640686,-0.6049321293830872,0.9907382726669312,0.1335832476615905,0.262631893157959,0.9859881401062012,-0.1373637616634369,0.2585400938987732,0.9936305284500122,0.041790268072927,0.0919363559095353,-0.0096199387457311,0.0089967028569366,0.0,0.0,0.0,0,0,1,1.0
crossover_11_05_01_fps30.mp4,33,0.1377814710140228,0.1047256176754579,0.0191402002078731,0.0790094137191772,-0.057716280221939,0.9198453426361084,-0.0504443645477294,-0.0181131362915039,0.9950478672981262,0.0967072248458862,-0.0249000787734985,-0.6718196272850037,0.8607680201530457,0.013523519039154,0.0320919752120971,-0.6107273101806641,0.9905959963798524,0.1329148411750793,0.2635256648063659,0.9861673712730408,-0.1381113231182098,0.2596592903137207,0.9938724040985109,0.0447642803619847,0.0921171605697122,0.0004290665068277,-0.0007787918640395,0.0,0.0,0.0,0,0,1,1.0
crossover_11_05_01_fps30.mp4,34,0.131718635559082,0.1126978669126155,0.0183571802406776,0.0793074667453765,-0.0514650642871856,0.9050168991088868,-0.0513057112693786,-0.0145762264728546,0.994983434677124,0.1001440584659576,-0.0232730209827423,-0.6894797086715698,0.8390957117080688,0.0126253068447113,0.0335273444652557,-0.6311305165290833,0.9907242059707642,0.1323458850383758,0.2643831670284271,0.9860805869102478,-0.1387889981269836,0.2597734034061432,0.9939521551132202,0.0434818555309892,0.1012158641772373,-0.0007830199671954,0.0079722492371575,0.0,0.0,0.0,0,0,1,1.0
crossover_11_05_01_fps30.mp4,35,0.1295294314622879,0.1123551940513869,0.0186298983853038,0.0790574550628662,-0.04884934425354,0.8954260349273682,-0.0516658127307891,-0.0132436752319335,0.9951183199882508,0.1006773710250854,-0.0209851264953613,-0.6797926425933838,0.8220289349555969,0.0121300816535949,0.0344740748405456,-0.6225741505622864,0.9911430478096008,0.1318954825401306,0.2646242976188659,0.9861449599266052,-0.1391439437866211,0.2600366473197937,0.9942445158958436,0.0413003843436031,0.101469754521704,0.0002727181446261,-0.0003426728612285,0.0,0.0,0.0,0,0,1,1.0
crossover_11_05_01_fps30.mp4,36,0.1283210217952728,0.1122365468639438,0.01901810837955,0.0787382125854492,-0.0488248169422149,0.8804082870483398,-0.0518084168434143,-0.0117393136024475,0.9951463341712952,0.1008285880088806,-0.0214143395423889,-0.6767491102218628,0.7994301915168762,0.0118530988693237,0.0353063941001892,-0.609993040561676,0.9913959503173828,0.1316789388656616,0.2646428346633911,0.986147940158844,-0.13925501704216,0.2603127956390381,0.9945074915885924,0.0420110029658793,0.1016963366252972,0.0003882099942462,-0.0001186471874431,0.0,0.0,0.0,0,0,1,1.0
crossover_11_05_01_fps30.mp4,37,0.1224794387817382,0.1203828884383378,0.0263384914979701,0.0795925259590148,-0.0376227498054504,0.8658313751220703,-0.0519408881664276,-0.0088477730751037,0.9952335953712464,0.1007851958274841,-0.0088684558868408,-0.6631079912185669,0.7713708877563477,0.0112375617027282,0.0410109162330627,-0.6004282832145691,0.9917774200439452,0.1313745379447937,0.2637069225311279,0.9864096641540528,-0.1394093632698059,0.2601211071014404,0.9948307871818542,0.0402939040032901,0.1101271192569293,0.00732038311842,0.008146341574394,0.0,0.0,0.0,0,0,1,1.0
crossover_11_05_01_fps30.mp4,38,0.1209287196397781,0.1203064875077393,0.0257379027401528,0.0799767076969146,-0.0354964137077331,0.8551520705223083,-0.0520334541797637,-0.008026510477066,0.995294153690338,0.102040559053421,-0.0060859620571136,-0.675714373588562,0.7530159950256348,0.0107983648777008,0.042339414358139,-0.5972714424133301,0.9921266436576844,0.1313125193119049,0.2629639804363251,0.9867296814918518,-0.1394983232021331,0.2595762908458709,0.995108962059021,0.0366933578857669,0.1107593748174739,-0.0006005887578173,-7.640093059857467e-05,0.0,0.0,0.0,0,0,1,1.0
crossover_11_05_01_fps30.mp4,39,0.1159148663282394,0.1277027764562833,0.0452255004789771,0.0822714567184448,-0.0211217403411865,0.8404050469398499,-0.0520163774490356,-0.0048248767852783,0.9953511953353882,0.1041387319564819,0.0269699692726135,-0.6137127876281738,0.716776967048645,0.0090641975402832,0.0491809248924255,-0.6113548278808594,0.9925238490104676,0.1313552856445312,0.262101948261261,0.9863983988761902,-0.1395199000835418,0.2591261863708496,0.9952527284622192,0.0298081970742132,0.1187044977644002,0.0194875977388242,0.007396288948544,0.0,0.0,0.0,0,0,1,1.0
crossover_11_05_01_fps30.mp4,40,0.1148594915866851,0.1277166078656406,0.0451437006636363,0.0836548507213592,-0.0180507004261016,0.8198039531707764,-0.0520086586475372,-0.0033985078334808,0.995266318321228,0.1064224541187286,0.0336688458919525,-0.6137225031852722,0.6752699613571167,0.0079424083232879,0.0514463484287261,-0.611632764339447,0.992774248123169,0.131363958120346,0.2619823515415191,0.9856517910957336,-0.1395045816898346,0.259233683347702,0.9952202439308168,0.0241891148211,0.1199399109757136,-8.179981534073288e-05,1.3831409357289992e-05,0.0,0.0,0.0,0,0,1,1.0
crossover_11_05_01_fps30.mp4,41,0.1149056851863861,0.1277128966177924,0.0450123060040357,0.0844921171665191,-0.0167406201362609,0.8004867434501648,-0.0520397126674652,-0.0032402873039245,0.995075821876526,0.1074974834918975,0.0346824526786804,-0.6168355941772461,0.6442946791648865,0.0071925222873687,0.0522792339324951,-0.6069834232330322,0.9929375052452089,0.1313211619853973,0.2618113160133362,0.984352171421051,-0.1394996047019958,0.2592384219169616,0.9951027035713196,0.0227017355630346,0.1207392598547086,-0.0001313946596006,-3.711247848259269e-06,0.0,0.0,0.0,0,0,1,1.0
crossover_11_05_01_fps30.mp4,42,0.1138133704662323,0.1343867444385916,0.0790778808477448,0.084340900182724,-0.0174722075462341,0.8129432201385498,-0.0519969761371612,-0.0037286877632141,0.9952693581581116,0.1064607799053192,0.052830159664154,-0.4926536977291107,0.6729234457015991,0.0068012773990631,0.0590713620185852,-0.5592989325523376,0.9934484958648682,0.1320903003215789,0.2583873867988586,0.9838862419128418,-0.1394124627113342,0.2557307481765747,0.9951096177101136,0.0383249574356594,0.1291445399362905,0.034065574843709,0.0066738478207992,0.0,0.0,0.0,0,0,1,1.0
crossover_11_05_01_fps30.mp4,43,0.1145947277545929,0.1344146133479425,0.0773926047290244,0.0841367542743682,-0.018135517835617,0.8209396600723267,-0.0519864559173584,-0.0045378506183624,0.9953800439834596,0.1058350503444671,0.0516819059848785,-0.5142130851745605,0.6949930191040039,0.0066440999507904,0.0597357451915741,-0.5701350569725037,0.9938076734542848,0.1323723495006561,0.2567161023616791,0.982299506664276,-0.1393363177776336,0.2540486752986908,0.9947641491889954,0.0384425734229882,0.128984761822849,-0.0016852761187203,2.786890935091435e-05,0.0,0.0,0.0,0,0,1,1.0
crossover_11_05_01_fps30.mp4,44,0.1126968711614608,0.1436594630702067,0.1507884602721144,0.0869270265102386,-0.0050170719623565,0.8365013599395752,-0.0522148311138153,-0.003384917974472,0.995550572872162,0.1119973957538604,0.0854385793209075,-0.4202466905117035,0.7237435579299927,0.0048804581165313,0.0638324320316314,-0.5178748369216919,0.9942581653594972,0.1325388848781585,0.2556861340999603,0.9809579849243164,-0.1392189264297485,0.2530920207500458,0.994640290737152,0.0726160687939091,0.1637710690668285,0.07339585554309,0.0092448497222641,0.0,0.0,0.0,0,0,0,1.0
crossover_11_05_01_fps30.mp4,45,0.1127738803625106,0.1437965872934309,0.1500786638841396,0.088405817747116,-0.0031418800354003,0.850790798664093,-0.0522829294204711,-0.0030758380889892,0.9957065582275392,0.1136859357357025,0.0887869596481323,-0.4161333441734314,0.7498261332511902,0.0042676627635955,0.0643462538719177,-0.516424298286438,0.994657576084137,0.1326672136783599,0.254995048046112,0.9803648591041564,-0.1391064226627349,0.2526078820228576,0.994706094264984,0.0682885374377363,0.1637631426999256,-0.0007097963879748,0.0001371242232242,0.0,0.0,0.0,0,0,0,1.0
crossover_11_05_01_fps30.mp4,46,0.1128242015838623,0.1437529303259769,0.1499493431754228,0.0889055132865905,-0.0023442208766937,0.8635244965553284,-0.0524025857448577,-0.0025375187397003,0.9958316087722778,0.1147055625915527,0.0910894572734832,-0.4224465489387512,0.7731329798698425,0.0038543939590454,0.0645245611667633,-0.5185925364494324,0.9950048327445984,0.1325929760932922,0.2548561990261078,0.979054033756256,-0.1391593515872955,0.2524915039539337,0.9946743845939636,0.0656371521372478,0.1639176435251454,-0.0001293207087167,-4.365696745400882e-05,0.0,0.0,0.0,0,0,0,1.0
crossover_11_05_01_fps30.mp4,47,0.1148092001676559,0.1475726187229156,0.2372041972672066,0.0948090851306915,0.0021933913230895,0.8752052783966064,-0.0532396137714386,-0.0055684447288513,0.9957443475723268,0.1179154813289642,0.1035075783729553,-0.4700780212879181,0.7940447926521301,0.0023786127567291,0.0648567676544189,-0.5150050520896912,0.9952253103256226,0.1277404129505157,0.2373716831207275,0.9658139944076538,-0.1389091312885284,0.2491747736930847,0.9909874200820924,0.1369464556027588,0.225355132763032,0.0872548540917838,0.0038196883969386,0.0,0.0,0.0,0,0,0,1.0
crossover_11_05_01_fps30.mp4,48,0.1178219616413116,0.1478909349037429,0.233608714254891,0.0966220498085022,0.0009579062461853,0.885587215423584,-0.0536118149757385,-0.0089126825332641,0.9956448078155518,0.1192238330841064,0.1021097898483276,-0.4806550741195678,0.8126825094223022,0.0018341541290283,0.0622503757476806,-0.5195709466934204,0.995405375957489,0.1268079280853271,0.2317398190498352,0.9551692008972168,-0.1385926604270935,0.2456491589546203,0.9875013828277588,0.1345874059740378,0.2251583073888786,-0.0035954830123156,0.0003183161808273,0.0,0.0,0.0,0,0,0,1.0
crossover_11_05_01_fps30.mp4,49,0.11873659491539,0.150608555846295,0.2678122396876172,0.0994009673595428,0.0004909336566925,0.8954434990882874,-0.0554665029048919,-0.010961502790451,0.9956611394882202,0.1224623620510101,0.1038659512996673,-0.4885353744029999,0.8291248083114624,-0.0025573074817657,0.0604542195796966,-0.5192655324935913,0.9956073760986328,0.1272535026073455,0.2322292029857635,0.9482665657997132,-0.1385467052459716,0.2439794242382049,0.9843775629997252,0.1663448036499684,0.2577928047717915,0.0342035254327262,0.0027176209425521,0.0,0.0,0.0,0,0,0,1.0
crossover_11_05_01_fps30.mp4,50,0.1182031482458114,0.1506410356295311,0.2673302971735233,0.0998693704605102,0.0011515319347381,0.9044126272201538,-0.0562488436698913,-0.0114871561527252,0.99569571018219,0.1234165430068969,0.1043285429477691,-0.4831767976284027,0.8439633846282959,-0.004320740699768,0.0596826374530792,-0.5107015371322632,0.9957953095436096,0.1271782517433166,0.2321773469448089,0.9415820240974426,-0.1385013163089752,0.2435329258441925,0.9823413491249084,0.1652596287035433,0.2590959334117559,-0.0004819425140939,3.2479783236061266e-05,0.0,0.0,0.0,1,0,0,1.0
crossover_11_05_01_fps30.mp4,51,0.11691814661026,0.150635611909931,0.2674720855747781,0.100248783826828,0.003198891878128,0.9121947288513184,-0.0566745400428772,-0.0111897885799407,0.9956944584846495,0.1237184107303619,0.1055985987186431,-0.4877462685108185,0.8572185635566711,-0.0043979585170745,0.0604946315288543,-0.5197337865829468,0.995912492275238,0.1270927488803863,0.2331900298595428,0.9335986971855164,-0.1385365724563598,0.2437058985233307,0.9798546433448792,0.164096195770361,0.2586021547525808,0.0001417884012547,-5.423719600106125e-06,0.0,0.0,0.0,0,0,0,1.0
crossover_11_05_01_fps30.mp4,52,0.1181082129478454,0.1510166847099692,0.1931888977201973,0.0999674797058105,0.0011391937732696,0.9184338450431824,-0.0575457215309143,-0.0130775272846221,0.9957478046417236,0.1271352171897888,0.0966508686542511,-0.4766803383827209,0.8687809705734253,-0.0090384483337402,0.0587778389453887,-0.5204817652702332,0.9960397481918336,0.1272193789482116,0.231602281332016,0.9308415651321412,-0.1386065483093261,0.2420624196529388,0.9800328612327576,0.0994480545151834,0.2090071250809516,-0.0742831878545807,0.0003810728000381,0.0,0.0,0.0,0,0,0,1.0
crossover_11_05_01_fps30.mp4,53,0.117339089512825,0.1509989294965388,0.1928040375069873,0.1002317368984222,0.0009693801403045,0.9240078330039978,-0.0581878423690795,-0.0131630003452301,0.9958356022834778,0.1285997331142425,0.0938601195812225,-0.4814991950988769,0.8790808320045471,-0.0100037753582,0.0586750209331512,-0.5292747616767883,0.9961984753608704,0.1273194849491119,0.2325357496738433,0.9287086129188538,-0.1385845839977264,0.2416655123233795,0.9800217747688292,0.1014476362123492,0.2095530101373076,-0.0003848602132099,-1.7755213430392658e-05,0.0,0.0,0.0,0,0,0,1.0
crossover_11_05_01_fps30.mp4,54,0.1174381226301193,0.1504729957903845,0.1319265766841609,0.0994631648063659,-0.0022642016410827,0.9286828637123108,-0.0596365332603454,-0.0145432353019714,0.9960201978683472,0.1294403076171875,0.0871776938438415,-0.4379006028175354,0.8887065052986145,-0.013533592224121,0.0589292645454406,-0.5048825740814209,0.9964424967765808,0.1296773552894592,0.2379084229469299,0.9308141469955444,-0.1387484073638916,0.2402946949005127,0.9808550477027892,0.0494452878164095,0.1795181564400591,-0.0608774608228264,-0.0005259337061542,0.0,0.0,0.0,0,0,1,1.0
crossover_11_05_01_fps30.mp4,55,0.1160459965467453,0.1502992760326902,0.1316987915736872,0.098923236131668,-0.0035920739173889,0.933243453502655,-0.0604284703731536,-0.014605700969696,0.9962050914764404,0.1293540894985199,0.0831917524337768,-0.4331143796443939,0.8977425694465637,-0.014483243227005,0.0596085786819458,-0.504518449306488,0.99667489528656,0.1308309733867645,0.2406650185585022,0.9336439371109008,-0.1389137506484985,0.239970326423645,0.9818884134292604,0.0528359128346618,0.1798618287696098,-0.0002277851104737,-0.0001737197576943,0.0,0.0,0.0,0,0,1,1.0
crossover_11_05_01_fps30.mp4,56,0.1163388639688491,0.150223262936382,0.1315047848515393,0.0985883772373199,-0.0042729973793029,0.9366675615310668,-0.0608121454715728,-0.0147707462310791,0.9963688254356384,0.1290782392024994,0.080060064792633,-0.4385818839073181,0.905002236366272,-0.014837235212326,0.0598260164260864,-0.5092251896858215,0.9968745708465576,0.1314465701580047,0.241837739944458,0.9354825615882874,-0.1390092968940735,0.2397757172584533,0.9826805591583252,0.0556207807446614,0.1799522544790405,-0.0001940067221478,-7.601309630822506e-05,0.0,0.0,0.0,0,0,1,1.0
crossover_11_05_01_fps30.mp4,57,0.1154548078775405,0.1485273944119275,0.0991719062735394,0.0963247716426849,-0.0090563297271728,0.9373973608016968,-0.0617997944355011,-0.0153104662895202,0.9965450167655944,0.1280377209186554,0.0573953986167907,-0.4444999694824219,0.9100242257118224,-0.0185097754001617,0.0600849986076355,-0.5122819542884827,0.9970730543136596,0.1314118802547454,0.241763949394226,0.9379622340202332,-0.1394577026367187,0.2392863631248474,0.9834807515144348,0.0465306706576993,0.1715494169320189,-0.0323328785779999,-0.0016958685244544,0.0,0.0,0.0,0,0,1,1.0
crossover_11_05_01_fps30.mp4,58,0.1145083010196685,0.1482520198417922,0.0990592348866346,0.0953192114830017,-0.0112118124961853,0.938959300518036,-0.0621554553508758,-0.0154613256454467,0.996729612350464,0.1273552775382995,0.0531621575355529,-0.437453955411911,0.9156773090362548,-0.0194571614265441,0.0604347586631774,-0.505284309387207,0.9972715973854064,0.13135826587677,0.2420122027397155,0.9409077763557434,-0.1398051977157592,0.2391645908355713,0.9844578504562378,0.050430303868505,0.1720994469637602,-0.0001126713869048,-0.0002753745701352,0.0,0.0,0.0,0,0,1,1.0
crossover_11_05_01_fps30.mp4,59,0.1153726428747177,0.1453010598481712,0.093087841534033,0.0938974320888519,-0.0128251910209655,0.9362120628356934,-0.0625306963920593,-0.0172585248947143,0.9968846440315248,0.1235946118831634,0.0525141358375549,-0.4203287363052368,0.9148432612419128,-0.0205799639225006,0.0591645240783691,-0.4945542216300964,0.9974169731140136,0.1313143670558929,0.2408072352409362,0.9442003965377808,-0.1402513682842254,0.2373831868171692,0.9853784441947936,0.0460151657304633,0.1693142212408749,-0.0059713933526015,-0.002950959993621,0.0,0.0,0.0,0,0,1,1.0
crossover_11_05_01_fps30.mp4,60,0.1155126690864563,0.1450401880983579,0.0921229413369807,0.0930540859699249,-0.0137875974178314,0.9332577586174012,-0.0627653896808624,-0.0182547271251678,0.9970215559005736,0.1217374503612518,0.051370233297348,-0.4250666499137878,0.9145273566246032,-0.0211246311664581,0.0585024058818817,-0.484580397605896,0.9975639581680298,0.1313012540340423,0.2397424876689911,0.9471174478530884,-0.1405914723873138,0.2364339530467987,0.9862532019615172,0.0469446567631279,0.1695319662057765,-0.0009649001970523,-0.0002608717498132,0.0,0.0,0.0,0,0,1,1.0
crossover_11_05_01_fps30.mp4,61,0.1158440113067627,0.1448768968299284,0.0918415425754175,0.0926032364368438,-0.0143307149410247,0.9322503805160522,-0.0628823339939117,-0.0185489356517791,0.9971807599067688,0.1207431256771087,0.0501957833766937,-0.4174647927284241,0.9156222343444824,-0.0211541354656219,0.0586281716823577,-0.4850238263607025,0.9977251887321472,0.131352037191391,0.239421397447586,0.950243890285492,-0.1407953798770904,0.2362894117832183,0.9871031045913696,0.0481332335221181,0.1693204999142337,-0.0002813987615631,-0.0001632912684295,0.0,0.0,0.0,0,0,1,1.0
crossover_11_05_01_fps30.mp4,62,0.115177109837532,0.1428251272540981,0.1356968234225017,0.0937339067459106,-0.0096584558486938,0.9369865655899048,-0.0633664727210998,-0.0178872942924499,0.9973372220993042,0.1202141642570495,0.0724361538887023,-0.4144522845745086,0.9223275780677797,-0.0212534070014953,0.060847520828247,-0.4877886176109314,0.9978787302970886,0.1305775046348571,0.2393285632133484,0.952900528907776,-0.1414691805839538,0.2362244725227356,0.9879105687141418,0.0671801157897072,0.1803446242678452,0.0438552808470842,-0.0020517695758303,0.0,0.0,0.0,0,0,1,1.0
crossover_11_05_01_fps30.mp4,63,0.1151577234268188,0.142319986173662,0.1351999021157985,0.0941733717918396,-0.0078179836273193,0.9414331316947936,-0.0636793076992034,-0.0177181959152221,0.9975028038024902,0.1198295950889587,0.0771591067314148,-0.4062951803207397,0.9285697340965272,-0.0214155316352844,0.0613147020339965,-0.4845466315746307,0.9980364441871644,0.1300426721572876,0.2388700246810913,0.955407440662384,-0.1419731080532074,0.2358154058456421,0.9886534214019777,0.0622458964108864,0.1796339126760082,-0.0004969213067032,-0.000505141080436,0.0,0.0,0.0,0,0,0,1.0
crossover_11_05_01_fps30.mp4,64,0.1149651259183883,0.1395454416840763,0.2253273474007118,0.0982142686843872,-0.0018446147441864,0.9453779458999634,-0.0630148649215698,-0.0174392759799957,0.9974307417869568,0.1226131319999694,0.0947063863277435,-0.4873760640621185,0.9330588579177856,-0.0209934115409851,0.0639140903949737,-0.5116137266159058,0.9979614615440368,0.1232669353485107,0.2228855192661285,0.9419012069702148,-0.1419529616832733,0.2358072102069854,0.9852302074432372,0.1317138511427875,0.2276553599896525,0.0901274452849132,-0.0027745444895856,0.0,0.0,0.0,0,0,0,1.0
crossover_11_05_01_fps30.mp4,65,0.1148768216371536,0.1395406171426935,0.2253665014011103,0.0998396277427673,-0.0002726316452026,0.9491914510726928,-0.0624399185180664,-0.0171282291412353,0.9974140524864196,0.1238470673561096,0.097395122051239,-0.4911308288574219,0.9375916719436646,-0.0206441283226013,0.065181016921997,-0.5166727304458618,0.9979425668716432,0.1223976016044616,0.2209709286689758,0.9354214668273926,-0.1419091820716858,0.2359401583671569,0.9833762645721436,0.1289300641340593,0.2265359620845872,3.9154000398555766e-05,-4.824541382841829e-06,0.0,0.0,0.0,0,0,0,1.0
crossover_11_05_01_fps30.mp4,66,0.1144002676010131,0.1396477400246313,0.2259066456701697,0.1005117297172546,0.0007547140121459,0.9516721367836,-0.0620433986186981,-0.0164049267768859,0.9973412752151488,0.1243090629577636,0.0985052585601806,-0.5044335126876831,0.940571427345276,-0.0203582048416137,0.0660256743431091,-0.5263836979866028,0.9978914856910706,0.1225566864013671,0.2211794257164001,0.9286651611328124,-0.1416550576686859,0.2364813089370727,0.9808014035224916,0.1283214263157596,0.2261942249152799,0.0005401442690593,0.0001071228819378,0.0,0.0,0.0,0,0,0,1.0
crossover_11_05_01_fps30.mp4,67,0.1132774502038955,0.1378556977894346,0.2676902782626268,0.1014645397663116,0.003337800502777,0.9541276693344116,-0.0613578855991363,-0.0151446461677551,0.9972497820854188,0.125132530927658,0.1025007367134094,-0.4961177408695221,0.9429696798324584,-0.0198533833026886,0.0673319101333618,-0.5222116708755493,0.9978219866752625,0.1230611503124237,0.2282796502113342,0.913985788822174,-0.1414435803890228,0.2376011610031128,0.9749689102172852,0.1656787965076799,0.254981626668166,0.0417836325924571,-0.0017920422351966,0.0,0.0,0.0,1,0,0,1.0
crossover_11_05_01_fps30.mp4,68,0.1133036017417907,0.1378580963207503,0.267695751422789,0.1016436517238617,0.0033284425735473,0.9559311866760254,-0.0611935257911682,-0.0149900913238525,0.9970812797546388,0.1255752146244049,0.104006290435791,-0.4937932789325714,0.9451273679733276,-0.0197376310825347,0.06708425283432,-0.5181897282600403,0.9976984262466432,0.1232589185237884,0.2341541647911071,0.8965314626693726,-0.1413705348968505,0.2376062273979187,0.9666431546211244,0.1641496537339642,0.2551105381235393,5.473160162194901e-06,2.398531315672692e-06,0.0,0.0,0.0,0,0,0,1.0
crossover_11_05_01_fps30.mp4,69,0.1131734251976013,0.1381117328748864,0.1960918451227793,0.1015304625034332,0.0030364096164703,0.957104504108429,-0.061025857925415,-0.0150077044963836,0.9970982074737548,0.1255377829074859,0.1003843247890472,-0.4609469771385193,0.947295069694519,-0.0194052159786224,0.0666409432888031,-0.5105810761451721,0.9977315068244934,0.1234721839427948,0.2304073870182037,0.8957008123397827,-0.141368567943573,0.2375794351100921,0.9672898650169371,0.0965299625308869,0.203885078320481,-0.0716039063000096,0.0002536365541361,0.0,0.0,0.0,0,0,0,1.0
crossover_11_05_01_fps30.mp4,70,0.1130828112363815,0.1381118885541365,0.1961702875974701,0.1014593243598938,0.0028243660926818,0.9579667448997498,-0.0608890056610107,-0.0149799585342407,0.997084379196167,0.1255155801773071,0.0981018543243408,-0.4555254876613617,0.9491052627563475,-0.0191319584846496,0.0663902759552002,-0.5097132921218872,0.997727394104004,0.1235557198524475,0.2287799715995788,0.8933467864990234,-0.1413805484771728,0.2376103997230529,0.9674907326698304,0.0988740845184945,0.2038834933324052,7.844247469079857e-05,1.5567925015780307e-07,0.0,0.0,0.0,0,0,0,1.0
crossover_11_05_01_fps30.mp4,71,0.113017588853836,0.1381101359755305,0.1962418290173134,0.1014639735221862,0.0026665031909942,0.9589672684669496,-0.0607815980911254,-0.0149338543415069,0.9970796704292296,0.1255221962928772,0.0966477692127227,-0.4541830420494079,0.9509564638137816,-0.0189355611801147,0.0661934912204742,-0.509528636932373,0.9977316856384276,0.1236307621002197,0.2284785211086273,0.8921018242835999,-0.1413853764533996,0.2376691997051239,0.9678162336349488,0.1003864182736614,0.2039017438837232,7.154141984333506e-05,-1.7525786060179629e-06,0.0,0.0,0.0,0,0,0,1.0
crossover_11_05_01_fps30.mp4,72,0.1130459308624267,0.1386804184671175,0.1347854999507346,0.1002619266510009,-0.0018862783908843,0.9600986242294312,-0.0607687532901763,-0.0154872238636016,0.9971739649772644,0.124755322933197,0.0826493203639984,-0.415296733379364,0.9534676671028136,-0.0189660191535949,0.0637076199054718,-0.5040384531021118,0.997833788394928,0.1260533928871154,0.2369743287563324,0.8997713327407837,-0.14139986038208,0.2375199496746063,0.9703860282897948,0.0539637795889912,0.172929073108688,-0.0614563290665788,0.0005702824915869,0.0,0.0,0.0,0,0,0,1.0
crossover_11_05_01_fps30.mp4,73,0.1130467355251312,0.1386861281879877,0.1347522699251407,0.0994924306869506,-0.0038764178752899,0.9612173438072203,-0.0607554614543914,-0.015887051820755,0.9972720742225648,0.1242463588714599,0.0782016217708587,-0.4090763628482818,0.9559128284454346,-0.0189784169197082,0.0621664822101593,-0.5014438033103943,0.997937023639679,0.1273731589317321,0.2401619851589203,0.9069292545318604,-0.1414013504981994,0.2374823987483978,0.9727606773376464,0.0583650815521056,0.173570750307248,-3.323002559385557e-05,5.709720870217261e-06,0.0,0.0,0.0,0,0,0,1.0
crossover_11_05_01_fps30.mp4,74,0.1127875447273254,0.1363081993693012,0.0990661408843063,0.0958728492259979,-0.008507490158081,0.9565709233283995,-0.061169147491455,-0.0165857076644897,0.9973211884498596,0.1213879287242889,0.0589239597320556,-0.4498536586761474,0.951991081237793,-0.0192586481571197,0.0601454973220825,-0.5171561241149902,0.997990608215332,0.1291069090366363,0.2418498396873474,0.9129982590675354,-0.1411308050155639,0.2375470399856567,0.974758505821228,0.0428253334345516,0.1603616554685265,-0.0356861290408344,-0.0023779288186864,0.0,0.0,0.0,0,0,1,1.0
crossover_11_05_01_fps30.mp4,75,0.1123097687959671,0.1365563510838201,0.0992016418678004,0.0948762595653534,-0.0092405378818511,0.9496374130249025,-0.0613960325717926,-0.0169025361537933,0.9972885251045228,0.1205847561359405,0.0564267337322235,-0.4536837339401245,0.9447702765464784,-0.0192155539989471,0.0590005218982696,-0.5160109400749207,0.997981071472168,0.129640907049179,0.2427041232585907,0.9181429743766784,-0.1409224271774292,0.2376452386379242,0.976482391357422,0.0456594416433904,0.1608757795938197,0.0001355009834941,0.0002481517145188,0.0,0.0,0.0,0,0,1,1.0
crossover_11_05_01_fps30.mp4,76,0.1120692640542984,0.1367262601852417,0.0993725379792654,0.0944946408271789,-0.0093250572681427,0.943379282951355,-0.0614447593688964,-0.0169956982135772,0.9972271919250488,0.1202983856201171,0.0572669804096221,-0.4521042108535766,0.9381685256958008,-0.0191590785980224,0.0584576427936553,-0.5141574144363403,0.9979383945465088,0.1301210522651672,0.2437666356563568,0.922867238521576,-0.1407800316810608,0.2376985251903534,0.9780072569847108,0.0451968255630637,0.161165342104382,0.000170896111465,0.0001699091014215,0.0,0.0,0.0,0,0,1,1.0
crossover_11_05_01_fps30.mp4,77,0.1119411587715148,0.1353604216696852,0.0951599230126636,0.0940429866313934,-0.0088703334331512,0.937475323677063,-0.0618531703948974,-0.017525166273117,0.9971387982368468,0.1199006140232086,0.0568800270557403,-0.4598885774612427,0.9317741394042968,-0.0204773843288421,0.0584779679775238,-0.5138610005378723,0.9978893995285034,0.1304589211940765,0.2446787655353546,0.926665723323822,-0.1405570805072784,0.2376109063625335,0.9791878461837769,0.0412838477729356,0.1600968069751382,-0.0042126149666018,-0.0013658385155564,0.0,0.0,0.0,0,0,1,1.0
crossover_11_05_01_fps30.mp4,78,0.111815258860588,0.1353989965834859,0.0953048402216376,0.0938445031642913,-0.0086041986942291,0.9321267008781432,-0.0620566010475158,-0.0178152024745941,0.9970877170562744,0.1196867525577545,0.0568306148052215,-0.4604796767234802,0.9260796308517456,-0.0211439430713653,0.0585241019725799,-0.5132728219032288,0.9978655576705932,0.1308449208736419,0.2452843487262725,0.9304462671279908,-0.1403883099555969,0.2376461327075958,0.9803722500801086,0.0415588815263035,0.160805829067009,0.000144917208974,3.857491380077072e-05,0.0,0.0,0.0,0,0,1,1.0
crossover_11_05_01_fps30.mp4,79,0.1118365824222564,0.136856499667895,0.1333515235563603,0.0945367515087127,-0.0074841678142547,0.9364403486251832,-0.0622115135192871,-0.0178163945674896,0.9971740245819092,0.118891566991806,0.069210797548294,-0.4158747494220733,0.9313958883285522,-0.021802395582199,0.0589065253734588,-0.491637110710144,0.9979475140571594,0.1308140456676483,0.2458420097827911,0.9351492524147034,-0.1403093039989471,0.237951785326004,0.9818419814109802,0.0666090950163582,0.1752561063028405,0.0380466833347227,0.001457503084409,0.0,0.0,0.0,0,0,1,1.0
crossover_11_05_01_fps30.mp4,80,0.1119108945131301,0.1368222113383018,0.1335796838853417,0.094911515712738,-0.0070546865463256,0.9401183128356934,-0.0623258352279663,-0.0177843570709228,0.9972424507141112,0.1184527277946472,0.0742044448852539,-0.4127395749092102,0.9360216856002808,-0.0222660899162292,0.0591851472854614,-0.4864063858985901,0.998016119003296,0.1307717561721801,0.2458732724189758,0.9390445351600648,-0.140289306640625,0.2381361722946167,0.9830860495567322,0.0621518859889074,0.1756235595584014,0.0002281603289813,-3.428832959317951e-05,0.0,0.0,0.0,0,0,0,1.0
crossover_11_05_01_fps30.mp4,81,0.111983448266983,0.1368180593191567,0.1337191320047146,0.0951490104198455,-0.0067803263664245,0.9435888528823853,-0.062419056892395,-0.0177730917930603,0.9973125457763672,0.1181993782520294,0.0763614773750305,-0.4119335114955902,0.9402763247489928,-0.0225273072719573,0.0593931078910827,-0.4850915968418121,0.9980856776237488,0.1308028995990753,0.2459473609924316,0.942678689956665,-0.140304684638977,0.2381417155265808,0.9842289090156556,0.0603038624741195,0.1758274828193725,0.0001394481193729,-4.152019145164942e-06,0.0,0.0,0.0,0,0,0,1.0
crossover_11_05_01_fps30.mp4,82,0.1117771118879318,0.1381154342223022,0.2142045182425801,0.0991595685482025,-0.000667005777359,0.9469348788261414,-0.0625548660755157,-0.0174239575862884,0.9971513152122498,0.1197037994861602,0.1052662432193756,-0.4512503445148468,0.9432050585746764,-0.0225281417369842,0.0611412227153778,-0.4767124354839325,0.9979769587516784,0.1229878365993499,0.2210161983966827,0.935019075870514,-0.1403074562549591,0.2384065687656402,0.9820994138717652,0.1104831935576106,0.2218890058895093,0.0804853862378655,0.0012973749031455,0.0,0.0,0.0,0,0,0,1.0
crossover_11_05_01_fps30.mp4,83,0.1116644293069839,0.1381168075537278,0.2144143928841846,0.1008112132549285,0.0017660558223724,0.94994854927063,-0.0626351535320282,-0.0171822607517242,0.9970059990882874,0.1205789744853973,0.1099970042705535,-0.4593729972839355,0.9457424283027648,-0.0225227773189544,0.0622566044330596,-0.4767879545688629,0.9978767037391664,0.1206254661083221,0.2165662348270416,0.927880883216858,-0.1403097808361053,0.2385675013065338,0.9801358580589294,0.105879963324619,0.2212624432984617,0.0002098746416044,1.373331425580382e-06,0.0,0.0,0.0,0,0,0,1.0
crossover_11_05_01_fps30.mp4,84,0.1125389486551284,0.1399707372915947,0.2819595338367834,0.101357489824295,0.0036305487155914,0.9509719610214232,-0.0625777244567871,-0.0170226395130157,0.99639493227005,0.1236268579959869,0.1144821941852569,-0.4964334368705749,0.9458892941474916,-0.022352784872055,0.0635322630405426,-0.4980268478393554,0.997343361377716,0.1213023364543914,0.2207593023777008,0.8785958290100098,-0.1401004493236541,0.2385051548480987,0.963699758052826,0.1682729380714027,0.2721385648435502,0.0675451409525987,0.0018539297378669,0.0,0.0,0.0,0,0,0,1.0
crossover_11_05_01_fps30.mp4,85,0.1129986345767974,0.140104727825876,0.2819257878675694,0.1016582250595092,0.0045394897460937,0.9520536065101624,-0.0625520646572113,-0.0169366598129272,0.9958314895629884,0.1251206994056701,0.1154057383537292,-0.5029255151748657,0.9460957646369934,-0.0222290158271789,0.0642372965812683,-0.5061044692993164,0.9968183040618896,0.1216579675674438,0.2234829664230346,0.8343634009361267,-0.1399717628955841,0.2384714484214782,0.948856234550476,0.167192846730323,0.2715520641919736,-3.374596921401629e-05,0.0001339905342813,0.0,0.0,0.0,1,0,0,1.0
crossover_11_05_01_fps30.mp4,86,0.1132680773735046,0.1401769419847909,0.2819122372603998,0.1018145680427551,0.0049827694892883,0.952965259552002,-0.0625642538070678,-0.0168434381484985,0.9953166246414183,0.125828206539154,0.115602970123291,-0.5048588514328003,0.9462282061576844,-0.0221489071846008,0.0646377801895141,-0.5088753700256348,0.9963366389274596,0.1218982338905334,0.2254790663719177,0.7934092283248901,-0.1399174630641937,0.2384573817253112,0.9351348876953124,0.1669271054819171,0.2712155434410282,-1.3550607169565689e-05,7.221415891489613e-05,0.0,0.0,0.0,0,0,0,1.0
crossover_11_05_01_fps30.mp4,87,0.113929271697998,0.1416663584062608,0.2203361796169746,0.1017348766326904,0.005140483379364,0.9539997577667236,-0.0627269744873046,-0.0176972150802612,0.9953550696372986,0.126514196395874,0.1106534004211425,-0.4849205315113067,0.9478891491889954,-0.022490382194519,0.0638977289199829,-0.5072640180587769,0.9963801503181458,0.1220418810844421,0.2256954908370971,0.7968552112579346,-0.1399561762809753,0.2376522421836853,0.9360167980194092,0.1107244330114661,0.2267607204547269,-0.0615760576434252,0.0014894164214699,0.0,0.0,0.0,0,0,0,1.0
crossover_11_05_01_fps30.mp4,88,0.1148905307054519,0.1416543000835483,0.2193313895202264,0.1016716957092285,0.0046226978302001,0.955589234828949,-0.062798410654068,-0.01868736743927,0.9954952001571656,0.1267080903053283,0.1079276204109191,-0.4761417210102081,0.9500728845596312,-0.0225884318351745,0.0629118680953979,-0.5051388740539551,0.9964842200279236,0.1221711635589599,0.22445148229599,0.8032077550888062,-0.1400207579135894,0.2368217706680297,0.9377396702766418,0.1124019081621588,0.2268099241014331,-0.0010047900967481,-1.2058322712560354e-05,0.0,0.0,0.0,0,0,0,1.0
crossover_11_05_01_fps30.mp4,89,0.1149056553840637,0.1430959576267306,0.1578830970496666,0.1012599468231201,0.0040862262248992,0.9576380252838136,-0.0630219876766204,-0.0193130671977996,0.9957343935966492,0.1267381310462951,0.0975514948368072,-0.4723695814609527,0.9526607394218444,-0.0228701829910278,0.0620145499706268,-0.5264402627944946,0.9966761469841005,0.1253567337989807,0.2336525022983551,0.8171749114990234,-0.1401755809783935,0.236430674791336,0.9427911639213562,0.0625098449526656,0.1916651719812435,-0.0614482924705598,0.0014416575431823,0.0,0.0,0.0,0,0,0,1.0
crossover_11_05_01_fps30.mp4,90,0.11494942009449,0.1430505996033296,0.1578122479159657,0.1007222235202789,0.0039426684379577,0.9598782658576964,-0.0632493197917938,-0.019517958164215,0.9959497451782228,0.126774400472641,0.0933024883270263,-0.4718411862850189,0.9554360508918762,-0.0229669511318206,0.061616837978363,-0.5317163467407227,0.9968329071998596,0.1268937289714813,0.2364528179168701,0.8306815028190613,-0.1402423679828643,0.2363568544387817,0.9474954009056092,0.0665313741054893,0.1918733541822877,-7.084913370092316e-05,-4.5358023400998704e-05,0.0,0.0,0.0,0,0,0,1.0
crossover_11_05_01_fps30.mp4,91,0.1150922179222107,0.1430308180340266,0.1577487852515243,0.1003991961479187,0.0038543343544006,0.9616100788116456,-0.0634029507637023,-0.0196875929832458,0.9961251616477966,0.1268123388290405,0.0914947986602783,-0.4736022353172302,0.9576043486595154,-0.0230323076248168,0.0614452958106994,-0.537395179271698,0.9969595074653624,0.1277123093605041,0.2383072972297668,0.8422525525093079,-0.1402739584445953,0.2364140748977661,0.95150887966156,0.0682101884395254,0.1919669861774777,-6.34626644413494e-05,-1.9781569303045643e-05,0.0,0.0,0.0,0,0,0,1.0
crossover_11_05_01_fps30.mp4,92,0.1150816828012466,0.1427228876089645,0.1163946813199577,0.095225304365158,-0.0017866790294647,0.9600180983543396,-0.0637600719928741,-0.0200046598911285,0.9963384866714478,0.124517410993576,0.0670367181301117,-0.4466782808303833,0.9576365947723388,-0.0245495736598968,0.0606445968151092,-0.5236430764198303,0.997138261795044,0.1296149790287017,0.2401177585124969,0.8544626235961914,-0.14033043384552,0.2364212572574615,0.955702543258667,0.0526084395229858,0.1763183150476447,-0.0413541039315665,-0.000307930425062,0.0,0.0,0.0,0,0,1,1.0
crossover_11_05_01_fps30.mp4,93,0.115157663822174,0.1427058736146507,0.1160912026719349,0.0933804810047149,-0.0043136179447174,0.9589953422546388,-0.0639989376068115,-0.0204044878482818,0.9965577125549316,0.1234282553195953,0.0627418458461761,-0.4392442107200622,0.9578359723091124,-0.0254081189632415,0.0597451627254486,-0.513956606388092,0.997314989566803,0.1304702460765838,0.2404355108737945,0.8661292791366577,-0.1403945088386535,0.2364681661128997,0.959627330303192,0.0567254831698416,0.1773053600941907,-0.0003034786480228,-1.7013994313863634e-05,0.0,0.0,0.0,0,0,1,1.0
crossover_11_05_01_fps30.mp4,94,0.1152717471122741,0.1366007503816637,0.0932494199857478,0.0895330905914306,-0.0064070522785186,0.9560219645500184,-0.0646062493324279,-0.022338718175888,0.9967735409736632,0.1190546154975891,0.0493181645870208,-0.4568344354629516,0.9556235074996948,-0.0270081758499145,0.0565522611141204,-0.5283456444740295,0.9974824786186218,0.1308623552322387,0.2404280602931976,0.8771591186523438,-0.1404450237751007,0.2353394925594329,0.9631978273391724,0.0473056238757964,0.1676739759530365,-0.022841782686187,-0.0061051232329869,0.0,0.0,0.0,0,0,1,1.0
crossover_11_05_01_fps30.mp4,95,0.1143946796655654,0.1336215673866918,0.0973300427925295,0.0880233645439148,-0.0065800547599792,0.947404444217682,-0.0649522244930267,-0.0236973762512207,0.9969437122344972,0.1130673289299011,0.0570858120918273,-0.4331646263599396,0.9457665085792542,-0.0275338292121887,0.055907666683197,-0.5103150010108948,0.9976223707199096,0.1309351325035095,0.2400885820388794,0.8869808316230774,-0.1406455338001251,0.235102117061615,0.966416358947754,0.0451893220045394,0.1663937351449431,0.0040806228067816,-0.0029791829949719,0.0,0.0,0.0,0,0,1,1.0
crossover_11_05_01_fps30.mp4,96,0.1144523471593856,0.1320625827474109,0.148915412367844,0.0880422890186309,-0.0021334886550903,0.950575351715088,-0.0655713081359863,-0.0241482853889465,0.997143566608429,0.1118680536746978,0.0813545584678649,-0.4354579150676727,0.9494266510009766,-0.0282561480998992,0.0556963682174682,-0.5055161118507385,0.99778151512146,0.1301182210445404,0.2397514581680297,0.8958138823509216,-0.1411543786525726,0.2348337769508361,0.969257652759552,0.0705144523070481,0.1854504938057647,0.0515853695753144,-0.0015589846392809,0.0,0.0,0.0,0,0,1,1.0
crossover_11_05_01_fps30.mp4,97,0.1146149486303329,0.1316474111403449,0.2344712489988746,0.090541273355484,0.0047708749771118,0.95357745885849,-0.0655146539211273,-0.0238192081451416,0.997230589389801,0.112756460905075,0.1076013445854187,-0.4711455702781677,0.952190399169922,-0.0278196036815643,0.0567057132720947,-0.5063045620918274,0.9978742599487304,0.1258288919925689,0.2239908576011657,0.8987069129943848,-0.1411414742469787,0.234686017036438,0.9700077772140504,0.1282686268994522,0.2388102060391056,0.0855558366310306,-0.0004151716070659,0.0,0.0,0.0,0,0,0,1.0
crossover_11_05_01_fps30.mp4,98,0.1143085360527038,0.1321570988428795,0.2564400681635228,0.0928343534469604,0.0081081390380859,0.9560627341270448,-0.0653630495071411,-0.0226962566375732,0.9971758723258972,0.1136333346366882,0.1126139163970947,-0.491823673248291,0.9542793035507202,-0.0266035199165344,0.0581746101379394,-0.5118266940116882,0.9978106617927552,0.1248162984848022,0.2257704138755798,0.8930720090866089,-0.1410918533802032,0.2350707054138183,0.9685068130493164,0.1450141088732616,0.2539963108294417,0.0219688191646482,0.0005096877025345,0.0,0.0,0.0,1,0,0,1.0
crossover_11_05_01_fps30.mp4,99,0.1141935586929321,0.1327740034814608,0.192637319681121,0.0929397940635681,0.0092040300369262,0.9544098973274232,-0.06525519490242,-0.0222067832946777,0.996962308883667,0.1141565442085266,0.1061320304870605,-0.4943621158599853,0.9508334398269652,-0.0250260233879089,0.0587138533592224,-0.5176752209663391,0.9975477457046508,0.1174439191818237,0.208510160446167,0.8731454610824585,-0.1410669386386871,0.2352441549301147,0.9636793732643129,0.0884860149872702,0.2069694260311086,-0.0638027484824017,0.0006169046385813,0.0,0.0,0.0,0,0,0,1.0
crossover_11_05_01_fps30.mp4,100,0.114195168018341,0.1336691847292043,0.1371238669244254,0.0928973853588104,0.0061211884021759,0.9567197561264038,-0.0652329623699188,-0.0211799442768096,0.9971101880073548,0.113672524690628,0.0921225249767303,-0.4521441459655761,0.9539844989776612,-0.0246116816997528,0.0587791502475738,-0.5175008177757263,0.9976625442504884,0.1235995590686798,0.2262342870235443,0.8826829791069031,-0.141178160905838,0.2353241741657257,0.9667274951934814,0.0492441589408508,0.1766089672374466,-0.0555134527566956,0.0008951812477434,0.0,0.0,0.0,0,0,1,1.0
crossover_11_05_01_fps30.mp4,101,0.1140973716974258,0.1328374069626048,0.1057350445084455,0.0914947092533111,0.000483363866806,0.950632870197296,-0.0650874078273773,-0.0209639966487884,0.9971379041671752,0.1121753752231597,0.0632045567035675,-0.5310430526733398,0.9490903615951538,-0.0242546498775482,0.0588308870792388,-0.5456013679504395,0.997641146183014,0.1272059977054596,0.2330878674983978,0.8882067203521729,-0.1411410272121429,0.2354101836681366,0.9687531590461732,0.0472838444769744,0.1639448514178279,-0.0313888224159799,-0.0008317777665994,0.0,0.0,0.0,0,0,1,1.0
crossover_11_05_01_fps30.mp4,102,0.1138924211263656,0.1370069431046308,0.1116368500197806,0.0913293957710266,-0.0027545094490051,0.9483553767204284,-0.0640740394592285,-0.0205665826797485,0.9972363710403442,0.1124197840690612,0.0634697675704956,-0.4691478610038757,0.945710301399231,-0.0233904123306274,0.0586723089218139,-0.5352064967155457,0.9977426528930664,0.1286254525184631,0.2367118597030639,0.8967000842094421,-0.141289621591568,0.2355009913444519,0.9713019728660583,0.054079536066026,0.1689158199942881,0.0059018055113351,0.0041695361420259,0.0,0.0,0.0,0,0,1,1.0
crossover_11_05_01_fps30.mp4,103,0.1137307584285736,0.1454918196645833,0.1692561193210322,0.0954096317291259,-0.0024765133857727,0.951469898223877,-0.0620532631874084,-0.0194026827812194,0.9973198771476746,0.1171507239341735,0.0775931477546691,-0.4589893519878387,0.9490731954574584,-0.0207708477973938,0.0598673224449157,-0.5351401567459106,0.9978275895118712,0.127827763557434,0.2365702390670776,0.9029119610786438,-0.1420201063156128,0.2356186509132385,0.9733186960220336,0.0959443487839494,0.1990205604292588,0.0576192693012516,0.0084848765599525,0.0,0.0,0.0,0,0,0,1.0
crossover_11_05_01_fps30.mp4,104,0.1125323325395584,0.1535802152197239,0.2509849565785106,0.1011168956756591,-0.0002817511558532,0.9543032050132751,-0.0604787766933441,-0.0162897109985351,0.9972742199897766,0.1259793043136596,0.098423421382904,-0.5021570324897766,0.9511958956718444,-0.018153965473175,0.0634000897407531,-0.5476897954940796,0.997783660888672,0.1270835399627685,0.2379785776138305,0.906779170036316,-0.143123984336853,0.2372170686721801,0.9745094776153564,0.1550381640244904,0.2543240277378457,0.0817288372574783,0.0080883955551406,0.0,0.0,0.0,1,0,0,1.0
crossover_11_05_01_fps30.mp4,105,0.1110201478004455,0.161188259569265,0.2410373103327867,0.1058611273765564,0.0023267865180969,0.9549630284309388,-0.0583471357822418,-0.0121302008628845,0.9970748424530028,0.1391229033470153,0.1061448454856872,-0.5232285857200623,0.9501690864562988,-0.0149784684181213,0.0680208206176757,-0.5634562373161316,0.9975733757019044,0.1261852979660034,0.2407031059265136,0.9013020396232604,-0.1438989341259002,0.2391555905342102,0.9739677906036376,0.1366852479887304,0.2469198691136881,-0.0099476462457238,0.007608044349541,0.0,0.0,0.0,0,0,0,1.0
crossover_11_05_01_fps30.mp4,106,0.1111272722482681,0.1669393453557612,0.1761858924133021,0.1105715930461883,0.0031691491603851,0.9547574520111084,-0.0563310980796813,-0.0097697079181671,0.9967363476753236,0.1488007605075836,0.1030686199665069,-0.5066300630569458,0.9472389817237854,-0.0123700201511383,0.0716153085231781,-0.5510938763618469,0.9971879720687866,0.1256386339664459,0.2410024106502533,0.8943895697593689,-0.1448106467723846,0.2395863831043243,0.9737831354141236,0.075333550230647,0.2075737352692011,-0.0648514179194845,0.0057510857864961,0.0,0.0,0.0,0,0,0,1.0
crossover_11_05_01_fps30.mp4,107,0.1119560301303863,0.1710690557956695,0.1396666087755342,0.113625019788742,0.0016369223594665,0.953538715839386,-0.0553056299686431,-0.0075146555900573,0.9964325428009032,0.1583426892757415,0.08611661195755,-0.5039823651313782,0.9431346654891968,-0.0104602873325347,0.0732083320617675,-0.5579971075057983,0.9968003630638124,0.12642702460289,0.2426239252090454,0.8960650563240051,-0.1450682878494262,0.2395488619804382,0.975006103515625,0.0550414622262677,0.1933121955809331,-0.0365192836377679,0.0041297104399082,0.0,0.0,0.0,0,0,1,1.0
crossover_11_05_01_fps30.mp4,108,0.1127865612506866,0.1732624778303049,0.122178089037174,0.1190265119075775,-0.0061537027359008,0.9536877870559692,-0.054236352443695,-0.0053408145904541,0.9960007667541504,0.1677073538303375,0.0621011853218078,-0.501436710357666,0.9425630569458008,-0.0091401040554046,0.0740266442298889,-0.5585541725158691,0.996301770210266,0.1261754333972931,0.2442176342010498,0.899147093296051,-0.1453005373477935,0.2393097877502441,0.976221203804016,0.0603331895616367,0.1886511688688994,-0.0174885197383601,0.0021934220346353,0.0,0.0,0.0,0,0,1,1.0
crossover_11_05_01_fps30.mp4,109,0.1137738525867462,0.1695797730300385,0.1123181639648065,0.1226959824562072,-0.0154892206192016,0.9547923803329468,-0.0539734363555908,-0.0032538175582885,0.9955674409866332,0.1694013476371765,0.05197274684906,-0.4997170567512512,0.9437589049339294,-0.0087919831275939,0.0751712918281555,-0.5568912029266357,0.9958606958389282,0.1256483197212219,0.2446692585945129,0.9034936428070068,-0.1459769904613495,0.2392748594284057,0.9777182340621948,0.0603456808934512,0.1821987198206799,-0.0098599250723675,-0.0036827048002663,0.0,0.0,0.0,0,0,1,1.0
crossover_11_05_01_fps30.mp4,110,0.1144926697015762,0.1630269997200724,0.1131948620807833,0.1219332516193389,-0.0209157764911651,0.9568566679954528,-0.0538216531276702,-0.0001913011074066,0.995292603969574,0.167064756155014,0.050027996301651,-0.4762554764747619,0.946629762649536,-0.0085347592830657,0.0775261223316192,-0.5375465750694275,0.9957594871520996,0.1252358257770538,0.2451634109020233,0.9079023599624634,-0.1463946998119354,0.2401886880397796,0.9792605638504028,0.0632957850838966,0.1752304087410186,0.0008766981159767,-0.0065527733099661,0.0,0.0,0.0,0,0,1,1.0
crossover_11_05_01_fps30.mp4,111,0.1155076026916503,0.1474240290916572,0.1213064686554233,0.1178152561187744,-0.0208495557308197,0.9555392861366272,-0.0538941323757171,0.0002577602863311,0.9953706860542296,0.1588346362113952,0.0513239800930023,-0.4535307884216308,0.9460897445678712,-0.0099619030952453,0.0813405215740203,-0.5295435786247253,0.9959375858306884,0.125785231590271,0.2449754774570465,0.9103095531463624,-0.1465550661087036,0.240475982427597,0.9806448221206664,0.0709066334007645,0.1623810597836268,0.00811160657464,-0.0156029706284152,0.0,0.0,0.0,0,0,1,1.0
crossover_11_05_01_fps30.mp4,112,0.1146392226219177,0.1188282166497182,0.1433276372711832,0.102133572101593,-0.0179753601551055,0.9454555511474608,-0.0544466078281402,0.000652402639389,0.9956061244010924,0.1252270936965942,0.0552334487438201,-0.3793718516826629,0.932844579219818,-0.0127992033958435,0.0853283107280731,-0.5071523189544678,0.996244728565216,0.1259347796440124,0.2460739314556121,0.9133622646331788,-0.1464995145797729,0.2414290606975555,0.9819505214691162,0.0883262796666746,0.1438391448365328,0.0220211686157598,-0.0285958124419389,0.0,0.0,0.0,0,0,1,1.0
crossover_11_05_01_fps30.mp4,113,0.1126023083925247,0.0728488942324104,0.1849461632530863,0.087799847126007,-0.0136285126209259,0.949634611606598,-0.0537989437580108,0.0021853744983673,0.9958788752555848,0.0881226062774658,0.0875795781612396,-0.4275535643100738,0.9377689361572266,-0.0218516588211059,0.0926178991794586,-0.5131465792655945,0.9965478181838988,0.1279170513153076,0.2480296194553375,0.9203115105628968,-0.1447173655033111,0.2433675229549408,0.9834167957305908,0.0985572837089329,0.1322599829710083,0.041618525981903,-0.0459793224173077,0.0,0.0,0.0,0,0,0,1.0
crossover_11_05_01_fps30.mp4,114,0.1156423091888427,0.0137973651037377,0.2348111846098085,0.074040800333023,-0.0070855319499969,0.9542457461357116,-0.0554101467132568,-0.0007036626338958,0.9960907697677612,0.0529859960079193,0.1075588166713714,-0.476438820362091,0.9435211420059204,-0.0354633629322052,0.105485051870346,-0.5179426074028015,0.996713399887085,0.130202442407608,0.2452084720134735,0.9266629219055176,-0.1429420411586761,0.240162581205368,0.9843075275421144,0.1331499678486012,0.1383902739934285,0.0498650213567222,-0.0590515291286727,0.0,0.0,0.0,0,0,0,1.0
crossover_11_05_01_fps30.mp4,115,0.1184655427932739,-0.0469645624443635,0.2599937097328465,0.061831921339035,0.0047237575054168,0.9579924941062928,-0.0620106160640716,-0.0037269294261932,0.9926363825798036,0.031067818403244,0.1213178932666778,-0.4743501245975494,0.9479933977127076,-0.0678427219390869,0.0962944328784942,-0.4759024381637573,0.9904316663742064,0.1339770257472992,0.2423013150691986,0.9314215779304504,-0.1395235955715179,0.2372532188892364,0.9831201434135436,0.159122702758923,0.1650253034735127,0.0251825251230379,-0.0607619275481013,0.0,0.0,0.0,1,1,0,1.0
crossover_11_05_01_fps30.mp4,116,0.1170512288808822,-0.0879946059089595,0.210550781721022,0.0521478354930877,0.0100720822811126,0.9610438346862792,-0.0697978436946868,-0.0039179027080535,0.9759027361869812,0.0139989554882049,0.123588353395462,-0.4709800183773041,0.9512980580329896,-0.0861975252628326,0.0966183245182037,-0.45915088057518,0.9480736255645752,0.1369366943836212,0.2399305999279022,0.9366102814674376,-0.1351945698261261,0.2371589243412017,0.9822093844413756,0.1340341393330644,0.11394662918718,-0.0494429280118244,-0.0410300434645959,0.0,0.0,0.0,0,0,0,1.0
crossover_11_05_01_fps30.mp4,117,0.1159335225820541,-0.1254813548872026,0.1691739970591009,0.0451737940311431,0.013891726732254,0.9635990262031556,-0.0852101147174835,-0.0005603730678558,0.962575614452362,0.007421463727951,0.120566576719284,-0.5375613570213318,0.954137921333313,-0.1149601340293884,0.1070484817028045,-0.5104113221168518,0.9079949259757996,0.1402427852153778,0.2374423444271087,0.9368802309036256,-0.1322936117649078,0.2339843809604644,0.9602893590927124,0.1415126867384832,0.0630101241597279,-0.041376784661921,-0.037486748978243,0.0,0.0,0.0,0,0,1,1.0
crossover_11_05_01_fps30.mp4,118,0.1139222979545593,-0.1464702665805816,0.1454041590050953,0.0427740514278411,0.0189462602138519,0.9646037817001344,-0.0985880494117736,-0.0078984200954437,0.9552170634269714,0.0028932988643646,0.1181153953075409,-0.5302528738975525,0.9553187489509584,-0.1443997323513031,0.0903014242649078,-0.531810462474823,0.9025007486343384,0.1414380967617035,0.2369966208934784,0.9409286975860596,-0.1310257315635681,0.2312449514865875,0.9504975080490112,0.151835935491463,0.0551416221002073,-0.0237698380540056,-0.020988911693379,0.0,0.0,0.0,0,0,1,1.0
crossover_11_05_01_fps30.mp4,119,0.1128109544515609,-0.1509220256138655,0.124304716616142,0.0451803058385849,0.0219571888446807,0.966763436794281,-0.1043584197759628,-0.0168139040470123,0.954796552658081,0.0036974400281906,0.1162936389446258,-0.5279278755187988,0.9582611322402954,-0.1554759591817855,0.0672909319400787,-0.5275893211364746,0.9064708948135376,0.1438283175230026,0.2365730106830597,0.94535094499588,-0.1294291466474533,0.231160968542099,0.9488658308982848,0.1548268598173264,0.057195366543362,-0.0210994423889532,-0.0044517590332839,0.0,0.0,0.0,0,0,1,1.0
crossover_11_05_01_fps30.mp4,120,0.113355353474617,-0.1444950260348239,0.1164835582419139,0.0453779399394989,0.0203410685062408,0.9689891338348388,-0.1001805961132049,-0.0226295292377471,0.9482654333114624,0.0057666599750518,0.1172382533550262,-0.5365550518035889,0.9614408016204834,-0.1467651128768921,0.0559470951557159,-0.4975436329841614,0.9050098657608032,0.1435610949993133,0.2354020178318023,0.9492007493972778,-0.1298904716968536,0.2305602133274078,0.9463884830474854,0.1502635812405795,0.0605790116893395,-0.0078211583742281,0.0064269995790416,0.0,0.0,0.0,0,0,1,1.0
crossover_11_05_01_fps30.mp4,121,0.1144905537366867,-0.1223253240524712,0.1285676018493932,0.0458896905183792,0.0185674130916595,0.9708542823791504,-0.0898948460817337,-0.0234697759151458,0.9326130747795104,0.00950188934803,0.1207428276538848,-0.5733306407928467,0.963785707950592,-0.1290672570466995,0.061933547258377,-0.5019380450248718,0.8821637630462646,0.1420099288225174,0.2345183193683624,0.950684130191803,-0.1315760761499405,0.2300573289394378,0.9381371736526488,0.132059233998051,0.0669742554399612,0.0120840436074792,0.0221697019823526,0.0,0.0,0.0,0,0,1,1.0
crossover_11_05_01_fps30.mp4,122,0.11668162047863,-0.0837459246991044,0.1640625228242176,0.0479357838630676,0.0150555074214935,0.9711201786994934,-0.0830119550228118,-0.0239406526088714,0.9091270565986632,0.0170194506645202,0.1242996156215667,-0.5333413481712341,0.963125467300415,-0.0918479859828949,0.0813420116901397,-0.4844142198562622,0.8204305768013,0.1411125063896179,0.2330167591571808,0.952100932598114,-0.1322554349899292,0.2295606434345245,0.9361819624900818,0.1083270495369406,0.083116342312023,0.0354949209748244,0.0385793993533667,0.0,0.0,0.0,0,0,1,1.0
crossover_11_05_01_fps30.mp4,123,0.1188070029020309,-0.0178961630594932,0.2261813261160036,0.0515770316123962,0.015363186597824,0.971811294555664,-0.0643501281738281,-0.0237106382846832,0.9162618517875672,0.0235552191734313,0.1238715946674346,-0.4610397219657898,0.9627004861831664,-0.0559030771255493,0.0791110694408416,-0.4631039500236511,0.8336677551269531,0.1399282813072204,0.2335939109325409,0.9554073214530944,-0.133078783750534,0.2301729619503021,0.9408362507820128,0.1103879442606769,0.1519018956936436,0.0621188032917859,0.0658497616396111,0.0,0.0,0.0,0,0,0,1.0
crossover_11_05_01_fps30.mp4,124,0.1221255660057067,0.0468046102483393,0.2477976300367494,0.0634491145610809,-0.003380924463272,0.9707680940628052,-0.0513578653335571,-0.0138300359249114,0.9244050979614258,0.0588128864765167,0.1006705462932586,-0.4690813422203064,0.9570295810699464,-0.0218689143657684,0.09764364361763,-0.5318703055381775,0.8496556878089905,0.1390416920185089,0.2343052923679351,0.9569189548492432,-0.1335940659046173,0.23101606965065,0.944847583770752,0.1476163184368055,0.1651129087033403,0.0216163039207458,0.0647007733078326,0.0,0.0,0.0,1,1,0,1.0
crossover_11_05_01_fps30.mp4,125,0.122529536485672,0.0848135804725905,0.2022533392033926,0.0772899389266967,-0.0084483325481414,0.9710797071456908,-0.0442840456962585,-0.0027981698513031,0.9318227767944336,0.0854593515396118,0.0985377132892608,-0.4753047227859497,0.9521067142486572,-0.001128613948822,0.103903442621231,-0.5378478169441223,0.8644348382949829,0.13370281457901,0.2347014248371124,0.956168532371521,-0.138991504907608,0.232466846704483,0.948035478591919,0.1037176362969727,0.1306091992919708,-0.0455442908333568,0.0380089702242512,0.0,0.0,0.0,0,0,0,1.0
crossover_11_05_01_fps30.mp4,126,0.1238838136196136,,,0.0880334973335266,-0.017333447933197,0.9718733429908752,-0.0416415929794311,0.0014446973800659,0.9385419487953186,0.1112772822380065,0.0760926604270935,-0.4694605469703674,0.951360523700714,0.0074997544288635,0.1015694737434387,-0.5288071632385254,0.8778138160705566,0.1290881037712097,0.2326689958572387,0.9520453214645386,-0.1440787315368652,0.232608675956726,0.9502353668212892,,,0.0,0.0,0.0,0.0,0.0,0,0,1,0.0
crossover_11_05_01_fps30.mp4,127,0.1209706813097,0.1415729202456394,0.1326292759034691,0.0966958701610565,-0.01871258020401,0.9735134840011596,-0.0404941141605377,0.0087122321128845,0.9446170926094056,0.1394189298152923,0.0664511919021606,-0.4883945286273956,0.9539079666137696,0.0107716023921966,0.1014670133590698,-0.5674078464508057,0.8899604082107544,0.1275423467159271,0.2358232140541076,0.9537895917892456,-0.1446523964405059,0.2354145646095276,0.9540077447891236,0.0662131291879357,0.1344621558620991,-0.0696240632999234,0.0567593397730488,0.0,0.0,0.0,0,0,1,1.0
crossover_11_05_01_fps30.mp4,128,0.1204471886157989,0.1465515083175594,0.1198283080647631,0.1007173359394073,-0.0230803787708282,0.9753956198692322,-0.0404570400714874,0.0118215978145599,0.9500836730003356,0.1479893028736114,0.0532471239566803,-0.503803014755249,0.9571114182472228,0.0086642205715179,0.1022367179393768,-0.5949838757514954,0.900891900062561,0.1281187832355499,0.2378799617290496,0.9562344551086426,-0.1442608833312988,0.237426072359085,0.9579304456710817,0.0665967066034037,0.1390049213700696,-0.0128009678387059,0.00497858807192,0.0,0.0,0.0,0,0,1,1.0
crossover_11_05_01_fps30.mp4,129,0.1207040399312973,0.1357006112397727,0.1254064189224708,0.0971809327602386,-0.0260461270809173,0.9753613471984864,-0.044021338224411,0.010743886232376,0.9550068378448486,0.1301122009754181,0.0536744892597198,-0.4457536041736603,0.9560794234275818,0.0021901428699493,0.1011492908000946,-0.5488119125366211,0.91074937582016,0.1291867196559906,0.2390461266040802,0.9578819274902344,-0.143864095211029,0.2389962971210479,0.9614876508712769,0.0719492881300753,0.1356961805986999,0.0055781108577076,-0.0108508970777867,0.0,0.0,0.0,0,0,1,1.0
crossover_11_05_01_fps30.mp4,130,0.1217022389173507,0.1051167589122966,0.151269096862979,0.0908896327018737,-0.0230719447135925,0.9767485857009888,-0.0476138889789581,0.0087400674819946,0.959394097328186,0.1100569367408752,0.0653059482574462,-0.4637626111507416,0.9581315517425536,-0.0087235569953918,0.0982166528701782,-0.5149445533752441,0.919572651386261,0.1300705075263977,0.2398926615715026,0.9582554697990416,-0.1432181000709533,0.2383903861045837,0.9641159772872924,0.0861049840320227,0.1255952998307324,0.0258626779405082,-0.030583852327476,0.0,0.0,0.0,0,0,1,1.0
crossover_11_05_01_fps30.mp4,131,0.1188836246728897,0.0468869553784192,0.2095667490145055,0.0786664187908172,-0.0183606743812561,0.9777405261993408,-0.0474422574043273,0.0114474296569824,0.9632986783981324,0.0732226073741912,0.0739954113960266,-0.4310661852359772,0.9590723514556884,-0.0193774402141571,0.1015366911888122,-0.4874843657016754,0.9273732900619508,0.1308889687061309,0.2431180477142334,0.9608980417251588,-0.1423941850662231,0.2414082884788513,0.967160940170288,0.1381055905809247,0.1267338294105882,0.0582976521515264,-0.0582298035338774,0.0,0.0,0.0,0,0,0,1.0
crossover_11_05_01_fps30.mp4,132,0.1193853318691253,-0.0147599537493818,0.2715059169908849,0.0628091096878051,-0.0150750875473022,0.9796768426895142,-0.0528327524662017,0.0076980590820312,0.966101348400116,0.045728862285614,0.0964021682739257,-0.4510142803192138,0.96267431974411,-0.0434601306915283,0.1009437441825866,-0.4999326467514038,0.9312670826911926,0.1336482763290405,0.244321584701538,0.9631019234657288,-0.1403343677520752,0.2411607503890991,0.969101905822754,0.185257171737149,0.1729599807747396,0.0619391679763793,-0.0616469091278011,0.0,0.0,0.0,1,1,0,1.0
crossover_11_05_01_fps30.mp4,133,0.1200311034917831,-0.0628570128295381,0.2325488260606439,0.0487002730369567,-0.0069269835948944,0.981180727481842,-0.0644862353801727,0.0020342171192169,0.9653250575065612,0.0202059745788574,0.1067972481250763,-0.4623463749885559,0.9656044840812684,-0.0702434182167053,0.0990048944950103,-0.4634075760841369,0.9272223114967346,0.1357133388519287,0.2433027923107147,0.9651004672050476,-0.1386586129665374,0.2399046123027801,0.9693745970726012,0.1507080596069514,0.1337480491168009,-0.0389570909302409,-0.0480970590801562,0.0,0.0,0.0,0,0,0,1.0
crossover_11_05_01_fps30.mp4,134,0.1223593205213546,-0.1027820522502317,0.1788919383432806,0.0418250560760498,-0.000983327627182,0.981208324432373,-0.0776026248931884,-0.0015088021755218,0.9625012278556824,0.0061153769493103,0.1092543303966522,-0.5059528350830078,0.9654918909072876,-0.0959742963314056,0.1086276471614837,-0.5094540119171143,0.9140031933784484,0.1400462985038757,0.2389675080776214,0.9638658761978148,-0.1340204775333404,0.2344436943531036,0.95639568567276,0.129259609030809,0.0705933152354431,-0.0536568877173633,-0.0399250394206936,0.0,0.0,0.0,0,0,1,1.0
crossover_11_05_01_fps30.mp4,135,0.1207639724016189,-0.1297714625374745,0.1486563294399076,0.0369231700897216,0.0040079057216644,0.9802928566932678,-0.0879915952682495,-0.0056633651256561,0.9490743279457092,-0.0039585828781127,0.1094009578227996,-0.5436112284660339,0.9641628861427308,-0.1257152259349823,0.0965002477169036,-0.5270717144012451,0.884181797504425,0.1397525668144226,0.2387909591197967,0.9621926546096802,-0.1343036890029907,0.2343106567859649,0.9365190863609314,0.1317947832388607,0.052313572962206,-0.030235608903373,-0.0269894102872428,0.0,0.0,0.0,0,0,1,1.0
crossover_11_05_01_fps30.mp4,136,0.1190316677093505,-0.1409809582314248,0.1300979087992412,0.0363297164440155,0.0076760053634643,0.9810172319412231,-0.0950132012367248,-0.0174012780189514,0.9473026394844056,-0.0067521035671234,0.1135191917419433,-0.565581202507019,0.9662806391716005,-0.1404027342796325,0.0654332637786865,-0.5309755206108093,0.8882086873054504,0.1399665176868438,0.2391451597213745,0.9633225202560424,-0.1340142488479614,0.2354809045791626,0.930662214756012,0.1352488051102711,0.0646672301755129,-0.0185584206406663,-0.0112094956939503,0.0,0.0,0.0,0,0,1,1.0
crossover_11_05_01_fps30.mp4,137,0.1177836507558822,-0.1397266512199984,0.1203783075983931,0.0371787846088409,0.0108529329299926,0.9818131923675536,-0.0960849225521087,-0.0211293697357177,0.9459226131439208,-0.0040562450885772,0.1157665252685546,-0.5616617202758789,0.9687020182609558,-0.1419328153133392,0.0586987137794494,-0.503913402557373,0.8937397003173828,0.1395219266414642,0.2398285269737243,0.963876724243164,-0.1349051594734192,0.2365199327468872,0.9258114695549012,0.1357487666099495,0.0617190363962094,-0.009719601200848,0.0012543070114264,0.0,0.0,0.0,0,0,1,1.0
crossover_11_05_01_fps30.mp4,138,0.1173932701349258,-0.127035142607608,0.1257811611745415,0.0389994382858276,0.0122658908367156,0.9822258353233336,-0.0882192254066467,-0.020762413740158,0.9416947364807128,0.0018480420112609,0.1181406676769256,-0.5668749213218689,0.97056245803833,-0.1287254691123962,0.0617959201335907,-0.4919100105762481,0.8925039768218994,0.1391310095787048,0.2405166327953338,0.9637057781219482,-0.1360709071159362,0.2378527820110321,0.9239357709884644,0.1291094590585391,0.0640075641995644,0.0054028535761483,0.0126915086123903,0.0,0.0,0.0,0,0,1,1.0
crossover_11_05_01_fps30.mp4,139,0.1180708408355712,-0.0974512228521249,0.1539762323949395,0.0418719947338104,0.0123370587825775,0.9814389944076538,-0.0834375023841857,-0.0169657766819,0.934923529624939,0.0106104910373687,0.1233887374401092,-0.5506811141967773,0.969922661781311,-0.1137517094612121,0.0941293537616729,-0.5047000646591187,0.8616356253623962,0.1386192739009857,0.241149753332138,0.9614557027816772,-0.1364169120788574,0.2391653358936309,0.9197719097137452,0.1123072965409931,0.0620270485017461,0.0281950712203979,0.029583919755483,0.0,0.0,0.0,0,0,1,1.0
crossover_11_05_01_fps30.mp4,140,0.1195909976959228,-0.0421826133283518,0.2069945679932106,0.0412343442440032,0.0110436975955963,0.9823773503303528,-0.0730421841144561,-0.0170324146747589,0.9389471411705016,0.022194892168045,0.1253688037395477,-0.5207136869430542,0.9717037677764891,-0.0723250210285186,0.0908485352993011,-0.4790374636650085,0.8698939085006714,0.1376183927059173,0.2411958277225494,0.9630802869796752,-0.1362853646278381,0.2377212345600128,0.9247868061065674,0.1039578212735009,0.1199936067150986,0.053018335598271,0.0552686095237731,0.0,0.0,0.0,0,0,0,1.0
crossover_11_05_01_fps30.mp4,141,0.1227288544178009,0.0171923786906872,0.2770822650048791,0.0581817030906677,-0.0062580108642578,0.9837164282798768,-0.0590669214725494,-0.0167918801307678,0.9448866844177246,0.0540490746498107,0.0995022654533386,-0.4507432281970978,0.9740326404571532,-0.0355811119079589,0.1018782258033752,-0.509111762046814,0.8823431134223938,0.1358171105384826,0.2408732175827026,0.9650201201438904,-0.137347936630249,0.2370281815528869,0.9315052032470704,0.1813644735821996,0.1829794979293786,0.0700876970116685,0.059374992019039,0.0,0.0,0.0,1,1,0,1.0
crossover_11_05_01_fps30.mp4,142,0.1229778826236724,0.0544069937730239,0.2308185469813463,0.071016639471054,-0.0126134157180786,0.981867492198944,-0.0491136610507965,-0.0081499218940734,0.950185477733612,0.0716428458690643,0.0863969922065734,-0.470383882522583,0.9658557176589966,-0.0203277170658111,0.1015765070915222,-0.538847804069519,0.8936919569969177,0.1329080760478973,0.2400565147399902,0.9657526016235352,-0.1398475468158722,0.2373186945915222,0.9371107816696168,0.1454464165286972,0.1492942794585485,-0.0462637180235327,0.0372146150823367,0.0,0.0,0.0,0,0,0,1.0
crossover_11_05_01_fps30.mp4,143,0.120699942111969,0.0933652065568051,0.1829133500413197,0.087644338607788,-0.0076633989810943,0.9807447791099548,-0.0429005920886993,0.0056047141551971,0.954867660999298,0.103514015674591,0.0946474969387054,-0.4812493920326233,0.959722638130188,-0.0023106336593627,0.107330709695816,-0.53719562292099,0.9037462472915648,0.1296117901802063,0.2422216832637787,0.936182975769043,-0.1431258618831634,0.2411339581012725,0.9310444593429564,0.0888473924796982,0.1219286755552911,-0.0479051969400265,0.0389582127837812,0.0,0.0,0.0,0,0,0,1.0
crossover_11_05_01_fps30.mp4,144,0.1188475042581558,0.1289328038692474,0.1480757434193681,0.0958204567432403,-0.0154163837432861,0.9782629609107972,-0.0394052565097808,0.0110669732093811,0.9592465758323668,0.1213255822658538,0.0688279867172241,-0.4597052037715912,0.9511359930038452,0.0072801411151885,0.1078309416770935,-0.534887433052063,0.9132140278816224,0.1269361674785614,0.2427754998207092,0.935068428516388,-0.1454162001609802,0.2417270541191101,0.9357380270957948,0.0796120390572013,0.1281367020897126,-0.0348376066219515,0.0355675973124423,0.0,0.0,0.0,0,0,1,1.0
crossover_11_05_01_fps30.mp4,145,0.1191787421703338,0.1539223306259867,0.1230521978401556,0.104902297258377,-0.0192980766296386,0.9774426221847534,-0.0388380587100982,0.0136456489562988,0.9631752371788024,0.1513098180294037,0.0546233057975769,-0.5009804964065552,0.9496141076087952,0.0096150934696197,0.1066316366195678,-0.5693172812461853,0.9217290282249452,0.1267610490322113,0.2427471876144409,0.9337387681007384,-0.146341860294342,0.2416949868202209,0.9392479658126832,0.0684787447916665,0.1452384712343909,-0.0250235455792124,0.0249895267567392,0.0,0.0,0.0,0,0,1,1.0
crossover_11_05_01_fps30.mp4,146,0.1213345974683761,0.162768671371169,0.1069275056443563,0.1113753020763397,-0.0262690782546997,0.9777228832244872,-0.041706770658493,0.0108035206794738,0.9667462706565856,0.1640156805515289,0.0443350672721862,-0.5105739831924438,0.9489912986755372,0.0066197216510772,0.1038136482238769,-0.557866096496582,0.929405689239502,0.1256943643093109,0.2412407398223877,0.9354228377342224,-0.1477522253990173,0.2395403981208801,0.9442600011825562,0.0626048590228411,0.1561799942589409,-0.0161246921957992,0.0088463407451823,0.0,0.0,0.0,0,0,1,1.0
crossover_11_05_01_fps30.mp4,147,0.1214766353368759,0.1547668527748624,0.1035495159102649,0.1076961159706115,-0.0260587334632873,0.9783126711845398,-0.0457099080085754,0.0096251964569091,0.969986855983734,0.1553831100463867,0.0379185676574707,-0.4882567822933197,0.9513072371482848,0.0008213520050048,0.101128339767456,-0.5530449748039246,0.9363828301429749,0.1250070333480835,0.2408022284507751,0.9399269819259644,-0.1482227444648742,0.2393527626991272,0.9495086073875428,0.0656338414355404,0.1539645391029919,-0.0033779897340914,-0.0080018185963065,0.0,0.0,0.0,0,0,1,1.0
crossover_11_05_01_fps30.mp4,148,0.1217962354421615,0.1307742696697429,0.1202869897935449,0.0961804986000061,-0.0261275172233581,0.9719688296318054,-0.0505414009094238,0.0093452334403991,0.9729030728340148,0.1263166069984436,0.0457807779312133,-0.4257705807685852,0.9350790977478028,-0.008978247642517,0.0984784364700317,-0.5236483216285706,0.942676603794098,0.1236005425453186,0.2413306236267089,0.943932056427002,-0.1489915549755096,0.2398460507392883,0.9542563557624816,0.0746394424052439,0.1414439079394303,0.0167374738832799,-0.0239925831051195,0.0,0.0,0.0,0,0,1,1.0
crossover_11_05_01_fps30.mp4,149,0.1226162016391754,0.0906230830540091,0.1587099079678698,0.0917659699916839,-0.0240778028964996,0.9736553430557252,-0.0514901280403137,0.0085040032863616,0.9755144119262696,0.1116551458835601,0.0720267593860626,-0.4449717998504638,0.93974506855011,-0.0148896276950836,0.0972022712230682,-0.4988349974155426,0.948294162750244,0.1243228018283844,0.2406407296657562,0.9470868110656738,-0.1468579471111297,0.239822119474411,0.9582682847976683,0.089198183361108,0.1221315745724756,0.0384229181743249,-0.0401511866157338,0.0,0.0,0.0,0,0,1,1.0
crossover_11_05_01_fps30.mp4,150,0.121819868683815,0.0309569187083487,0.225270831294176,0.0790838003158569,-0.0217464566230773,0.975132167339325,-0.0539497137069702,0.0093406438827514,0.9778355360031128,0.0698282122611999,0.0749926567077636,-0.3915808200836181,0.9432073831558228,-0.0294739007949829,0.1054466962814331,-0.4907288551330566,0.9531701803207396,0.1247028708457946,0.2418228983879089,0.9516934752464294,-0.1462887823581695,0.2409636378288269,0.9621908664703368,0.1552240548996712,0.1342002506607058,0.0665609233263061,-0.0596661643456604,0.0,0.0,0.0,0,0,0,1.0
crossover_11_05_01_fps30.mp4,151,0.1218170076608657,-0.0230096910969686,0.2777698974783827,0.0664781033992767,-0.0097865760326385,0.977134644985199,-0.0607407391071319,-0.0015710890293121,0.978539228439331,0.0392699539661407,0.1071663796901702,-0.4484874010086059,0.9481467008590698,-0.0563001930713653,0.0961978733539581,-0.5012379884719849,0.9509057998657228,0.1267342269420623,0.2434809505939483,0.9518837928771972,-0.1443436443805694,0.2423844039440155,0.963737428188324,0.1816158431164523,0.1845986388529123,0.0524990661842067,-0.0539666098053173,0.0,0.0,0.0,1,1,0,1.0
crossover_11_05_01_fps30.mp4,152,0.1220172345638275,-0.0579817430447723,0.2187982339684556,0.0541931390762329,-0.0015371739864349,0.978894054889679,-0.0685921907424926,-0.005735844373703,0.9767274856567384,0.0193761587142944,0.1077270805835723,-0.4707480072975158,0.9526578783988952,-0.0787690281867981,0.0884230434894561,-0.4831413626670837,0.9423348903656006,0.1298940181732177,0.2441188991069793,0.954902708530426,-0.1412313282489776,0.241595059633255,0.964882493019104,0.1353552587778314,0.1320219736104989,-0.0589716635099271,-0.0349720519478037,0.0,0.0,0.0,0,0,0,1.0
crossover_11_05_01_fps30.mp4,153,0.1232021898031234,-0.095728434041395,0.165762821348702,0.0496187508106231,-0.0014927983283996,0.9796669483184814,-0.0807100534439086,-0.0059117078781127,0.9771616458892822,0.0098789036273956,0.1059849262237548,-0.4995284676551819,0.9550588130950928,-0.1032706797122955,0.1067868471145629,-0.5198407769203186,0.9441160559654236,0.1347022950649261,0.2430148124694824,0.956635057926178,-0.1367868781089782,0.2397289276123047,0.9638659358024596,0.1213519942772229,0.0594562949285107,-0.0530354126197536,-0.0377466909966226,0.0,0.0,0.0,0,0,0,1.0
crossover_11_05_01_fps30.mp4,154,0.1231857538223266,-0.1229161528207488,0.127743552225392,0.047252207994461,-0.0016271770000457,0.9779570698738098,-0.0898395478725433,-0.0170336067676544,0.9686121940612792,-0.0015913546085357,0.1017067730426788,-0.5213823318481445,0.953166663646698,-0.1249131262302398,0.0751103460788726,-0.5193625688552856,0.9224897027015686,0.1365745961666107,0.2438655197620391,0.9499349594116212,-0.1351554691791534,0.2394992411136627,0.9379442930221558,0.1240871489375252,0.0526710764277721,-0.0380192691233099,-0.0271877187793537,0.0,0.0,0.0,0,0,1,1.0
crossover_11_05_01_fps30.mp4,155,0.1233826130628585,-0.1427861103567026,0.0971741847875641,0.0463628470897674,-0.0005896091461181,0.9763883948326112,-0.0957080125808715,-0.030531883239746,0.96638423204422,-0.0064119398593902,0.0977495312690734,-0.5633387565612793,0.9528534412384032,-0.1384845972061157,0.041796326637268,-0.4930932521820068,0.9212257266044616,0.1374146044254303,0.2459388971328735,0.9463512301445008,-0.134279191493988,0.2415213584899902,0.9287360906600952,0.1363753841512602,0.055544668409299,-0.0305693674378279,-0.0198699575359538,0.0,0.0,0.0,0,0,1,1.0
crossover_11_05_01_fps30.mp4,156,0.1239043623208999,-0.1541535544193397,0.0680798142421535,0.0444789230823516,7.745623588562012e-05,0.9767072796821594,-0.1026581525802612,-0.0447586476802825,0.9612848162651062,-0.0103164613246917,0.0864653289318084,-0.5332708358764648,0.9554048776626588,-0.1478593945503235,0.0184007585048675,-0.4925844371318817,0.9138079881668092,0.1372808516025543,0.2471867501735687,0.9493408799171448,-0.1344318091869354,0.2426042854785919,0.927453339099884,0.1450073670553394,0.0500761922215048,-0.0290943705454105,-0.011367444062637,0.0,0.0,0.0,0,0,1,1.0
crossover_11_05_01_fps30.mp4,157,0.1236433386802673,-0.1576053582005581,0.040705067064704,0.0451857149600982,0.0005381107330322,0.9746728539466858,-0.1043339371681213,-0.0579354166984558,0.9328547716140748,-0.0095316469669342,0.0768301486968994,-0.4270750284194946,0.9551138281822203,-0.1462546586990356,-0.00709068775177,-0.2269881963729858,0.8702545166015625,0.1373575627803802,0.2504496574401855,0.9531784653663636,-0.1345101594924926,0.2465687394142151,0.9313910603523254,0.1524166837371534,0.0491250705612761,-0.0273747471774495,-0.0034518037812184,0.0,0.0,0.0,0,0,1,1.0
crossover_11_05_01_fps30.mp4,158,0.1243365257978439,-0.1561485624919503,0.0180673040994783,0.0475814044475555,-0.001249074935913,0.975391685962677,-0.1020243763923645,-0.0636779963970184,0.9091136455535888,-0.0057920515537261,0.0691080093383789,-0.4199328124523163,0.9577170014381408,-0.1442662477493286,-0.0165668129920959,-0.2401677072048187,0.8373792171478271,0.1378897726535797,0.2545239925384521,0.9570523500442504,-0.13325035572052,0.251213014125824,0.93681663274765,0.1587836073806129,0.0366157270903583,-0.0226377629652256,0.0014567957086077,0.0,0.0,0.0,0,0,1,1.0
crossover_11_05_01_fps30.mp4,159,0.126837357878685,-0.152149463306039,4.965052372074563e-05,0.0512771010398864,-0.0081190764904022,0.9746830463409424,-0.0989338457584381,-0.0676212310791015,0.8787906765937805,-0.0008168220520019,0.0592988431453704,-0.219324842095375,0.9592031240463256,-0.1358949542045593,-0.032572716474533,-0.0724109336733818,0.8180797100067139,0.1396585702896118,0.2561206519603729,0.959078311920166,-0.1313494443893432,0.2531931102275848,0.940552055835724,0.1625177994412933,0.036447604786856,-0.0180176535757575,0.0039990991859112,0.0,0.0,0.0,0,0,1,1.0
crossover_11_05_01_fps30.mp4,160,0.1304892599582672,-0.1464888424186383,-0.0086523294448852,0.0544712841510772,-0.0158200860023498,0.976477861404419,-0.0974758863449096,-0.0639530718326568,0.8742228746414185,0.0045711696147918,0.051661729812622,-0.5911015272140503,0.9619832038879396,-0.1311634182929992,-0.0401937663555145,-0.7556353807449341,0.8092622756958008,0.140784353017807,0.2546453475952148,0.9614818096160888,-0.1296831667423248,0.2520890235900879,0.9429572820663452,0.1626558113922099,0.0350675186892076,-0.008701979968606,0.0056606208874007,0.0,0.0,0.0,0,0,1,1.0
crossover_11_05_01_fps30.mp4,161,0.1323687732219696,-0.1404570460319519,-0.0069107150159231,0.0573285818099975,-0.0250920951366424,0.9779202342033386,-0.0953085124492645,-0.0590608716011047,0.861732006072998,0.0112091302871704,0.0469856560230255,-0.6008157730102539,0.9642480611801147,-0.1253105401992797,-0.0379274785518646,-0.7979051470756531,0.7941279411315918,0.1411540508270263,0.253501683473587,0.9637895822525024,-0.1285064220428466,0.2514112889766693,0.9447564482688904,0.16095790707645,0.034517477590109,0.0017416144289621,0.0060317963866863,0.0,0.0,0.0,0,0,1,1.0
crossover_11_05_01_fps30.mp4,162,0.131871610879898,-0.1340164915484897,0.0132961092925653,0.0601320713758468,-0.0274716019630432,0.978393256664276,-0.0912426859140396,-0.0534319579601287,0.8616414666175842,0.0160090178251266,0.0435306429862976,-0.6068934202194214,0.9643599390983582,-0.11207877099514,-0.0301613211631774,-0.8080256581306458,0.7878367900848389,0.1409825533628463,0.2491183876991272,0.9652948975563048,-0.127833291888237,0.2510311007499695,0.9448274970054626,0.1530417606096142,0.0486807132742791,0.0202068243084884,0.0064405544834622,0.0,0.0,0.0,0,0,1,1.0
crossover_11_05_01_fps30.mp4,163,0.1299618631601333,-0.1294088659145064,0.0520795455793055,0.0611397176980972,-0.0282297730445861,0.9773876070976256,-0.0926025360822677,-0.0415758490562438,0.835748553276062,0.0177542716264724,0.0442268252372741,-0.5518800020217896,0.96217679977417,-0.1109520345926284,0.0219665169715881,-0.5430905818939209,0.7340230941772461,0.1395226269960403,0.2485285997390747,0.9654647707939148,-0.127680018544197,0.2506504654884338,0.942040741443634,0.1473725017351447,0.0353192456654082,0.0387834362867401,0.0046076256339832,0.0,0.0,0.0,0,0,1,1.0
crossover_11_05_01_fps30.mp4,164,0.1303747594356537,-0.1263259820008682,0.1254716269853638,0.0632178485393524,-0.0300484597682952,0.9781696796417236,-0.0896501243114471,-0.0210202634334564,0.8492552042007446,0.019916146993637,0.0443794429302215,-0.5309711694717407,0.9640461206436156,-0.1095319390296936,0.0686290562152862,-0.4854938089847564,0.7578722834587097,0.1414182484149933,0.2444479763507843,0.9646921753883362,-0.1259649097919464,0.2463893592357635,0.9350459575653076,0.1672205208928575,0.0592715592090248,0.0733920814060583,0.0030828839136382,0.0,0.0,0.0,0,0,0,1.0
crossover_11_05_01_fps30.mp4,165,0.1300726383924484,-0.1218044777542857,0.2294604880053822,0.0633090585470199,-0.0335888266563415,0.9772735834121704,-0.0894380658864975,-0.0086922645568847,0.8601641654968262,0.0200126022100448,0.0435007810592651,-0.5325139164924622,0.9641712307929992,-0.110056534409523,0.0978992581367492,-0.5098146796226501,0.7746665477752686,0.140760526061058,0.2422636747360229,0.961816430091858,-0.12405626475811,0.2351300716400146,0.9220898747444152,0.2338655527800002,0.1320847128829791,0.1039888610200183,0.0045215042465824,0.0,0.0,0.0,0,0,0,1.0
crossover_11_05_01_fps30.mp4,166,0.1282768547534942,-0.1178541183976804,0.2532533146986147,0.0638709813356399,-0.0328933298587799,0.9749916791915894,-0.0889180153608322,-0.0012249648571014,0.871417224407196,0.0214927941560745,0.0423638522624969,-0.52547687292099,0.9627994298934937,-0.1086321920156478,0.109680563211441,-0.5291602611541748,0.7930270433425903,0.1404743939638137,0.2407465279102325,0.9523938298225404,-0.1211797147989273,0.2321997582912445,0.9078028798103333,0.2527685253445502,0.1438686167855705,0.0237928266932324,0.0039503593566053,0.0,0.0,0.0,1,0,0,1.0
crossover_11_05_01_fps30.mp4,167,0.1288681775331497,-0.1150400669392893,0.1741328464775551,0.0670688301324844,-0.0293925106525421,0.9677788615226746,-0.0824190527200698,-0.0043906867504119,0.8775594234466553,0.0243701487779617,0.0410433113574981,-0.5697889924049377,0.949068009853363,-0.1027321368455886,0.0994211733341217,-0.5475872159004211,0.8014926314353943,0.1404075771570205,0.2375992834568023,0.9446616172790528,-0.1231096237897872,0.2325390875339508,0.8851388692855835,0.1927382489408974,0.0757186849270551,-0.0791204682210595,0.002814051458391,0.0,0.0,0.0,0,0,0,1.0
crossover_11_05_01_fps30.mp4,168,0.1309912800788879,-0.1125568302506107,0.118330922795505,0.0696835368871688,-0.0278773605823516,0.9682844281196594,-0.0769176036119461,-0.0139256417751312,0.8813356161117554,0.0270355194807052,0.0372417271137237,-0.5529187321662903,0.9509124755859376,-0.0996783226728439,0.0749284327030181,-0.5210910439491272,0.807820200920105,0.1402110308408737,0.2324084341526031,0.942528486251831,-0.124116912484169,0.2287396490573883,0.8805098533630371,0.1614356892382482,0.0452728627729572,-0.05580192368205,0.0024832366886785,0.0,0.0,0.0,0,0,1,1.0
crossover_11_05_01_fps30.mp4,169,0.1294729113578796,-0.1060918376102286,0.0860092687897565,0.0717122107744216,-0.0275056064128875,0.9704448580741882,-0.0743017345666885,-0.0209384262561798,0.8816206455230713,0.0310842543840408,0.038042813539505,-0.5527389645576477,0.95453941822052,-0.0964643210172653,0.0600556433200836,-0.555178701877594,0.7935305833816528,0.1399567276239395,0.2296717464923858,0.94420063495636,-0.124505266547203,0.2272418439388275,0.8863298296928406,0.1453205458429559,0.0276817584478992,-0.0323216540057484,0.0064649926403821,0.0,0.0,0.0,0,0,1,1.0
crossover_11_05_01_fps30.mp4,170,0.1334703117609024,-0.10161131534536,0.084191512770769,0.0722868293523788,-0.0323756337165832,0.9716746807098388,-0.0748986154794693,-0.0239394307136535,0.8817207217216492,0.0338917225599288,0.0367375612258911,-0.5040854811668396,0.9560545682907104,-0.087355151772499,0.0593448281288147,-0.4697690904140472,0.7722064256668091,0.1398873180150985,0.223202109336853,0.9425073266029358,-0.1254553943872451,0.2220132946968078,0.8881913423538208,0.1435721101007636,0.0286460457570133,-0.0018177560189874,0.0044805222648685,0.0,0.0,0.0,0,0,1,1.0
crossover_11_05_01_fps30.mp4,171,0.1330686211585998,-0.0977751250489283,0.1382556525672355,0.0720834583044052,-0.0317999124526977,0.971577286720276,-0.0760040432214737,-0.0154060125350952,0.8919361233711243,0.034427985548973,0.039490520954132,-0.4881951212882995,0.9555798172950744,-0.0884119719266891,0.0758217573165893,-0.4781451821327209,0.7922497987747192,0.1396102756261825,0.220163345336914,0.9452813863754272,-0.1264119297266006,0.2192264795303344,0.893783450126648,0.165021858171318,0.06313208306843,0.0540641397964664,0.0038361902964317,0.0,0.0,0.0,0,0,1,1.0
crossover_11_05_01_fps30.mp4,172,0.1322024166584015,-0.0930385140039153,0.2425236075389676,0.0720358192920684,-0.0295616090297698,0.972637414932251,-0.0767299234867096,-0.0090750753879547,0.9013408422470092,0.0334676802158355,0.0430645048618316,-0.4921877086162567,0.9564290642738342,-0.0871342420578002,0.0957647264003753,-0.4967249929904938,0.8080434203147888,0.13953897356987,0.220450073480606,0.9489917159080504,-0.1270402371883392,0.220890074968338,0.901067316532135,0.2361943073334613,0.1468776008119179,0.1042679549717321,0.0047366110450129,0.0,0.0,0.0,1,0,0,1.0
crossover_11_05_01_fps30.mp4,173,0.1290735453367233,-0.0914003898026579,0.2309396550422762,0.0718054920434951,-0.0272736847400665,0.9732531309127808,-0.0774175077676773,-0.0055852234363555,0.9092470407485962,0.0326398164033889,0.0450714528560638,-0.4815366566181183,0.9560678005218506,-0.0865450352430343,0.0995800793170929,-0.497823417186737,0.8195386528968811,0.1400525718927383,0.2228958308696746,0.9521682262420654,-0.1274191886186599,0.2223750650882721,0.9072107672691344,0.2234568444679495,0.1314492776800231,-0.0115839524966914,0.0016381242012573,0.0,0.0,0.0,0,0,0,1.0
crossover_11_05_01_fps30.mp4,174,0.1284298598766327,-0.0909600436182345,0.1577491635229529,0.0713306814432144,-0.0269864201545715,0.9729465246200562,-0.0781761854887008,-0.0051788687705993,0.9163962602615356,0.0320518165826797,0.0440394878387451,-0.4870270788669586,0.9546017050743104,-0.0882002860307693,0.0921363234519958,-0.4801852405071258,0.8318038582801819,0.1398696452379226,0.2227558493614196,0.9513224959373474,-0.1283754259347915,0.2217411994934082,0.906616985797882,0.1675165905046333,0.0656708538403344,-0.0731904915193232,0.0004403461844234,0.0,0.0,0.0,0,0,0,1.0
crossover_11_05_01_fps30.mp4,175,0.1269577741622924,-0.089472375279766,0.1117278163026018,0.0709621310234069,-0.0259699821472167,0.9721511602401732,-0.0781492292881012,-0.0075477957725524,0.9175381660461426,0.0312537550926208,0.043514609336853,-0.4921820759773254,0.9500211477279664,-0.0864617824554443,0.0838187932968139,-0.4819553196430206,0.81044602394104,0.1391434669494629,0.2229333519935608,0.9526875019073486,-0.1298239827156067,0.2218174934387207,0.9090400338172911,0.1386644877365601,0.0280709321949139,-0.0460213472203511,0.0014876683384685,0.0,0.0,0.0,0,0,1,1.0
crossover_11_05_01_fps30.mp4,176,0.129465252161026,-0.0854289963083752,0.0909731673031318,0.0698995292186737,-0.0284245610237121,0.9731079936027528,-0.0783835351467132,-0.0127909779548645,0.9109525680541992,0.0305387079715728,0.0406442284584045,-0.4792368113994598,0.949780821800232,-0.0817885100841522,0.0723631978034973,-0.4663254022598266,0.7554071545600891,0.1379429399967193,0.2202109694480896,0.9525678157806396,-0.1312078237533569,0.219164490699768,0.9103991389274596,0.1264179991978903,0.0189627029910317,-0.0207546489994699,0.0040433789713908,0.0,0.0,0.0,0,0,1,1.0
crossover_11_05_01_fps30.mp4,177,0.1291258186101913,-0.0826767840627896,0.1142460969890036,0.0701022744178772,-0.028014451265335,0.973845362663269,-0.0785509049892425,-0.0122129619121551,0.9178071022033693,0.0306108593940734,0.0415422618389129,-0.4673244655132293,0.9501709938049316,-0.0794657170772552,0.0742230117321014,-0.474427193403244,0.7671944499015808,0.1378207206726074,0.2207381427288055,0.9550209641456604,-0.1315819025039672,0.2200033366680145,0.9158311486244202,0.1346103183472237,0.040151691180657,0.0232729296858718,0.0027522122455855,0.0,0.0,0.0,0,0,1,1.0
crossover_11_05_01_fps30.mp4,178,0.1288495063781738,-0.0805419977438651,0.1912248204394084,0.0701696574687957,-0.0277042388916015,0.9745566844940186,-0.0781663358211517,-0.0079972147941589,0.9251959919929504,0.0307037532329559,0.0421454310417175,-0.4486270844936371,0.9504848718643188,-0.0801739692687988,0.0976613759994506,-0.4743237495422363,0.7866928577423096,0.1377438008785247,0.2214332222938537,0.9562947750091552,-0.1313964128494262,0.2208276391029358,0.9183574914932252,0.1860115089277684,0.093564168250605,0.0769787234504048,0.0021347863189244,0.0,0.0,0.0,0,0,0,1.0
crossover_11_05_01_fps30.mp4,179,0.1288067251443863,-0.0793743617453817,0.2734338942097454,0.0695346295833587,-0.0276295840740203,0.9752889275550842,-0.0781595110893249,-0.0056645572185516,0.9321444630622864,0.0296776592731475,0.0423601567745208,-0.4639331996440887,0.9498987793922424,-0.0810234546661377,0.1006411612033844,-0.4917998611927032,0.8051091432571411,0.1368165910243988,0.2217590510845184,0.9583871364593506,-0.132264643907547,0.2213372886180877,0.923389196395874,0.2555140219645662,0.1728006021033168,0.0822090737703369,0.0011676359984834,0.0,0.0,0.0,1,0,0,1.0
crossover_11_05_01_fps30.mp4,180,0.1286634057760238,-0.0806457553879689,0.2149987228033019,0.0695517063140869,-0.0275587737560272,0.9757801294326782,-0.0767538249492645,-0.0057754814624786,0.937210202217102,0.0292892456054687,0.0408069193363189,-0.4592702984809875,0.9496490955352784,-0.0799338817596435,0.0962789356708526,-0.4845414459705353,0.8162521719932556,0.1365423798561096,0.2222392261028289,0.9597781896591188,-0.1323579251766204,0.2219981849193573,0.9259901642799376,0.2059817682187119,0.1187219213997009,-0.0584351714064435,-0.0012713936425871,0.0,0.0,0.0,0,0,0,1.0
crossover_11_05_01_fps30.mp4,181,0.1287923008203506,-0.0813458228515366,0.1546755957894209,0.0694397687911987,-0.0277139842510223,0.9763584733009338,-0.0761937797069549,-0.0064217150211334,0.9430079460144044,0.0289241671562194,0.0386506021022796,-0.4636892974376678,0.951235294342041,-0.077463686466217,0.0881045758724212,-0.4598981440067291,0.8335452079772949,0.136234164237976,0.2223972380161285,0.960195004940033,-0.1330872178077697,0.2223059237003326,0.9276934266090392,0.1600664545006598,0.0666841186168325,-0.0603231270138809,-0.0007000674635677,0.0,0.0,0.0,0,0,0,1.0
crossover_11_05_01_fps30.mp4,182,0.1287438869476318,-0.0829362671254044,0.1245734978012922,0.0693501830101013,-0.0276205837726593,0.9774620532989502,-0.0766568481922149,-0.0068066418170928,0.9484024047851562,0.0287787914276123,0.0374433100223541,-0.5067580938339233,0.953643798828125,-0.0715711712837219,0.0687565505504608,-0.5026847720146179,0.8494058847427368,0.1361827254295349,0.2227395474910736,0.9624105095863342,-0.1335387229919433,0.2226005494594574,0.93173086643219,0.1416754175215198,0.0569622419142077,-0.0301020979881286,-0.0015904442738678,0.0,0.0,0.0,0,0,1,1.0
crossover_11_05_01_fps30.mp4,183,0.1287443935871124,-0.086695569046473,0.1264510105295879,0.0695334672927856,-0.0275362730026245,0.9787610769271852,-0.077783465385437,-0.0079095959663391,0.9531310200691224,0.0289434194564819,0.0381799936294555,-0.4758470058441162,0.9565756320953368,-0.072978138923645,0.0663487315177917,-0.4798098802566528,0.8635293245315552,0.1364968419075012,0.2228705286979675,0.963712990283966,-0.1338569223880767,0.2230424284934997,0.9344921708106996,0.1454790297141482,0.0616478047588595,0.0018775127282957,-0.0037593019210686,0.0,0.0,0.0,0,0,1,1.0
crossover_11_05_01_fps30.mp4,184,0.1261370480060577,-0.0987991872480359,0.1775463492405123,0.0680295228958129,-0.0231726467609405,0.9784621596336364,-0.0787343978881836,-0.0044351518154144,0.955008864402771,0.027596890926361,0.0429539382457733,-0.4622274041175842,0.9542889595031738,-0.0778091549873352,0.0972355306148529,-0.4705022871494293,0.860744297504425,0.139174222946167,0.2255577743053436,0.9631367325782776,-0.1312892735004425,0.2257249057292938,0.9310729503631592,0.1846377146610222,0.0830084877746175,0.0510953387109244,-0.0121036182015629,0.0,0.0,0.0,0,0,0,1.0
crossover_11_05_01_fps30.mp4,185,0.123278871178627,-0.1156512404902506,0.2536851251997598,0.065420001745224,-0.0180277228355407,0.978804349899292,-0.0815166532993316,0.0003963708877563,0.9561301469802856,0.0229096710681915,0.0508570075035095,-0.5009812116622925,0.9546682834625244,-0.0995848476886749,0.1139450669288635,-0.5175307989120483,0.85122150182724,0.1423745453357696,0.2283231616020202,0.9589531421661376,-0.1275365054607391,0.2272785902023315,0.9240336418151855,0.2456387012262327,0.1406606301109447,0.0761387759592474,-0.0168520532422146,0.0,0.0,0.0,1,0,0,1.0
crossover_11_05_01_fps30.mp4,186,0.1215571165084838,-0.1319787387120521,0.2294356681951662,0.0599163174629211,-0.0162245333194732,0.9763242602348328,-0.0883195102214813,0.0036896169185638,0.9501678943634032,0.0166497230529785,0.0559203326702117,-0.4952658414840698,0.951585292816162,-0.119195818901062,0.1161506474018096,-0.5162468552589417,0.8310256004333496,0.1444867253303527,0.2293254435062408,0.9418731331825256,-0.1244974136352539,0.2227436006069183,0.8906942009925842,0.228468797232744,0.1140039428048233,-0.0242494570045935,-0.0163274982218015,0.0,0.0,0.0,0,0,0,1.0
crossover_11_05_01_fps30.mp4,187,0.1191222071647644,-0.1452614500360973,0.1704198116209448,0.0561695396900177,-0.0127262473106384,0.976523756980896,-0.0918263792991638,0.0036558508872985,0.9451837539672852,0.0088813602924346,0.0630517601966857,-0.5118046402931213,0.9538375735282898,-0.1305322647094726,0.1065053343772888,-0.5168474316596985,0.8257509469985962,0.1459212005138397,0.2316937446594238,0.9436709880828856,-0.1242208480834961,0.2269021272659301,0.8843488693237305,0.1878507504446553,0.0655897042356183,-0.0590158565742213,-0.0132827113240451,0.0,0.0,0.0,0,0,0,1.0
crossover_11_05_01_fps30.mp4,188,0.1172109097242355,-0.1521896697707095,0.1345047484083873,0.0519662499427795,-0.0086953938007354,0.9768961668014526,-0.0933959484100341,-0.0066482126712799,0.9459498524665833,0.0033937692642211,0.0680182874202728,-0.5247387290000916,0.9565955996513368,-0.1392223536968231,0.0761907398700714,-0.513138473033905,0.8397201299667358,0.146111249923706,0.2337342798709869,0.9463536143302916,-0.1246637403964996,0.2290417850017547,0.8827626705169678,0.1691941370043893,0.0597383869715851,-0.0359150632125575,-0.0069282197346121,0.0,0.0,0.0,0,0,1,1.0
crossover_11_05_01_fps30.mp4,189,0.1180470883846283,-0.1502328366546307,0.1129941367521518,0.0496595203876495,-0.0065943002700805,0.9771580696105956,-0.0938518047332763,-0.0143852233886718,0.9418619871139526,0.0001443922519683,0.0711032748222351,-0.5360997915267944,0.95903342962265,-0.142921507358551,0.0591795444488525,-0.5094228386878967,0.8449057936668396,0.1461701691150665,0.2337215542793274,0.9496176242828368,-0.1247365176677703,0.2293012142181396,0.8850058317184448,0.1561030277952963,0.054308985268057,-0.0215106116562354,0.0019568331160787,0.0,0.0,0.0,0,0,1,1.0
crossover_11_05_01_fps30.mp4,190,0.1183938235044479,-0.1381907297898147,0.1053809712572795,0.0485109239816665,-0.0049553513526916,0.976611316204071,-0.0911118239164352,-0.0169952511787414,0.9244816303253174,3.160536289215088e-05,0.0751455426216125,-0.5293776392936707,0.9603433609008788,-0.1328030675649643,0.0497289896011352,-0.4948678612709045,0.8318415284156799,0.1456507593393325,0.2333722114562988,0.9528712630271912,-0.1252787560224533,0.2292976975440979,0.8886219263076782,0.1414906183457042,0.0559121629567744,-0.0076131654948723,0.012042106864816,0.0,0.0,0.0,0,0,1,1.0
crossover_11_05_01_fps30.mp4,191,0.1189827769994735,-0.1108534795247902,0.1154831121607524,0.0493154078722,-0.005753219127655,0.9760078191757202,-0.0815665870904922,-0.0164507031440734,0.907107412815094,0.0052396208047866,0.076579213142395,-0.5225464105606079,0.9611178636550904,-0.1205583065748214,0.0582301020622253,-0.4584114849567413,0.8026798367500305,0.1450716406106948,0.2332633733749389,0.9539028406143188,-0.125624194741249,0.2295461297035217,0.8880122900009155,0.122438234644917,0.0580697066757966,0.0101021409034729,0.0273372502650244,0.0,0.0,0.0,0,0,1,1.0
crossover_11_05_01_fps30.mp4,192,0.1213319152593612,-0.0719003901138143,0.1529693980042527,0.0491533130407333,-0.0047763288021087,0.9753134846687316,-0.0672651380300521,-0.0132750570774078,0.9058094620704652,0.0071928948163986,0.0914722383022308,-0.5224000811576843,0.958527147769928,-0.0754136890172958,0.0817774832248687,-0.5064787864685059,0.7712255716323853,0.1424124091863632,0.2342157661914825,0.9517655372619628,-0.1282054334878921,0.2320142686367035,0.8890420198440552,0.1001880650200803,0.0712785521678174,0.0374862858435002,0.0389530894109758,0.0,0.0,0.0,0,0,1,1.0
crossover_11_05_01_fps30.mp4,193,0.1234269738197326,0.0003617710986379,0.2196437739744419,0.0540046095848083,-0.012120246887207,0.9746332168579102,-0.0575004816055297,-0.0135532021522521,0.914770483970642,0.0384484529495239,0.0870144367218017,-0.4287496507167816,0.9569851756095886,-0.0445112287998199,0.0820549726486206,-0.4702549874782562,0.7933328151702881,0.1385113000869751,0.2352445125579834,0.9547384977340698,-0.1319455504417419,0.232869803905487,0.8988290429115295,0.1379896243725779,0.1447213335005013,0.0666743759701892,0.0722621612124523,0.0,0.0,0.0,0,0,0,1.0
crossover_11_05_01_fps30.mp4,194,0.1248037219047546,0.0629639728594634,0.2657413561169693,0.0635060667991638,-0.0156720876693725,0.9697566032409668,-0.0481304228305816,-0.0121148228645324,0.9229697585105896,0.0611855387687683,0.0847556591033935,-0.4730155169963836,0.9433573484420776,-0.0174540877342224,0.0978615283966064,-0.548981785774231,0.8128581047058105,0.1342934370040893,0.2350277304649353,0.9548133611679076,-0.1360426247119903,0.2325566411018371,0.9055145978927612,0.1809944345865497,0.1861469876873339,0.0460975821425274,0.0626022017608254,0.0,0.0,0.0,1,1,0,1.0
crossover_11_05_01_fps30.mp4,195,0.1222739219665527,0.1012942050473164,0.2115489711121815,0.0758908689022064,-0.0188609063625335,0.9687182307243348,-0.0409257709980011,-0.0010099112987518,0.930557668209076,0.086314707994461,0.0851511061191558,-0.4562801420688629,0.935440480709076,0.0021047294139862,0.1077562868595123,-0.5274711847305298,0.8313497304916382,0.1289857327938079,0.2375155389308929,0.9522938132286072,-0.1411194801330566,0.23463836312294,0.9109037518501282,0.1272823852964409,0.1435669647961859,-0.0541923850047878,0.038330232187853,0.0,0.0,0.0,0,0,0,1.0
crossover_11_05_01_fps30.mp4,196,0.1217081546783447,0.1396280005826788,0.166009629935753,0.0885307192802429,-0.0221959352493286,0.9508132338523864,-0.0353458523750305,0.011264681816101,0.9372985363006592,0.1131916642189025,0.0632634758949279,-0.4699594676494598,0.8953399062156677,0.0125075578689575,0.1078617572784423,-0.5589406490325928,0.847912073135376,0.125442087650299,0.2372022271156311,0.9392858743667604,-0.1444965898990631,0.2358667254447937,0.91238135099411,0.1060926578539706,0.1397883473337579,-0.0455393411764284,0.0383337955353624,0.0,0.0,0.0,0,0,1,1.0
crossover_11_05_01_fps30.mp4,197,0.1203523576259613,0.1651006792561482,0.1301294068010842,0.1033074557781219,-0.0206539034843444,0.9417620897293092,-0.0352850258350372,0.0164588093757629,0.9431296586990356,0.1470437347888946,0.0555304288864135,-0.4719897806644439,0.8713764548301697,0.0147732198238372,0.104442298412323,-0.5577098727226257,0.8625938892364502,0.1235168874263763,0.2366601824760437,0.922998309135437,-0.147104412317276,0.2359177470207214,0.9156913161277772,0.0767532458558398,0.1525063034656242,-0.0358802231346688,0.0254726786734693,0.0,0.0,0.0,0,0,1,1.0
crossover_11_05_01_fps30.mp4,198,0.1215510368347168,0.1704613012782597,0.1075212442293399,0.1136614084243774,-0.0278361141681671,0.9419925212860109,-0.0364907979965209,0.0138702690601348,0.9485572576522828,0.167988121509552,0.0440588891506195,-0.5017924904823303,0.8727796077728271,0.0151340961456298,0.0990214049816131,-0.5804054737091064,0.8759220242500305,0.123849868774414,0.2333238422870636,0.92276793718338,-0.1466851532459259,0.2324838936328888,0.9224700927734376,0.0635105277123875,0.1555595960445747,-0.0226081625717442,0.0053606220221115,0.0,0.0,0.0,0,0,1,1.0
crossover_11_05_01_fps30.mp4,199,0.1220089793205261,0.157891950465865,0.108359974331972,0.1102332174777984,-0.0298441350460052,0.9415992498397828,-0.0399861633777618,0.0126725733280181,0.9534817337989808,0.153825968503952,0.0388707816600799,-0.4518049359321594,0.8741636872291565,0.0089663565158844,0.0972709953784942,-0.5650805234909058,0.8881168961524963,0.1246074736118316,0.2324192225933075,0.9249818325042723,-0.146618366241455,0.2317136824131012,0.9293496608734132,0.0696080462842188,0.1493378652170479,0.0008387301026321,-0.0125693508123947,0.0,0.0,0.0,0,0,1,1.0
crossover_11_05_01_fps30.mp4,200,0.1215200871229171,0.1241609990596771,0.1361182086351441,0.0979986488819122,-0.0300097167491912,0.9353257417678832,-0.0442663729190826,0.0113673508167266,0.958017885684967,0.1216497719287872,0.0448397696018219,-0.3846835494041443,0.8645657896995544,0.0021854937076568,0.097129613161087,-0.534413754940033,0.8991969227790833,0.1258366405963897,0.2337966859340667,0.9292628169059752,-0.1454279422760009,0.2325718700885772,0.9358317852020264,0.091312976591845,0.1280552009210106,0.027758234303172,-0.0337309514061878,0.0,0.0,0.0,0,0,1,1.0
crossover_11_05_01_fps30.mp4,201,0.1203902810811996,0.0654340561163627,0.1907254637741461,0.0956072509288787,-0.0257743000984191,0.93889981508255,-0.0470155775547027,0.0102552771568298,0.9621058702468872,0.0891906917095184,0.0755366683006286,-0.4146827757358551,0.8733207583427429,-0.0099516808986663,0.0983970165252685,-0.4993895888328552,0.909170150756836,0.1275276839733123,0.2367346286773681,0.9347001910209656,-0.1444337368011474,0.2344783544540405,0.94181889295578,0.1176130789382959,0.1191954341268485,0.054607255139002,-0.0587269429433143,0.0,0.0,0.0,0,0,0,1.0
crossover_11_05_01_fps30.mp4,202,0.1207788586616516,-0.0086602282726158,0.2595280722873967,0.0724808871746063,-0.0188751816749572,0.9446561336517334,-0.0490006506443023,0.0048500299453735,0.9653770923614502,0.0528272092342376,0.0893223881721496,-0.4648365676403045,0.8855257630348206,-0.0366784632205963,0.0952792167663574,-0.5079113245010376,0.9173739552497864,0.1284386217594146,0.2399212718009948,0.939257800579071,-0.143716275691986,0.2362454533576965,0.9468358755111694,0.1809714891254931,0.1666214512887565,0.0688026085132506,-0.0740942843889785,0.0,0.0,0.0,1,1,0,1.0
crossover_11_05_01_fps30.mp4,203,0.1195120066404342,-0.0641636769650346,0.2358136206138424,0.0557953119277954,-0.0034356117248535,0.9498533606529236,-0.0604681074619293,-0.0041918754577636,0.9671648144721984,0.0246031880378723,0.1040156483650207,-0.4720654487609863,0.896564245223999,-0.0683585405349731,0.0921328663825988,-0.4866640865802765,0.92198246717453,0.1322384476661682,0.2413697838783264,0.9441467523574828,-0.1398249268531799,0.2373856306076049,0.9510335326194764,0.1589033096299302,0.1437419772259635,-0.0237144516735542,-0.0555034486924188,0.0,0.0,0.0,0,0,0,1.0
crossover_11_05_01_fps30.mp4,204,0.1265541017055511,-0.1032929893267357,0.1726950238390666,0.0522878766059875,-0.0044605731964111,0.9538065791130066,-0.0722807347774505,-0.0104406476020812,0.965608537197113,0.011202335357666,0.1044070124626159,-0.5062103271484375,0.9051871299743652,-0.0922673642635345,0.0953920483589172,-0.498085469007492,0.9133861064910888,0.140435516834259,0.233285903930664,0.9424700736999512,-0.1308840215206146,0.2296266555786132,0.9410157799720764,0.1333132846806229,0.0780853022413236,-0.0631185967747758,-0.039129312361701,0.0,0.0,0.0,0,0,0,1.0
crossover_11_05_01_fps30.mp4,205,0.1241213083267211,-0.1335277838222051,0.139830391145334,0.0451260805130004,0.0031891763210296,0.9557756185531616,-0.0846903622150421,-0.0172542035579681,0.9493730068206788,0.0023637413978576,0.1051007211208343,-0.5287640690803528,0.910454511642456,-0.1220176219940185,0.0758210122585296,-0.5024152398109436,0.8762051463127136,0.141250729560852,0.2345317304134369,0.9402402639389038,-0.1307761669158935,0.2303042113780975,0.9204595685005188,0.1402592478471405,0.0650360239466214,-0.0328646326937326,-0.0302347944954693,0.0,0.0,0.0,0,0,1,1.0
crossover_11_05_01_fps30.mp4,206,0.123026043176651,-0.146091795422263,0.1149092204687072,0.0430087000131607,0.0076378285884857,0.9593753218650818,-0.0926568061113357,-0.0252730548381805,0.9522921442985536,-0.000708982348442,0.1053152382373809,-0.5503292083740234,0.9187490940093994,-0.1425105184316635,0.0545594990253448,-0.5219505429267883,0.8868351578712463,0.1421755105257034,0.235813170671463,0.9450603723526,-0.1300434619188308,0.2314070761203766,0.9228166341781616,0.1456990282476605,0.0604558882423774,-0.0249211706766268,-0.0125640116000579,0.0,0.0,0.0,0,0,1,1.0
crossover_11_05_01_fps30.mp4,207,0.1221245974302291,-0.1403757136251966,0.1054594194016805,0.0430196672677993,0.0087887644767761,0.9617244601249696,-0.0911243110895156,-0.0272574424743652,0.9508736729621888,-6.239116191864014e-05,0.1068446040153503,-0.5299199819564819,0.9254671335220336,-0.1391777545213699,0.0429804325103759,-0.4689432978630066,0.8932196497917175,0.1423829942941665,0.2355024218559265,0.94783616065979,-0.1303604692220688,0.2311097383499145,0.920691192150116,0.1403201596246875,0.0624904705453419,-0.0094498010670266,0.0057160817970663,0.0,0.0,0.0,0,0,1,1.0
crossover_11_05_01_fps30.mp4,208,0.1223248541355133,-0.1150445726968474,0.1244206951885689,0.0460387766361236,0.0053151845932006,0.9631966352462769,-0.0806728303432464,-0.024280846118927,0.9236829280853271,0.0078255236148834,0.1071265339851379,-0.5217339992523193,0.929748833179474,-0.114337533712387,0.0505737662315368,-0.4863030314445495,0.834827721118927,0.1429125964641571,0.2351875305175781,0.9448897242546082,-0.1309212148189544,0.2315741181373596,0.9040836691856384,0.1240812176736844,0.0738503136114565,0.0189612757868883,0.0253311409283492,0.0,0.0,0.0,0,0,1,1.0
crossover_11_05_01_fps30.mp4,209,0.122987300157547,-0.0674557120618173,0.1727233585787982,0.0482577234506607,0.0046006143093109,0.9633234739303588,-0.0747272223234176,-0.0232305824756622,0.916408360004425,0.0175651460886001,0.1116397678852081,-0.4772730469703674,0.9300684332847596,-0.0758349150419235,0.0577185451984405,-0.4588025510311126,0.8050656914710999,0.1421720534563064,0.2351370751857757,0.9469593167304992,-0.1317303925752639,0.232345849275589,0.9052810668945312,0.1046888311743687,0.1153096619682528,0.0483026633902293,0.04758886063503,0.0,0.0,0.0,0,0,0,1.0
crossover_11_05_01_fps30.mp4,210,0.1260982155799865,-0.0034129358954348,0.2421829521656036,0.0519201159477233,-0.0043656527996063,0.96564519405365,-0.058103859424591,-0.0208089649677276,0.9246686100959778,0.0418102145195007,0.0961162149906158,-0.4067533016204834,0.9339389204978944,-0.0409960150718688,0.0811780393123626,-0.4757327437400818,0.8242987990379333,0.1407928466796875,0.2362107932567596,0.951471209526062,-0.1331788301467895,0.2329366505146026,0.9141820669174194,0.152907243263355,0.1653332084103548,0.0694595935868053,0.0640427761663824,0.0,0.0,0.0,1,1,0,1.0
crossover_11_05_01_fps30.mp4,211,0.1248417198657989,0.0483608946961872,0.2411238068487585,0.0652175545692443,-0.0144737362861633,0.9667957425117492,-0.0450466871261596,-0.0130849480628967,0.9320507645606996,0.0660315155982971,0.0805974602699279,-0.4302088320255279,0.9340957403182985,-0.0161927342414855,0.0972340703010559,-0.5000671148300171,0.8414061665534973,0.1390675902366638,0.2385669350624084,0.952539324760437,-0.1347602009773254,0.2353972196578979,0.9207228422164916,0.1614960023932881,0.1577067763058709,-0.001059145316845,0.0517738305916221,0.0,0.0,0.0,0,0,0,1.0
crossover_11_05_01_fps30.mp4,212,0.1178463548421859,0.0886931656780889,0.192232710849948,0.0861635506153106,-0.0059216618537902,0.9661020636558532,-0.0366340577602386,0.0051396489143371,0.9385601282119752,0.0954662859439849,0.0989301800727844,-0.4752178788185119,0.9232977628707886,0.0030584633350372,0.1143814921379089,-0.5251536965370178,0.8567084074020386,0.1346023976802826,0.2463515400886535,0.9373960494995116,-0.139079064130783,0.2439546585083007,0.920726239681244,0.0935480486571465,0.1157329447492494,-0.0488910959988104,0.0403322709819017,0.0,0.0,0.0,0,0,0,1.0
crossover_11_05_01_fps30.mp4,213,0.1171256452798843,0.1226629255181651,0.152158987376748,0.0957808494567871,-0.0127783119678497,0.9637926816940308,-0.0341725349426269,0.0144576132297515,0.9445353746414183,0.1219974756240844,0.0783956348896026,-0.4686327874660492,0.9137758612632751,0.0098196864128112,0.1140881478786468,-0.5465527772903442,0.870782732963562,0.1295143365859985,0.2466521561145782,0.9245352149009703,-0.1433691978454589,0.2443841397762298,0.9218685626983644,0.0737663540762615,0.1190923399378744,-0.0400737234732,0.0339697598400762,0.0,0.0,0.0,0,0,1,1.0
crossover_11_05_01_fps30.mp4,214,0.1153883337974548,0.1503379383329618,0.1201255084537877,0.1069576144218444,-0.0176387131214141,0.9634504914283752,-0.034192681312561,0.0186063945293426,0.9498863220214844,0.147986352443695,0.0554230511188507,-0.4732562005519867,0.9125794172286988,0.0118176937103271,0.1126451194286346,-0.5579634308815002,0.8834793567657471,0.1267383098602295,0.2453184425830841,0.9217308163642884,-0.1462480723857879,0.2442206442356109,0.9265981912612916,0.0647451769738406,0.1387220760740055,-0.0320334789229602,0.0276750128147966,0.0,0.0,0.0,0,0,1,1.0
crossover_11_05_01_fps30.mp4,215,0.1158854961395263,0.170807444948261,0.0974057472333675,0.1155978739261627,-0.0280891358852386,0.9646841883659364,-0.0355718433856964,0.018233984708786,0.9547162055969238,0.1689355671405792,0.0287793576717376,-0.4800034761428833,0.9157983660697936,0.008524090051651,0.1105630099773407,-0.562382161617279,0.8949493169784546,0.1269027292728424,0.2453657686710357,0.9273216724395752,-0.1467879712581634,0.2428586781024933,0.9333767294883728,0.0686519138173982,0.162815849472381,-0.0227197612204201,0.0204695066152992,0.0,0.0,0.0,0,0,1,1.0
crossover_11_05_01_fps30.mp4,216,0.1165094226598739,0.1754804895085803,0.086809279279011,0.1172543466091156,-0.0313257575035095,0.9661865234375,-0.0377643406391143,0.0163677930831909,0.9590131640434264,0.1726082861423492,0.0237824916839599,-0.4720756411552429,0.9209661483764648,0.0036679804325103,0.1077818274497985,-0.5437771677970886,0.9052245020866394,0.1272643506526947,0.244394302368164,0.9291762709617616,-0.1467967927455902,0.2422806620597839,0.9390745162963868,0.0630921984616852,0.173087798679718,-0.0105964679543565,0.0046730445603192,0.0,0.0,0.0,0,0,1,1.0
crossover_11_05_01_fps30.mp4,217,0.1172390133142471,0.1656366351297346,0.0967022655940637,0.1104206144809722,-0.0301558673381805,0.9665477871894836,-0.0403850376605987,0.0149131715297698,0.9629520773887634,0.157545655965805,0.0302973091602325,-0.4471472203731537,0.9255109429359436,-0.001572161912918,0.1068914234638214,-0.5396652221679688,0.9145808815956116,0.1282215416431427,0.2440952360630035,0.932813823223114,-0.1459205746650695,0.2424516975879669,0.9446161389350892,0.0668960550616413,0.167518956379706,0.0098929863150526,-0.0098438543788457,0.0,0.0,0.0,0,0,1,1.0
crossover_11_05_01_fps30.mp4,218,0.1181104332208633,0.1360333222453876,0.1332350848651513,0.1015478372573852,-0.0278274714946746,0.954581081867218,-0.0425825715065002,0.0142674148082733,0.9665386080741882,0.1317328214645385,0.0417025983333587,-0.4028744101524353,0.9124761819839478,-0.0081392526626586,0.1068148910999298,-0.5278451442718506,0.9230408668518066,0.1290928721427917,0.2451642453670501,0.9357890486717224,-0.1453494429588318,0.2428396642208099,0.9495583772659302,0.091633456759302,0.1465733877421412,0.0365328192710876,-0.0296033128843469,0.0,0.0,0.0,0,0,1,1.0
crossover_11_05_01_fps30.mp4,219,0.1186774969100952,0.0769420710660643,0.1895391913448891,0.0928300023078918,-0.0251472294330596,0.9561787247657776,-0.0464212596416473,0.0127052962779998,0.96977698802948,0.098450481891632,0.0844759047031402,-0.4238275289535522,0.9160032868385316,-0.0120643377304077,0.1101654469966888,-0.530376136302948,0.9306508898735046,0.1303843259811401,0.2468139827251434,0.9389886260032654,-0.144364446401596,0.243758887052536,0.953786313533783,0.1072422768137999,0.119257419470229,0.0563041064797378,-0.0590912511793233,0.0,0.0,0.0,0,0,0,1.0
crossover_11_05_01_fps30.mp4,220,0.1192380189895629,0.0169606764437788,0.2546492214609936,0.0769987106323242,-0.0230431258678436,0.9600262641906738,-0.0510306656360626,0.0130269825458526,0.9726696014404296,0.066268503665924,0.0837278068065643,-0.4564689993858337,0.9234660863876344,-0.0271887183189392,0.1183091700077056,-0.5430554747581482,0.9373650550842284,0.1319698691368103,0.2476375997066497,0.9442111253738404,-0.1433357000350952,0.2442816793918609,0.9581524133682252,0.1778915169782985,0.1433100788088525,0.0651100301161045,-0.0599813946222854,0.0,0.0,0.0,1,1,0,1.0
crossover_11_05_01_fps30.mp4,221,0.1202475428581237,-0.0370112192832817,0.2440353299059519,0.0644245147705078,-0.0113793909549713,0.96347314119339,-0.0567076802253723,0.0036799013614654,0.974659025669098,0.0399671792984008,0.1000964343547821,-0.4684412479400635,0.9302764534950256,-0.0586639642715454,0.1011589467525482,-0.4963732659816742,0.9419904351234436,0.1362344622611999,0.2473863661289215,0.9465641379356384,-0.1390222609043121,0.244584172964096,0.9605409502983092,0.1632301427454223,0.1445077929681475,-0.0106138915550417,-0.0539718957270606,0.0,0.0,0.0,0,0,0,1.0
crossover_11_05_01_fps30.mp4,222,0.1209282577037811,-0.0765366333015894,0.1926560746460426,0.0553648769855499,0.0025940835475921,0.966581642627716,-0.067133754491806,-0.0019692480564117,0.9678809642791748,0.0235865414142608,0.1053818762302398,-0.4669796228408813,0.936625838279724,-0.0774785280227661,0.1000131070613861,-0.4777837693691253,0.9126406908035278,0.1397057473659515,0.2460119426250457,0.9491254091262816,-0.1348638832569122,0.2434720695018768,0.9602309465408324,0.1328210669445987,0.0926477555505663,-0.0513792552599092,-0.0395254140183076,0.0,0.0,0.0,0,0,0,1.0
crossover_11_05_01_fps30.mp4,223,0.1230085492134094,-0.1103090709043761,0.1526841291567174,0.0520985275506973,0.0004660487174987,0.968773365020752,-0.0806684046983718,-0.005671203136444,0.9616029858589172,0.0152952224016189,0.1042827367782592,-0.5010640025138855,0.941046953201294,-0.1029532998800277,0.0994262099266052,-0.4812309741973877,0.8934872150421143,0.1423713713884353,0.2448547482490539,0.9516648650169371,-0.1318423897027969,0.2418243288993835,0.9560388922691344,0.1346073299678435,0.0537634943812602,-0.0399719454893251,-0.0337724376027867,0.0,0.0,0.0,0,0,1,1.0
crossover_11_05_01_fps30.mp4,224,0.1240278333425521,-0.1318796491218825,0.1194803482148705,0.0520738363265991,-0.0020123720169067,0.970464289188385,-0.0954794585704803,-0.0265326499938964,0.9592227339744568,0.0110328793525695,0.0984479784965515,-0.5511364340782166,0.9452170729637146,-0.13538858294487,0.0627486705780029,-0.518827497959137,0.8944684267044067,0.1440513134002685,0.2447604537010193,0.9535567760467528,-0.1300180852413177,0.2404584884643554,0.9476375579833984,0.1444518998522662,0.0568400902890518,-0.0332037809418469,-0.0215705782175064,0.0,0.0,0.0,0,0,1,1.0
crossover_11_05_01_fps30.mp4,225,0.1257050484418869,-0.1466043518761456,0.0872991047254423,0.0515578985214233,-0.0027007460594177,0.971211314201355,-0.1056239902973175,-0.0410362482070922,0.9544971585273744,0.0051979422569274,0.0962833166122436,-0.5210509896278381,0.9483256340026855,-0.1516198813915252,0.034107506275177,-0.489560604095459,0.8918012380599976,0.1445111632347107,0.2454189658164978,0.9549550414085388,-0.12996506690979,0.2415363788604736,0.9383637309074402,0.1520679209014544,0.0534275367391564,-0.0321812434894281,-0.0147247027542631,0.0,0.0,0.0,0,0,1,1.0
crossover_11_05_01_fps30.mp4,226,0.1277191936969757,-0.1523875517360234,0.0539077053709727,0.0532268285751342,-0.0034955441951751,0.9723256826400756,-0.1049433350563049,-0.05607670545578,0.9507819414138794,0.0087935924530029,0.0905626714229583,-0.5277337431907654,0.9519498944282532,-0.1515313684940338,0.0016671121120452,-0.4875312447547912,0.8903166651725769,0.1450992226600647,0.2455085813999176,0.9550153613090516,-0.1294052898883819,0.2421872317790985,0.9315356016159058,0.1652965449679936,0.0522476088810633,-0.0333913993544695,-0.0057831998598777,0.0,0.0,0.0,0,0,1,1.0
crossover_11_05_01_fps30.mp4,227,0.1307399570941925,-0.1518025260860637,0.0189969398626467,0.0547402501106262,-0.0065140426158905,0.9741795659065248,-0.1010704636573791,-0.0686605870723724,0.9447231292724608,0.0106107592582702,0.0795978009700775,-0.5148244500160217,0.9560465812683104,-0.1502115130424499,-0.0229713022708892,-0.4688978791236877,0.8878128528594971,0.1454847455024719,0.2453115880489349,0.9552446603775024,-0.1290694177150726,0.2420577704906463,0.9283456206321716,0.173350914688392,0.0419983889010525,-0.034910765508326,0.0005850256499597,0.0,0.0,0.0,0,0,1,1.0
crossover_11_05_01_fps30.mp4,228,0.1333289295434951,-0.1463987086789082,-0.007343604651893,0.0559113919734954,-0.009671002626419,0.975356936454773,-0.0948188304901123,-0.0796378850936889,0.907584309577942,0.0132104456424713,0.0686046779155731,-0.513062059879303,0.9588581323623656,-0.1368315815925598,-0.0427071750164032,-0.4364544451236725,0.8422572612762451,0.1458276212215423,0.244061142206192,0.949926733970642,-0.1288100481033325,0.2417125403881073,0.9191421270370485,0.1767575281795195,0.036634847203339,-0.0263405445145398,0.0054038174071554,0.0,0.0,0.0,0,0,1,1.0
crossover_11_05_01_fps30.mp4,229,0.1334646046161651,-0.1394046874369605,-0.0163659005630306,0.0558347702026367,-0.0130245685577392,0.9755402207374572,-0.0901136398315429,-0.0758406817913055,0.8603511452674866,0.014777660369873,0.0626298189163208,-0.4759893417358398,0.9601905941963196,-0.1242603659629821,-0.0508807599544525,-0.3274925053119659,0.7902272343635559,0.1452671289443969,0.2431787252426147,0.949366807937622,-0.1293854117393493,0.2410458326339721,0.9205227494239808,0.1732412193194442,0.0376911924952875,-0.0090222959111375,0.0069940212419477,0.0,0.0,0.0,0,0,1,1.0
crossover_11_05_01_fps30.mp4,230,0.1322973519563675,-0.1332719918024741,-0.0040300258776037,0.0564503073692321,-0.0134191513061523,0.9757872223854064,-0.0875392258167266,-0.0673176050186157,0.8011261820793152,0.0166178941726684,0.0601110458374023,-0.4103154838085174,0.9615870714187622,-0.1152797937393188,-0.0435933470726013,-0.1215444430708885,0.7388140559196472,0.144497811794281,0.2430121302604675,0.9498610496520996,-0.1292099952697754,0.2408208847045898,0.922063410282135,0.1630369743291098,0.0434623466361672,0.0123358746854269,0.0061326956344863,0.0,0.0,0.0,0,0,1,1.0
crossover_11_05_01_fps30.mp4,231,0.1306304633617401,-0.129006163801177,0.0391809284687042,0.0577297955751419,-0.0154874622821807,0.9759117960929872,-0.085283413529396,-0.0548516511917114,0.7704715132713318,0.0171268135309219,0.0588743388652801,-0.5111922025680542,0.9613479375839232,-0.1124854236841201,-0.0010656416416168,-0.4591858983039856,0.6868969798088074,0.1443941742181778,0.2408446371555328,0.951046586036682,-0.1285086125135421,0.2385013401508331,0.9203104376792908,0.1474539842696416,0.0435054164404884,0.0432109543463079,0.0042658280012971,0.0,0.0,0.0,0,0,1,1.0
crossover_11_05_01_fps30.mp4,232,0.1277708262205124,-0.1247597846944453,0.1345848022437676,0.0599759519100189,-0.0159713625907897,0.9767199158668518,-0.0828973054885864,-0.0298072695732116,0.7911945581436157,0.0184042155742645,0.0581103563308715,-0.5170085430145264,0.9637359380722046,-0.1095127761363983,0.0582128167152404,-0.4773745238780975,0.7168816924095154,0.1457045972347259,0.238102912902832,0.9526894092559814,-0.1272689998149871,0.2377110719680786,0.9193727970123292,0.1623091859711693,0.0778790821950203,0.0954038737750634,0.0042463791067317,0.0,0.0,0.0,0,0,0,1.0
crossover_11_05_01_fps30.mp4,233,0.129954844713211,-0.1193168473950886,0.2455678109715624,0.0601414889097213,-0.0190039575099945,0.9753180146217346,-0.0838183909654617,-0.020571082830429,0.8098793625831604,0.0186726301908493,0.0531739294528961,-0.5118853449821472,0.9632120132446288,-0.1090427488088607,0.0806509554386138,-0.5075157284736633,0.7422510981559753,0.1453617066144943,0.2317690551280975,0.9538079500198364,-0.1254713088274002,0.2259284555912017,0.920274019241333,0.2367625425827715,0.1652365768848863,0.1109830087277947,0.0054429372993566,0.0,0.0,0.0,1,0,0,1.0
crossover_11_05_01_fps30.mp4,234,0.1291970610618591,-0.115518187920926,0.2151176989078521,0.0613294392824173,-0.0175414979457855,0.9739978909492492,-0.0835222750902175,-0.0175880491733551,0.8268521428108215,0.01960189640522,0.0520850718021392,-0.5079601407051086,0.9626856446266174,-0.1085461229085922,0.0841815173625946,-0.5136218667030334,0.766563892364502,0.1456579715013504,0.2304629981517791,0.9552519917488098,-0.1275099664926529,0.2251015603542328,0.9191218614578248,0.2117476674943439,0.1311216737545279,-0.0304501120637102,0.0037986594741626,0.0,0.0,0.0,0,0,0,1.0
crossover_11_05_01_fps30.mp4,235,0.1283163130283355,-0.1132674001536127,0.1347568116536954,0.0643187910318374,-0.0181516408920288,0.9743829369544984,-0.0801570564508438,-0.0193251967430114,0.8419641256332397,0.0237210541963577,0.0497267842292785,-0.5105221271514893,0.964310109615326,-0.1083505600690841,0.0699874758720398,-0.5003277063369751,0.7886562943458557,0.1461931616067886,0.2278217077255249,0.954121470451355,-0.1282501071691513,0.2275620102882385,0.912349283695221,0.161232571737199,0.0649556939306608,-0.0803608872541566,0.0022507877673133,0.0,0.0,0.0,0,0,0,1.0
crossover_11_05_01_fps30.mp4,236,0.1266120076179504,-0.1117449063365742,0.089075815096134,0.0680190324783325,-0.0198788046836853,0.9743772745132446,-0.0791684389114379,-0.0230748653411865,0.8454555869102478,0.0303156971931457,0.0490235686302185,-0.5165418982505798,0.9636945724487304,-0.1056242287158966,0.0557830333709716,-0.5143508315086365,0.780556321144104,0.1453332304954528,0.226345956325531,0.9529573321342468,-0.1299330592155456,0.2260061502456665,0.9086320996284484,0.147598772089048,0.0338507312998636,-0.0456809965575614,0.0015224938170384,0.0,0.0,0.0,0,0,1,1.0
crossover_11_05_01_fps30.mp4,237,0.124535471200943,-0.1074791827444303,0.0789820354159285,0.0678721666336059,-0.0196342468261718,0.974666714668274,-0.0795010030269622,-0.0239986181259155,0.8541887998580933,0.0333166122436523,0.0504943132400512,-0.5420612096786499,0.962380349636078,-0.1013080179691314,0.0498787760734558,-0.6483985185623169,0.7799093127250671,0.1431294083595276,0.2260990142822265,0.9517722725868224,-0.1321832835674286,0.2255058884620666,0.9072863459587096,0.1436488990598123,0.0297503441835403,-0.0100937796802055,0.0042657235921439,0.0,0.0,0.0,0,0,1,1.0
crossover_11_05_01_fps30.mp4,238,0.1261057704687118,-0.1085238021814217,0.1097497402167901,0.0687110871076583,-0.0220776200294494,0.974714696407318,-0.0797918587923049,-0.0179772973060607,0.8652876019477844,0.0341225117444992,0.0516638755798339,-0.4761330783367157,0.9608203768730164,-0.0935986787080764,0.0705629587173461,-0.4909487068653106,0.7888808846473694,0.1430978029966354,0.2225013375282287,0.9538045525550842,-0.1325614005327224,0.2230347990989685,0.9118536114692688,0.1540192797907949,0.0419328410077324,0.0307677048008616,-0.0010446194369914,0.0,0.0,0.0,0,0,1,1.0
crossover_11_05_01_fps30.mp4,239,0.124849185347557,-0.1021734131089711,0.1907806325249555,0.0683515220880508,-0.0201175510883331,0.9725260734558104,-0.0799877196550369,-0.0073831975460052,0.8761880993843079,0.0331830531358718,0.0571454465389251,-0.457304447889328,0.9545961022377014,-0.0916606038808822,0.0988111197948455,-0.4786499440670013,0.8012425303459167,0.1430885344743728,0.2234349548816681,0.9545679092407228,-0.1321427971124649,0.2243365943431854,0.9120199680328368,0.1902097155452693,0.0925684094585191,0.0810308923081654,0.0063503890724505,0.0,0.0,0.0,0,0,0,1.0
crossover_11_05_01_fps30.mp4,240,0.1243024915456771,-0.0982249128616462,0.2613601709284433,0.0678813457489013,-0.0194927155971527,0.9736223220825196,-0.0804256796836853,-0.004167765378952,0.8879462480545044,0.0320674180984497,0.0586789548397064,-0.4690578579902649,0.955467164516449,-0.0900555849075317,0.1046903431415557,-0.483918696641922,0.8190850019454956,0.1424990892410278,0.2242397964000702,0.9556756615638732,-0.1328728199005127,0.2254651486873626,0.915909469127655,0.2409476434045878,0.1568826722681471,0.0705795384034877,0.0039485002473249,0.0,0.0,0.0,1,0,0,1.0
crossover_11_05_01_fps30.mp4,241,0.125506967306137,-0.0978984978239415,0.186740651654034,0.068500280380249,-0.0204468965530395,0.9741618037223816,-0.0804518461227417,-0.0045804977416992,0.8974648118019104,0.0317775011062622,0.056592583656311,-0.4594858884811401,0.9567074179649352,-0.091255635023117,0.1022114157676696,-0.4715275168418884,0.8336753249168396,0.1424826383590698,0.2232781052589416,0.9492194056510924,-0.1324191391468048,0.2245683670043945,0.9023886919021606,0.1837236628801149,0.0847898540258397,-0.0746195192744092,0.0003264150377047,0.0,0.0,0.0,0,0,0,1.0
crossover_11_05_01_fps30.mp4,242,0.128693401813507,-0.0969303263951156,0.1358483049927688,0.0690542310476303,-0.0233867168426513,0.9753698706626892,-0.080390378832817,-0.010189950466156,0.9062859416007996,0.0315135568380355,0.0512781143188476,-0.4679130315780639,0.9584586024284364,-0.0879963785409927,0.0865682363510131,-0.4713603854179382,0.8456228971481323,0.1425128430128097,0.2206053137779235,0.949557900428772,-0.1325584799051284,0.2218533754348755,0.9039945006370544,0.1537853968705571,0.0500833364463304,-0.0508923466612653,0.0009681714288258,0.0,0.0,0.0,0,0,1,1.0
crossover_11_05_01_fps30.mp4,243,0.1286450773477554,-0.0954664783962702,0.107946760625374,0.0692779421806335,-0.0238102972507476,0.9771550893783568,-0.0803912580013275,-0.0134113729000091,0.9151998162269592,0.0314055085182189,0.0491395890712738,-0.4869007170200348,0.9618251323699952,-0.0853223800659179,0.0672869384288787,-0.5029865503311157,0.860504150390625,0.1427711844444275,0.220545083284378,0.9520686268806458,-0.1325439810752868,0.2214893996715545,0.90896338224411,0.1398384227951091,0.0419061316752866,-0.0279015443673947,0.0014638479988453,0.0,0.0,0.0,0,0,1,1.0
crossover_11_05_01_fps30.mp4,244,0.1273269206285476,-0.0994093619665857,0.1275348818883663,0.0697317570447921,-0.0233900249004364,0.9773097634315492,-0.0804758816957473,-0.0122149884700775,0.9224100708961488,0.0317835658788681,0.0494243800640106,-0.4851780235767364,0.9607422947883606,-0.0849914103746414,0.0812132656574249,-0.4850640296936035,0.8687843680381775,0.1434048861265182,0.2212585508823394,0.9530217051506042,-0.132139042019844,0.2221459448337555,0.9114660024642944,0.1526854112609162,0.0485136007564298,0.0195881212629923,-0.0039428835703154,0.0,0.0,0.0,0,0,1,1.0
crossover_11_05_01_fps30.mp4,245,0.1267644762992859,-0.1114732678663932,0.1931750336798225,0.0660464465618133,-0.0219204723834991,0.9779545664787292,-0.0814476311206817,-0.0065148174762725,0.9262528419494628,0.0282701551914215,0.0525902807712554,-0.4852680265903473,0.9612831473350524,-0.09175905585289,0.103659301996231,-0.49129319190979,0.8644497394561768,0.1444459855556488,0.2220123708248138,0.9546681642532348,-0.1323054730892181,0.2239790260791778,0.9135985970497132,0.1982228469129587,0.0916608770095622,0.0656401517914562,-0.0120639058998075,0.0,0.0,0.0,0,0,0,1.0
crossover_11_05_01_fps30.mp4,246,0.1237603276968002,-0.1265206719354047,0.2630274480435907,0.0616820007562637,-0.019084483385086,0.9783348441123962,-0.0836519449949264,0.00225231051445,0.928444802761078,0.0234310179948806,0.0580004751682281,-0.4962823390960693,0.96169114112854,-0.1072882264852523,0.113783448934555,-0.5102081894874573,0.853434681892395,0.1462797075510025,0.2242365777492523,0.9484933018684388,-0.1302904039621353,0.2265547215938568,0.9019846320152284,0.2540109622031756,0.1504780988318596,0.0698524143637681,-0.0150474040690115,0.0,0.0,0.0,1,0,0,1.0
crossover_11_05_01_fps30.mp4,247,0.11933533847332,-0.1378654337030346,0.2036571062192684,0.0581993609666824,-0.0147512853145599,0.9782328009605408,-0.0888183861970901,0.0060104429721832,0.927014410495758,0.0167657881975173,0.0642530620098114,-0.4969309568405151,0.961682140827179,-0.1250734180212021,0.1127800047397613,-0.5263490080833435,0.8460369110107422,0.1479519754648208,0.2285326421260833,0.948222279548645,-0.1284843534231186,0.227508395910263,0.8929604291915894,0.2081929449534974,0.0917729984174042,-0.0593703418243222,-0.0113447617676298,0.0,0.0,0.0,0,0,0,1.0
crossover_11_05_01_fps30.mp4,248,0.1184473931789398,-0.1475954115895901,0.1485908690022259,0.0561579912900924,-0.0134832561016082,0.9788642525672911,-0.0903203338384628,0.0026573240756988,0.925199031829834,0.0136746019124984,0.0645914375782013,-0.5180222988128662,0.9636378288269044,-0.1296223551034927,0.0883393585681915,-0.5153697729110718,0.8509542942047119,0.1486981362104416,0.2286292612552642,0.9509275555610656,-0.1276746243238449,0.2272500097751617,0.8918896913528442,0.1818348749127165,0.0628750766920805,-0.0550662372170425,-0.0097299778865555,0.0,0.0,0.0,0,0,1,1.0
crossover_11_05_01_fps30.mp4,249,0.1171777695417404,-0.1458279919321254,0.1220196812618069,0.055065169930458,-0.0111043751239776,0.9792331457138062,-0.0890560001134872,-0.0089832246303558,0.9273982644081116,0.0121814161539077,0.0666030943393707,-0.5333638191223145,0.9657241106033324,-0.1383608430624008,0.0669008195400238,-0.51812344789505,0.8613580465316772,0.1486249715089798,0.22927787899971,0.9526628851890564,-0.1276291161775589,0.2279371917247772,0.8924826383590698,0.1674454273780878,0.0556223626767838,-0.026571187740419,0.0017674196574647,0.0,0.0,0.0,0,0,1,1.0
crossover_11_05_01_fps30.mp4,250,0.116946130990982,-0.1343494008658295,0.1112061125476185,0.0542349070310592,-0.0074808001518249,0.9798559546470642,-0.0879102200269699,-0.0144842267036437,0.9233202338218688,0.0121217817068099,0.0728440880775451,-0.5284305214881897,0.9679214358329772,-0.1287347227334976,0.055446445941925,-0.4892888963222503,0.8618842959403992,0.1488300412893295,0.230435311794281,0.9548680186271667,-0.1273974329233169,0.2291078567504882,0.8950822949409485,0.1514115327366777,0.0560416365794913,-0.0108135687141883,0.0114785910662958,0.0,0.0,0.0,0,0,1,1.0
crossover_11_05_01_fps30.mp4,251,0.1168785542249679,-0.1044399054373724,0.1260629352999897,0.0545316040515899,-0.0060456693172454,0.9782000184059144,-0.0776746869087219,-0.0127055943012237,0.9161181449890136,0.013291984796524,0.0835151970386505,-0.5321834087371826,0.9664373397827148,-0.1121831834316253,0.0662679970264434,-0.4914149940013885,0.8447832465171814,0.1480251848697662,0.2312068045139312,0.9538078904151917,-0.1283130943775177,0.2301067411899566,0.8934775590896606,0.125184296176484,0.0602942202639148,0.0148568227523711,0.0299094954284571,0.0,0.0,0.0,0,0,1,1.0
crossover_11_05_01_fps30.mp4,252,0.1184935271739959,-0.0494197008468337,0.174092311539301,0.0507303327322006,-0.0061838328838348,0.9750291705131532,-0.0665360242128372,-0.0124972164630889,0.9134368300437928,0.0218074768781662,0.0892209112644195,-0.4955820441246032,0.9542375802993774,-0.0720403641462326,0.076264351606369,-0.4945012629032135,0.8102213144302368,0.1434365361928939,0.2311708033084869,0.9553195238113404,-0.13295878469944,0.2304000556468963,0.8997888565063477,0.1107992122322531,0.100409183607597,0.0480293762393113,0.0550202045905387,0.0,0.0,0.0,0,0,0,1.0
crossover_11_05_01_fps30.mp4,253,0.120598629117012,0.0138184375682119,0.2464409293198004,0.0591145157814025,-0.0074878931045532,0.9767431616783142,-0.0585235357284545,-0.0098980069160461,0.9216776490211488,0.0436155200004577,0.1003704071044921,-0.4423920214176178,0.9572649598121644,-0.042264699935913,0.0950059294700622,-0.5075662136077881,0.8268663883209229,0.1403906941413879,0.2333101034164428,0.9584052562713624,-0.1361578404903412,0.2323547005653381,0.9087597131729126,0.149078716058755,0.1614864622554993,0.0723486177804993,0.0632381384150457,0.0,0.0,0.0,1,1,0,1.0
crossover_11_05_01_fps30.mp4,254,0.1217152923345565,0.0635026384208161,0.2364179675172014,0.0688730478286743,-0.0134272575378417,0.9743244647979736,-0.0502110719680786,-0.0035327672958374,0.9293043613433838,0.0668021440505981,0.086933434009552,-0.4673168659210205,0.9486163854599,-0.0218539237976074,0.1098160147666931,-0.5246738195419312,0.8435767292976379,0.1344640851020813,0.2329996824264526,0.9567915201187134,-0.1419666707515716,0.2318345308303833,0.9145075082778932,0.1495209433337033,0.1526885626168167,-0.0100229618025989,0.0496842008526041,0.0,0.0,0.0,0,0,0,1.0
crossover_11_05_01_fps30.mp4,255,0.1197567731142044,0.1010772586879084,0.1831516890991025,0.0829850137233734,-0.0177798867225646,0.9709962010383606,-0.0418351590633392,0.0090007185935974,0.9361791610717772,0.0932583510875701,0.0889993906021118,-0.4686312973499298,0.930463969707489,-0.0045410692691802,0.1160634160041809,-0.5309411287307739,0.858762264251709,0.1301921904087066,0.2355595827102661,0.940199077129364,-0.1462135016918182,0.2359164953231811,0.9149333238601683,0.0944764024946391,0.1251242086380966,-0.0532662784180989,0.0375746202670922,0.0,0.0,0.0,0,0,0,1.0
crossover_11_05_01_fps30.mp4,256,0.1206174343824386,0.1335262962317063,0.1382165907359704,0.0916003882884979,-0.0265963971614837,0.9691383838653564,-0.0381118357181549,0.0167500078678131,0.9424821734428406,0.116135150194168,0.0591513812541961,-0.4511463344097137,0.9283455610275269,0.0051582157611846,0.1162196695804596,-0.5626744627952576,0.8727562427520752,0.1275340616703033,0.2355503141880035,0.9410569667816162,-0.147513061761856,0.2357428967952728,0.9210922122001648,0.0809552920499693,0.1302391209430103,-0.044935098363132,0.0324490375437979,0.0,0.0,0.0,0,0,1,1.0
crossover_11_05_01_fps30.mp4,257,0.1198265552520752,0.1496733849331484,0.1086742588659611,0.1017826199531555,-0.0281729400157928,0.9682939052581788,-0.0365909934043884,0.0186485946178436,0.9481054544448853,0.1433196663856506,0.045984536409378,-0.4532797634601593,0.9287447333335876,0.0097370743751525,0.1134853661060333,-0.574665367603302,0.8852896690368652,0.1273723840713501,0.2362772524356842,0.9374956488609314,-0.148344486951828,0.2363413274288177,0.9264035224914552,0.0630108803387497,0.1400189907314694,-0.0295423318700093,0.0161470887014421,0.0,0.0,0.0,0,0,1,1.0
crossover_11_05_01_fps30.mp4,258,0.1198469847440719,0.1487098572617869,0.0983084674288586,0.1057304739952087,-0.0333112776279449,0.9684632420539856,-0.0347234010696411,0.0178518593311309,0.9532153010368348,0.1496452689170837,0.0338757336139678,-0.4388628900051117,0.932637631893158,0.010358989238739,0.1125013530254364,-0.5654345750808716,0.896686315536499,0.1290435791015625,0.2362535297870636,0.94090336561203,-0.1471965610980987,0.2368054091930389,0.933127760887146,0.0644395234450522,0.1390769595737855,-0.0103657914371024,-0.0009635276713614,0.0,0.0,0.0,0,0,1,1.0
crossover_11_05_01_fps30.mp4,259,0.1200500875711441,0.1304386115680307,0.1127158317624068,0.098843902349472,-0.0319813787937164,0.9628782868385316,-0.038001924753189,0.0158587992191314,0.957803189754486,0.1247940361499786,0.0417304337024688,-0.42393758893013,0.9279981255531312,0.0065652430057525,0.1067078411579132,-0.556483805179596,0.9069536924362184,0.1306971609592437,0.2364066541194915,0.9437168836593628,-0.1455994844436645,0.2367977201938629,0.9391061067581176,0.0712094654479158,0.1240189799589953,0.0144073643335481,-0.0182712456937562,0.0,0.0,0.0,0,0,1,1.0
crossover_11_05_01_fps30.mp4,260,0.116039752960205,0.0867394891835875,0.1591114765260277,0.0909599661827087,-0.026444673538208,0.9615493416786194,-0.0424681305885314,0.0193938612937927,0.961883783340454,0.1044884324073791,0.065641701221466,-0.4128460884094238,0.9255081415176392,-0.0036092400550842,0.1108354926109314,-0.5212522745132446,0.916172742843628,0.1316751837730407,0.2412751913070678,0.9466018676757812,-0.1447173953056335,0.2411003708839416,0.9446331858634948,0.0951400224986657,0.1024376078303933,0.0463956447636209,-0.0436991223844431,0.0,0.0,0.0,0,0,0,1.0
crossover_11_05_01_fps30.mp4,261,0.1176914423704147,0.0189319816686339,0.2303315559538399,0.0780857801437377,-0.0217243134975433,0.9651004076004028,-0.0436128079891204,0.011158674955368,0.9655903577804564,0.0610561370849609,0.0790534913539886,-0.4282220304012298,0.9326930046081544,-0.0092626214027404,0.1065843403339386,-0.5007510185241699,0.9244185090065002,0.1323719620704651,0.2427165806293487,0.9509155750274658,-0.1444140374660492,0.241391509771347,0.9499658346176147,0.1570334273287558,0.1269185132911298,0.0712200794278121,-0.0678075075149535,0.0,0.0,0.0,0,0,0,1.0
crossover_11_05_01_fps30.mp4,262,0.1184823513031005,-0.0438608527183532,0.2653748301471151,0.0639349222183227,-0.0044753849506378,0.9672166705131532,-0.0482010245323181,0.0032522976398468,0.9668830633163452,0.0293464660644531,0.0998626053333282,-0.4784899652004242,0.9363542795181274,-0.0436504781246185,0.0985238254070282,-0.5085213780403137,0.926997721195221,0.1375823020935058,0.2439952790737152,0.951774537563324,-0.1394685506820678,0.2424960434436798,0.9520403146743774,0.180979579196596,0.1668511373657555,0.0350432741932752,-0.0627928343869872,0.0,0.0,0.0,1,1,0,1.0
crossover_11_05_01_fps30.mp4,263,0.1231589019298553,-0.0846424650337736,0.1987465878812278,0.0557616353034973,-0.0028563737869262,0.9700121283531188,-0.0612501800060272,-0.0079603791236877,0.9630159735679626,0.0114200115203857,0.0986438989639282,-0.4969976246356964,0.9420878291130066,-0.0706284940242767,0.0870195031166076,-0.4871264398097992,0.9129899144172668,0.1441159844398498,0.2401946783065796,0.9541715383529664,-0.1329202353954315,0.2378644943237304,0.9528291821479796,0.1387391355392993,0.112602543725511,-0.0666282422658873,-0.0407816123154203,0.0,0.0,0.0,0,0,0,1.0
crossover_11_05_01_fps30.mp4,264,0.1230876892805099,-0.1254616512585494,0.1512987705265603,0.0491813868284225,0.0040009319782257,0.9714809656143188,-0.0785593837499618,-0.0102076232433319,0.9612817764282228,-0.0001105219125747,0.0956753194332122,-0.5194941759109497,0.9454630613327026,-0.1058806031942367,0.0857016146183013,-0.4967208206653595,0.9073746800422668,0.1471549719572067,0.2383122146129608,0.9555454254150392,-0.1302735358476638,0.2352311909198761,0.9476686716079712,0.1371381563965527,0.0684573174069022,-0.0474478173546674,-0.0408191862247758,0.0,0.0,0.0,0,0,1,1.0
crossover_11_05_01_fps30.mp4,265,0.1237985640764236,-0.144422590682062,0.1157006256464051,0.0475922673940658,0.0027600228786468,0.9730380177497864,-0.0889880210161209,-0.0235416591167449,0.9603725671768188,-0.0037066489458084,0.0918207466602325,-0.5261765718460083,0.9496368765830994,-0.1364413350820541,0.0564695298671722,-0.5038689970970154,0.9127626419067384,0.1474047154188156,0.2378484308719635,0.9574444890022278,-0.1299787908792495,0.2346413433551788,0.945361077785492,0.1427277999519188,0.0597664048455427,-0.0355981448801552,-0.0189609394235125,0.0,0.0,0.0,0,0,1,1.0
crossover_11_05_01_fps30.mp4,266,0.1244724094867706,-0.146543607671382,0.1005678864513955,0.0477691292762756,0.0004395544528961,0.9736314415931702,-0.0921443402767181,-0.0287801325321197,0.9601088762283324,-0.0026394128799438,0.0896300971508026,-0.5484004020690918,0.952797830104828,-0.1437330842018127,0.0405358970165252,-0.5033984780311584,0.9180638790130616,0.1470719575881958,0.2369627654552459,0.9569332599639891,-0.1300662755966186,0.2337730228900909,0.934729814529419,0.1443192728410047,0.0600977436987561,-0.0151327391950095,-0.00212101698932,0.0,0.0,0.0,0,0,1,1.0
crossover_11_05_01_fps30.mp4,267,0.1231576800346374,-0.1321563055959798,0.1111604475393528,0.0493035912513732,6.788969039916992e-05,0.9740078449249268,-0.0849353075027465,-0.0258512496948242,0.9474125504493712,0.0014300942420959,0.0922221541404724,-0.5176586508750916,0.9553411602973938,-0.1273464858531952,0.0485251545906066,-0.4854729473590851,0.8990041017532349,0.14666348695755,0.2377753257751464,0.9556112289428712,-0.1302967071533203,0.2337511777877807,0.9232699275016784,0.1349221448782976,0.0628196966622199,0.0105925610879572,0.0143873020754022,0.0,0.0,0.0,0,0,1,1.0
crossover_11_05_01_fps30.mp4,268,0.1255804449319839,-0.09460787954977,0.1504890642515043,0.0504952669143676,-0.0022052526473999,0.9741836786270142,-0.0777914226055145,-0.0239971876144409,0.9417757987976074,0.008975327014923,0.0967656373977661,-0.508802592754364,0.954904317855835,-0.103301465511322,0.0790740847587585,-0.4930108487606048,0.8645582795143127,0.1461548209190368,0.235169231891632,0.95689857006073,-0.130930870771408,0.2320132851600647,0.92422753572464,0.1166862771500266,0.0719421832642031,0.0393286167121514,0.0375484260462098,0.0,0.0,0.0,0,0,1,1.0
crossover_11_05_01_fps30.mp4,269,0.1279800534248352,-0.0340607224884679,0.2136021316051483,0.0525009632110595,-0.0027522146701812,0.9751278162002563,-0.0685479640960693,-0.0253097116947174,0.946173131465912,0.0114064812660217,0.0971955358982086,-0.4648928344249725,0.9566397666931152,-0.0665504038333892,0.0742892324924469,-0.448850005865097,0.8754453063011169,0.1452825665473938,0.2340933978557586,0.9599398374557496,-0.1317267715930938,0.2308685481548309,0.9301553964614868,0.1249710452118057,0.1430512609279633,0.0631130673536439,0.060547157061302,0.0,0.0,0.0,0,0,0,1.0
crossover_11_05_01_fps30.mp4,270,0.1307260245084762,0.0257367859957582,0.2600942597156618,0.0575888603925704,-0.0098586082458496,0.9768871068954468,-0.054801806807518,-0.0226054191589355,0.95130056142807,0.0461528748273849,0.0962314009666442,-0.4561482071876526,0.95920991897583,-0.0330138355493545,0.0890490412712097,-0.5041795372962952,0.8866026997566223,0.1435320228338241,0.2350262999534607,0.9621762633323668,-0.1334823220968246,0.2318216562271118,0.9359936118125916,0.1651298070021924,0.1808538146809389,0.0464921281105135,0.0597975084842262,0.0,0.0,0.0,1,1,0,1.0
crossover_11_05_01_fps30.mp4,271,0.1304489523172378,0.0637143063343177,0.2072150804647585,0.0687010586261749,-0.0206156075000762,0.9767907857894896,-0.044924646615982,-0.0160519778728485,0.9560444355010986,0.072710245847702,0.0805483758449554,-0.4475175738334656,0.955636203289032,-0.0113258063793182,0.0970888435840606,-0.5069215297698975,0.8976100087165833,0.1406820714473724,0.2367063462734222,0.9618346691131592,-0.1359796524047851,0.2340997755527496,0.940593123435974,0.1269857511178672,0.1332621722979885,-0.0528791792509032,0.0379775203385595,0.0,0.0,0.0,0,0,0,1.0
crossover_11_05_01_fps30.mp4,272,0.125419870018959,0.0967206864033715,0.1627580652876598,0.0857854485511779,-0.0155542194843292,0.9777790904045104,-0.0409075319766998,-0.0037964284420013,0.9603573083877563,0.1027847528457641,0.0862708985805511,-0.4517615437507629,0.956127941608429,-0.0007146000862121,0.1022684276103973,-0.5075509548187256,0.9077292680740356,0.1365256905555725,0.2423729002475738,0.95591139793396,-0.1403699517250061,0.2411328852176666,0.943899393081665,0.0767271762330582,0.1146849219367294,-0.0444570151770987,0.0330063800690537,0.0,0.0,0.0,0,0,1,1.0
crossover_11_05_01_fps30.mp4,273,0.1216524690389633,0.1238631230289653,0.1242671590025832,0.0955502986907959,-0.0231169164180755,0.9772534370422364,-0.039425790309906,0.0054276287555694,0.9642327427864076,0.1261874437332153,0.0587123930454254,-0.4449754059314728,0.95288747549057,0.0071691274642944,0.1050666868686676,-0.5387037992477417,0.9168459177017212,0.1332494616508484,0.2463369667530059,0.9486079812049866,-0.1436974704265594,0.246160477399826,0.9463871717453004,0.0655959587660241,0.118263040426892,-0.0384909062850765,0.0271424366255937,0.0,0.0,0.0,0,0,1,1.0
crossover_11_05_01_fps30.mp4,274,0.1223229616880416,0.1449466190095675,0.0888165747247091,0.1052762269973754,-0.0336570739746093,0.9783575534820556,-0.0403436422348022,0.0072433352470397,0.9676468372344972,0.1519912481307983,0.0367091298103332,-0.5085039734840393,0.9550769925117492,0.0074642896652221,0.1031020283699035,-0.5491598844528198,0.9249879121780396,0.1327657103538513,0.2486568689346313,0.9411634206771852,-0.1450383067131042,0.2469940781593322,0.945852279663086,0.0525814854769282,0.1382225201180908,-0.035450584277874,0.0210834959806022,0.0,0.0,0.0,0,0,1,1.0
crossover_11_05_01_fps30.mp4,275,0.1260238140821457,0.1584329956668918,0.056588582876252,0.1086006760597229,-0.0536911189556121,0.9799466133117676,-0.0431965887546539,0.005593717098236,0.9708011150360109,0.1581923365592956,0.0035928487777709,-0.425670325756073,0.9587904214859008,0.0046362280845642,0.0930928587913513,-0.5336188077926636,0.9324002265930176,0.1327585577964782,0.2473280429840088,0.9434647560119628,-0.1453021168708801,0.2458469271659851,0.9501929879188538,0.0529962805246082,0.1580696298434908,-0.0322279918484571,0.0134863766573243,0.0,0.0,0.0,0,0,1,1.0
crossover_11_05_01_fps30.mp4,276,0.1289665102958679,0.1610322158215409,0.0294750389529437,0.1097581386566162,-0.0635992884635925,0.981698989868164,-0.0457965731620788,0.0045052468776702,0.973679542541504,0.1602660417556762,-0.0292945802211761,-0.3663879632949829,0.9627273082733154,-0.001227855682373,0.0848837196826934,-0.5117853283882141,0.9391298294067384,0.1330459117889404,0.2478322088718414,0.9483102560043336,-0.1455193161964416,0.2453906238079071,0.9549805521965028,0.0587746132319923,0.1714597699306359,-0.0271135439233082,0.002599220154649,0.0,0.0,0.0,0,0,1,1.0
crossover_11_05_01_fps30.mp4,277,0.1296899318695068,0.15303646639242,0.0081917157987269,0.1049365103244781,-0.0646780133247375,0.9815243482589722,-0.0494359135627746,0.0005607604980468,0.9762592315673828,0.1501020491123199,-0.0419271290302276,-0.3798395693302154,0.964564859867096,-0.009855180978775,0.0819039344787597,-0.5190553665161133,0.9451558589935304,0.1318930685520172,0.2475587725639343,0.9520657062530518,-0.146732211112976,0.2448954582214355,0.9592442512512208,0.0502046751982579,0.1787936798828044,-0.0212833231542168,-0.0079957494291208,0.0,0.0,0.0,0,0,1,1.0
crossover_11_05_01_fps30.mp4,278,0.1298331618309021,0.1420238247362234,0.0037610411643982,0.0986901223659515,-0.0579226613044738,0.9662652611732484,-0.051980972290039,-0.0060779452323913,0.9785444736480712,0.1345829665660858,-0.0359410047531127,-0.4916229844093323,0.9370882511138916,-0.0159615576267242,0.0804038047790527,-0.5259988307952881,0.9505440592765808,0.1309715807437896,0.247519314289093,0.9550891518592834,-0.14767387509346,0.2446625828742981,0.9630054235458374,0.0403933016766921,0.1755946874334716,-0.0044306746343286,-0.0110126416561966,0.0,0.0,0.0,0,0,1,1.0
crossover_11_05_01_fps30.mp4,279,0.1288665980100631,0.132106170007738,0.0246475964057736,0.0939311981201171,-0.0522398352622985,0.9480671882629396,-0.0541346967220306,-0.0099355578422546,0.980578064918518,0.1232956647872924,-0.0143797993659973,-0.6430444121360779,0.9022660851478576,-0.0198168754577636,0.0805763602256774,-0.5317953824996948,0.9553333520889282,0.1295396089553833,0.2480109333992004,0.9582791328430176,-0.1489289402961731,0.2447937726974487,0.966393232345581,0.0400095316514195,0.1618908223647514,0.0208865552413753,-0.0099176547284853,0.0,0.0,0.0,0,0,1,1.0
crossover_11_05_01_fps30.mp4,280,0.1291187703609466,0.1284198224544525,0.0762127067984603,0.0913964807987213,-0.0364883542060852,0.9479812383651732,-0.0553458034992218,-0.0139787197113037,0.9824639558792114,0.1185227930545806,0.0237120985984802,-0.5263948440551758,0.9062597751617432,-0.0238873660564422,0.0783929824829101,-0.5136556625366211,0.9597353339195251,0.1294451057910919,0.2461636066436767,0.9599844813346864,-0.1494758427143097,0.2422661185264587,0.9692363739013672,0.0534253222012722,0.152322793022428,0.0515651103926867,-0.0036863475532855,0.0,0.0,0.0,0,0,1,1.0
crossover_11_05_01_fps30.mp4,281,0.1290119737386703,0.1284621246790481,0.1602164399333117,0.0923879146575927,-0.0220969915390014,0.952025294303894,-0.0577617883682251,-0.01741623878479,0.9841405153274536,0.1166605353355407,0.0755764842033386,-0.4849506318569183,0.91445791721344,-0.0285702347755432,0.0780375003814697,-0.5109487771987915,0.9636536836624146,0.129712700843811,0.2426098585128784,0.9597725868225098,-0.1490578651428222,0.2385628819465637,0.9712256193161012,0.0854587597441279,0.1772358316530302,0.0840037331348513,4.230222459566946e-05,0.0,0.0,0.0,0,0,0,1.0
crossover_11_05_01_fps30.mp4,282,0.1279713362455368,0.1283188161203416,0.2775881601542961,0.0926952362060546,-0.0074719786643981,0.9560306668281556,-0.0600930452346801,-0.0174513459205627,0.9855549931526184,0.1157445311546325,0.100066065788269,-0.4847232699394226,0.9221724271774292,-0.0322702527046203,0.0841056108474731,-0.5113798379898071,0.967093825340271,0.1282877326011657,0.2365612387657165,0.9523569941520692,-0.148882120847702,0.2370687127113342,0.9706662893295288,0.1779668694743476,0.2514445185569484,0.1173717202209844,-0.0001433085587064,0.0,0.0,0.0,1,0,0,1.0
crossover_11_05_01_fps30.mp4,283,0.1281662881374359,0.1307622810541573,0.2226374262716711,0.0932104587554931,-0.0065096020698547,0.9597740769386292,-0.0618092119693756,-0.0180294513702392,0.9868466258049012,0.1164647936820983,0.0982768535614013,-0.4735853672027588,0.9286511540412904,-0.03719162940979,0.0842577219009399,-0.5080754160881042,0.9701741933822632,0.1223430633544921,0.2157129645347595,0.95249342918396,-0.1477150022983551,0.2359181046485901,0.9727218151092528,0.1251797515174897,0.2176176891290379,-0.0549507338826249,0.0024434649338156,0.0,0.0,0.0,0,0,0,1.0
crossover_11_05_01_fps30.mp4,284,0.1283134967088699,0.1319794917510728,0.1431740717190067,0.0917698144912719,-0.0099456906318664,0.9631603360176086,-0.065656691789627,-0.0201074481010437,0.988110899925232,0.1165774464607238,0.0849691033363342,-0.4668235182762146,0.9352275133132936,-0.0431345105171203,0.0811687707901001,-0.4948750734329223,0.9731009602546692,0.1252907514572143,0.2255663275718689,0.955534815788269,-0.1477986574172973,0.233161449432373,0.9750264883041382,0.0602083162325095,0.1857675190491304,-0.0794633545526644,0.0012172106969154,0.0,0.0,0.0,0,0,0,1.0
crossover_11_05_01_fps30.mp4,285,0.1279086321592331,0.1307450193469806,0.0933067435171546,0.0880902409553527,-0.0161266326904296,0.9639803767204284,-0.0668701529502868,-0.0211350917816162,0.9892584681510924,0.1138005852699279,0.0553027391433715,-0.4547356069087982,0.9392078518867492,-0.0452349483966827,0.0787996053695678,-0.4806994497776031,0.975755214691162,0.129933476448059,0.2316888570785522,0.958779275417328,-0.1471720337867736,0.2323294281959533,0.9771624207496644,0.0416103135608722,0.1765769127159436,-0.0498673282018521,-0.0012344724040921,0.0,0.0,0.0,0,0,1,1.0
crossover_11_05_01_fps30.mp4,286,0.1251904517412185,0.1277899476431183,0.0646338449745643,0.087393969297409,-0.0191712081432342,0.9647376537322998,-0.0667627155780792,-0.0214404761791229,0.9902905821800232,0.1140147745609283,0.0341715514659881,-0.5451480150222778,0.9436083436012268,-0.0456317663192749,0.076757937669754,-0.4814217686653137,0.9781408309936525,0.1324507892131805,0.2331204712390899,0.9620348811149596,-0.1461243331432342,0.2322129905223846,0.9791921377182008,0.0334321210701166,0.1738450013584966,-0.0286728985425902,-0.0029550717038623,0.0,0.0,0.0,0,0,1,1.0
crossover_11_05_01_fps30.mp4,287,0.1227907538414001,0.1268529671733662,0.0765964761012938,0.087235689163208,-0.0198138952255249,0.9655466675758362,-0.0672926306724548,-0.0208305120468139,0.9912239909172058,0.1101478934288024,0.035729706287384,-0.5079106688499451,0.9471314549446106,-0.0467533767223358,0.0770044922828674,-0.4799164831638336,0.9802902340888976,0.1331371665000915,0.2352445125579834,0.964842677116394,-0.1464998722076416,0.2328168749809265,0.9809901714324952,0.0441492056987937,0.1736068233625544,0.0119626311267294,-0.0009369804697521,0.0,0.0,0.0,0,0,1,1.0
crossover_11_05_01_fps30.mp4,288,0.1225800216197967,0.1337909809613632,0.1403557085409397,0.0906782150268554,-0.0181574821472167,0.9684839248657228,-0.0668960213661193,-0.0197035670280456,0.9920564293861388,0.1119132041931152,0.0655207633972168,-0.4222553968429565,0.9520384073257446,-0.045369803905487,0.0776152610778808,-0.4772821962833404,0.9822139143943788,0.1331568956375122,0.2354993820190429,0.9671261310577391,-0.1468017101287841,0.2327885627746582,0.9825687408447266,0.0779673401558967,0.1898287401369209,0.0637592324396458,0.0069380137879969,0.0,0.0,0.0,0,0,1,1.0
crossover_11_05_01_fps30.mp4,289,0.1226754784584045,0.1414081822007389,0.23135839177341,0.097046673297882,-0.0104378461837768,0.9707659482955932,-0.0670060217380523,-0.0160349011421203,0.9927377700805664,0.1194259524345398,0.0936667323112487,-0.4481285512447357,0.955954372882843,-0.0440981388092041,0.0822038054466247,-0.4826234877109527,0.9838558435440063,0.1291490197181701,0.2185880541801452,0.9636536836624146,-0.147008329629898,0.2325308918952942,0.9811029434204102,0.1394353309277736,0.2380329509898964,0.0910026832324703,0.0076172012393757,0.0,0.0,0.0,0,0,0,1.0
crossover_11_05_01_fps30.mp4,290,0.1231185942888259,0.1477837577714758,0.2466440209528294,0.1007620394229888,-0.0087534189224243,0.9718493223190308,-0.0640577375888824,-0.0139874815940856,0.9932807683944702,0.129154771566391,0.0958507061004638,-0.4903781116008758,0.9573429226875304,-0.0400104820728302,0.0863089561462402,-0.5127143263816833,0.9852137565612792,0.1288221776485443,0.221305251121521,0.9511069059371948,-0.1475604772567749,0.2327220439910888,0.9782620668411256,0.1519396687214826,0.2469291589205978,0.0152856291794194,0.0063755755707368,0.0,0.0,0.0,1,0,0,1.0
crossover_11_05_01_fps30.mp4,291,0.123120829463005,0.1536205890825239,0.1731718543099194,0.1028003990650177,-0.0095670223236083,0.9710188508033752,-0.0616255402565002,-0.0137692689895629,0.9937361478805542,0.1397332847118377,0.0878370404243469,-0.493592768907547,0.9563450813293456,-0.0362209975719451,0.0869624018669128,-0.5196914672851562,0.9863783121109008,0.1281524002552032,0.2220820188522339,0.9442620277404784,-0.1486099958419799,0.2329799532890319,0.9779285192489624,0.0864574327838236,0.2084991551877593,-0.07347216664291,0.0058368313110481,0.0,0.0,0.0,0,0,0,1.0
crossover_11_05_01_fps30.mp4,292,0.1233547031879425,0.1544001148918927,0.1250773066427649,0.1054921746253967,-0.0111781954765319,0.970573365688324,-0.060184895992279,-0.0137349367141723,0.994226336479187,0.1470743417739868,0.0846289992332458,-0.4820480048656463,0.9553394317626952,-0.0336824655532836,0.0871205329895019,-0.5152056813240051,0.9875689148902892,0.1286452412605285,0.2282915711402893,0.945720672607422,-0.1500314474105835,0.2332640290260315,0.9792994260787964,0.0411063562490035,0.1918743696617172,-0.0480945476671544,0.0007795258093687,0.0,0.0,0.0,0,0,1,1.0
crossover_11_05_01_fps30.mp4,293,0.1233255714178085,0.1491800234479419,0.1056342963765307,0.1034071743488311,-0.0168651044368743,0.9685655236244202,-0.0594886243343353,-0.0133834779262542,0.9946691393852234,0.1448679268360138,0.0533544719219207,-0.4446978569030761,0.9534009099006652,-0.0331511199474334,0.0875020325183868,-0.5141968131065369,0.9886404275894164,0.1281528770923614,0.2300825417041778,0.9482457637786864,-0.1513310372829437,0.2332294285297393,0.9807802438735962,0.0524573562257519,0.1832305237794355,-0.0194430102662341,-0.0052200914439508,0.0,0.0,0.0,0,0,1,1.0
crossover_11_05_01_fps30.mp4,294,0.1242940723896026,0.1347725074169999,0.1044806234720276,0.1009374856948852,-0.0183942019939422,0.9610994458198548,-0.0590292811393737,-0.013519674539566,0.995113730430603,0.1382759809494018,0.0524295270442962,-0.3998371362686157,0.9418704509735109,-0.0334917306900024,0.0867755115032196,-0.4892205595970154,0.9896934628486632,0.1281668543815612,0.2315873801708221,0.9514734745025636,-0.1511675417423248,0.2319858372211456,0.9822401404380798,0.0521688697033128,0.1691931583000862,-0.001153672904503,-0.0144075160309419,0.0,0.0,0.0,0,0,1,1.0
crossover_11_05_01_fps30.mp4,295,0.1249362379312515,0.1024734614259105,0.1287689588418821,0.0932426452636718,-0.0189086496829986,0.960271656513214,-0.0582952201366424,-0.0136193335056304,0.9955366849899292,0.1083429455757141,0.0659581124782562,-0.4188369512557983,0.9400382041931152,-0.0337586998939514,0.0878355801105499,-0.4741257429122925,0.9906534552574158,0.1290106177330017,0.2331017553806305,0.9540270566940308,-0.1500396728515625,0.2309955060482025,0.9835525751113892,0.0630844930636666,0.1422488779296468,0.0242883353698544,-0.0322990459910894,0.0,0.0,0.0,0,0,1,1.0
crossover_11_05_01_fps30.mp4,296,0.1251462697982788,0.037011228173466,0.19950943821814,0.0808095932006836,-0.0180758535861969,0.9629902839660645,-0.0584737360477447,-0.0119714438915252,0.99587744474411,0.0698884129524231,0.0703897178173065,-0.4093921780586242,0.9439712166786194,-0.0355544686317443,0.0937839448451995,-0.4759304225444793,0.9914421439170836,0.1295370459556579,0.2346509993076324,0.9576398730278016,-0.1491104662418365,0.2315622866153717,0.984951913356781,0.1332396768060442,0.1282328362853189,0.0707404793762579,-0.0654622332524444,0.0,0.0,0.0,0,0,0,1.0
crossover_11_05_01_fps30.mp4,297,0.1219523102045059,-0.0329875229778936,0.2730525623007518,0.0694092214107513,-0.0097810328006744,0.9662872552871704,-0.0590917468070983,-0.0090750157833099,0.9959070086479188,0.040615826845169,0.0970501005649566,-0.4549285769462585,0.949062705039978,-0.0523854792118072,0.0915752947330474,-0.480427473783493,0.9917502999305724,0.132142573595047,0.2385341823101043,0.9597600102424622,-0.1468748450279235,0.2352301776409149,0.985316276550293,0.1907729531202895,0.1825110389809147,0.0735431240826117,-0.0699987511513596,0.0,0.0,0.0,1,1,0,1.0
crossover_11_05_01_fps30.mp4,298,0.1214002221822738,-0.0722314867932917,0.2104154173920794,0.0557397902011871,0.0006226301193237,0.9686196446418762,-0.0646162629127502,-0.0117885470390319,0.989128589630127,0.014199286699295,0.1020022630691528,-0.4597493410110473,0.9523562788963318,-0.072667121887207,0.0881548523902893,-0.4667092561721802,0.9714330434799194,0.1355639398097992,0.2390459179878235,0.9621428847312928,-0.143459290266037,0.2357629537582397,0.9840292930603028,0.1386495244736654,0.1222613411201268,-0.0626371449086723,-0.0392439638153981,0.0,0.0,0.0,0,0,0,1.0
crossover_11_05_01_fps30.mp4,299,0.1209496408700943,-0.1059129541203127,0.1547279009004918,0.0525699257850647,0.0066484808921813,0.9710689187049866,-0.0752690136432647,-0.011415421962738,0.9854743480682372,0.0028140544891357,0.1023390293121337,-0.5088412761688232,0.955902099609375,-0.0969248414039611,0.0973244309425354,-0.5140917897224426,0.9564259052276612,0.1417117118835449,0.239428162574768,0.9609593152999878,-0.1380774676799774,0.235848069190979,0.9736906886100768,0.1206903321209306,0.0581028788737343,-0.0556875164915876,-0.0336814673270209,0.0,0.0,0.0,0,0,1,1.0
crossover_11_05_01_fps30.mp4,300,0.1212968528270721,-0.128440900980416,0.1165620470919259,0.0499536395072937,0.0062725841999053,0.9719470739364624,-0.0826026201248169,-0.0236031711101531,0.9689244031906128,-0.0046374797821044,0.0984721481800079,-0.5550670027732849,0.9573516249656676,-0.1243968904018402,0.0567745268344879,-0.5090396404266357,0.9288071990013124,0.1435335278511047,0.2390637695789337,0.95261812210083,-0.1358721554279327,0.2351994812488556,0.9480176568031312,0.1251180704097131,0.0599241320345418,-0.0381658538085658,-0.0225279468601032,0.0,0.0,0.0,0,0,1,1.0
crossover_11_05_01_fps30.mp4,301,0.1195451319217681,-0.1381858751935474,0.1000700010032188,0.0457629859447479,0.009039431810379,0.9727055430412292,-0.0894432961940765,-0.0301003754138946,0.968769669532776,-0.0047543346881866,0.097147136926651,-0.57126384973526,0.959105908870697,-0.137524276971817,0.0374090373516082,-0.508304238319397,0.931416630744934,0.1430299580097198,0.2408309876918792,0.9503092765808104,-0.1360964179039001,0.2368023097515106,0.938678503036499,0.1334635498405606,0.0626644562567605,-0.0164920460887071,-0.0097449742131314,0.0,0.0,0.0,0,0,1,1.0
crossover_11_05_01_fps30.mp4,302,0.1196683794260025,-0.1296284428087331,0.1029975139513248,0.0455329120159149,0.0081458985805511,0.9738911390304564,-0.0847539603710174,-0.0294220149517059,0.959746778011322,-0.0017947852611541,0.0961666405200958,-0.5348052978515625,0.961586594581604,-0.1268777549266815,0.0391922295093536,-0.4866144359111786,0.9253641366958618,0.1434678137302398,0.2407162487506866,0.9522804617881776,-0.1359423995018005,0.2369026243686676,0.9357972741127014,0.1280160335029373,0.0638645489026996,0.002927512948106,0.0085574323848142,0.0,0.0,0.0,0,0,1,1.0
crossover_11_05_01_fps30.mp4,303,0.11979740858078,-0.0982720376071283,0.1392881681279438,0.0465631783008575,0.0093402862548828,0.9746074676513672,-0.0794880986213684,-0.0275885462760925,0.9499047994613647,0.0031301081180572,0.1035736799240112,-0.5299318432807922,0.9613261818885804,-0.1036278903484344,0.0842574834823608,-0.5232619047164917,0.873907744884491,0.1427869498729705,0.2402347922325134,0.954072654247284,-0.138359397649765,0.2379106283187866,0.9364575147628784,0.1075077663489508,0.055290699137813,0.036290654176619,0.0313564052016048,0.0,0.0,0.0,0,0,1,1.0
crossover_11_05_01_fps30.mp4,304,0.1245939433574676,-0.0363871410741644,0.2025292127597623,0.0495990514755249,0.0048177540302276,0.9760769605636596,-0.0709275603294372,-0.0291304290294647,0.951589584350586,0.0149152874946594,0.1090476810932159,-0.519332766532898,0.963317334651947,-0.0714559853076934,0.0766311585903167,-0.482413500547409,0.8819130063056946,0.142445683479309,0.2366906702518463,0.9570881128311156,-0.1387762129306793,0.2341406643390655,0.940150260925293,0.1066336529421307,0.1306910244796029,0.0632410446318184,0.0618848965329638,0.0,0.0,0.0,0,0,0,1.0
crossover_11_05_01_fps30.mp4,305,0.128482848405838,0.0295236787553561,0.2666160158994721,0.0541688203811645,-0.0092784762382507,0.9778181314468384,-0.0561661720275878,-0.019877552986145,0.9563013911247252,0.0427579283714294,0.1051998138427734,-0.4658084809780121,0.9653427004814148,-0.0296171307563781,0.0951970815658569,-0.5167551040649414,0.8931384086608887,0.1425907015800476,0.2345328330993652,0.9608636498451232,-0.1388101577758789,0.2320812940597534,0.9457288980484008,0.1619578205870575,0.1813341843055951,0.0640868031397098,0.0659108198295205,0.0,0.0,0.0,1,1,0,1.0
crossover_11_05_01_fps30.mp4,306,0.1291982382535934,0.0722021346375093,0.2076265634560004,0.0687631070613861,-0.0163035988807678,0.976415753364563,-0.0453067421913147,-0.0086766481399536,0.960530698299408,0.0694154202938079,0.0920878052711486,-0.4604447185993194,0.9556691646575928,-0.0091351568698883,0.0982487201690673,-0.5218930244445801,0.9034910202026368,0.140248030424118,0.2346711754798889,0.9602906107902528,-0.1410968899726867,0.2325552105903625,0.9492629766464232,0.1155723601027989,0.1363057870813277,-0.0589894524434717,0.0426784558821532,0.0,0.0,0.0,0,0,0,1.0
crossover_11_05_01_fps30.mp4,307,0.1218539029359817,0.1090901911258697,0.1592341485546856,0.0868483483791351,-0.0157293379306793,0.9767557978630066,-0.0395329296588897,0.0041371285915374,0.9643235802650452,0.102707415819168,0.0917017757892608,-0.4741246104240417,0.9538185596466064,0.0039133727550506,0.1071431934833526,-0.5278855562210083,0.9129067659378052,0.1363314092159271,0.2399100363254547,0.9491523504257202,-0.1450044512748718,0.2397355735301971,0.9494869112968444,0.067833333929154,0.1173696328819848,-0.0483924149013147,0.0368880564883603,0.0,0.0,0.0,0,0,1,1.0
crossover_11_05_01_fps30.mp4,308,0.1205500215291976,0.1397289505449391,0.1185791065053242,0.0939067304134368,-0.0255873203277587,0.9705493450164796,-0.0399028360843658,0.0094322562217712,0.9677318930625916,0.1243127286434173,0.0487376451492309,-0.4812705814838409,0.9324945211410522,0.008307546377182,0.1064345240592956,-0.5531650185585022,0.921313464641571,0.1330184042453766,0.2403283715248108,0.9469351172447203,-0.1480607986450195,0.2406975030899047,0.9513183236122132,0.0715226511118794,0.1319813485164224,-0.0406550420493614,0.0306387594190694,0.0,0.0,0.0,0,0,1,1.0
crossover_11_05_01_fps30.mp4,309,0.1188893765211105,0.161236264645043,0.0845539850432698,0.1069041788578033,-0.0319097936153411,0.968427836894989,-0.0412383377552032,0.0118062794208526,0.9707998633384703,0.1548704802989959,0.0280146896839141,-0.4623020887374878,0.9260745644569396,0.00511035323143,0.1044525802135467,-0.5360091328620911,0.929005205631256,0.1312154233455658,0.2414338886737823,0.9443870782852172,-0.150046706199646,0.2413391768932342,0.951471984386444,0.0568965300354321,0.1573888633432553,-0.0340251214620543,0.0215073141001038,0.0,0.0,0.0,0,0,1,1.0
crossover_11_05_01_fps30.mp4,310,0.1212515532970428,0.1723856401645531,0.0553680633626333,0.1154626905918121,-0.0471365749835968,0.969918429851532,-0.0429804027080535,0.0100272595882415,0.9735713005065918,0.1709372103214264,0.0059685409069061,-0.4648879766464233,0.9288215041160583,0.0017975270748138,0.1015951335430145,-0.5542345643043518,0.9359137415885924,0.1305480897426605,0.2395724356174469,0.9452187418937684,-0.1504109799861908,0.2391717135906219,0.954680323600769,0.0494207524008321,0.1767406188316075,-0.0291859216806364,0.0111493755195101,0.0,0.0,0.0,0,0,1,1.0
crossover_11_05_01_fps30.mp4,311,0.1209326386451721,0.1741636364136711,0.0325641166873094,0.1241965591907501,-0.0553948879241943,0.9715758562088012,-0.0459637939929962,0.0086431503295898,0.9760900139808656,0.1778737008571624,-0.0073450803756713,-0.469259649515152,0.932434856891632,-0.0044884979724884,0.1004782319068908,-0.5562511682510376,0.9422078132629396,0.1312340199947357,0.2409402728080749,0.9485669732093812,-0.1507419943809509,0.2391603589057922,0.9586175084114076,0.0400812747849503,0.19112538336597,-0.0228039466753239,0.001777996249118,0.0,0.0,0.0,0,0,1,1.0
crossover_11_05_01_fps30.mp4,312,0.1214102357625961,0.1726353816056656,0.0157949402564909,0.1278376281261444,-0.0615284442901611,0.9728804230690002,-0.0486091971397399,0.0070254504680633,0.9783356189727784,0.1761726438999176,-0.0189838707447052,-0.4681929349899292,0.9361177682876588,-0.0119970738887786,0.0996340215206146,-0.5507972836494446,0.9478744864463806,0.131329208612442,0.2408247292041778,0.9511069655418396,-0.1504692733287811,0.2389353811740875,0.9622446894645692,0.034958231065019,0.2027760714904997,-0.0167691764308184,-0.0015282548080055,0.0,0.0,0.0,0,0,1,1.0
crossover_11_05_01_fps30.mp4,313,0.1219173222780227,0.1694280973935531,0.0034543719233536,0.1262708902359008,-0.0664110779762268,0.9728309512138368,-0.0504382848739624,0.0061359107494354,0.9803625345230104,0.1715098619461059,-0.0234501659870147,-0.4709404408931732,0.9379242658615112,-0.0174188017845153,0.0994272530078888,-0.5518697500228882,0.9529317021369934,0.1310437321662902,0.2418814003467559,0.9513372778892516,-0.1507739424705505,0.2390649020671844,0.9649089574813844,0.0269849569913075,0.2100537017910554,-0.0123405683331373,-0.0032072842121124,0.0,0.0,0.0,0,0,1,1.0
crossover_11_05_01_fps30.mp4,314,0.1246519833803176,0.1666180378299648,-0.005909708069592,0.123693823814392,-0.0681893527507782,0.9698984026908876,-0.0504656136035919,0.0026195049285888,0.9821727871894836,0.1656816601753235,-0.032131552696228,-0.4717165231704712,0.9354189038276672,-0.0226194858551025,0.0977166295051574,-0.5477485656738281,0.9574159979820251,0.1313965320587158,0.2419810891151428,0.9523305892944336,-0.1505481898784637,0.239248514175415,0.9676088094711304,0.0262385582442243,0.2157527710357676,-0.0093640799929456,-0.0028100595635882,0.0,0.0,0.0,0,0,1,1.0
crossover_11_05_01_fps30.mp4,315,0.126624047756195,0.1627911517175577,-0.0138851484147514,0.1226462125778198,-0.0666064321994781,0.9655762314796448,-0.0547733604907989,-0.001426488161087,0.9838218688964844,0.1667802929878235,-0.0337859690189361,-0.4625334143638611,0.9285532236099244,-0.0326110124588012,0.0966031849384307,-0.5308447480201721,0.9614850878715516,0.1316273212432861,0.2424732148647308,0.9545668363571168,-0.1504544019699096,0.2396882474422454,0.970215141773224,0.0202966969922221,0.2244764521547164,-0.0079754403451594,-0.0038268861124071,0.0,0.0,0.0,0,0,1,1.0
crossover_11_05_01_fps30.mp4,316,0.1282930076122284,0.1588679283352221,-0.0235221230402224,0.1190342903137207,-0.0677969455718994,0.9578667879104614,-0.059743046760559,-0.0073333084583282,0.9852771162986756,0.1662749648094177,-0.0416124165058136,-0.5166816115379333,0.9148755073547364,-0.0449082851409912,0.0899074971675872,-0.530451238155365,0.9651228189468384,0.1317076683044433,0.2426787912845611,0.9562557935714722,-0.1505480408668518,0.2397072613239288,0.9724427461624146,0.0195479642674441,0.2332188326855085,-0.009636974625471,-0.0039232233823356,0.0,0.0,0.0,0,0,1,1.0
crossover_11_05_01_fps30.mp4,317,0.1295780390501022,0.1532781318082647,-0.0311076517512158,0.1169449090957641,-0.069397747516632,0.9527584314346312,-0.0646093189716339,-0.0130572021007537,0.986571192741394,0.1611585617065429,-0.0484279096126556,-0.4909152388572693,0.9093599915504456,-0.05298313498497,0.0809609591960907,-0.5001614093780518,0.9683720469474792,0.1318540573120117,0.2420656979084015,0.9592959880828856,-0.1505979597568512,0.2389765679836273,0.9747249484062196,0.0190287284853308,0.2347404603787101,-0.0075855287109933,-0.0055897965269573,0.0,0.0,0.0,0,0,1,1.0
crossover_11_05_01_fps30.mp4,318,0.1306274533271789,0.1468590337341114,-0.0310737125757264,0.1055444180965423,-0.0684636235237121,0.9334641695022584,-0.0688399970531463,-0.017998069524765,0.9876271486282348,0.1522268950939178,-0.0505104660987854,-0.5158605575561523,0.8853312730789185,-0.0629871785640716,0.0725530087947845,-0.4879675805568695,0.9711833000183104,0.1318943202495575,0.2414168417453766,0.9619264006614684,-0.1506223380565643,0.2379678189754486,0.976643979549408,0.0201643577406831,0.2340383092527709,3.3939175489439144e-05,-0.0064190980741533,0.0,0.0,0.0,0,0,1,1.0
crossover_11_05_01_fps30.mp4,319,0.1320543140172958,0.139753869933597,-0.0202031906058148,0.0966970026493072,-0.0607798397541046,0.8932818174362183,-0.0714901089668273,-0.0209996700286865,0.9885605573654176,0.1322257220745086,-0.0433545112609863,-0.5566728711128235,0.8290267586708069,-0.0677586793899536,0.069067358970642,-0.4753946661949157,0.973655641078949,0.1319425404071808,0.2391886115074157,0.9640835523605348,-0.150684505701065,0.2356318235397339,0.9782928824424744,0.024344540625505,0.2258997325107794,0.0108705219699115,-0.0071051638005144,0.0,0.0,0.0,0,0,1,1.0
crossover_11_05_01_fps30.mp4,320,0.1303261071443557,0.1364215414402848,0.0258229992738584,0.094034194946289,-0.0386476218700408,0.8786039352416992,-0.0726987123489379,-0.0202960669994354,0.9893367886543274,0.1226943731307983,0.0045551359653472,-0.5375060439109802,0.8105047941207886,-0.0692050755023956,0.0709790885448455,-0.4818350970745086,0.9757606983184814,0.1317256689071655,0.2389486134052276,0.9654632210731506,-0.1509844362735748,0.2349343001842498,0.9794982075691224,0.0253131815366319,0.2105264306293658,0.0460261898796733,-0.0033323284933122,0.0,0.0,0.0,0,0,1,1.0
crossover_11_05_01_fps30.mp4,321,0.1290328502655029,0.1412067852788052,0.1335177578577181,0.094476968050003,-0.0315313339233398,0.8903653025627136,-0.0733279585838317,-0.0203049182891845,0.9903411865234376,0.1187426149845123,0.0467508435249328,-0.4072826206684112,0.8291974663734436,-0.0690244138240814,0.0713658332824707,-0.4777920544147491,0.9781090021133424,0.1316139996051788,0.2384300231933593,0.9681503176689148,-0.1512297689914703,0.2341383695602417,0.9813560843467712,0.0896277656189413,0.219225953766074,0.1076947585838596,0.0047852438385204,0.0,0.0,0.0,0,0,0,1.0
crossover_11_05_01_fps30.mp4,322,0.1301869451999664,0.1437588703834404,0.2560071615184226,0.0955980420112609,-0.0258757770061492,0.9011563658714294,-0.073850393295288,-0.0220994055271148,0.9912492632865906,0.1178138256072998,0.0802487432956695,-0.4540551602840423,0.8461081981658936,-0.0660311579704284,0.072599858045578,-0.4786107838153839,0.9801973700523376,0.1303097605705261,0.2334571182727813,0.96965891122818,-0.1515955924987793,0.2324104011058807,0.9824771881103516,0.1776630713586819,0.2786576662571788,0.1224894036607044,0.0025520851046352,0.0,0.0,0.0,1,0,0,1.0
crossover_11_05_01_fps30.mp4,323,0.1305036693811416,0.1436476729683956,0.2279429195857629,0.0958111882209777,-0.0251510441303253,0.910794198513031,-0.0733599662780761,-0.020115703344345,0.9920473098754884,0.1195448637008667,0.078867107629776,-0.4555736482143402,0.8612040877342224,-0.0635140240192413,0.0781323611736297,-0.4836291670799255,0.98203444480896,0.1262481808662414,0.2125411927700042,0.9696779251098632,-0.1524168252944946,0.2313500940799713,0.9831300377845764,0.1510117317459927,0.2556543997480831,-0.0280642419326596,-0.0001111974150448,0.0,0.0,0.0,0,0,0,1.0
crossover_11_05_01_fps30.mp4,324,0.1286000609397888,0.141417923418142,0.1354724398473413,0.096013069152832,-0.0289992094039917,0.919549524784088,-0.0732141137123107,-0.0206691026687622,0.992805540561676,0.1220163702964782,0.0598878860473632,-0.4321756064891815,0.8749606013298035,-0.0624685585498809,0.0768103599548339,-0.4812791645526886,0.9837790131568908,0.1271367073059082,0.2192332744598388,0.9719398617744446,-0.1525589227676391,0.2300779819488525,0.984550416469574,0.078034896275157,0.2121578118915537,-0.0924704797384216,-0.0022297495502535,0.0,0.0,0.0,0,0,0,1.0
crossover_11_05_01_fps30.mp4,325,0.1265417784452438,0.1435753861726341,0.0762460790029386,0.0968117415904998,-0.0327426791191101,0.9271971583366394,-0.0729286670684814,-0.0195302367210388,0.9934906363487244,0.1296834051609039,0.0547085404396057,-0.4130336046218872,0.887010931968689,-0.061403214931488,0.0788601636886596,-0.4982067942619324,0.9853564500808716,0.1284379661083221,0.2241997122764587,0.974004566669464,-0.1519912183284759,0.2300224304199218,0.9858238697052002,0.0256291377888005,0.2049952690901595,-0.0592263608444026,0.002157462754492,0.0,0.0,0.0,0,0,1,1.0
crossover_11_05_01_fps30.mp4,326,0.1257981956005096,0.1488136926950034,0.0450865566730499,0.1020420491695404,-0.0468359887599945,0.9338226318359376,-0.0722966194152832,-0.0175164639949798,0.9941165447235109,0.1425135433673858,-0.0024446547031402,-0.3737211525440216,0.897650420665741,-0.0592962205410003,0.0824769437313079,-0.49791419506073,0.9867947101593018,0.1291574537754058,0.2251286208629608,0.9756118059158324,-0.1514227986335754,0.2289429605007171,0.9869171380996704,0.0479469283316288,0.2114421363670528,-0.0311595223298887,0.0052383065223693,0.0,0.0,0.0,0,0,1,1.0
crossover_11_05_01_fps30.mp4,327,0.126282587647438,0.1523378941972376,0.0284193432912593,0.1072648167610168,-0.0612198412418365,0.9399640560150146,-0.0718272030353546,-0.0140229165554046,0.9946798086166382,0.1528669595718383,-0.0291933119297027,-0.3562939167022705,0.9074650406837464,-0.0557910203933715,0.0853338539600372,-0.4976269602775574,0.9880805611610411,0.1295773983001709,0.2253355085849762,0.9771040678024292,-0.1510590016841888,0.2278953492641449,0.987905740737915,0.0576150844118105,0.2157704952335502,-0.0166672133817905,0.0035242015022342,0.0,0.0,0.0,0,0,1,1.0
crossover_11_05_01_fps30.mp4,328,0.1272039115428924,0.1511526409852303,0.0296168527952054,0.1103966534137725,-0.0638645589351654,0.9453097581863404,-0.0704991817474365,-0.0129309296607971,0.9951883554458618,0.1566577851772308,-0.0295096635818481,-0.3685532212257385,0.9159651398658752,-0.0524488389492034,0.0877953767776489,-0.500376284122467,0.9892398118972778,0.1303609907627105,0.2262647151947021,0.9784948825836182,-0.1511202752590179,0.2275004386901855,0.9887530207633972,0.0593822494644713,0.211750568557129,0.001197509503946,-0.0011852532120073,0.0,0.0,0.0,0,0,1,1.0
crossover_11_05_01_fps30.mp4,329,0.1275928914546966,0.1406763627367504,0.0476817317125274,0.1095809042453765,-0.0611283481121063,0.9466926455497742,-0.0685204863548278,-0.0127922296524047,0.9956344366073608,0.1558683812618255,-0.016177475452423,-0.3550078868865967,0.9146180152893066,-0.0496627986431121,0.0897103548049926,-0.4969440400600433,0.9902807474136353,0.1307801902294159,0.227737545967102,0.9794968366622924,-0.1512430608272552,0.2276054620742797,0.989529550075531,0.0656414180727556,0.1949240916711884,0.018064878917322,-0.0104762782484798,0.0,0.0,0.0,0,0,1,1.0
crossover_11_05_01_fps30.mp4,330,0.1263450384140014,0.1116069335048481,0.0878929353341824,0.0923842787742614,-0.0461049675941467,0.9407021403312684,-0.0665994882583618,-0.0117239356040954,0.9959900975227356,0.1159387230873107,0.0197782516479492,-0.4290281534194946,0.8995989561080933,-0.0483127236366272,0.0894030332565307,-0.4843145906925201,0.9911324381828308,0.1315011382102966,0.2295570969581604,0.9797052145004272,-0.1510303616523742,0.228842556476593,0.9899247288703918,0.0682522859299403,0.1599267867994043,0.0402112036216549,-0.0290694292319022,0.0,0.0,0.0,0,0,1,1.0
crossover_11_05_01_fps30.mp4,331,0.1238815486431121,0.0596003141443608,0.1483462444165858,0.0729039013385772,-0.0333422422409057,0.945709228515625,-0.0653395354747772,-0.0115862488746643,0.9963443875312804,0.0801291167736053,0.0598140954971313,-0.3308508694171905,0.9084829688072203,-0.0480639040470123,0.0890146493911743,-0.4518561959266662,0.9919587969779968,0.1328954398632049,0.2302004694938659,0.9810922741889954,-0.149657666683197,0.2292444705963134,0.990721881389618,0.0908810933565774,0.1229301510900358,0.0604533090824034,-0.0520066193604873,0.0,0.0,0.0,0,0,0,1.0
crossover_11_05_01_fps30.mp4,332,0.1192087978124618,-0.010219369096271,0.2215074104506794,0.0615359544754028,-0.0067899525165557,0.9503720998764038,-0.0661648511886596,-0.0105457603931427,0.9965286254882812,0.0410213470458984,0.0980400741100311,-0.4194289743900299,0.916593074798584,-0.0645806491374969,0.0845468938350677,-0.4609062671661377,0.9924683570861816,0.1345813870429992,0.2336936891078949,0.9816561937332152,-0.1482627093791961,0.2317316830158233,0.990885853767395,0.1336779493178182,0.1473544430254338,0.0731611660340936,-0.0698196832406319,0.0,0.0,0.0,0,0,0,1.0
crossover_11_05_01_fps30.mp4,333,0.1175956279039383,-0.0889046861963757,0.2466158250483071,0.0500376522541046,-0.0002099275588989,0.9532005190849304,-0.0732252597808837,-0.0097290873527526,0.9908908009529114,0.0096517503261566,0.0983169674873352,-0.4720636308193207,0.9202501773834229,-0.0836608409881591,0.0851520895957946,-0.4616370797157287,0.9729218482971193,0.1370673477649688,0.2338443398475647,0.9806115031242372,-0.1462993919849395,0.2321491241455078,0.9865339398384094,0.1780615689415023,0.1615488649878007,0.0251084145976276,-0.0786853171001046,0.0,0.0,0.0,1,1,0,1.0
crossover_11_05_01_fps30.mp4,334,0.1164503693580627,-0.1348421203888068,0.1765237603245711,0.0402828454971313,0.0047141015529632,0.9535548090934752,-0.085472285747528,-0.0081799328327178,0.9852600693702698,-0.0116600394248962,0.0968813002109527,-0.527538001537323,0.9206657409667968,-0.1173556447029113,0.0967585742473602,-0.5314471125602722,0.9570006728172302,0.139409065246582,0.2343508303165435,0.977748692035675,-0.1455227434635162,0.2324715554714203,0.9736981391906738,0.1466858770418909,0.0816594253093021,-0.0700920647237359,-0.0459374341924311,0.0,0.0,0.0,0,0,0,1.0
crossover_11_05_01_fps30.mp4,335,0.1148846745491027,-0.1621241664482375,0.1315908673332958,0.0325750112533569,0.0121142268180847,0.9562730193138124,-0.0949671864509582,-0.0183831453323364,0.9759654998779296,-0.0216355919837951,0.0978021025657653,-0.5287418961524963,0.9262033700942992,-0.1418319940567016,0.0671096444129943,-0.5300664305686951,0.9383576512336732,0.1403531432151794,0.2356490492820739,0.9767447710037231,-0.1446210741996765,0.2338441610336303,0.9626113772392272,0.1444947064067285,0.0675988192919478,-0.0449328929912753,-0.0272820460594306,0.0,0.0,0.0,0,0,1,1.0
crossover_11_05_01_fps30.mp4,336,0.1143142729997634,-0.1687273432642726,0.1017152697574801,0.0305425226688385,0.0142413675785064,0.9589932560920716,-0.1080089211463928,-0.0253414809703826,0.9661390781402588,-0.0232405960559844,0.0972640216350555,-0.5514683723449707,0.9319149851799012,-0.1570072174072265,0.0424019992351532,-0.5144245028495789,0.921734094619751,0.1424189507961273,0.2370389401912689,0.9761226773262024,-0.142710268497467,0.2347131669521331,0.9550662636756896,0.1455548254888711,0.0604601142089538,-0.0298755975758157,-0.0066031768160351,0.0,0.0,0.0,0,0,1,1.0
crossover_11_05_01_fps30.mp4,337,0.1145486533641815,-0.167328373658455,0.0827875859853698,0.0290336608886718,0.0147855579853057,0.9613370895385742,-0.110809713602066,-0.0350620448589324,0.9559357762336732,-0.0256813168525695,0.0988711416721344,-0.5793999433517456,0.936988115310669,-0.1667057871818542,0.035286396741867,-0.508248507976532,0.8965510725975037,0.1432481408119201,0.2389523684978485,0.9754894375801086,-0.1417029500007629,0.2363000810146331,0.9523237347602844,0.1425572497816193,0.0475052691126774,-0.0189276837721102,0.0013989696058175,0.0,0.0,0.0,0,0,1,1.0
crossover_11_05_01_fps30.mp4,338,0.1127775758504867,-0.1612661190962387,0.0728257788390648,0.0282378494739532,0.0159019529819488,0.9635396003723145,-0.1090377271175384,-0.036776453256607,0.9350020289421082,-0.0250152051448822,0.0987581312656402,-0.580218493938446,0.9419652819633484,-0.160908430814743,0.0307397544384002,-0.4522883594036102,0.8677046895027161,0.1440348923206329,0.2424961626529693,0.974197804927826,-0.140727162361145,0.2394904792308807,0.9478163123130798,0.1386967860296556,0.0420875443660003,-0.009961807146305,0.0060622545622163,0.0,0.0,0.0,0,0,1,1.0
crossover_11_05_01_fps30.mp4,339,0.1151090264320373,-0.1518317867133576,0.0631016264601451,0.0301195979118347,0.0131203234195709,0.9575135111808776,-0.1044334769248962,-0.0373127162456512,0.8951629996299744,-0.0229024291038513,0.0960378944873809,-0.5647338032722473,0.936087965965271,-0.1479091942310333,0.029551476240158,-0.4920301437377929,0.8164021968841553,0.1447964310646057,0.2431466877460479,0.9682172536849976,-0.1398739516735077,0.2395420968532562,0.93203204870224,0.1330698200388123,0.0337786813177496,-0.0097241523789196,0.009434332382881,0.0,0.0,0.0,0,0,1,1.0
crossover_11_05_01_fps30.mp4,340,0.1176369041204452,-0.1406064042600535,0.0526699246429815,0.0336785614490509,0.0111210346221923,0.9489297866821288,-0.1000849902629852,-0.0356181859970092,0.8642811179161072,-0.0230365097522735,0.0737740993499755,-0.5371883511543274,0.9255215525627136,-0.1365576088428497,0.0304656028747558,-0.4924132227897644,0.7910700440406799,0.1455699503421783,0.2431410551071167,0.9660435914993286,-0.1391665935516357,0.2395054697990417,0.9252783060073853,0.119449011233387,0.0225704375127571,-0.0104317018171635,0.0112253824533041,0.0,0.0,0.0,0,0,1,1.0
crossover_11_05_01_fps30.mp4,341,0.1209856122732162,-0.1296765241582514,0.045803069777605,0.0371831953525543,0.0077294111251831,0.9462090730667114,-0.0962419807910919,-0.0332551598548889,0.8512996435165405,-0.0199737846851348,0.0426605343818664,-0.5688443779945374,0.9217140078544616,-0.128933846950531,0.0319853425025939,-0.5953704118728638,0.7777934670448303,0.1461168825626373,0.2428253293037414,0.9654987454414368,-0.1386859714984893,0.2397577762603759,0.92459899187088,0.1097477406447165,0.0138376716423483,-0.0068668548653765,0.010929880101802,0.0,0.0,0.0,0,0,1,1.0
crossover_11_05_01_fps30.mp4,342,0.1280566602945327,-0.1196076197139287,0.0374714517011874,0.0408380627632141,-0.00198894739151,0.948757827281952,-0.0883249938488006,-0.0360050797462463,0.8554998636245728,-0.0195077657699584,0.0178183317184448,-0.5946522951126099,0.9253294467926024,-0.1096383035182952,0.0271407961845397,-0.6625164151191711,0.7869541049003601,0.1462321877479553,0.2407482862472534,0.966137170791626,-0.1387986540794372,0.2383483052253723,0.928524911403656,0.102010910615778,0.0143565214732595,-0.0083316180764175,0.0100689044443227,0.0,0.0,0.0,0,0,1,1.0
crossover_11_05_01_fps30.mp4,343,0.1313428580760955,-0.110080373792325,0.0337973465279834,0.0416497886180877,-0.0064015686511993,0.9511716961860656,-0.0810818374156951,-0.0360305607318878,0.8548300266265869,-0.0194803774356842,-0.0006220042705535,-0.6717734932899475,0.928434431552887,-0.0983060300350189,0.0251176059246063,-0.7099546194076538,0.775964617729187,0.1455188691616058,0.24068084359169,0.9663445949554444,-0.1396097838878631,0.2385287582874298,0.9311842918395996,0.096917754045459,0.0146278182876712,-0.0036741051732039,0.0095272459216037,0.0,0.0,0.0,0,0,1,1.0
crossover_11_05_01_fps30.mp4,344,0.1354175060987472,-0.1013454092761217,0.0290642383621959,0.0415587723255157,-0.0104545354843139,0.9540563225746156,-0.0748499929904937,-0.0381757616996765,0.8625470995903015,-0.0206305682659149,-0.009931206703186,-0.6745619177818298,0.9324690103530884,-0.0811313390731811,0.0226088166236877,-0.6269946694374084,0.7737009525299072,0.143474131822586,0.2404443025588989,0.964946746826172,-0.1418575048446655,0.2389968037605285,0.9347394704818726,0.0896411194438701,0.0212198280858119,-0.0047331081657875,0.0087349645162033,0.0,0.0,0.0,0,0,1,1.0
crossover_11_05_01_fps30.mp4,345,0.1396897882223129,-0.0955410936121213,0.0253375887870788,0.0391385853290557,-0.0167415142059326,0.9563103318214417,-0.0742592811584472,-0.0402143001556396,0.8687581419944763,-0.0228641331195831,-0.016858160495758,-0.6460248231887817,0.9348585605621338,-0.0736553370952606,0.0146076083183288,-0.6239336729049683,0.7700096368789673,0.1403304636478424,0.2401041984558105,0.9623026251792908,-0.1452466249465942,0.2385859489440918,0.9373792409896852,0.0840382165682612,0.0243745526969227,-0.0037266495751171,0.0058043156640004,0.0,0.0,0.0,0,0,1,1.0
crossover_11_05_01_fps30.mp4,346,0.1455147564411163,-0.07899612602541,0.01445990931697,0.041234403848648,-0.0273930728435516,0.9572194814682008,-0.0682721436023712,-0.0401325523853302,0.8594027757644653,-0.0236581265926361,-0.0256282985210418,-0.6216450333595276,0.9328603744506836,-0.0665395259857177,-0.0054840147495269,-0.6470072269439697,0.7319104671478271,0.1362083852291107,0.241060584783554,0.951608180999756,-0.1495439708232879,0.2395088970661163,0.9369739890098572,0.0683327051190374,0.0235143996674178,-0.0108776794701087,0.0165449675867113,0.0,0.0,0.0,0,0,1,1.0
crossover_11_05_02_fps30.mp4,0,0.1794881820678711,-0.0237186301562746,0.0019049667730564,0.0694443881511688,-0.0674861371517181,0.9585824608802797,-0.0781514942646026,-0.0815128087997436,0.8703008890151978,0.0142167508602142,-0.0126931071281433,-0.4522928595542907,0.93252295255661,-0.0578170716762542,-0.0385359525680542,-0.5590532422065735,0.7560247182846069,0.1232158243656158,0.2789174318313598,0.952100157737732,-0.1378390192985534,0.2784333825111389,0.9407572746276855,0.0406472249297669,0.0528977473173072,0.0,0.0,0.0,0.0,0.0,0,0,1,1.0
crossover_11_05_02_fps30.mp4,1,0.1839440762996673,-0.0233024895191192,0.0023325369125459,0.0727246105670929,-0.0741453468799591,0.9611437320709229,-0.0795371830463409,-0.0907181203365325,0.8819999098777771,0.0260123312473297,-0.0177947282791137,-0.4100606739521026,0.9372753500938416,-0.0565029680728912,-0.0441912114620208,-0.4688642621040344,0.7799263596534729,0.12197145819664,0.2789417803287506,0.950823962688446,-0.1346490681171417,0.2777979075908661,0.9436280131340028,0.05326404370044,0.0571553229281357,0.0004275701394895,0.0004161406371553,0.0,0.0,0.0,0,0,1,1.0
crossover_11_05_02_fps30.mp4,2,0.1841998994350433,-0.0253595827999761,0.0101292009760693,0.0732485353946685,-0.0713417828083038,0.9632266163825988,-0.0802400112152099,-0.0877193808555603,0.8913165926933289,0.0221442878246307,-0.0139223337173461,-0.4144129157066345,0.940306544303894,-0.0554262101650238,-0.0413092076778411,-0.4661967754364013,0.8005777597427368,0.1208389103412628,0.2765407264232635,0.9508105516433716,-0.1345388889312744,0.2752414047718048,0.9466127157211304,0.0532456011838345,0.059581137669193,0.0077966640635234,-0.0020570932808569,0.0,0.0,0.0,0,0,1,1.0
crossover_11_05_02_fps30.mp4,3,0.1827900111675262,-0.0291090147980188,0.0136058494812104,0.0718278586864471,-0.067260593175888,0.9657685160636902,-0.0795044898986816,-0.0857123434543609,0.9000675082206726,0.0183051526546478,-0.0090410709381103,-0.4638813138008117,0.9450591206550598,-0.0549286007881164,-0.0379869937896728,-0.5087663531303406,0.8192716836929321,0.1204551756381988,0.2763765156269073,0.9511277079582214,-0.1340184211730957,0.2748304307460785,0.9494627118110656,0.0525450880645238,0.0576929154877266,0.003476648505141,-0.0037494319980426,0.0,0.0,0.0,0,0,1,1.0
crossover_11_05_02_fps30.mp4,4,0.1823898404836654,-0.0336936766818418,0.0075723528861999,0.070138931274414,-0.0648499131202697,0.9681206941604614,-0.0778980255126953,-0.0863014757633209,0.9080374240875244,0.0141286253929138,-0.0100189745426177,-0.4000742733478546,0.9492942094802856,-0.0579269230365753,-0.0390991866588592,-0.4772076606750488,0.836463987827301,0.1206377744674682,0.2760300040245056,0.9524940848350524,-0.1344331502914428,0.2730497121810913,0.9525057673454284,0.0509551506369773,0.0525878582221716,-0.0060334965950105,-0.004584661883823,0.0,0.0,0.0,0,0,1,1.0
crossover_11_05_02_fps30.mp4,5,0.1829505860805511,-0.0413823592460761,-0.0074648983594848,0.0696508288383483,-0.0639087557792663,0.970339059829712,-0.0779118537902832,-0.0918108820915222,0.9129159450531006,0.0117698907852172,-0.0185673534870147,-0.4466382563114166,0.952684760093689,-0.0593916475772857,-0.0435225665569305,-0.4938041567802429,0.8492098450660706,0.1200360655784607,0.2733748257160187,0.9532516598701476,-0.1351178586483001,0.2687307894229889,0.955203115940094,0.0542994124576679,0.0403049612583082,-0.0150372512456847,-0.0076886825642342,0.0,0.0,0.0,0,0,1,1.0
crossover_11_05_02_fps30.mp4,6,0.1834744215011596,-0.0411556626780558,-0.0087828564934614,0.0697250664234161,-0.0642604529857635,0.9721873998641968,-0.0774562656879425,-0.0927067101001739,0.9163698554039,0.010629266500473,-0.0218939781188964,-0.4033339619636535,0.9553300142288208,-0.0580284297466278,-0.0437284708023071,-0.4488293528556824,0.8580057621002197,0.1200261414051055,0.2719187438488006,0.953563392162323,-0.135181576013565,0.266654759645462,0.9577632546424866,0.0534189142561152,0.0388057499344219,-0.0013179581339766,0.0002266965680203,0.0,0.0,0.0,0,0,1,1.0
crossover_11_05_02_fps30.mp4,7,0.1818674355745315,-0.0505113459239571,-0.0298553405738458,0.0685643851757049,-0.0628107488155365,0.9742564558982848,-0.0779852867126464,-0.0951746702194213,0.9214527606964112,0.0078565776348114,-0.0255918204784393,-0.4001085162162781,0.9587355256080629,-0.0610886812210083,-0.0540980994701385,-0.4778744578361511,0.8686758279800415,0.1203210055828094,0.2722882628440857,0.956029176712036,-0.135679543018341,0.2644003033638,0.960934579372406,0.0585234320948984,0.0264497898080499,-0.0210724840803844,-0.0093556832459013,0.0,0.0,0.0,0,0,1,1.0
crossover_11_05_02_fps30.mp4,8,0.1799812912940979,-0.0579985026585853,-0.0500221137593432,0.0673184990882873,-0.0606986582279205,0.9758309721946716,-0.0786965191364288,-0.0994940102100372,0.9236742854118348,0.0049014091491699,-0.0358482301235199,-0.4042705595493316,0.9615030288696288,-0.0664691030979156,-0.0587717592716217,-0.478767991065979,0.8758310675621033,0.1200770139694213,0.2715397179126739,0.9576237201690674,-0.1363039314746856,0.2629326283931732,0.9636231660842896,0.0644771113089385,0.012178151271573,-0.0201667731854973,-0.0074871567346281,0.0,0.0,0.0,0,0,1,1.0
crossover_11_05_02_fps30.mp4,9,0.1776965111494064,-0.0642477262828309,-0.061181585672425,0.0661357939243316,-0.0585950314998626,0.9763228297233582,-0.079058825969696,-0.0948332846164703,0.9107862114906312,0.0046828687191009,-0.0389737486839294,-0.4988383650779724,0.9615278840065002,-0.0669629573822021,-0.0573759377002716,-0.5530320405960083,0.8453831076622009,0.1205895245075225,0.2718257904052734,0.95693439245224,-0.1357702910900116,0.2636298537254333,0.9648467302322388,0.0724197138286803,0.0046749798300043,-0.0111594719130818,-0.0062492236242456,0.0,0.0,0.0,0,0,1,1.0
crossover_11_05_02_fps30.mp4,10,0.1790691316127777,-0.0673952262280351,-0.0704354486814359,0.0647848844528198,-0.0604641735553741,0.974231481552124,-0.0785655379295349,-0.0942178666591644,0.8899305462837219,0.0074966549873352,-0.0416390299797058,-0.5519542694091797,0.9587419629096984,-0.0656146109104156,-0.0715039074420929,-0.6040318012237549,0.8140813112258911,0.1232551932334899,0.2689319849014282,0.951959192752838,-0.1325650811195373,0.2627912163734436,0.9635242819786072,0.0802373205062487,0.0020765825369018,-0.0092538630090108,-0.0031474999452041,0.0,0.0,0.0,0,0,1,1.0
crossover_11_05_02_fps30.mp4,11,0.1791347563266754,-0.0654676854610443,-0.0716137550226072,0.0651780664920806,-0.0609400570392608,0.9739131927490234,-0.0784449577331543,-0.0941649675369262,0.869903564453125,0.0092436373233795,-0.0423478484153747,-0.5646158456802368,0.9581722617149352,-0.0637390911579132,-0.0722827911376953,-0.6125702857971191,0.7753989696502686,0.125113159418106,0.2677344381809234,0.948620080947876,-0.1306785643100738,0.2644051015377044,0.96266371011734,0.0802388624155503,0.0018535499961181,-0.0011783063411712,0.0019275407669908,0.0,0.0,0.0,0,0,1,1.0
crossover_11_05_02_fps30.mp4,12,0.1754812747240066,-0.0687245921563294,-0.071029592578004,0.0647597014904022,-0.0607396364212036,0.9718266129493712,-0.078540027141571,-0.0937782824039459,0.8537870645523071,0.0116782486438751,-0.042142242193222,-0.5947582721710205,0.956414759159088,-0.0683150291442871,-0.074449747800827,-0.6527848839759827,0.756626546382904,0.1285065710544586,0.2655690014362335,0.9432073831558228,-0.1277048289775848,0.2628532350063324,0.9594959020614624,0.0854347459819259,0.0034445904849541,0.0005841624446031,-0.0032569066952851,0.0,0.0,0.0,0,0,1,1.0
crossover_11_05_02_fps30.mp4,13,0.1691834628582,-0.0722916523278769,-0.0596786641493076,0.0647232830524444,-0.0599814653396606,0.971440613269806,-0.080155611038208,-0.0886242091655731,0.8451176285743713,0.0133240520954132,-0.0415374636650085,-0.6404883861541748,0.9560840129852296,-0.0710912346839904,-0.0705423951148986,-0.6791602373123169,0.7488952279090881,0.1318294703960418,0.2631541490554809,0.938104510307312,-0.1248282492160797,0.2620195746421814,0.9549514651298524,0.0875165812798222,0.0109298514634232,0.0113509284286964,-0.0035670601715475,0.0,0.0,0.0,0,0,1,1.0
crossover_11_05_02_fps30.mp4,14,0.1628065109252929,-0.0760026431184703,-0.0361796133401917,0.0631643682718277,-0.0581290125846862,0.9706518054008484,-0.0816306918859481,-0.0790776014328002,0.8378337621688843,0.0137248188257217,-0.0324743092060089,-0.651300311088562,0.9547682404518129,-0.0801661759614944,-0.0517819821834564,-0.6847034096717834,0.7462630867958069,0.1336953192949295,0.2611189186573028,0.937991738319397,-0.1233297735452652,0.2622347176074981,0.9537546634674072,0.0898039348006157,0.0161483410682403,0.0234990508091159,-0.0037109907905933,0.0,0.0,0.0,0,0,1,1.0
crossover_11_05_02_fps30.mp4,15,0.156046837568283,-0.0792694807052612,-0.001223050675741,0.0612378716468811,-0.0573695600032806,0.9717363715171814,-0.0857690572738647,-0.0705814361572265,0.8417775630950928,0.0147477984428405,-0.0254246294498443,-0.65740567445755,0.9568831324577332,-0.0843096375465393,-0.0311967730522155,-0.695098340511322,0.7488882541656494,0.1351369619369506,0.2608674168586731,0.9393645524978638,-0.122968316078186,0.2622461915016174,0.952796995639801,0.0970822599323441,0.0303945260546476,0.0349565626644506,-0.0032668375867908,0.0,0.0,0.0,0,0,1,1.0
crossover_11_05_02_fps30.mp4,16,0.1556956171989441,-0.0771697187322681,-0.0011991330763189,0.0631271451711654,-0.0573013126850128,0.9730103611946106,-0.0844098776578903,-0.0699372887611389,0.8428819179534912,0.016274020075798,-0.0223908722400665,-0.6421135067939758,0.9591494202613832,-0.0860826522111892,-0.0296176970005035,-0.6783366799354553,0.7471870183944702,0.1372560709714889,0.2605054080486297,0.9407777190208436,-0.1213187724351883,0.2622795403003692,0.9524514079093932,0.0958166067611163,0.0297834712334314,2.3917599422107472e-05,0.0020997619729931,0.0,0.0,0.0,0,0,1,1.0
crossover_11_05_02_fps30.mp4,17,0.1497164964675903,-0.0783351165763402,0.0555213194067885,0.06532022356987,-0.0559111535549163,0.9746016263961792,-0.0854631066322326,-0.0448299348354339,0.8471079468727112,0.0175277888774871,-0.0157244503498077,-0.6149762272834778,0.9612982869148254,-0.0806402266025543,0.0287735164165496,-0.4905494153499603,0.7419881224632263,0.1395494639873504,0.2606012523174286,0.9413646459579468,-0.1195287406444549,0.2623306810855865,0.9476535320281982,0.1194389230956951,0.0268469457673974,0.0567204524831074,-0.0011653978440721,0.0,0.0,0.0,0,0,1,1.0
crossover_11_05_02_fps30.mp4,18,0.1435541808605194,-0.078788885474205,0.1538257667204229,0.0666405111551284,-0.0522437691688537,0.9764806628227234,-0.084220752120018,-0.02169930934906,0.8615320920944214,0.0180912166833877,-0.0128102004528045,-0.5761781334877014,0.9642351865768432,-0.0844965130090713,0.0772054493427276,-0.4328099191188812,0.7664986252784729,0.1410662680864334,0.2620788514614105,0.9427258372306824,-0.1190288811922073,0.262724906206131,0.9462937712669371,0.1927519124414141,0.0768326105708735,0.0983044473136344,-0.0004537688978648,0.0,0.0,0.0,0,0,0,1.0
crossover_11_05_02_fps30.mp4,19,0.1460325121879577,-0.0780165399535227,0.2904163385309823,0.0664477348327636,-0.0534262061119079,0.9782066345214844,-0.0835379362106323,-0.0156815350055694,0.8745039701461792,0.0174176096916198,-0.0144051611423492,-0.6040083765983582,0.9671475291252136,-0.0853734612464904,0.0921666920185089,-0.4610564112663269,0.7882450222969055,0.1409224867820739,0.2577377259731293,0.944985032081604,-0.1197748482227325,0.2582765519618988,0.9458000659942628,0.3194116835395824,0.1983861049399166,0.1365905718105594,0.0007723455206822,0.0,0.0,0.0,1,0,0,1.0
crossover_11_05_02_fps30.mp4,20,0.1473552137613296,-0.0810631377717195,0.236317106572593,0.0684939473867416,-0.0535345077514648,0.980015218257904,-0.0827662795782089,-0.0201092362403869,0.8856449127197266,0.0179756134748458,-0.0164585709571838,-0.6070414781570435,0.970087707042694,-0.0849824100732803,0.0857846140861511,-0.4378328919410705,0.8078191876411438,0.1391764134168625,0.2561008930206299,0.9492496252059937,-0.1203193515539169,0.2543837428092956,0.9475387334823608,0.2714852065935026,0.1505835050380834,-0.0540992319583892,-0.0030465978181968,0.0,0.0,0.0,0,0,0,1.0
crossover_11_05_02_fps30.mp4,21,0.1484240442514419,-0.0823477132845733,0.2350007000492839,0.0690165758132934,-0.0538797974586486,0.98161643743515,-0.0831345617771148,-0.0206468999385833,0.8955165147781372,0.0180984735488891,-0.0166157782077789,-0.6016733646392822,0.972639262676239,-0.0853075981140136,0.0839565098285675,-0.4301919341087341,0.8250117897987366,0.138035237789154,0.2558340728282928,0.9530047178268432,-0.1212505102157592,0.2530520260334015,0.9487788081169128,0.2709248762662259,0.1510731886127897,-0.0013164065233091,-0.0012845755128537,0.0,0.0,0.0,0,0,0,1.0
crossover_11_05_02_fps30.mp4,22,0.1493336111307144,-0.0819387278314364,0.144637028909311,0.071617305278778,-0.0527657270431518,0.9828538298606871,-0.0834181010723114,-0.025470346212387,0.9043439030647278,0.019861876964569,-0.0156984031200408,-0.6064237952232361,0.9745945334434508,-0.0865403115749359,0.0757372081279754,-0.4319797158241272,0.839795708656311,0.1368690133094787,0.2548538148403168,0.9562140703201294,-0.1233449876308441,0.2521353662014007,0.9499921798706056,0.1899231789457817,0.069053311844173,-0.0903636711399729,0.0004089854531368,0.0,0.0,0.0,0,0,0,1.0
crossover_11_05_02_fps30.mp4,23,0.1500633955001831,-0.0836661143828246,0.0743226602310087,0.0738283693790435,-0.051875352859497,0.983203947544098,-0.0847277641296386,-0.0334557890892028,0.9047018885612488,0.0210723578929901,-0.0148643553256988,-0.6215255856513977,0.9754073023796082,-0.0892451405525207,0.0600819885730743,-0.4637163579463959,0.8257630467414856,0.1348349750041961,0.2543388307094574,0.9562147855758668,-0.1264410614967346,0.2505948841571808,0.9466639757156372,0.1375662433832661,0.0152945173925577,-0.0703143686783023,-0.0017273865513882,0.0,0.0,0.0,0,0,1,1.0
crossover_11_05_02_fps30.mp4,24,0.1514346599578857,-0.0833441081693617,0.0286579196046038,0.0733129382133483,-0.0519441366195678,0.9843875765800476,-0.0857271552085876,-0.0497825741767883,0.9112619757652284,0.0219889879226684,-0.0151464939117431,-0.6124305725097656,0.9771749377250672,-0.0812894999980926,0.007561445236206,-0.6092179417610168,0.8365277647972107,0.1323740482330322,0.2530708909034729,0.9586077332496644,-0.1289438009262085,0.2492375969886779,0.9495325684547424,0.1140784281792311,0.0211962884844,-0.0456647406264049,0.0003220062134629,0.0,0.0,0.0,0,0,1,1.0
crossover_11_05_02_fps30.mp4,25,0.1537826210260391,-0.0818950124716354,-0.0055661640516141,0.0725059807300567,-0.0526202023029327,0.9845770001411438,-0.0863807797431945,-0.064010351896286,0.9102976322174072,0.0206731855869293,-0.017077624797821,-0.643261194229126,0.9768700003623962,-0.0864328145980835,-0.0245389342308044,-0.6915183067321777,0.8320751190185547,0.1311732828617096,0.2511090040206909,0.9598754048347472,-0.1301668882369995,0.247261106967926,0.9503990411758424,0.1032121552022455,0.0195078870309208,-0.0342240836562179,0.0014490956977262,0.0,0.0,0.0,0,0,1,1.0
crossover_11_05_02_fps30.mp4,26,0.1543313264846801,-0.0823940171023546,-0.0059916964391383,0.0723602473735809,-0.0527686178684234,0.9848486185073853,-0.0862993896007537,-0.0673863291740417,0.9116670489311218,0.0207447111606597,-0.0165761709213256,-0.6391051411628723,0.977067232131958,-0.0876496136188507,-0.0323408842086792,-0.6968020796775818,0.834246039390564,0.1306504905223846,0.2508432269096374,0.961453139781952,-0.1306554675102234,0.2468553185462951,0.9516209363937378,0.1036804145814242,0.0268682152525754,-0.0004255323875241,-0.0004990046307192,0.0,0.0,0.0,0,0,1,1.0
crossover_11_05_02_fps30.mp4,27,0.1543677747249603,-0.0783579617233599,-0.0247816870852214,0.0715697705745697,-0.0511280000209808,0.9843767881393432,-0.0861176550388336,-0.0713329315185546,0.9072341918945312,0.0199413001537323,-0.0165667533874511,-0.6582529544830322,0.9747147560119628,-0.0883848071098327,-0.0418627560138702,-0.7172906994819641,0.8147475123405457,0.1306927502155304,0.2512362003326416,0.9633285999298096,-0.1304379403591156,0.2472165822982788,0.9538094997406006,0.0986419283126598,0.019806578304934,-0.0187899906460831,0.0040360553789947,0.0,0.0,0.0,0,0,1,1.0
crossover_11_05_02_fps30.mp4,28,0.1549781411886215,-0.0731048529430971,-0.0315997533681916,0.0713538527488708,-0.0513859987258911,0.9836912155151368,-0.0864747166633606,-0.0756206214427948,0.8982067108154297,0.017569363117218,-0.0170718431472778,-0.6417552828788757,0.972017467021942,-0.0850259065628051,-0.0496275722980499,-0.6811528205871582,0.7946402430534363,0.1304979920387268,0.2506106495857239,0.9645068645477296,-0.1304655075073242,0.2464106082916259,0.9549729228019714,0.0918306791521202,0.0216128150589345,-0.0068180662829702,0.0052531087802628,0.0,0.0,0.0,0,0,1,1.0
crossover_11_05_02_fps30.mp4,29,0.1540981084108352,-0.0668909211279982,-0.0300405907921674,0.0662479698657989,-0.0483830273151397,0.9839797616004944,-0.0876104831695556,-0.0818041861057281,0.9003313183784485,0.0112762153148651,-0.0155812203884124,-0.62369704246521,0.9724145531654358,-0.0843239724636077,-0.0575023591518402,-0.6772537231445312,0.8030577301979065,0.1309234797954559,0.2520432770252228,0.9665322303771972,-0.1301951110363006,0.2477452456951141,0.9574020504951476,0.0794932362666799,0.0325278342394682,0.0015591625760241,0.0062139318150989,0.0,0.0,0.0,0,0,1,1.0
crossover_11_05_02_fps30.mp4,30,0.1527302414178848,-0.0602827880342127,-0.0228038851807756,0.0611952543258667,-0.0440311729907989,0.9836870431900024,-0.0881103575229644,-0.0779096186161041,0.90153306722641,0.0029277801513671,-0.0141058564186096,-0.5461118817329407,0.9718807339668274,-0.0811332166194915,-0.0503424704074859,-0.6408630609512329,0.8109546899795532,0.1317604780197143,0.2539158463478088,0.9672450423240662,-0.1294561922550201,0.2496460080146789,0.9589011669158936,0.0638062037320143,0.0345414830092541,0.0072367056113917,0.0066081330937854,0.0,0.0,0.0,0,0,1,1.0
crossover_11_05_02_fps30.mp4,31,0.1521113514900207,-0.0598114641036017,-0.0217164754867553,0.0597481429576873,-0.0418842136859893,0.983079433441162,-0.0883144736289978,-0.0759367644786834,0.900825560092926,0.0011549890041351,-0.0132467150688171,-0.5413827896118164,0.9704608917236328,-0.0793848037719726,-0.0483511388301849,-0.6272400617599487,0.8141128420829773,0.1320502460002899,0.2550559043884277,0.967044472694397,-0.1289879977703094,0.2505582571029663,0.9594231247901917,0.0615519719105338,0.0330533041796316,0.0010874096940203,0.000471323930611,0.0,0.0,0.0,0,0,1,1.0
crossover_11_05_02_fps30.mp4,32,0.151836097240448,-0.0575106541989213,-0.0126705236551237,0.0565243959426879,-0.0409989356994628,0.9833694100379944,-0.0886494517326355,-0.0739988982677459,0.9015935063362122,-0.0049031376838684,-0.0128688216209411,-0.5712219476699829,0.970058262348175,-0.074051022529602,-0.0406844317913055,-0.6390310525894165,0.8033643960952759,0.1325148344039917,0.2558233737945556,0.9677385091781616,-0.1284930408000946,0.2509281039237976,0.9604549407958984,0.0526078902443807,0.0325324888930591,0.0090459518316315,0.0023008099046804,0.0,0.0,0.0,0,0,1,1.0
crossover_11_05_02_fps30.mp4,33,0.1523395031690597,-0.0580382302656012,-0.0102629205075706,0.0548231601715087,-0.0406053960323333,0.9829912781715392,-0.0881574153900146,-0.0726503729820251,0.9004563689231873,-0.0068444609642028,-0.0123025178909301,-0.5429398417472839,0.9673238396644592,-0.0721034705638885,-0.0364078879356384,-0.623159646987915,0.7870815992355347,0.1329010725021362,0.2563538551330566,0.9675835967063904,-0.128074049949646,0.2512984275817871,0.9608741402626038,0.0512343827206984,0.0296882183106917,0.0024076031475531,-0.0005275760666799,0.0,0.0,0.0,0,0,1,1.0
crossover_11_05_02_fps30.mp4,34,0.1528388112783432,-0.0584961845713146,-0.0130615791169608,0.0546536743640899,-0.0403058528900146,0.9826241135597228,-0.0877498686313629,-0.0718099772930145,0.8976609706878662,-0.0074706971645355,-0.0122799575328826,-0.5531516671180725,0.9643012285232544,-0.0708418488502502,-0.0346617102622985,-0.6231377124786377,0.7654356956481934,0.1329111754894256,0.2564920485019684,0.966787040233612,-0.128060907125473,0.2513903081417084,0.9607179760932922,0.051031473596204,0.0248793306176829,-0.0027986586093902,-0.0004579543057134,0.0,0.0,0.0,0,0,1,1.0
crossover_11_05_02_fps30.mp4,35,0.1531829088926315,-0.0582694835582022,-0.0192186716126232,0.0541099905967712,-0.0394855439662933,0.98082834482193,-0.0874363780021667,-0.0711159408092498,0.8927717804908752,-0.0087550282478332,-0.0130605697631835,-0.5526140928268433,0.95729398727417,-0.070511519908905,-0.0378314554691314,-0.6253021955490112,0.7411751747131348,0.1328567266464233,0.256800889968872,0.9654541611671448,-0.1281264722347259,0.2517479658126831,0.9604451060295104,0.0498959267182261,0.0222778629338862,-0.0061570924956624,0.0002267010131124,0.0,0.0,0.0,0,0,1,1.0
crossover_11_05_02_fps30.mp4,36,0.15361188352108,-0.0583181134725021,-0.0191083239346016,0.0538917183876037,-0.0391869843006134,0.9788511395454408,-0.0871949791908264,-0.0707675218582153,0.8854551911354065,-0.0090193152427673,-0.0136924386024475,-0.5446276068687439,0.9493713974952698,-0.0703631937503814,-0.0386063754558563,-0.621212363243103,0.7131982445716858,0.1327990293502807,0.2567912936210632,0.9630809426307678,-0.1281811594963073,0.2519182562828064,0.9593325257301332,0.0495953961656436,0.0229185071945373,0.0001103476780216,-4.862991429988029e-05,0.0,0.0,0.0,0,0,1,1.0
crossover_11_05_02_fps30.mp4,37,0.1549204438924789,-0.059273434089402,-0.0265440248861545,0.0532845258712768,-0.0391681790351867,0.9778132438659668,-0.0868708789348602,-0.0722143948078155,0.8849494457244873,-0.0092729926109313,-0.0196859240531921,-0.5532647967338562,0.9442511796951294,-0.0705845952033996,-0.0378102958202362,-0.6139164566993713,0.6944934725761414,0.1325550675392151,0.2567629218101501,0.9613147974014282,-0.1284294426441192,0.2522675991058349,0.9584311246871948,0.050468581266735,0.0159646868590318,-0.0074357009515529,-0.0009553206168999,0.0,0.0,0.0,0,0,1,1.0
crossover_11_05_02_fps30.mp4,38,0.1561775803565979,-0.062086046247159,-0.0365998058784298,0.0526191890239715,-0.0394979417324066,0.9738739132881165,-0.0871198177337646,-0.0761441588401794,0.880082368850708,-0.0100757181644439,-0.0270498991012573,-0.5274966955184937,0.9280474781990052,-0.0708743333816528,-0.044676661491394,-0.5932352542877197,0.6719996333122253,0.1321447193622589,0.256303608417511,0.9568269848823548,-0.1288943886756897,0.2528779506683349,0.955977201461792,0.0528798160617484,0.011936062472649,-0.0100557809922752,-0.002812612157757,0.0,0.0,0.0,0,0,1,1.0
crossover_11_05_02_fps30.mp4,39,0.1575774103403091,-0.0648503570233361,-0.0504418399275802,0.0522211194038391,-0.0402779281139373,0.968600869178772,-0.0871022343635559,-0.0765020549297332,0.8745306134223938,-0.0116192698478698,-0.0395410656929016,-0.5561501979827881,0.8996039032936096,-0.0669268369674682,-0.0550369024276733,-0.6126875877380371,0.633876621723175,0.1320396661758422,0.2554827928543091,0.9499335289001464,-0.1291128396987915,0.2523130178451538,0.9504137635231018,0.0543357664968253,0.0050424565777153,-0.0138420340491504,-0.0027643107761771,0.0,0.0,0.0,0,0,1,1.0
crossover_11_05_02_fps30.mp4,40,0.1581196635961532,-0.0667518665224818,-0.062554541884399,0.051842838525772,-0.0411919355392456,0.9650466442108154,-0.0854047238826751,-0.0782881379127502,0.8673609495162964,-0.0116013586521148,-0.0455442070960998,-0.6348218321800232,0.8712298274040222,-0.0656534433364868,-0.0594098567962646,-0.6809579730033875,0.5922883152961731,0.1320872008800506,0.2556544244289398,0.9417762160301208,-0.12912517786026,0.2527266442775726,0.9415504932403564,0.0577142097578181,0.0033310025216241,-0.0121127019568187,-0.0019015094991457,0.0,0.0,0.0,0,0,1,1.0
crossover_11_05_02_fps30.mp4,41,0.158315971493721,-0.0667004508487248,-0.0623726011776342,0.0517083406448364,-0.0418181419372558,0.9623257517814636,-0.0844667553901672,-0.078788936138153,0.8605459332466125,-0.0115655660629272,-0.046592891216278,-0.6444050073623657,0.8475368618965149,-0.0652978718280792,-0.0603074133396148,-0.6879865527153015,0.5545836091041565,0.132140576839447,0.2557597458362579,0.9341773390769958,-0.1291291415691375,0.2530225217342376,0.9332014918327332,0.0573485376169933,0.0024964432129448,0.0001819407067647,5.141567375699374e-05,0.0,0.0,0.0,0,0,1,1.0
crossover_11_05_02_fps30.mp4,42,0.1604024469852447,-0.0681329084654985,-0.0708328076979009,0.0526255369186401,-0.0455507040023803,0.9615948796272278,-0.0818620026111602,-0.0865254402160644,0.8634067177772522,-0.0104750990867614,-0.0492011904716491,-0.6297095417976379,0.8333797454833984,-0.0580580830574035,-0.0631723403930664,-0.6875759959220886,0.5364901423454285,0.1328741908073425,0.2563132345676422,0.9284019470214844,-0.1284296810626983,0.253904789686203,0.9286607503890992,0.0615820578267554,0.0126564160144977,-0.0084602065202666,-0.0014324576167736,0.0,0.0,0.0,0,0,1,1.0
crossover_11_05_02_fps30.mp4,43,0.161057099699974,-0.0687593271166591,-0.076104224600443,0.0534315407276153,-0.0463694930076599,0.9618118405342102,-0.080816775560379,-0.0935553610324859,0.8642123341560364,-0.0094083249568939,-0.0508821904659271,-0.6514440774917603,0.8281333446502686,-0.0587035119533538,-0.0634702742099762,-0.7165259718894958,0.516618549823761,0.1335095465183258,0.2567979693412781,0.9220761060714722,-0.1277823448181152,0.2547464966773987,0.9226862788200378,0.0644879249414271,0.0161473255081866,-0.0052714169025421,-0.0006264186511605,0.0,0.0,0.0,0,0,1,1.0
crossover_11_05_02_fps30.mp4,44,0.161478117108345,-0.0699001881025605,-0.0759609139547115,0.0546896755695343,-0.0466431379318237,0.9629284739494324,-0.0802666842937469,-0.0925942361354827,0.8568331003189087,-0.0054826438426971,-0.052595168352127,-0.6485300064086914,0.8321260213851929,-0.0593836307525634,-0.0611969232559204,-0.6975660920143127,0.4911789894104004,0.1341033279895782,0.2567335069179535,0.91702139377594,-0.1271471381187439,0.2551474869251251,0.9179860949516296,0.0685242882198433,0.0181265937188918,0.0001433106457314,-0.0011408609859014,0.0,0.0,0.0,0,0,1,1.0
crossover_11_05_02_fps30.mp4,45,0.1615715771913528,-0.0724631519640906,-0.0714996726047701,0.056462287902832,-0.0464714169502258,0.9642903208732604,-0.0798247754573822,-0.0900259613990783,0.8498624563217163,-0.0019392967224121,-0.0515045225620269,-0.6384581327438354,0.8396642804145813,-0.0595656335353851,-0.0599190294742584,-0.6830836534500122,0.4708500206470489,0.1346310377120971,0.2566438615322113,0.915349543094635,-0.1266602873802185,0.2555420100688934,0.9162966012954712,0.0733036164413533,0.0173337034973795,0.0044612413499413,-0.00256296386153,0.0,0.0,0.0,0,0,1,1.0
crossover_11_05_02_fps30.mp4,46,0.1616103947162628,-0.072020840846886,-0.0715096444618411,0.0577349066734313,-0.0463624596595764,0.9654335975646972,-0.0794353783130645,-0.0886915624141693,0.8442061543464661,-0.0001919269561767,-0.0512058436870574,-0.6413963437080383,0.8461119532585144,-0.0596316754817962,-0.0596944987773895,-0.6818488836288452,0.4542476236820221,0.1350324749946594,0.256471037864685,0.9137436151504515,-0.1263512074947357,0.2558484673500061,0.9142172336578368,0.0746434002214599,0.0171198448003583,-9.97185707091175e-06,0.0004423111172045,0.0,0.0,0.0,0,0,1,1.0
crossover_11_05_02_fps30.mp4,47,0.1615325659513473,-0.0743863294690342,-0.0602541435055616,0.0587172210216522,-0.0464438199996948,0.9651703238487244,-0.0786428153514862,-0.0812108218669891,0.8335533738136292,0.0017710030078887,-0.0501152873039245,-0.6417495012283325,0.8480091094970703,-0.0600029826164245,-0.0535814762115478,-0.685203492641449,0.4323277175426483,0.1350229680538177,0.2563250064849853,0.911189615726471,-0.1264837682247162,0.2557768225669861,0.9117927551269532,0.0768292632730398,0.0158557609561659,0.0112555009562794,-0.0023654886221481,0.0,0.0,0.0,0,0,1,1.0
crossover_11_05_02_fps30.mp4,48,0.1621551662683487,-0.0768019807540764,-0.0418002041374764,0.0602157115936279,-0.0480260550975799,0.9635955691337584,-0.0787665247917175,-0.0721175968647003,0.8177199959754944,0.0050643682479858,-0.0505034029483795,-0.5933099389076233,0.8523699045181274,-0.065823882818222,-0.0521647036075592,-0.6161543130874634,0.4249447286128998,0.1349376440048217,0.2550059556961059,0.9115368127822876,-0.1265737116336822,0.2545303702354431,0.9134560227394104,0.0823276670899252,0.0150977310730637,0.0184539393680851,-0.0024156512850421,0.0,0.0,0.0,0,0,1,1.0
crossover_11_05_02_fps30.mp4,49,0.1648278534412384,-0.0797906137118905,-0.016823580788403,0.0612337291240692,-0.0516058802604675,0.9637979865074158,-0.0796864330768585,-0.073431521654129,0.8095539808273315,0.0065207779407501,-0.0531341731548309,-0.558584451675415,0.8602955341339111,-0.0729338824748992,-0.0438994169235229,-0.5656517148017883,0.4371829032897949,0.1340709030628204,0.2515559196472168,0.9116191267967224,-0.127454936504364,0.2510871291160583,0.9147387146949768,0.0936382157402436,0.0279305507584829,0.0249766233490734,-0.002988632957814,0.0,0.0,0.0,0,0,1,1.0
crossover_11_05_02_fps30.mp4,50,0.1677499264478683,-0.0819737620272879,0.0174043761520851,0.0618985295295715,-0.0559504926204681,0.9649697542190552,-0.0802991092205047,-0.0650741755962371,0.8199666738510132,0.0083770155906677,-0.0548980236053466,-0.5428062677383423,0.8699167966842651,-0.0760345160961151,-0.0242272913455963,-0.5331175923347473,0.4775827527046203,0.1335027813911438,0.2471464574337005,0.9132680296897888,-0.1280106306076049,0.2465620338916778,0.9179519414901732,0.1157190564550746,0.0420531851453425,0.0342279569404881,-0.0021831483153973,0.0,0.0,0.0,0,0,1,1.0
crossover_11_05_02_fps30.mp4,51,0.1688799709081649,-0.0822088284007573,0.0153680499007061,0.0624176263809204,-0.0579536259174346,0.9666154980659484,-0.0802349746227264,-0.0638985335826873,0.828529417514801,0.0097338557243347,-0.0549438595771789,-0.5423462986946106,0.8795682787895203,-0.0751197636127471,-0.0202991366386413,-0.5216566920280457,0.5109460949897766,0.1332089900970459,0.2443802952766418,0.9162399768829346,-0.1281152069568634,0.2432509660720825,0.9213255047798156,0.1157463683169055,0.0363648598952507,-0.0020363262513789,-0.0002350663734694,0.0,0.0,0.0,0,0,1,1.0
crossover_11_05_02_fps30.mp4,52,0.167413592338562,-0.0836566452252662,0.068048656132163,0.0643659830093383,-0.0577676892280578,0.9684452414512634,-0.0796011090278625,-0.0519509613513946,0.843087375164032,0.0111974477767944,-0.0540048778057098,-0.5615639090538025,0.8891501426696777,-0.0771008431911468,0.0309436619281768,-0.4420230686664581,0.5514671206474304,0.1337150931358337,0.2440605461597442,0.9202509522438048,-0.1275578141212463,0.2429228723049163,0.923334777355194,0.1545780194787314,0.0376796912830826,0.0526806062314568,-0.0014478168245089,0.0,0.0,0.0,0,0,0,1.0
crossover_11_05_02_fps30.mp4,53,0.1663188934326172,-0.084749276052087,0.148115411909615,0.0664387643337249,-0.0574049055576324,0.971013605594635,-0.0777253210544586,-0.0471046864986419,0.8580580949783325,0.012146383523941,-0.0534766316413879,-0.5839051604270935,0.899574875831604,-0.0818723440170288,0.049856424331665,-0.3752349317073822,0.5951665639877319,0.1340663731098175,0.2442052960395813,0.9264382719993592,-0.1273670196533203,0.2441115975379943,0.9276817440986632,0.223669669083099,0.0983010955065002,0.080066755777452,-0.0010926308268207,0.0,0.0,0.0,0,0,0,1.0
crossover_11_05_02_fps30.mp4,54,0.1659146398305893,-0.08752741338843,0.2457782367380654,0.0674896538257598,-0.0570420622825622,0.9727323651313782,-0.0763634741306305,-0.0432430207729339,0.8714434504508972,0.0133939683437347,-0.0528430044651031,-0.584515392780304,0.9078977108001708,-0.0817531645298004,0.060811698436737,-0.4347293674945831,0.6339603066444397,0.1337184011936187,0.24451345205307,0.9307539463043212,-0.1278649270534515,0.243830144405365,0.930312991142273,0.315213849613957,0.1850566460332029,0.0976628248284503,-0.002778137336343,0.0,0.0,0.0,0,0,0,1.0
crossover_11_05_02_fps30.mp4,55,0.1658224165439605,-0.0898617498955484,0.2704329119949806,0.0682879984378814,-0.0567962825298309,0.9735071659088136,-0.0756515264511108,-0.0433622896671295,0.8837631344795227,0.0136065185070037,-0.0526054501533508,-0.6093237400054932,0.9131699800491332,-0.0827450454235076,0.061390072107315,-0.4360746145248413,0.6693066954612732,0.133651465177536,0.2453854978084564,0.9344001412391664,-0.1284004151821136,0.2440211474895477,0.9323488473892212,0.3392041656373034,0.2091639462021181,0.0246546752569152,-0.0023343365071183,0.0,0.0,0.0,1,0,0,1.0
crossover_11_05_02_fps30.mp4,56,0.16572205722332,-0.0902927921990217,0.2706417896398684,0.0680448412895202,-0.0565704107284545,0.9739611744880676,-0.0756799280643463,-0.0427872240543365,0.8946906924247742,0.0133467316627502,-0.0524535179138183,-0.6151202917098999,0.9177125692367554,-0.0830430090427398,0.0617522895336151,-0.4324963986873626,0.7008147239685059,0.1332666277885437,0.2457350790500641,0.936235785484314,-0.1286856830120086,0.2434896528720855,0.9322118759155272,0.3393106668961443,0.2090152688452533,0.0002088776448877,-0.0004310423034732,0.0,0.0,0.0,0,0,0,1.0
crossover_11_05_02_fps30.mp4,57,0.1653766334056854,-0.0900575784303374,0.1963746416859511,0.0695429146289825,-0.0559479594230651,0.9748679995536804,-0.0757199525833129,-0.0451812148094177,0.9043476581573486,0.0150605738162994,-0.0521964430809021,-0.6162706017494202,0.9232601523399352,-0.0841286778450012,0.0497346520423889,-0.4122166633605957,0.7291233539581299,0.1332403719425201,0.2467676401138305,0.9387026429176332,-0.1282175481319427,0.2444735169410705,0.9341763854026794,0.2698840679142013,0.1467597983945699,-0.0742671479539173,0.0002352137686842,0.0,0.0,0.0,0,0,0,1.0
crossover_11_05_02_fps30.mp4,58,0.1667392253875732,-0.0938188156839144,0.1375913541491439,0.0709789395332336,-0.0566579699516296,0.9760364294052124,-0.0768877565860748,-0.050459086894989,0.9131253957748412,0.0160994529724121,-0.0535357296466827,-0.6054739952087402,0.9293419718742372,-0.0853262841701507,0.0437694787979126,-0.3652243018150329,0.7553707361221313,0.1327016949653625,0.2473566532135009,0.9425165057182312,-0.129433661699295,0.2453507184982299,0.9369487762451172,0.2204803572763372,0.0942054530583779,-0.0587832875368071,-0.003761237253577,0.0,0.0,0.0,0,0,0,1.0
crossover_11_05_02_fps30.mp4,59,0.1676820814609527,-0.0943495438260547,0.0844519613719567,0.0717783868312835,-0.0567864477634429,0.975975513458252,-0.0779231190681457,-0.0579455494880676,0.9203885793685912,0.0181305706501007,-0.0522093176841735,-0.5880168080329895,0.9338124394416808,-0.0854246914386749,0.021976500749588,-0.4072679579257965,0.7774120569229126,0.1323789656162262,0.250241070985794,0.9426856637001038,-0.1300020813941955,0.2483628690242767,0.9381335973739624,0.1769974049126894,0.0631097153385567,-0.0531393927771871,-0.0005307281421402,0.0,0.0,0.0,0,0,0,1.0
crossover_11_05_02_fps30.mp4,60,0.1681578904390335,-0.0972335017333596,0.0379166739742929,0.0722705125808715,-0.0567905008792877,0.9767383933067322,-0.0811165869235992,-0.0696572959423065,0.926240086555481,0.0188044309616088,-0.0512397587299346,-0.5860673189163208,0.9381882548332214,-0.0866809487342834,-0.011193573474884,-0.4897743463516235,0.7943775057792664,0.1312950253486633,0.2530281543731689,0.9453919529914856,-0.1313839256763458,0.2513394355773926,0.9425181746482848,0.1463341085211015,0.0502311932898046,-0.0465352873976637,-0.0028839579073049,0.0,0.0,0.0,0,0,0,1.0
crossover_11_05_02_fps30.mp4,61,0.1687386780977249,-0.0979363335391222,0.038629179175307,0.0719253718852996,-0.0578615665435791,0.9767440557479858,-0.0828053057193756,-0.0726219117641449,0.9312103390693665,0.0187043845653533,-0.0512087047100067,-0.5856673717498779,0.9417682886123656,-0.087158977985382,-0.0137901306152343,-0.4807018339633941,0.8085904717445374,0.1309374868869781,0.2539803385734558,0.9477676749229432,-0.1322022974491119,0.2520848512649536,0.946124255657196,0.147227383665264,0.0535157493794909,0.000712505201014,-0.0007028318057625,0.0,0.0,0.0,0,0,0,1.0
crossover_11_05_02_fps30.mp4,62,0.1709594130516052,-0.0971220859026504,-0.0039006318987869,0.0720768570899963,-0.0608587861061096,0.9774116277694702,-0.0838522017002105,-0.0837342143058776,0.9296730160713196,0.0187059640884399,-0.053475797176361,-0.56803297996521,0.9453383088111876,-0.0906326472759246,-0.0341533124446868,-0.5446210503578186,0.8087831735610962,0.1308708786964416,0.2542968094348907,0.9489790797233582,-0.1326623558998108,0.2521359622478485,0.9487273693084716,0.1259914051712946,0.0309408709299255,-0.042529811074094,0.0008142476364717,0.0,0.0,0.0,0,0,1,1.0
crossover_11_05_02_fps30.mp4,63,0.1721054911613464,-0.0970153542898469,-0.0344953840825615,0.0722481906414032,-0.0633881986141204,0.9768330454826356,-0.0859163701534271,-0.0953560173511505,0.9161256551742554,0.0183961689472198,-0.0550342500209808,-0.5750795602798462,0.9463467001914978,-0.094664454460144,-0.0523221790790557,-0.5518949627876282,0.7806394696235657,0.1310209929943084,0.2549393475055694,0.9494575262069702,-0.1325049400329589,0.2525301277637481,0.950272262096405,0.1172248468113154,0.01798113872524,-0.0305947521837746,0.0001067316128035,0.0,0.0,0.0,0,0,1,1.0
crossover_11_05_02_fps30.mp4,64,0.1717707067728042,-0.0966787344318325,-0.0587719327066003,0.0721119046211242,-0.0651466846466064,0.976548194885254,-0.0869783461093902,-0.1030371189117431,0.8989868760108948,0.0184026956558227,-0.0562790632247924,-0.5920360088348389,0.94732928276062,-0.0954582393169403,-0.062779814004898,-0.5991847515106201,0.7467551827430725,0.1312350630760193,0.25542151927948,0.9502263069152832,-0.1324074864387512,0.2526425123214721,0.9511774778366088,0.1151084269255436,0.0041895967379594,-0.0242765486240387,0.0003366198580144,0.0,0.0,0.0,0,0,1,1.0
crossover_11_05_02_fps30.mp4,65,0.1713823229074478,-0.0955917282629821,-0.0740600985724751,0.0728942453861236,-0.0658626556396484,0.9754303693771362,-0.0860738158226013,-0.0963477790355682,0.8796363472938538,0.0194035470485687,-0.0567269623279571,-0.600239098072052,0.9480064511299132,-0.0933001041412353,-0.0779921412467956,-0.6321893930435181,0.7185884118080139,0.1323968470096588,0.2556878626346588,0.951123833656311,-0.1312647759914398,0.2528428137302398,0.952086329460144,0.1162942430047609,0.0045510988462182,-0.0152881658658748,0.0010870061688503,0.0,0.0,0.0,0,0,1,1.0
crossover_11_05_02_fps30.mp4,66,0.1712014526128769,-0.0948669039596945,-0.0739206411489626,0.0733618140220642,-0.0661892294883728,0.9742974638938904,-0.0855718255043029,-0.0943813621997833,0.8618746399879456,0.0200192928314209,-0.0569739043712616,-0.5990568399429321,0.9484795331954956,-0.0919587910175323,-0.0795923769474029,-0.628060519695282,0.6923398375511169,0.1331169009208679,0.2558334171772003,0.9517914056777954,-0.1305606067180633,0.2529325783252716,0.9529417753219604,0.1161293679503147,0.0063738299202034,0.0001394574235125,0.0007248243032875,0.0,0.0,0.0,0,0,1,1.0
crossover_11_05_02_fps30.mp4,67,0.1709250956773758,-0.0929304024930727,-0.0818593834958425,0.0742307007312774,-0.0661601126194,0.9732217788696288,-0.082140177488327,-0.0919726192951202,0.8506366014480591,0.021357387304306,-0.056542158126831,-0.6022073030471802,0.9487191438674928,-0.0906816124916076,-0.0885780751705169,-0.6507912278175354,0.678360104560852,0.1343695223331451,0.2558967173099518,0.952347457408905,-0.1294623017311096,0.2530052959918976,0.953302562236786,0.1170583649174853,0.0070850458213076,-0.0079387423468799,0.0019365014666217,0.0,0.0,0.0,0,0,1,1.0
crossover_11_05_02_fps30.mp4,68,0.1709119379520416,-0.0912140785637548,-0.0830186545848846,0.0747448801994323,-0.0661381781101226,0.9725828170776368,-0.076543390750885,-0.0940770208835601,0.8341513276100159,0.0225769877433776,-0.0565754771232605,-0.5922830700874329,0.9497262835502625,-0.0914629697799682,-0.0916580557823181,-0.641967236995697,0.663129448890686,0.1356556415557861,0.2556914985179901,0.9507761001586914,-0.1283293664455413,0.2528330385684967,0.9520897269248962,0.1168231501269383,0.0086429855887721,-0.0011592710890421,0.0017163239293179,0.0,0.0,0.0,0,0,1,1.0
crossover_11_05_02_fps30.mp4,69,0.1693284958600998,-0.0899866406190193,-0.076040044063475,0.0741288363933563,-0.0659075379371643,0.973645806312561,-0.0784348547458648,-0.0923798978328704,0.823505699634552,0.0235088765621185,-0.0544381439685821,-0.5928701758384705,0.9525268077850342,-0.0891989767551422,-0.0771523118019104,-0.6328661441802979,0.6388795971870422,0.1365101039409637,0.2553480267524719,0.9519416689872742,-0.1275586783885955,0.2526626586914062,0.9532337188720704,0.1155330018130044,0.0013629210851776,0.0069786105214095,0.0012274379447355,0.0,0.0,0.0,0,0,1,1.0
crossover_11_05_02_fps30.mp4,70,0.168407455086708,-0.0889363124208935,-0.0596549672324482,0.0726769864559173,-0.0668060481548309,0.9741615653038024,-0.0784731805324554,-0.0874927043914794,0.8048771619796753,0.0241660773754119,-0.0515673756599426,-0.5625033378601074,0.954825222492218,-0.0869593918323516,-0.0731231868267059,-0.5937918424606323,0.6161757111549377,0.1370517909526825,0.2539224922657013,0.9518791437149048,-0.1269974112510681,0.2512703835964203,0.9540203213691713,0.1133911800585878,0.0136125366501819,0.0163850768310268,0.0010503281981258,0.0,0.0,0.0,0,0,1,1.0
crossover_11_05_02_fps30.mp4,71,0.1670264601707458,-0.0884250394368575,-0.0604919964220465,0.0724959373474121,-0.0669113993644714,0.9740488529205322,-0.0786350667476654,-0.0842212438583374,0.7878723740577698,0.0246340632438659,-0.0503694415092468,-0.5487582683563232,0.9557985663414,-0.0854590535163879,-0.0733232200145721,-0.5701806545257568,0.5938519239425659,0.1374151110649109,0.2529721558094024,0.9509053230285645,-0.1266298294067382,0.25064417719841,0.954071879386902,0.1135113510488402,0.0131695623071463,-0.0008370291895982,0.0005112729840359,0.0,0.0,0.0,0,0,1,1.0
crossover_11_05_02_fps30.mp4,72,0.1668767780065536,-0.0883238330735998,-0.0333821369380485,0.0718462169170379,-0.0678472518920898,0.9746129512786864,-0.0787195265293121,-0.0804469287395477,0.7902161478996277,0.0245196521282196,-0.0491524636745452,-0.5289595127105713,0.9582297205924988,-0.0839534699916839,-0.0517634749412536,-0.5385220050811768,0.6110926270484924,0.1372598707675933,0.2507390975952148,0.9510664939880372,-0.126776784658432,0.248776376247406,0.954589068889618,0.1139401393621629,0.0188937465912889,0.0271098594839979,0.0001012063632577,0.0,0.0,0.0,0,0,1,1.0
crossover_11_05_02_fps30.mp4,73,0.1656189262866974,-0.087548127416837,0.007899768323433,0.0714660286903381,-0.0672036111354827,0.9756659865379332,-0.0795603394508361,-0.0708115398883819,0.8055415153503418,0.0244585275650024,-0.0463216304779052,-0.5200218558311462,0.9610128998756408,-0.0828220546245575,-0.0308386981487274,-0.5111531019210815,0.6454389095306396,0.1369912028312683,0.2492299973964691,0.950596570968628,-0.1270641982555389,0.2474437057971954,0.9548925161361694,0.1244405514621122,0.0390256908798887,0.0412819052614816,0.0007757056567628,0.0,0.0,0.0,0,0,1,1.0
crossover_11_05_02_fps30.mp4,74,0.1634641587734222,-0.0872763566041396,0.0634668703486279,0.0712794959545135,-0.0666303038597107,0.9774227142333984,-0.0798446536064148,-0.0524562299251556,0.8217435479164124,0.0248465836048126,-0.0445212125778198,-0.541077196598053,0.9644502401351928,-0.0828532874584198,0.0293118059635162,-0.3894752264022827,0.6706981658935547,0.1368160545825958,0.2483080923557281,0.9521884918212892,-0.1270142793655395,0.2464402616024017,0.9552875757217408,0.1556694567833705,0.0344402666049342,0.0555671020251948,0.0002717708126973,0.0,0.0,0.0,0,0,0,1.0
crossover_11_05_02_fps30.mp4,75,0.1622141748666763,-0.08428528258356,0.1480145977764595,0.071616917848587,-0.0650250911712646,0.9792842268943788,-0.0793330073356628,-0.0432374775409698,0.8393185138702393,0.0255438983440399,-0.0443753004074096,-0.5807315111160278,0.9677501320838928,-0.0844510197639465,0.0526031851768493,-0.4154750406742096,0.7031874656677246,0.1370487511157989,0.2480941414833068,0.9549804329872132,-0.1269315183162689,0.2469774484634399,0.9574334025382996,0.2215317627484307,0.095411556548806,0.0845477274278315,0.0029910740205796,0.0,0.0,0.0,0,0,0,1.0
crossover_11_05_02_fps30.mp4,76,0.1617176085710525,-0.0841052317013175,0.1479718169061149,0.071817547082901,-0.0641241669654846,0.9810037016868592,-0.0790295898914337,-0.0420411527156829,0.8551468253135681,0.0259704887866973,-0.0441414415836334,-0.5828561782836914,0.970751702785492,-0.0852123498916626,0.0540779531002044,-0.4148527383804321,0.7324653267860413,0.1372047960758209,0.2479566037654876,0.9575092792510986,-0.1269551813602447,0.2477212250232696,0.9593889117240906,0.2214140201714978,0.0939003906865688,-4.278087034459421e-05,0.0001800508822424,0.0,0.0,0.0,0,0,0,1.0
crossover_11_05_02_fps30.mp4,77,0.1616884917020797,-0.0815062401658397,0.2499035588124903,0.0728345513343811,-0.0625920891761779,0.9823996424674988,-0.0779452621936798,-0.0384197235107421,0.8693786859512329,0.0260728597640991,-0.0437010824680328,-0.6102740168571472,0.973173975944519,-0.0837686657905578,0.0656038522720336,-0.4505863487720489,0.7586074471473694,0.1371523141860962,0.2482181191444397,0.9590933322906494,-0.1269950866699218,0.2479525804519653,0.9605301022529602,0.3126930573632879,0.1843135925552042,0.1019317419063754,0.0025989915354777,0.0,0.0,0.0,1,0,0,1.0
crossover_11_05_02_fps30.mp4,78,0.1618003845214843,-0.079853274862645,0.2703071066519109,0.074443519115448,-0.0616301000118255,0.9835165739059448,-0.0773082673549652,-0.0400867760181427,0.8821809887886047,0.0254203081130981,-0.0437528491020202,-0.6115672588348389,0.9750301837921144,-0.08281010389328,0.0654975473880767,-0.4518041610717773,0.781983494758606,0.1362445950508117,0.2485353648662567,0.9605305790901184,-0.1276449859142303,0.2480052411556244,0.9615127444267272,0.3312343325815002,0.2048309019746835,0.0204035478394205,0.0016529653031946,0.0,0.0,0.0,0,0,0,1.0
crossover_11_05_02_fps30.mp4,79,0.1623680591583252,-0.0768830149860705,0.1901401573564948,0.0759891271591186,-0.0612754523754119,0.9844821095466614,-0.0767506659030914,-0.0421729981899261,0.8936337828636169,0.0252272486686706,-0.0439901053905487,-0.6016241312026978,0.9768232107162476,-0.0825929045677185,0.0607463419437408,-0.4233766496181488,0.8030602931976318,0.1361238360404968,0.2486161291599273,0.9611256122589112,-0.1279404759407043,0.2482237517833709,0.9610390663146972,0.2554280444227697,0.1295197371295373,-0.0801669492954161,0.0029702598765745,0.0,0.0,0.0,0,0,0,1.0
crossover_11_05_02_fps30.mp4,80,0.1633241921663284,-0.0762785394312972,0.126519475768252,0.0771644711494445,-0.0604232847690582,0.9845954775810242,-0.076564222574234,-0.0420290231704711,0.9036015868186952,0.0252858996391296,-0.0433520078659057,-0.615633487701416,0.9776456356048584,-0.082719087600708,0.0451274216175079,-0.4084317088127136,0.822029173374176,0.1361434459686279,0.2495917975902557,0.9614251852035522,-0.1279786527156829,0.2491175830364227,0.9593071341514589,0.1979183069747727,0.0816464765902372,-0.0636206815882427,0.0006044755547733,0.0,0.0,0.0,0,0,0,1.0
crossover_11_05_02_fps30.mp4,81,0.1640997380018234,-0.0763447485737881,0.1266451943211439,0.077575534582138,-0.0603284835815429,0.9850420355796814,-0.0764327943325042,-0.0428409576416015,0.9125423431396484,0.0253140032291412,-0.043296068906784,-0.6057056188583374,0.9789933562278748,-0.0828512012958526,0.0393692255020141,-0.3794484138488769,0.8391416668891907,0.1361954510211944,0.2498900890350341,0.9625669717788696,-0.1280559003353119,0.2492077350616455,0.958524227142334,0.1980266011565959,0.0875181618885027,0.0001257185528918,-6.620914249094723e-05,0.0,0.0,0.0,0,0,0,1.0
crossover_11_05_02_fps30.mp4,82,0.1658535152673721,-0.0745785591966015,0.0714432466320875,0.076911985874176,-0.0596446990966796,0.9858145713806152,-0.077283501625061,-0.0566542744636535,0.9210664629936218,0.0247060060501098,-0.0449789464473724,-0.5800513029098511,0.9806402921676636,-0.0829929709434509,0.010454773902893,-0.4641513228416443,0.85512375831604,0.135769784450531,0.2507882714271545,0.9622751474380492,-0.1285938024520874,0.2493922114372253,0.958363115787506,0.1530083394382788,0.0615661930842342,-0.0552019476890563,0.0017661893771866,0.0,0.0,0.0,0,0,1,1.0
crossover_11_05_02_fps30.mp4,83,0.167774423956871,-0.0742990338196188,0.0276496612444157,0.0749623775482177,-0.0598274767398834,0.986480951309204,-0.0831561684608459,-0.0688691437244415,0.9283973574638368,0.021692156791687,-0.0464826226234436,-0.5651912093162537,0.9819597005844116,-0.0803196728229522,-0.0100702345371246,-0.4647691547870636,0.868757963180542,0.1342363357543945,0.251594215631485,0.963715434074402,-0.1303774416446685,0.249190479516983,0.9607338309288024,0.1212843938288885,0.0381973641993622,-0.0437935853876718,0.0002795253769826,0.0,0.0,0.0,0,0,1,1.0
crossover_11_05_02_fps30.mp4,84,0.171744018793106,-0.0734520256519317,-0.0112206632044257,0.0728977024555206,-0.0616949796676635,0.9866917729377748,-0.087050050497055,-0.0850929915904998,0.9310088753700256,0.0167203843593597,-0.0506393313407897,-0.5196300745010376,0.9826672673225404,-0.0826083719730377,-0.046247512102127,-0.5064101815223694,0.876615047454834,0.1325574219226837,0.2515874803066253,0.9634262323379515,-0.1321057677268982,0.2485845386981964,0.9617994427680968,0.0984118637405535,0.0362038509229948,-0.0388703244488414,0.0008470081676871,0.0,0.0,0.0,0,0,1,1.0
crossover_11_05_02_fps30.mp4,85,0.1735661774873733,-0.0721817757113505,-0.0391225196966311,0.0700107514858245,-0.0618135631084442,0.9853534698486328,-0.0910566449165344,-0.0954248011112213,0.9301598072052002,0.0100240409374237,-0.0509715974330902,-0.5190116167068481,0.9811856150627136,-0.0889084637165069,-0.0739347636699676,-0.5349400639533997,0.8818991780281067,0.1311891973018646,0.2523623406887054,0.9616366624832152,-0.1334935426712036,0.2494320571422577,0.9616968035697936,0.0830553847387184,0.0386222011553063,-0.0279018564922053,0.0012702499405812,0.0,0.0,0.0,0,0,1,1.0
crossover_11_05_02_fps30.mp4,86,0.174146294593811,-0.0728670643547834,-0.0389765879003012,0.0681381821632385,-0.0620706975460052,0.9839804768562316,-0.0934351980686187,-0.0960536897182464,0.9297308921813964,0.0078428983688354,-0.0514505803585052,-0.5196819305419922,0.9798128604888916,-0.0917132794857025,-0.0757586061954498,-0.5379247069358826,0.8875705599784851,0.1305087804794311,0.2525370121002197,0.9597210884094238,-0.1341132223606109,0.2491627931594848,0.9610983729362488,0.0816682225268511,0.0413291264682127,0.0001459317963298,-0.0006852886434328,0.0,0.0,0.0,0,0,1,1.0
crossover_11_05_02_fps30.mp4,87,0.1744957864284515,-0.0712068232439331,-0.0595627533226478,0.0639199614524841,-0.0627796649932861,0.9831202626228333,-0.0935165286064148,-0.1056496798992157,0.922825813293457,0.0025293231010437,-0.0523269176483154,-0.5514206886291504,0.9768304228782654,-0.0892945826053619,-0.0813416242599487,-0.6103313565254211,0.8635079264640808,0.1307212114334106,0.2530284225940704,0.957326114177704,-0.133859246969223,0.2496468722820282,0.9597849249839784,0.0740903272749809,0.0283105326339962,-0.0205861654223465,0.0016602411108502,0.0,0.0,0.0,0,0,1,1.0
crossover_11_05_02_fps30.mp4,88,0.1733583062887191,-0.0674256505602497,-0.069633280067909,0.0585709512233734,-0.0603906512260437,0.981883704662323,-0.0973356068134307,-0.105006605386734,0.9157063364982604,-0.0066165030002593,-0.0583347082138061,-0.5963508486747742,0.9696988463401794,-0.0872342586517334,-0.0817855894565582,-0.6401380896568298,0.8221476078033447,0.1314962804317474,0.255151093006134,0.9557738900184632,-0.1329796910285949,0.2518826723098755,0.9576076865196228,0.061849900185166,0.0232391819563306,-0.0100705267452612,0.0037811726836834,0.0,0.0,0.0,0,0,1,1.0
crossover_11_05_02_fps30.mp4,89,0.1732653677463531,-0.066997333704415,-0.0759479761123657,0.0552508831024169,-0.0590122938156127,0.97858864068985,-0.0991154909133911,-0.1035195589065551,0.9096354246139526,-0.00974041223526,-0.0655003190040588,-0.5832046270370483,0.9619216918945312,-0.0850313603878021,-0.0892461836338043,-0.6126894950866699,0.8083469867706299,0.1325066685676574,0.2565035820007324,0.952288031578064,-0.13190758228302,0.2532443404197693,0.95387464761734,0.0582023074729665,0.0224068838016437,-0.0063146960444566,0.0004283168558347,0.0,0.0,0.0,0,0,1,1.0
crossover_11_05_02_fps30.mp4,90,0.1735644489526748,-0.0673179110228004,-0.0802535046891468,0.0550952851772308,-0.058360069990158,0.9768608212471008,-0.0976280868053436,-0.1052848696708679,0.9032996892929076,-0.0096757113933563,-0.0697119235992431,-0.5787554979324341,0.9564992785453796,-0.0826106369495391,-0.0906156301498413,-0.6160228848457336,0.789462685585022,0.1340764462947845,0.2571530044078827,0.949394464492798,-0.1303215026855468,0.2539476454257965,0.9507521986961364,0.0585981920369196,0.0184727125873142,-0.0043055285767811,-0.0003205773183854,0.0,0.0,0.0,0,0,1,1.0
crossover_11_05_02_fps30.mp4,91,0.1732995212078094,-0.0665163241200528,-0.0796670822108664,0.0552241504192352,-0.0577495098114013,0.9737489223480223,-0.0959588587284088,-0.1037432253360748,0.8949305415153503,-0.0093242824077606,-0.0702441334724426,-0.5766391754150391,0.9503121972084044,-0.0818244516849517,-0.0915619134902954,-0.6020628213882446,0.779461145401001,0.1348303258419037,0.2577092349529266,0.9445201754570008,-0.1295910477638244,0.2544073164463043,0.9460245966911316,0.0579631054908856,0.0193862265722162,0.0005864224782803,0.0008015869027476,0.0,0.0,0.0,0,0,1,1.0
crossover_11_05_02_fps30.mp4,92,0.1727973371744156,-0.0664761844327894,-0.0790574255512981,0.0556318759918212,-0.0577061772346496,0.9724924564361572,-0.0947133898735046,-0.1020099222660064,0.8851025700569153,-0.0081107020378112,-0.070424199104309,-0.5780767202377319,0.9443420171737672,-0.0744028389453888,-0.0847575366497039,-0.6175268292427063,0.7509899139404297,0.1353189945220947,0.2577967941761017,0.9411859512329102,-0.1290594339370727,0.2546023428440094,0.9434612393379213,0.0590005265576799,0.0097633558931486,0.0006096566595682,4.013968726340744e-05,0.0,0.0,0.0,0,0,1,1.0
crossover_11_05_02_fps30.mp4,93,0.171455979347229,-0.0664193025079823,-0.0708915223435657,0.057006686925888,-0.0570328533649444,0.9720526933670044,-0.0934235751628875,-0.100538432598114,0.87725830078125,-0.0084019601345062,-0.0685650706291198,-0.615216076374054,0.9359031915664672,-0.0680835843086242,-0.0841888785362243,-0.6431225538253784,0.7125611901283264,0.1358576118946075,0.25783172249794,0.9410011172294616,-0.1285256147384643,0.2546145021915436,0.9424844980239868,0.0580639681184536,0.0134011012840879,0.0081659032077324,5.688192480701737e-05,0.0,0.0,0.0,0,0,1,1.0
crossover_11_05_02_fps30.mp4,94,0.1695162057876587,-0.0667987401202573,-0.0542769327396299,0.0571597218513488,-0.0564096570014953,0.969446301460266,-0.0849154889583587,-0.0887253582477569,0.866848349571228,-0.0071073174476623,-0.0575173795223236,-0.6100263595581055,0.930464208126068,-0.0696629881858825,-0.0664587616920471,-0.6201573014259338,0.7036714553833008,0.1354793906211853,0.2571107149124145,0.940085470676422,-0.1287725567817688,0.2537692785263061,0.9413279294967652,0.0597793144493131,0.0125140270739433,0.0166145896039358,-0.0003794376122749,0.0,0.0,0.0,0,0,1,1.0
crossover_11_05_02_fps30.mp4,95,0.1679246425628662,-0.0667285922220197,-0.0250288940057521,0.0574516355991363,-0.0556971728801727,0.9688405990600586,-0.0844805538654327,-0.0837163627147674,0.8685497641563416,-0.0062654912471771,-0.0466867387294769,-0.5274225473403931,0.9310303330421448,-0.0703323483467102,-0.0518476068973541,-0.5762485861778259,0.7179326415061951,0.1351507604122162,0.2558180689811706,0.9405844807624816,-0.1290181279182434,0.252419650554657,0.9425197243690492,0.0642249859289279,0.0270597564543441,0.0292480387338778,7.01478982376158e-05,0.0,0.0,0.0,0,0,1,1.0
crossover_11_05_02_fps30.mp4,96,0.1671940684318542,-0.0669156227071406,-0.0258934779864985,0.0576013028621673,-0.0554254353046417,0.968801200389862,-0.0849173665046691,-0.0822717547416687,0.8707278966903687,-0.0057520568370819,-0.0444348454475402,-0.5091857314109802,0.9327187538146972,-0.0710656940937042,-0.0475622713565826,-0.5581681132316589,0.7318499684333801,0.1349067389965057,0.2549528479576111,0.9408857226371764,-0.1292189657688141,0.2515714764595032,0.9436362385749816,0.0639121592286349,0.0220626312716542,-0.0008645839807464,-0.0001870304851208,0.0,0.0,0.0,0,0,1,1.0
crossover_11_05_02_fps30.mp4,97,0.1658734083175659,-0.0675801677218938,0.0178730859989073,0.0585363507270813,-0.0551337003707885,0.970699667930603,-0.0819537341594696,-0.068180114030838,0.8813685178756714,-0.0012711882591247,-0.0389959514141082,-0.5244317054748535,0.9382408261299132,-0.0720202028751373,-0.0267829298973083,-0.5211386680603027,0.757201611995697,0.135009765625,0.2545251250267029,0.9419765472412108,-0.1291127204895019,0.2510553002357483,0.9456726908683776,0.0873554129615154,0.0448762038043004,0.0437665639854059,-0.0006645450147532,0.0,0.0,0.0,0,0,1,1.0
crossover_11_05_02_fps30.mp4,98,0.1668641865253448,-0.0702074646949768,0.078948064402836,0.0606443881988525,-0.057054579257965,0.9726482033729552,-0.0804213285446167,-0.055198848247528,0.8920353651046753,0.002558410167694,-0.0372065603733062,-0.5238028168678284,0.9426175355911256,-0.0718524158000946,0.0242010056972503,-0.3948677182197571,0.7798751592636108,0.1353034377098083,0.2517689764499664,0.944717288017273,-0.1287592053413391,0.2482543289661407,0.9468492269515992,0.1370648364877597,0.0547717655462289,0.0610749784039287,-0.0026272969730829,0.0,0.0,0.0,0,0,0,1.0
crossover_11_05_02_fps30.mp4,99,0.1674690097570419,-0.0664378924895141,0.170997192946876,0.0636716783046722,-0.0575519502162933,0.9741660356521606,-0.0765444934368133,-0.0487913489341735,0.9022192358970642,0.0055395066738128,-0.0371916890144348,-0.5281933546066284,0.9460697770118712,-0.0714715421199798,0.0491969883441925,-0.4016842246055603,0.8005582094192505,0.1360696852207183,0.2510376274585724,0.9477877020835876,-0.1282524466514587,0.2479539811611175,0.9483697414398192,0.2202801774164382,0.1219041733077988,0.0920491285440399,0.0037695722054627,0.0,0.0,0.0,0,0,0,1.0
crossover_11_05_02_fps30.mp4,100,0.1677511185407638,-0.0691298566632351,0.2782883584499359,0.0661458671092987,-0.0575539767742157,0.9762543439865112,-0.0728465914726257,-0.0474792718887329,0.911742389202118,0.007613867521286,-0.0358966290950775,-0.5360499024391174,0.949937343597412,-0.0706906616687774,0.0639877617359161,-0.4117204248905182,0.8199653029441833,0.1360300481319427,0.2508508861064911,0.9515892267227172,-0.1276665925979614,0.247975617647171,0.9520484209060668,0.3234220239878078,0.2143062805058458,0.1072911655030599,-0.002691964173721,0.0,0.0,0.0,1,0,0,1.0
crossover_11_05_02_fps30.mp4,101,0.1678675711154937,-0.0693928378113245,0.2783722195683455,0.0670168697834014,-0.0575074851512908,0.9781020283699036,-0.0718848705291748,-0.0475458800792694,0.920371413230896,0.0083836019039154,-0.0353492796421051,-0.5393550992012024,0.9532385468482972,-0.0705469250679016,0.0646988451480865,-0.4229632616043091,0.8375117778778076,0.1358080208301544,0.2509113252162933,0.9550250172615052,-0.1277779340744018,0.2480027377605438,0.9555020332336426,0.3232187396201389,0.2136764911110625,8.386111840963384e-05,-0.0002629811480893,0.0,0.0,0.0,0,0,0,1.0
crossover_11_05_02_fps30.mp4,102,0.1678091138601303,-0.070091573666718,0.246533023729557,0.0685626864433288,-0.0575068295001983,0.9796872138977052,-0.0713882744312286,-0.0480695664882659,0.9280263781547546,0.0109274983406066,-0.0367660224437713,-0.5650017261505127,0.9563700556755066,-0.070645660161972,0.0620537996292114,-0.4243406355381012,0.8531717658042908,0.1353952884674072,0.2510331273078918,0.9579731822013856,-0.1277554035186767,0.2476882338523864,0.958122193813324,0.2946564772606326,0.1844800562025872,-0.0318391958387885,-0.0006987358553934,0.0,0.0,0.0,0,0,0,1.0
crossover_11_05_02_fps30.mp4,103,0.1686198860406875,-0.0706500881809299,0.1681455247285889,0.0703981518745422,-0.0594795942306518,0.979981243610382,-0.0722698867321014,-0.0505499243736267,0.9348702430725098,0.014728844165802,-0.0367977619171142,-0.5862962603569031,0.95760840177536,-0.0709210336208343,0.0465072095394134,-0.3969643414020538,0.8672914505004883,0.1354033350944519,0.2511217892169952,0.9581262469291688,-0.1282829642295837,0.2486256062984466,0.958091676235199,0.2220164697264837,0.1216386169499332,-0.078387499000968,-0.0005585145142119,0.0,0.0,0.0,0,0,0,1.0
crossover_11_05_02_fps30.mp4,104,0.1695196777582168,-0.0714419654870437,0.106699199502061,0.0714285671710968,-0.060926079750061,0.9811245203018188,-0.073257029056549,-0.0521610081195831,0.9411301016807556,0.0192293226718902,-0.038455456495285,-0.5783202648162842,0.9611750841140748,-0.0715382397174835,0.0325740575790405,-0.4308182597160339,0.8804245591163635,0.1348702609539032,0.2518137097358703,0.9593298435211182,-0.1288408041000366,0.2492610216140747,0.959095537662506,0.1711465940476418,0.0741252044438016,-0.0614463252265278,-0.0007918773061137,0.0,0.0,0.0,0,0,0,1.0
crossover_11_05_02_fps30.mp4,105,0.1710586994886398,-0.07159322712381,0.0534339659097717,0.0716916024684906,-0.0626606941223144,0.9823338985443116,-0.0767259299755096,-0.0660283863544464,0.946719527244568,0.0211664736270904,-0.0418596565723419,-0.5778718590736389,0.9645062685012816,-0.0733591616153717,-0.007226675748825,-0.5092043876647949,0.8922553658485413,0.1332396566867828,0.2523763477802276,0.9598059058189392,-0.1306188404560089,0.2495916783809662,0.9599225521087646,0.1329858510111516,0.0606863408936573,-0.0532652335922892,-0.0001512616367663,0.0,0.0,0.0,0,0,1,1.0
crossover_11_05_02_fps30.mp4,106,0.1719678789377212,-0.0721987771785865,0.0538888242186569,0.0719106495380401,-0.0631511211395263,0.9835252165794371,-0.0783202946186065,-0.0703692734241485,0.951796054840088,0.0210032761096954,-0.0439987778663635,-0.5751523375511169,0.9675933122634888,-0.0740297138690948,-0.0106617808341979,-0.5026540756225586,0.9029101729393004,0.1326729953289032,0.2529182434082031,0.9603575468063354,-0.1312167048454284,0.2499809861183166,0.96100914478302,0.1351614049168883,0.064576566507165,0.0004548583088851,-0.0006055500547764,0.0,0.0,0.0,0,0,1,1.0
crossover_11_05_02_fps30.mp4,107,0.1746421456336975,-0.0731483416031982,0.0064023573224137,0.0713756382465362,-0.0667146444320678,0.9843682050704956,-0.0852386951446533,-0.0837024748325347,0.9555914998054504,0.0219554603099823,-0.0491272509098053,-0.5417486429214478,0.9701692461967468,-0.0774826109409332,-0.0413499772548675,-0.5153990387916565,0.9119747877120972,0.1306144297122955,0.2524846196174621,0.95918607711792,-0.1335529088973999,0.2493569254875183,0.9614607691764832,0.1101284274325445,0.047948632392099,-0.0474864668962431,-0.0009495644246117,0.0,0.0,0.0,0,0,1,1.0
crossover_11_05_02_fps30.mp4,108,0.1764428317546844,-0.0736948687141224,-0.0325649901134211,0.073129802942276,-0.0716203153133392,0.9845057725906372,-0.090568721294403,-0.0938834249973297,0.9545974731445312,0.0246391594409942,-0.054133653640747,-0.5445351600646973,0.9712197780609132,-0.0811651051044464,-0.0617204308509826,-0.5583615303039551,0.912495255470276,0.1300781667232513,0.2526888251304626,0.9581615328788756,-0.1343270540237426,0.2494831085205078,0.9612656235694884,0.1006716858881695,0.0300972449956599,-0.0389673474358349,-0.0005465271109241,0.0,0.0,0.0,0,0,1,1.0
crossover_11_05_02_fps30.mp4,109,0.1758313775062561,-0.0737135503251673,-0.0576848253971192,0.0744978785514831,-0.0726143717765808,0.984348475933075,-0.0916785895824432,-0.1071637570858001,0.9449611306190492,0.0269011259078979,-0.0543844103813171,-0.5886183381080627,0.9707777500152588,-0.087246298789978,-0.074001669883728,-0.6342720985412598,0.877740740776062,0.1302738785743713,0.256418764591217,0.9571636915206908,-0.1341843008995056,0.2531713843345642,0.9598770141601562,0.1006687926457901,0.0211984597320656,-0.0251198352836981,-1.8681611044901736e-05,0.0,0.0,0.0,0,0,1,1.0
crossover_11_05_02_fps30.mp4,110,0.1758481711149215,-0.0730969512866715,-0.0800637618797581,0.0758996903896331,-0.0757866501808166,0.9838248491287231,-0.0909714996814727,-0.1051320135593414,0.927322804927826,0.0307962000370025,-0.0576342046260833,-0.594516932964325,0.9694941639900208,-0.0857965648174285,-0.0763580203056335,-0.6416782736778259,0.8299893140792847,0.130660206079483,0.2575885355472564,0.9536370635032654,-0.1339015066623687,0.2543560564517975,0.9569409489631652,0.1062867439079762,0.013229236729486,-0.0223789364826388,0.0006165990384958,0.0,0.0,0.0,0,0,1,1.0
crossover_11_05_02_fps30.mp4,111,0.1755106449127197,-0.0727217229746156,-0.0792369063307599,0.0768735408782959,-0.0764457285404205,0.9827869534492492,-0.0914801955223083,-0.1053968071937561,0.912639617919922,0.0324302911758422,-0.058259904384613,-0.5991823077201843,0.9664167761802672,-0.0850726962089538,-0.0772932767868042,-0.6484549641609192,0.7884084582328796,0.13101327419281,0.2584275007247925,0.9501054286956788,-0.1336172819137573,0.2551695704460144,0.9538689851760864,0.1072239744205872,0.0125029690729633,0.0008268555489981,0.0003752283120559,0.0,0.0,0.0,0,0,1,1.0
crossover_11_05_02_fps30.mp4,112,0.1756457537412643,-0.0722292381828114,-0.0918627541239668,0.078150600194931,-0.0790998637676239,0.9822222590446472,-0.0904717147350311,-0.1068552732467651,0.8962924480438232,0.0354250371456146,-0.0603560209274292,-0.5949634909629822,0.9641150832176208,-0.0806499123573303,-0.0846715569496154,-0.6625587940216064,0.7462083101272583,0.1315998136997223,0.2587847709655761,0.9464386105537416,-0.133201390504837,0.2555200457572937,0.9510095715522766,0.1121700371454265,0.0110734398609379,-0.0126258477932069,0.0004924847918041,0.0,0.0,0.0,0,0,1,1.0
crossover_11_05_02_fps30.mp4,113,0.1757237315177917,-0.0721038689047603,-0.0943490910820844,0.0794985890388488,-0.0805885195732116,0.9816907048225404,-0.088978111743927,-0.1072566211223602,0.8782482147216797,0.0388402938842773,-0.0618846714496612,-0.5776334404945374,0.962706446647644,-0.0770610570907592,-0.0876289010047912,-0.6314695477485657,0.7076275944709778,0.1327275037765503,0.2587304413318634,0.9427836537361144,-0.1322056949138641,0.2555350363254547,0.9488188028335572,0.1155964783158663,0.0083507286739755,-0.0024863369581175,0.000125369278051,0.0,0.0,0.0,0,0,1,1.0
crossover_11_05_02_fps30.mp4,114,0.1756727397441864,-0.0713598871635178,-0.0886439777002102,0.0806655287742614,-0.0810197591781616,0.9821138381958008,-0.0865967571735382,-0.1065125167369842,0.8686686754226685,0.0408234596252441,-0.0612605512142181,-0.6103861927986145,0.9630265831947328,-0.0734248459339141,-0.080396682024002,-0.6688567399978638,0.6751266717910767,0.1340947151184082,0.2584738135337829,0.942430019378662,-0.131024569272995,0.255391001701355,0.9483404159545898,0.1154770771315301,0.008501878656758,0.0057051133818742,0.0007439817412425,0.0,0.0,0.0,0,0,1,1.0
crossover_11_05_02_fps30.mp4,115,0.1755480766296386,-0.0705618880562863,-0.0887944901861795,0.0813776850700378,-0.0813011825084686,0.9823121428489684,-0.0855973958969116,-0.1062541604042053,0.8604628443717957,0.0420324802398681,-0.0610226094722747,-0.6120573878288269,0.962867558002472,-0.0711532533168792,-0.0792880654335022,-0.6678975224494934,0.6478338837623596,0.1349179148674011,0.2584466934204101,0.9420729875564576,-0.1304589211940765,0.2553892135620117,0.9476397037506104,0.1159688282703478,0.0095248004939606,-0.0001505124859693,0.0007979991072314,0.0,0.0,0.0,0,0,1,1.0
crossover_11_05_02_fps30.mp4,116,0.1735511422157287,-0.0704152046623876,-0.0727960576371448,0.0818919539451599,-0.0804616510868072,0.9824166297912598,-0.0848738551139831,-0.1021899282932281,0.851901113986969,0.0416262149810791,-0.0607136189937591,-0.6073666214942932,0.9636929035186768,-0.0710886120796203,-0.0743892192840576,-0.6381790637969971,0.6272435784339905,0.1356391310691833,0.2583233416080475,0.9420541524887084,-0.1298928558826446,0.2553187906742096,0.9470095038414,0.1126910157878373,0.001729636257361,0.0159984325490347,0.0001466833938986,0.0,0.0,0.0,0,0,1,1.0
crossover_11_05_02_fps30.mp4,117,0.1702181100845337,-0.0706098485801179,-0.0478189392787654,0.0806528329849243,-0.0809558928012847,0.9825767874717712,-0.085627406835556,-0.08932426571846,0.860807478427887,0.0406756401062011,-0.0593005418777465,-0.5579243302345276,0.9655195474624634,-0.0715497434139251,-0.0687711536884307,-0.5846195816993713,0.6550599336624146,0.1357585191726684,0.2575699090957641,0.9428340792655944,-0.1298922002315521,0.2544710040092468,0.9482389092445374,0.1118762136935005,0.0209732851734583,0.0249771183583794,-0.0001946439177302,0.0,0.0,0.0,0,0,1,1.0
crossover_11_05_02_fps30.mp4,118,0.1710967868566513,-0.0711454213675806,-0.0121686790047622,0.0783841609954834,-0.0791588127613067,0.9836611151695251,-0.0850106477737426,-0.082548975944519,0.8678823709487915,0.0398956537246704,-0.0531958639621734,-0.54076087474823,0.9683724641799928,-0.0729939639568328,-0.0428608655929565,-0.5393115878105164,0.6740943789482117,0.1355004906654358,0.254604160785675,0.945502996444702,-0.1301570832729339,0.2515025734901428,0.9508399367332458,0.1183779973777752,0.0307478036169872,0.0356502602740031,-0.0005355727874626,0.0,0.0,0.0,0,0,1,1.0
crossover_11_05_02_fps30.mp4,119,0.1707547605037689,-0.0720094277697094,0.039454252981558,0.0761596262454986,-0.0736563205718994,0.984939694404602,-0.0822299122810363,-0.0668530464172363,0.8800569772720337,0.0378167927265167,-0.0469241440296173,-0.5542662143707275,0.9713157415390016,-0.0723618268966674,-0.0021469891071319,-0.4639370739459991,0.7045745253562927,0.1361438333988189,0.2524913847446441,0.948737859725952,-0.1294532716274261,0.2494930922985077,0.953771471977234,0.1397248230584168,0.041602734627263,0.0516229319863202,-0.0008640064021288,0.0,0.0,0.0,0,0,1,1.0
crossover_11_05_02_fps30.mp4,120,0.1702937334775924,-0.0714893055164208,0.0388417588501441,0.0751545131206512,-0.0717423558235168,0.9861005544662476,-0.0803673863410949,-0.0643469989299774,0.8910717368125916,0.0368105471134185,-0.0445680320262908,-0.5602653622627258,0.9739489555358888,-0.0718671977519989,0.0013290345668792,-0.4697457551956177,0.7319892048835754,0.136654645204544,0.2517414391040802,0.9517847895622252,-0.128935694694519,0.2488591969013214,0.9565484523773192,0.1366969322760959,0.0375146276230214,-0.0006124941314138,0.0005201222532886,0.0,0.0,0.0,0,0,1,1.0
crossover_11_05_02_fps30.mp4,121,0.1708379983901977,-0.0712520224563146,0.1148080407119378,0.0742704570293426,-0.0693572759628295,0.9866297841072084,-0.0779580175876617,-0.058083564043045,0.901418149471283,0.0327625572681427,-0.0408341884613037,-0.5636297464370728,0.975852072238922,-0.0725497305393219,0.0302045345306396,-0.4051086008548736,0.7581506967544556,0.1372364461421966,0.2502452135086059,0.9526580572128296,-0.1283538937568664,0.2473604083061218,0.955742597579956,0.1871991888264245,0.0846134581756215,0.0759662818617936,0.0002372830601061,0.0,0.0,0.0,0,0,0,1.0
crossover_11_05_02_fps30.mp4,122,0.1704814881086349,-0.0697041945942377,0.2212506154688392,0.0735904574394226,-0.0670130550861358,0.9876514077186584,-0.0739735662937164,-0.0523826479911804,0.911105751991272,0.0269336700439453,-0.0368416309356689,-0.5593447685241699,0.9779164791107178,-0.0723788738250732,0.0520744323730468,-0.4012712240219116,0.7820432186126709,0.1370282769203186,0.2504363656044006,0.9564796686172484,-0.1286406517028808,0.2475170493125915,0.9590872526168824,0.2755911546765483,0.169197325143895,0.1064425747569014,0.0015478278620768,0.0,0.0,0.0,0,0,0,1.0
crossover_11_05_02_fps30.mp4,123,0.1706240475177765,-0.0719507240642935,0.2846131250625703,0.0727887451648712,-0.0659556686878204,0.9883974194526672,-0.070770114660263,-0.053350418806076,0.919848382472992,0.0222314298152923,-0.0352415740489959,-0.5616019368171692,0.9795661568641664,-0.0721024870872497,0.0588352382183074,-0.4034724533557892,0.8035970330238342,0.1362974941730499,0.2505953013896942,0.9589179754257202,-0.1293547749519348,0.2472220957279205,0.9612982273101808,0.3334326118620501,0.2257779378501714,0.063362509593731,-0.0022465294700557,0.0,0.0,0.0,1,0,0,1.0
crossover_11_05_02_fps30.mp4,124,0.1709050238132476,-0.0722257488864963,0.2045472070938203,0.0724589824676513,-0.0656611323356628,0.989193081855774,-0.0698323845863342,-0.0546258091926574,0.9276972413063048,0.020085871219635,-0.0365862548351287,-0.5543822646141052,0.9811283349990844,-0.0711201429367065,0.0541920363903045,-0.3858984708786011,0.8229484558105469,0.1361894607543945,0.2508552372455597,0.9614078998565674,-0.1295157372951507,0.2476109564304351,0.9634934663772584,0.2581991124470777,0.1503592355720112,-0.0800659179687499,-0.0002750248222028,0.0,0.0,0.0,0,0,0,1.0
crossover_11_05_02_fps30.mp4,125,0.1710222959518432,-0.0723337665452795,0.2047249171792007,0.0722899734973907,-0.0655030906200409,0.9899013042449952,-0.0695973634719848,-0.0549204349517822,0.9347649812698364,0.0194376409053802,-0.0372525751590728,-0.5517661571502686,0.9825375080108644,-0.0705848932266235,0.0538554191589355,-0.3826721608638763,0.8403675556182861,0.1361807882785797,0.2510579228401184,0.9638280272483826,-0.1296126246452331,0.2478545904159546,0.9655796885490416,0.2587954752768955,0.1508796341153156,0.0001777100853803,-0.0001080176587832,0.0,0.0,0.0,0,0,0,1.0
crossover_11_05_02_fps30.mp4,126,0.1719476878643036,-0.0729787891193972,0.1338882270382672,0.0721687674522399,-0.0652410984039306,0.989787459373474,-0.070632517337799,-0.0576031506061553,0.9409353733062744,0.0184998512268066,-0.0377285182476043,-0.5566753149032593,0.9828547835350036,-0.0707111358642578,0.0377531349658966,-0.3875222504138946,0.8559321761131287,0.1362954974174499,0.2512363493442535,0.9648752808570862,-0.1296658813953399,0.2479680478572845,0.9656242728233336,0.1944753169482077,0.0961618332762469,-0.0708366901409335,-0.0006450225741176,0.0,0.0,0.0,0,0,0,1.0
crossover_11_05_02_fps30.mp4,127,0.1719693541526794,-0.0754518716012017,0.0798661391909529,0.0715344846248626,-0.0638653934001922,0.9900864362716676,-0.072269856929779,-0.0586237907409668,0.9465596079826356,0.0170120298862457,-0.0395341217517852,-0.5669906735420227,0.9839705228805542,-0.0712468028068542,0.0175296068191528,-0.4169555008411407,0.8701801300048828,0.1356733739376068,0.2524132132530212,0.9650336503982544,-0.130367636680603,0.2490855455398559,0.9656937718391418,0.1510165401254921,0.062478203172832,-0.0540220878473142,-0.0024730824818045,0.0,0.0,0.0,0,0,0,1.0
crossover_11_05_02_fps30.mp4,128,0.1740181595087051,-0.0751255870875665,0.0313602781877284,0.0700527727603912,-0.063912034034729,0.990433394908905,-0.0767338573932647,-0.0742806494235992,0.9513682723045348,0.0150511562824249,-0.0429779291152954,-0.5404467582702637,0.9850636720657348,-0.0721075534820556,-0.0306957364082336,-0.505053699016571,0.8829935789108276,0.1343301236629486,0.2526440620422363,0.9641484618186952,-0.1318429708480835,0.249301791191101,0.9659973382949828,0.1168675066468205,0.0621293608077393,-0.0485058610032245,0.0003262845136351,0.0,0.0,0.0,0,0,1,1.0
crossover_11_05_02_fps30.mp4,129,0.1768045872449875,-0.076175540483604,-0.0080823417116956,0.0675018727779388,-0.0641507506370544,0.9901089072227478,-0.0810453295707702,-0.0838411152362823,0.9492622017860411,0.0108565986156463,-0.0486214160919189,-0.5276228785514832,0.9848312139511108,-0.0748348832130432,-0.0427959263324737,-0.5144150853157043,0.8818367123603821,0.1322406828403473,0.2526294291019439,0.9623489379882812,-0.1340543031692505,0.2491357624530792,0.965134859085083,0.0960104670741505,0.0347394634262107,-0.0394426198994241,-0.0010499533960374,0.0,0.0,0.0,0,0,1,1.0
crossover_11_05_02_fps30.mp4,130,0.1783329248428344,-0.077390478829206,-0.0082636472655506,0.0662258267402648,-0.0644945502281189,0.9899047017097472,-0.0833002924919128,-0.0874044001102447,0.9496557712554932,0.0094083547592163,-0.0510818660259246,-0.5272362232208252,0.9849897623062134,-0.0769949853420257,-0.0448140799999237,-0.5113939046859741,0.8877274990081787,0.131051480770111,0.2524858713150024,0.9602664709091188,-0.1352630257606506,0.2489770054817199,0.963904082775116,0.0967855225233706,0.0365525723878406,-0.0001813055538549,-0.0012149383456019,0.0,0.0,0.0,0,0,1,1.0
crossover_11_05_02_fps30.mp4,131,0.1783694922924041,-0.0769986289032435,-0.0420340455159908,0.0650336444377899,-0.0640513896942138,0.9891613125801086,-0.087654024362564,-0.0954736769199371,0.9420585036277772,0.0050156414508819,-0.0522841215133667,-0.5358685255050659,0.9836423397064208,-0.0838408768177032,-0.0517034232616424,-0.5559493899345398,0.8675786852836609,0.1305364072322845,0.2530933916568756,0.9582204222679138,-0.1357156932353973,0.2496117651462555,0.9623180031776428,0.0826523115204382,0.0118453882380879,-0.0337703982504402,0.0003918499259625,0.0,0.0,0.0,0,0,1,1.0
crossover_11_05_02_fps30.mp4,132,0.1764655858278274,-0.0761993022288306,-0.0647255377071659,0.0623494982719421,-0.0620779991149902,0.987115740776062,-0.087065577507019,-0.0983864367008209,0.9249497056007384,0.0002803802490234,-0.0535172820091247,-0.5940714478492737,0.9767647385597228,-0.0802954733371734,-0.0627606213092804,-0.6289799213409424,0.8189635276794434,0.1306893825531005,0.2548347115516662,0.9541496634483336,-0.1355417966842651,0.2513323426246643,0.958059310913086,0.0772966158877997,0.0045430732108895,-0.0226914921911751,0.0007993266744128,0.0,0.0,0.0,0,0,1,1.0
crossover_11_05_02_fps30.mp4,133,0.1749017089605331,-0.0764235588453584,-0.0802472700433033,0.0577377378940582,-0.0596383810043334,0.9809221625328064,-0.086388885974884,-0.0955530405044555,0.8979620337486267,-0.0084107220172882,-0.0577150881290435,-0.590270459651947,0.9594992399215698,-0.079212874174118,-0.0775845646858215,-0.649753212928772,0.7703179121017456,0.1307691633701324,0.2562220394611358,0.9404956102371216,-0.1353928446769714,0.25269815325737,0.9454981684684752,0.0716480648393171,0.0038562001794533,-0.0155217323361373,-0.0002242566165277,0.0,0.0,0.0,0,0,1,1.0
crossover_11_05_02_fps30.mp4,134,0.1736789345741272,-0.0774479459908049,-0.0859501353124292,0.0542739629745483,-0.0576679408550262,0.9760758876800536,-0.0858851671218872,-0.1009432673454284,0.8782132863998413,-0.0123065710067749,-0.0629536807537078,-0.5998923778533936,0.9381901621818542,-0.0765615999698638,-0.080848604440689,-0.6641330122947693,0.7201464772224426,0.1312758326530456,0.2573270201683044,0.9338483214378356,-0.1348200738430023,0.2538390755653381,0.9384752511978148,0.069081369826324,0.0051779558229243,-0.0057028652691259,-0.0010243871454465,0.0,0.0,0.0,0,0,1,1.0
crossover_11_05_02_fps30.mp4,135,0.1731625944375991,-0.0770016235820317,-0.0855049822388625,0.0535585284233093,-0.0567062497138977,0.9709413647651672,-0.0854348838329315,-0.1023336350917816,0.8633841276168823,-0.0129978060722351,-0.0643492937088012,-0.6103132963180542,0.9159209728240968,-0.0755373537540435,-0.0819248259067535,-0.6733154058456421,0.6802960634231567,0.1316036581993103,0.2576891779899597,0.9265127778053284,-0.1343863606452942,0.2543560266494751,0.9306347966194152,0.0674095825013649,0.003868023460567,0.0004451530735667,0.0004463224087731,0.0,0.0,0.0,0,0,1,1.0
crossover_11_05_02_fps30.mp4,136,0.1725493967533111,-0.0783928984302585,-0.0841307211212995,0.0532761812210083,-0.0548644065856933,0.9671791195869446,-0.0851859450340271,-0.0983480811119079,0.8454762101173401,-0.0168825387954711,-0.0642869770526886,-0.6179423928260803,0.8990093469619751,-0.0749112665653228,-0.0793824195861816,-0.6723873615264893,0.6359472274780273,0.1320883631706237,0.257671982049942,0.919464349746704,-0.1338071525096893,0.254454642534256,0.9215908050537108,0.0646320239591907,0.005887964666278,0.001374261117563,-0.0013912748482267,0.0,0.0,0.0,0,0,1,1.0
crossover_11_05_02_fps30.mp4,137,0.1699045747518539,-0.0797244064888711,-0.0706360757350921,0.0534458458423614,-0.0519180595874786,0.9655782580375672,-0.0848017930984497,-0.0817983746528625,0.834256112575531,-0.0172933042049407,-0.062442809343338,-0.6272287368774414,0.8912845849990845,-0.0745264291763305,-0.072119802236557,-0.6637648940086365,0.5994818210601807,0.1323811709880828,0.2577303349971771,0.9184455275535583,-0.1334086656570434,0.2545520365238189,0.9202139973640442,0.0629664366671072,0.0054055908532588,0.0134946453862073,-0.0013315080586126,0.0,0.0,0.0,0,0,1,1.0
crossover_11_05_02_fps30.mp4,138,0.168666586279869,-0.0813499598179833,-0.0494893260118438,0.0533602237701416,-0.051283061504364,0.9634354710578918,-0.0841350853443145,-0.0818081498146057,0.8271084427833557,-0.0171824693679809,-0.0517456233501434,-0.54561847448349,0.8845533728599548,-0.0746122598648071,-0.0586294829845428,-0.6074490547180176,0.5841855406761169,0.132357656955719,0.2561672925949096,0.9125783443450928,-0.1333738565444946,0.2529963850975036,0.917644739151001,0.0642071468633357,0.0113551340874782,0.0211467497232483,-0.0016255533291121,0.0,0.0,0.0,0,0,1,1.0
crossover_11_05_02_fps30.mp4,139,0.1714301258325576,-0.0827034338045928,-0.0128593290724405,0.0537627935409545,-0.0546249449253082,0.9644224643707277,-0.083554983139038,-0.0800064206123352,0.8345820903778076,-0.0144138932228088,-0.0427650213241577,-0.4914460182189941,0.8907602429389954,-0.0758166909217834,-0.0450071096420288,-0.5419554114341736,0.6084628105163574,0.1321948766708374,0.2525391578674316,0.9102835059165956,-0.1334915161132812,0.2494585514068603,0.917536199092865,0.0745507329402302,0.0328771504708714,0.0366299969394032,-0.0013534739866095,0.0,0.0,0.0,0,0,1,1.0
crossover_11_05_02_fps30.mp4,140,0.1723487824201584,-0.0827562130103676,-0.0143111926753346,0.0540518164634704,-0.0559643507003784,0.9657164216041564,-0.0833179950714111,-0.0783146023750305,0.8413292765617371,-0.0130550861358642,-0.0408722162246704,-0.505720317363739,0.8970754742622375,-0.0780032873153686,-0.0409474074840545,-0.5453012585639954,0.6275337934494019,0.1320541501045227,0.2507697343826294,0.9106207489967346,-0.1335425376892089,0.2479760646820068,0.918867826461792,0.0745904488494605,0.0270569444320391,-0.001451863602894,-5.2779205774844407e-05,0.0,0.0,0.0,0,0,1,1.0
crossover_11_05_02_fps30.mp4,141,0.1719027012586593,-0.0844765630819029,0.0350740381857244,0.0553259849548339,-0.0561189651489257,0.968534529209137,-0.0817259550094604,-0.0666696429252624,0.8562694191932678,-0.010067343711853,-0.0362192690372467,-0.5213813185691833,0.9062034487724304,-0.0766778588294982,0.0016632378101348,-0.4599446952342987,0.6627350449562073,0.1331837773323059,0.2508565485477447,0.916856586933136,-0.1322908699512481,0.247825413942337,0.9247825741767884,0.1030508009772324,0.0343089109380342,0.049385230861059,-0.0017203500715353,0.0,0.0,0.0,0,0,1,1.0
crossover_11_05_02_fps30.mp4,142,0.1728419363498687,-0.0840234698885578,0.1022807317536051,0.0595089495182037,-0.0583034455776214,0.9705262184143066,-0.0787083506584167,-0.0600079894065856,0.8696609735488892,-0.0046571791172027,-0.0346798598766326,-0.5015144944190979,0.9132586121559144,-0.0757887363433837,0.0305517613887786,-0.3802767992019653,0.6949677467346191,0.1354295313358307,0.2489631474018097,0.922187864780426,-0.1299592554569244,0.2457829415798187,0.9286015033721924,0.1582946991232115,0.0722001109843895,0.0672066935678807,0.0004530931933451,0.0,0.0,0.0,0,0,0,1.0
crossover_11_05_02_fps30.mp4,143,0.1731416285037994,-0.0841727634607735,0.1836343609705204,0.0644378662109375,-0.0596919357776641,0.9720770716667176,-0.0765770375728607,-0.056688368320465,0.8819583654403687,-0.0003666877746582,-0.0342475473880767,-0.4796485602855682,0.9193259477615356,-0.0791561007499694,0.0471785962581634,-0.3836081922054291,0.7241142988204956,0.1366267204284668,0.2483980357646942,0.926284909248352,-0.1287705898284912,0.246047705411911,0.9307085871696472,0.2334437497811647,0.1365479499223189,0.0813536292169152,-0.0001492935722157,0.0,0.0,0.0,0,0,0,1.0
crossover_11_05_02_fps30.mp4,144,0.1732544898986816,-0.0874101038706504,0.2843545015265302,0.0676599740982055,-0.061759203672409,0.9737057685852052,-0.0745468437671661,-0.054384708404541,0.8933617472648621,0.0020707845687866,-0.0329388976097106,-0.4986281096935272,0.925015926361084,-0.0794602632522583,0.0578925013542175,-0.4180221259593963,0.7510443329811096,0.1364660859107971,0.2485667467117309,0.9314379096031188,-0.1289341449737548,0.2462123036384582,0.9342360496520996,0.3296694261397936,0.2266014948933532,0.1007201405560097,-0.0032373404098769,0.0,0.0,0.0,1,0,0,1.0
crossover_11_05_02_fps30.mp4,145,0.1733525544404983,-0.0875448590618068,0.2845256886831144,0.0687763094902038,-0.0627793371677398,0.9751800298690796,-0.0737417042255401,-0.053680419921875,0.9036129713058472,0.0029614567756652,-0.0324333906173706,-0.5008884072303772,0.9301085472106934,-0.0796678960323333,0.0591415166854858,-0.417663037776947,0.7752156853675842,0.1363321542739868,0.2487159371376037,0.9360642433166504,-0.1290745735168457,0.2463499903678894,0.9374184608459472,0.329627746340449,0.2255217761849713,0.0001711871565842,-0.0001347551911564,0.0,0.0,0.0,0,0,0,1.0
crossover_11_05_02_fps30.mp4,146,0.1731916666030883,-0.0889769476349071,0.2341787256845613,0.0699828565120697,-0.0636342763900756,0.9767086505889891,-0.0734158754348754,-0.0545904338359832,0.9128091335296632,0.0037209689617156,-0.0314710736274719,-0.5086004137992859,0.9349334836006165,-0.0797660648822784,0.0557725429534912,-0.413369357585907,0.7969666719436646,0.1358939707279205,0.2493029236793518,0.9401156306266784,-0.1295174658298492,0.2478267550468444,0.9412331581115724,0.281358702754825,0.17864379753508,-0.0503469629985531,-0.0014320885731002,0.0,0.0,0.0,0,0,0,1.0
crossover_11_05_02_fps30.mp4,147,0.1720033884048462,-0.0885818292528896,0.1623159181780931,0.0718624293804168,-0.0628466010093689,0.9774184823036194,-0.0737685859203338,-0.0551143586635589,0.9208728075027466,0.0069265067577362,-0.0302937030792236,-0.5118867754936218,0.93784898519516,-0.0800898671150207,0.0468318462371826,-0.4199266135692596,0.8160315155982971,0.1355689465999603,0.2507824301719665,0.9429638981819152,-0.1300258934497833,0.2503737211227417,0.9427592754364014,0.2149890891380434,0.1157958733850407,-0.0718628075064682,0.0003951183820175,0.0,0.0,0.0,0,0,0,1.0
crossover_11_05_02_fps30.mp4,148,0.1720115095376968,-0.0911907466791444,0.1095463040398387,0.0726763606071472,-0.0631872117519378,0.9784215688705444,-0.0743523836135864,-0.055880844593048,0.9280686378479004,0.0095134377479553,-0.0294986963272094,-0.5288581252098083,0.9411278367042542,-0.0804100632667541,0.0384352207183837,-0.4046440124511719,0.8332416415214539,0.1351056694984436,0.251015305519104,0.9443070888519288,-0.130553126335144,0.2505022883415222,0.9442047476768494,0.1716823953939359,0.0719236352389748,-0.0527696141382543,-0.0026089174262547,0.0,0.0,0.0,0,0,0,1.0
crossover_11_05_02_fps30.mp4,149,0.1703179031610489,-0.0923977169950129,0.058979755785407,0.072197288274765,-0.0618123412132263,0.979662299156189,-0.0761779844760894,-0.0602097809314727,0.934969425201416,0.0121347606182098,-0.0274111032485961,-0.5672218203544617,0.945620059967041,-0.0794761180877685,0.0223451256752014,-0.4279600381851196,0.8496738076210022,0.1338178813457489,0.2527335286140442,0.9454103112220764,-0.1319378316402435,0.2520509958267212,0.9466423988342284,0.1356112805064237,0.0388466709208303,-0.0505665482544317,-0.0012069703158685,0.0,0.0,0.0,0,0,1,1.0
crossover_11_05_02_fps30.mp4,150,0.169874832034111,-0.0930614340103278,0.0593735459374218,0.0717032551765441,-0.0615703761577606,0.9808353781700134,-0.0769874155521392,-0.0623882710933685,0.941167175769806,0.012556254863739,-0.0266934633255004,-0.5635701417922974,0.9497788548469543,-0.0789026319980621,0.017327070236206,-0.435843676328659,0.864463746547699,0.1332451701164245,0.2532352805137634,0.9468418955802916,-0.1325775980949401,0.2523469924926758,0.9491766691207886,0.1362447293900323,0.0443664038808135,0.0003937901520147,-0.0006637170153148,0.0,0.0,0.0,0,0,1,1.0
crossover_11_05_02_fps30.mp4,151,0.1695677638053894,-0.0939558871721817,0.0229860179307984,0.0719037652015686,-0.0615901052951812,0.9816853404045104,-0.0781430602073669,-0.0684118568897247,0.9446226954460144,0.0144011378288269,-0.0254741609096527,-0.543701171875,0.9531184434890748,-0.0776801407337188,-0.007737785577774,-0.5046995282173157,0.8741986751556396,0.1327853798866272,0.2533017694950104,0.9456069469451904,-0.1329793334007263,0.2519698441028595,0.9500229358673096,0.118699763269847,0.0347685493537264,-0.0363875280066233,-0.0008944531618538,0.0,0.0,0.0,0,0,1,1.0
crossover_11_05_02_fps30.mp4,152,0.1676319241523742,-0.0940725958953469,-0.0035020489518234,0.0720162987709045,-0.0612831115722656,0.980992555618286,-0.0780837535858154,-0.0773132145404815,0.9409223794937134,0.0158929228782653,-0.0231921374797821,-0.5303118228912354,0.9530591368675232,-0.0778746306896209,-0.0343961417675018,-0.5684426426887512,0.8761897683143616,0.1326234936714172,0.2534373700618744,0.9406843781471252,-0.1329956948757171,0.2514525353908539,0.9475062489509584,0.1117144346330792,0.0348829334734001,-0.0264880668826219,-0.0001167087231652,0.0,0.0,0.0,0,0,1,1.0
crossover_11_05_02_fps30.mp4,153,0.1641334891319275,-0.0951947604195546,-0.019629356628511,0.0725467801094055,-0.0600165128707885,0.9820059537887572,-0.0754351913928985,-0.0836012661457061,0.941962957382202,0.0169297456741333,-0.0203945040702819,-0.6019827723503113,0.9566977024078368,-0.0796948373317718,-0.0531594157218933,-0.6807360053062439,0.8837828636169434,0.1327577829360962,0.2543637156486511,0.9428407549858092,-0.1328712105751037,0.2519146203994751,0.9495656490325928,0.1121271167798454,0.0369393080407969,-0.0161273076766875,-0.0011221645242076,0.0,0.0,0.0,0,0,1,1.0
crossover_11_05_02_fps30.mp4,154,0.1571686118841171,-0.0956248834981756,-0.0214367159983006,0.0728073120117187,-0.0555607378482818,0.9835087656974792,-0.0740944147109985,-0.0800516009330749,0.9455586075782776,0.0184555053710937,-0.0141634941101074,-0.6791702508926392,0.9606914520263672,-0.0813929736614227,-0.0511083304882049,-0.7787747383117676,0.891218900680542,0.1333380937576294,0.2571033835411072,0.9475756883621216,-0.1322864890098571,0.2542968988418579,0.953406810760498,0.1143120067236973,0.0329082355047936,-0.0018073593697895,-0.000430123078621,0.0,0.0,0.0,0,0,1,1.0
crossover_11_05_02_fps30.mp4,155,0.1541533321142196,-0.0955044055389146,-0.0200414323225254,0.0727437138557434,-0.0533451437950134,0.9848632216453552,-0.0730822086334228,-0.0783659815788269,0.948706865310669,0.0186794996261596,-0.0119870901107788,-0.658028244972229,0.9643518328666688,-0.0828360915184021,-0.050254613161087,-0.7619258761405945,0.8992393016815186,0.1334811449050903,0.2584398984909057,0.9518070816993712,-0.1321565806865692,0.2554004788398742,0.9568593502044678,0.1144676226153517,0.0327616006401692,0.0013952836757752,0.000120477959261,0.0,0.0,0.0,0,0,1,1.0
crossover_11_05_02_fps30.mp4,156,0.1459491103887558,-0.0970873668032177,-0.0092786868897879,0.0731687247753143,-0.0467116236686706,0.9861735701560974,-0.072195678949356,-0.0711409449577331,0.9529385566711426,0.0206411778926849,-0.0032265484333038,-0.7315722703933716,0.9676607847213744,-0.0824368000030517,-0.0396944880485534,-0.8465527296066284,0.90780508518219,0.1340799033641815,0.262156993150711,0.9561789631843568,-0.1315673887729644,0.2588757574558258,0.9604672193527222,0.1178840049205642,0.0337603327545166,0.0107627454327374,-0.0015829612643031,0.0,0.0,0.0,0,0,1,1.0
crossover_11_05_02_fps30.mp4,157,0.1369981318712234,-0.0973341895362078,0.016460006702237,0.072867751121521,-0.0372563302516937,0.9874652624130248,-0.0729697942733764,-0.0507587492465972,0.9570181369781494,0.0218637585639953,0.0056360363960266,-0.7302742004394531,0.9707626700401306,-0.0815459489822387,-0.0125360488891601,-0.8263121843338013,0.9152016639709472,0.1349725723266601,0.2673531174659729,0.960278332233429,-0.1307674348354339,0.2638950943946838,0.9640161991119384,0.1196883835820688,0.0330157504783609,0.0257386935920249,-0.00024682273299,0.0,0.0,0.0,0,0,1,1.0
crossover_11_05_02_fps30.mp4,158,0.1351849734783172,-0.0979575983548568,0.0541468277210142,0.072533369064331,-0.0361115634441375,0.987162172794342,-0.0729739964008331,-0.0343775153160095,0.9498541951179504,0.0233182311058044,0.0078300237655639,-0.5874707102775574,0.9705911874771118,-0.0797837972640991,0.04663747549057,-0.4972869455814361,0.8717667460441589,0.1368592977523803,0.26690274477005,0.9618399143218994,-0.1288815140724182,0.2634559869766235,0.9645883440971376,0.1298193866108564,0.0196641149561149,0.0376868210187771,-0.000623408818649,0.0,0.0,0.0,0,0,1,1.0
crossover_11_05_02_fps30.mp4,159,0.1338993161916732,-0.0981234378733877,0.1262478841514122,0.0720287561416626,-0.0359029471874237,0.9876887202262878,-0.0737768113613128,-0.0243312120437622,0.9533644318580629,0.0236755013465881,0.0118832886219024,-0.5530258417129517,0.9724390506744384,-0.0827540159225463,0.0693108141422271,-0.4556969106197357,0.8801896572113037,0.1377059817314148,0.2657109797000885,0.963653802871704,-0.1282733678817749,0.2626431286334991,0.96525776386261,0.1670755586725351,0.0589749868362328,0.0721010564303979,-0.0001658395185308,0.0,0.0,0.0,0,0,0,1.0
crossover_11_05_02_fps30.mp4,160,0.1317826211452484,-0.0980438967882576,0.1268017023074917,0.0714805722236633,-0.0347158312797546,0.9880771636962892,-0.0745006799697876,-0.0216275453567504,0.9568026661872864,0.0234309434890747,0.0138864815235137,-0.5483770966529846,0.9739821553230286,-0.084016352891922,0.0710967481136322,-0.4618533253669739,0.8889566659927368,0.1377913951873779,0.2660674154758453,0.9656543135643004,-0.1283797919750213,0.2631838023662567,0.9662757515907288,0.1658492806891181,0.057444006732675,0.0005538181560795,7.954108513008595e-05,0.0,0.0,0.0,0,0,0,1.0
crossover_11_05_02_fps30.mp4,161,0.1314662098884582,-0.0912513436907428,0.2127880032469586,0.0709714591503143,-0.0342971086502075,0.9886947274208068,-0.0748111009597778,-0.017139196395874,0.960785984992981,0.0236037671566009,0.0118131041526794,-0.5313310623168945,0.975942850112915,-0.0842515528202056,0.0801891088485717,-0.4516425132751465,0.8995039463043213,0.1381672918796539,0.2654110193252563,0.9678136110305786,-0.1280300021171569,0.2628223299980163,0.9679290056228638,0.2314791708852253,0.1327835225768085,0.0859863009394669,0.0067925530975147,0.0,0.0,0.0,0,0,0,1.0
crossover_11_05_02_fps30.mp4,162,0.1298286616802215,-0.0885573126501956,0.3124519471715136,0.0702534317970275,-0.0324896275997161,0.9894042015075684,-0.0757732391357421,-0.0128087699413299,0.9644673466682434,0.023053228855133,0.0122932493686676,-0.5073082447052002,0.9777867794036864,-0.0838699638843536,0.091997891664505,-0.4690309166908264,0.9088392853736876,0.1381000280380249,0.2662404477596283,0.970129668712616,-0.128129780292511,0.263695627450943,0.970177948474884,0.3202376568141431,0.2205038816618425,0.0996639439245549,0.0026940310405472,0.0,0.0,0.0,1,0,0,1.0
crossover_11_05_02_fps30.mp4,163,0.1300620436668396,-0.0858249084424164,0.242118689781282,0.0695701241493225,-0.0324032008647918,0.9901002645492554,-0.0763520002365112,-0.0130119323730468,0.9678102731704712,0.0224900841712951,0.010780394077301,-0.517763078212738,0.9796151518821716,-0.083848088979721,0.0875945091247558,-0.4521015286445617,0.9174434542655944,0.1379849314689636,0.2652188539505005,0.9721125960350036,-0.1282123327255249,0.2628023624420166,0.9721603393554688,0.255439904251726,0.1545368248113013,-0.0703332573902315,0.0027324042077792,0.0,0.0,0.0,0,0,0,1.0
crossover_11_05_02_fps30.mp4,164,0.1299115866422653,-0.0822644234713861,0.1667646517113941,0.0692925155162811,-0.0334163606166839,0.9901944398880004,-0.0763594210147857,-0.016742318868637,0.9705098271369934,0.0222094357013702,0.0087805092334747,-0.5320917367935181,0.9809354543685912,-0.0843728184700012,0.0753274261951446,-0.422483742237091,0.9251071810722352,0.1379465162754058,0.2637504637241363,0.9727499485015868,-0.1282913982868194,0.2617404758930206,0.970953643321991,0.1894037394692418,0.0914615303806996,-0.0753540380698879,0.0035604849710302,0.0,0.0,0.0,0,0,0,1.0
crossover_11_05_02_fps30.mp4,165,0.130392849445343,-0.082323820510153,0.16534109609883,0.0691495537757873,-0.0345044434070587,0.9902299642562866,-0.0763378739356994,-0.0187580585479736,0.972927451133728,0.0219700336456298,0.0070311427116394,-0.5321794748306274,0.9820836782455444,-0.0845739543437957,0.0711788535118103,-0.4212258160114288,0.9319899678230286,0.1379192471504211,0.2623371481895447,0.9732279181480408,-0.1283504366874694,0.2607567310333252,0.969789981842041,0.1895765000102127,0.0941891237420014,-0.001423555612564,-5.939703876689517e-05,0.0,0.0,0.0,0,0,0,1.0
crossover_11_05_02_fps30.mp4,166,0.1294095367193222,-0.0797579116740469,0.1117376458354112,0.0688618421554565,-0.0336748659610748,0.9891164302825928,-0.0766666829586029,-0.0192678570747375,0.973295509815216,0.0216616988182067,0.0071852207183837,-0.5761375427246094,0.981329083442688,-0.0812141299247741,0.0678808093070983,-0.4591331779956817,0.9332799315452576,0.1376389265060424,0.2623264193534851,0.9708873629570008,-0.1285596787929535,0.2597140073776245,0.96608304977417,0.1456610688902566,0.0438810059349703,-0.0536034502634188,0.002565908836106,0.0,0.0,0.0,0,0,1,1.0
crossover_11_05_02_fps30.mp4,167,0.1270874589681625,-0.0794674761214498,0.0703983843326568,0.0687076151371002,-0.0320589244365692,0.9886987209320068,-0.0768388211727142,-0.0199660956859588,0.969164788722992,0.0219435393810272,0.0077833831310272,-0.5982868671417236,0.9814427495002748,-0.0813007652759552,0.0474835336208343,-0.5241753458976746,0.9190524816513062,0.1374395787715912,0.2626752555370331,0.9696981906890868,-0.1285250782966613,0.2599037587642669,0.9636932015419006,0.1191840276241902,0.0229880693462748,-0.0413392615027543,0.000290435552597,0.0,0.0,0.0,0,0,1,1.0
crossover_11_05_02_fps30.mp4,168,0.1253876388072967,-0.0788836321588289,0.0456231675496915,0.0680361986160278,-0.0307390689849853,0.989769160747528,-0.0767963826656341,-0.0205222368240356,0.9719532132148744,0.0220484137535095,0.0090357661247253,-0.7490800619125366,0.9832537174224854,-0.0786149203777313,0.031325340270996,-0.8179618120193481,0.9265956282615662,0.1366634964942932,0.2627463340759277,0.9719511270523072,-0.1293119192123413,0.2599536180496216,0.9661216139793396,0.107358818152409,0.0143003521254795,-0.0247752167829653,0.0005838439626209,0.0,0.0,0.0,0,0,1,1.0
crossover_11_05_02_fps30.mp4,169,0.1242492496967315,-0.0779644833782972,0.0392613783115294,0.0676394402980804,-0.0294960737228393,0.9907294511795044,-0.0767481625080108,-0.0213110446929931,0.9741892218589784,0.0215452015399932,0.010542869567871,-0.7883548736572266,0.9848634004592896,-0.0782373249530792,0.0189313292503356,-0.8635503649711609,0.9319990873336792,0.1356718242168426,0.2624486088752746,0.9740089774131776,-0.1303327679634094,0.2596612572669983,0.968376636505127,0.1035708942560458,0.0203318798283747,-0.0063617892381621,0.0009191487805317,0.0,0.0,0.0,0,0,1,1.0
crossover_11_05_02_fps30.mp4,170,0.1234906911849975,-0.0786535733837192,0.0392149922324389,0.0673215985298156,-0.028726041316986,0.9915924668312072,-0.0769346058368682,-0.0214353203773498,0.97623872756958,0.0211020112037658,0.0112490653991699,-0.7872933149337769,0.9863119125366212,-0.078313797712326,0.0164313912391662,-0.865702748298645,0.9370017051696776,0.1349902153015136,0.2623436450958252,0.9758445620536804,-0.1310218572616577,0.2595081925392151,0.9703665375709534,0.1036014947770284,0.0227861344182712,-4.638607909046577e-05,-0.000689090005422,0.0,0.0,0.0,0,0,1,1.0
crossover_11_05_02_fps30.mp4,171,0.1198367029428482,-0.0781955063343048,0.055989341619538,0.0678050220012664,-0.025904506444931,0.9923880100250244,-0.0767189264297485,-0.0167677402496337,0.9782312512397766,0.0220668613910675,0.0161464810371398,-0.7521414160728455,0.9876408576965332,-0.0775436758995056,0.0235067009925842,-0.8280650973320007,0.942138969898224,0.1350149810314178,0.2643851637840271,0.9778167009353638,-0.1309984028339386,0.2611205577850342,0.9724639058113098,0.1078888127716965,0.0324891801222431,0.016774349387099,0.0004580670494144,0.0,0.0,0.0,0,0,1,1.0
crossover_11_05_02_fps30.mp4,172,0.1208047866821289,-0.0763049382274433,0.101711473813871,0.0683352947235107,-0.0270828902721405,0.9917088150978088,-0.0766352415084838,-0.0164433121681213,0.9760088324546814,0.0234809517860412,0.0160841941833496,-0.5098073482513428,0.986662745475769,-0.0740439891815185,0.0529490113258361,-0.4215756356716156,0.9299532175064088,0.1352841854095459,0.262428879737854,0.9773674011230468,-0.1306427121162414,0.2587199211120605,0.9718395471572876,0.1314886111520947,0.0488148505937002,0.0457221321943329,0.0018905681068614,0.0,0.0,0.0,0,0,1,1.0
crossover_11_05_02_fps30.mp4,173,0.123159110546112,-0.0715105464902974,0.180961654535154,0.0695019364356994,-0.0294126868247985,0.9918239712715148,-0.0755388736724853,-0.0160438418388366,0.9781048893928528,0.0249879956245422,0.0148510932922363,-0.4491057395935058,0.9873036742210388,-0.0737242102622985,0.0633298158645629,-0.4164697825908661,0.9366443753242492,0.1363274455070495,0.2596572041511535,0.978485941886902,-0.1297453939914703,0.2559343576431274,0.97297865152359,0.1921059269953079,0.1176526658275086,0.0792501807212829,0.0047943917371459,0.0,0.0,0.0,0,0,0,1.0
crossover_11_05_02_fps30.mp4,174,0.122977077960968,-0.0698947278119749,0.2858592732650478,0.0695719122886657,-0.0287928879261016,0.9922688007354736,-0.0753283500671386,-0.0127584636211395,0.9801876544952391,0.0255437493324279,0.0158945024013519,-0.2383612692356109,0.988094925880432,-0.0731661021709442,0.0803605616092681,-0.3840959370136261,0.9428319931030272,0.1363945603370666,0.2595850527286529,0.980254888534546,-0.1298674643039703,0.2560061514377594,0.9753293991088868,0.2863380527054176,0.2055247488318177,0.1048976187298937,0.0016158186783225,0.0,0.0,0.0,1,0,0,1.0
crossover_11_05_02_fps30.mp4,175,0.1227867156267166,-0.0697013507455082,0.2858205229770846,0.0697781443595886,-0.02879199385643,0.9926375150680542,-0.0751246213912963,-0.0113431513309478,0.9820707440376282,0.0258917808532714,0.0164624154567718,-0.2330562323331833,0.9887986183166504,-0.0726266801357269,0.0828312337398529,-0.3776895999908447,0.9484245777130128,0.1365886330604553,0.2595045268535614,0.9817525148391724,-0.1300930380821228,0.2560513913631439,0.9773703217506408,0.2858178386591466,0.2030103669694673,-3.875028796318514e-05,0.0001933770664667,0.0,0.0,0.0,0,0,0,1.0
crossover_11_05_02_fps30.mp4,176,0.1224178820848465,-0.069367962974613,0.284145839621381,0.0699315667152404,-0.0287351012229919,0.9931455850601196,-0.0751042366027832,-0.0105372071266174,0.9837950468063354,0.0264396667480468,0.0161820650100708,-0.2279981970787048,0.9896554350852966,-0.07159885764122,0.0839279890060424,-0.3865348696708679,0.953487992286682,0.1366707682609558,0.2596839070320129,0.9833167791366576,-0.129931092262268,0.2565462589263916,0.979414701461792,0.2845763279280541,0.2002302789191473,-0.0016746833557035,0.0003333877708951,0.0,0.0,0.0,0,0,0,1.0
crossover_11_05_02_fps30.mp4,177,0.1249614804983139,-0.0680543048907134,0.204648027623572,0.0709673166275024,-0.0313389003276824,0.993498682975769,-0.0740745365619659,-0.0132785737514495,0.9852967858314514,0.0278360247611999,0.0132081806659698,-0.255571037530899,0.9904800057411194,-0.0700132250785827,0.0739292800426483,-0.3130571842193603,0.9580501914024352,0.1377907991409301,0.2568724453449249,0.984652817249298,-0.1288747489452362,0.2538191378116607,0.9811094403266908,0.2141125179056628,0.1307334247139104,-0.079497811997809,0.0013136580838995,0.0,0.0,0.0,0,0,0,1.0
crossover_11_05_02_fps30.mp4,178,0.1274836063385009,-0.0689394102258197,0.136653382603715,0.0709257125854492,-0.0335769355297088,0.9932134747505188,-0.0740748941898346,-0.0164269804954528,0.986309826374054,0.0280651450157165,0.0104087591171264,-0.4881283938884735,0.990678608417511,-0.0696897804737091,0.0589926838874816,-0.4037063121795654,0.9618930816650392,0.1378856897354126,0.2544899582862854,0.9834973216056824,-0.1289211809635162,0.2512493729591369,0.979791224002838,0.1592092607133102,0.0776643237310574,-0.0679946450198569,-0.0008851053351062,0.0,0.0,0.0,0,0,0,1.0
crossover_11_05_02_fps30.mp4,179,0.1293108463287353,-0.0720303548594652,0.0836191889716357,0.0703092515468597,-0.0354368090629577,0.9932458996772766,-0.0749438107013702,-0.0202923417091369,0.9870919585227966,0.0288099944591522,0.0084873437881469,-0.5795848369598389,0.9910396337509156,-0.0685390532016754,0.0444796085357666,-0.5315095782279968,0.964232325553894,0.1368928849697113,0.2528660297393799,0.9834105372428894,-0.1296569406986236,0.2493570446968078,0.9801554679870604,0.1257520187169038,0.0392949862445778,-0.0530341936320792,-0.0030909446336455,0.0,0.0,0.0,0,0,1,1.0
crossover_11_05_02_fps30.mp4,180,0.1303409039974212,-0.0725041533930827,0.0827130627341387,0.0701957046985626,-0.0363951325416564,0.9931377172470092,-0.075380265712738,-0.0224804580211639,0.9876736402511596,0.0292990505695343,0.0074191391468048,-0.5880722403526306,0.9912099242210388,-0.0680858194828033,0.0393883883953094,-0.5303090810775757,0.9660860896110536,0.1364258825778961,0.2520128190517425,0.9834072589874268,-0.1298348605632782,0.2473939359188079,0.9801378846168518,0.1266217487883873,0.043549386690381,-0.000906126237497,-0.0004737985336174,0.0,0.0,0.0,0,0,1,1.0
crossover_11_05_02_fps30.mp4,181,0.1293358206748962,-0.0710612269781403,0.0507071291528097,0.0705775916576385,-0.0355096161365509,0.9937361478805542,-0.0748504698276519,-0.0222481489181518,0.9883492588996888,0.0304596722126007,0.0083051323890686,-0.6971308588981628,0.991994321346283,-0.0697565674781799,0.027107298374176,-0.7665150761604309,0.9674721956253052,0.136592298746109,0.2529523968696594,0.9847407937049866,-0.1296701431274414,0.2483191490173339,0.981526792049408,0.1100200995366252,0.0236358657381316,-0.0320059335813289,0.0014429264149423,0.0,0.0,0.0,0,0,1,1.0
crossover_11_05_02_fps30.mp4,182,0.1246533989906311,-0.0720392753512172,0.0353880110310345,0.0701550543308258,-0.0315004587173461,0.9942617416381836,-0.0752330720424652,-0.0219219028949737,0.9887155890464784,0.0308223068714141,0.012254387140274,-0.7347770929336548,0.992670238018036,-0.0730948150157928,0.022066980600357,-0.8180405497550964,0.966166615486145,0.1359687745571136,0.2570354044437408,0.9860411882400512,-0.130311369895935,0.2523513734340668,0.9830032587051392,0.1054308761780074,0.0133627847291845,-0.0153191181217752,-0.0009780483730768,0.0,0.0,0.0,0,0,1,1.0
crossover_11_05_02_fps30.mp4,183,0.1217924952507019,-0.0728528412721924,0.0302487150924961,0.0700975060462951,-0.0296966433525085,0.9946872591972352,-0.0755225121974945,-0.024488478899002,0.9890058040618896,0.0314213037490844,0.0139892995357513,-0.7783272862434387,0.9931899309158324,-0.0734518766403198,0.012052983045578,-0.8815075755119324,0.9650120735168456,0.1356058716773986,0.2588441669940948,0.9872211217880248,-0.1307509839534759,0.2542023956775665,0.9844200611114502,0.1055341931042504,0.0182055900232733,-0.0051392959385383,-0.0008135659209752,0.0,0.0,0.0,0,0,1,1.0
crossover_11_05_02_fps30.mp4,184,0.120354488492012,-0.0731159739575143,0.0368665346285191,0.0700487494468689,-0.0287368297576904,0.994856595993042,-0.0748224854469299,-0.0251966714859008,0.9869383573532104,0.0323193073272705,0.014950692653656,-0.691713809967041,0.9932735562324524,-0.0736896395683288,0.0168083310127258,-0.7285664677619934,0.9505242109298706,0.1354686021804809,0.259869635105133,0.9881863594055176,-0.1309321522712707,0.2552715539932251,0.9855368733406068,0.1076889161848557,0.0200664053713079,0.006617819536023,-0.0002631326853218,0.0,0.0,0.0,0,0,1,1.0
crossover_11_05_02_fps30.mp4,185,0.1200578361749649,-0.0731695307513414,0.037022649660343,0.0700145065784454,-0.0286673307418823,0.995141327381134,-0.0744107663631439,-0.0256498456001281,0.9860957264900208,0.0328750908374786,0.015074610710144,-0.7135198712348938,0.993585467338562,-0.073874682188034,0.0177146196365356,-0.7737091183662415,0.9414762258529664,0.1353930532932281,0.2600545287132263,0.9890964031219482,-0.1310850977897644,0.2556669116020202,0.9865951538085938,0.1082920965799236,0.0193209022032854,0.0001561150318238,-5.35567938271253e-05,0.0,0.0,0.0,0,0,1,1.0
crossover_11_05_02_fps30.mp4,186,0.1183556467294693,-0.073685698691061,0.059232199918933,0.0703393518924713,-0.0283995568752288,0.9936949610710144,-0.0740655660629272,-0.0176561772823333,0.9811631441116332,0.034212440252304,0.0153478682041168,-0.669629693031311,0.9913857579231262,-0.0728496313095092,0.0317964851856231,-0.574924111366272,0.9193275570869446,0.1357193291187286,0.2603391110897064,0.9887628555297852,-0.1307444870471954,0.2559427917003631,0.9859156012535096,0.1164810841188291,0.0274484508049917,0.0222095502585899,-0.0005161679397195,0.0,0.0,0.0,0,0,1,1.0
crossover_11_05_02_fps30.mp4,187,0.1221897304058075,-0.0744254464820279,0.1041327131957542,0.0701997578144073,-0.0325023233890533,0.992755651473999,-0.0739834010601043,-0.0202416479587554,0.980159342288971,0.0359149277210235,0.0116114318370819,-0.4796508252620697,0.9905346035957336,-0.0706563293933868,0.050083190202713,-0.354129433631897,0.9164859652519226,0.1357997953891754,0.2561353147029876,0.9881746768951416,-0.1306318342685699,0.2519073784351349,0.9856871366500854,0.1439971724844625,0.0541807823808698,0.0449005132768212,-0.0007397477909669,0.0,0.0,0.0,0,0,1,1.0
crossover_11_05_02_fps30.mp4,188,0.1271585822105407,-0.0734457831261521,0.1697939612516542,0.0712425410747528,-0.0373879075050354,0.9923409819602966,-0.0728328824043273,-0.0206489861011505,0.9819530844688416,0.0374159514904022,0.0069017112255096,-0.5220820903778076,0.9906864762306212,-0.0691941082477569,0.0611975491046905,-0.4242236912250519,0.9245863556861876,0.1371729075908661,0.2510844767093658,0.9881179928779602,-0.1291902661323547,0.2470787465572357,0.9852895140647888,0.1970385985556417,0.1086796092671701,0.0656612480559,0.0009796633558757,0.0,0.0,0.0,0,0,0,1.0
crossover_11_05_02_fps30.mp4,189,0.1272745281457901,-0.0725133702916613,0.2646141340092914,0.0712556540966034,-0.0372067689895629,0.992618978023529,-0.0730681717395782,-0.0186176896095275,0.9837049841880798,0.0374871790409088,0.0071377754211425,-0.3465869128704071,0.9910606741905212,-0.0690629780292511,0.075636088848114,-0.4282466471195221,0.9320439100265504,0.1373366415500641,0.2511659264564514,0.988982617855072,-0.1292279064655304,0.2474451065063476,0.986550271511078,0.2799896356747517,0.1890095414514953,0.0948201727576372,0.0009324128344908,0.0,0.0,0.0,1,0,0,1.0
crossover_11_05_02_fps30.mp4,190,0.1275001764297485,-0.0723738005605794,0.2647869204602591,0.0713213682174682,-0.0370773375034332,0.9928524494171144,-0.0731363892555236,-0.0178898870944976,0.9852856397628784,0.0377557277679443,0.0072990953922271,-0.3615246415138244,0.99140602350235,-0.0689646303653717,0.0779207646846771,-0.4341606497764587,0.9387600421905518,0.1373847723007202,0.251312643289566,0.9897556900978088,-0.1293291449546814,0.2476113140583038,0.9876589775085448,0.2800508758567424,0.1868972514933378,0.0001727864509676,0.0001395697310819,0.0,0.0,0.0,0,0,0,1.0
crossover_11_05_02_fps30.mp4,191,0.1294345706701278,-0.0731976544452925,0.2843735620742891,0.0714398920536041,-0.0373603105545043,0.9929611086845398,-0.0737226605415344,-0.0182850062847137,0.9866696000099182,0.0379610955715179,0.0071765482425689,-0.4636492133140564,0.9914903044700624,-0.0691093206405639,0.0792292058467865,-0.4580565392971039,0.9446734189987184,0.1375158727169037,0.2511108219623565,0.9902197122573853,-0.1293160915374755,0.2473421394824981,0.9884495735168456,0.2986544025835256,0.2051850905043916,0.01958664161403,-0.0008238538847131,0.0,0.0,0.0,0,0,0,1.0
crossover_11_05_02_fps30.mp4,192,0.1331666558980941,-0.0726323965242353,0.2115817504685099,0.0721860229969024,-0.0398864150047302,0.9926276803016664,-0.0735887885093689,-0.0216319262981414,0.9878483414649964,0.0386125147342681,0.0043324530124664,-0.5265122652053833,0.99071204662323,-0.0698545277118682,0.0705306231975555,-0.4527787566184997,0.9498687982559204,0.1382521092891693,0.2485587894916534,0.9905906915664672,-0.1285885870456695,0.2444213330745697,0.9888473749160768,0.2352184124955695,0.1410784783712444,-0.0727918116057791,0.0005652579210572,0.0,0.0,0.0,0,0,0,1.0
crossover_11_05_02_fps30.mp4,193,0.1378453522920608,-0.0755925695774918,0.1456991495155706,0.0716718435287475,-0.0423538088798522,0.9924626350402832,-0.0750851035118103,-0.0292136073112487,0.9889301061630248,0.0393908619880676,0.0003365874290466,-0.5897566080093384,0.9911327362060548,-0.0728169679641723,0.0568037033081054,-0.4659837186336517,0.9547353386878968,0.137689471244812,0.2457990646362304,0.9905214905738832,-0.1291652917861938,0.2418503165245056,0.9883712530136108,0.1853414794128671,0.0889387672544441,-0.0658826009529393,-0.0029601730532565,0.0,0.0,0.0,0,0,0,1.0
crossover_11_05_02_fps30.mp4,194,0.1392869353294372,-0.0769423931331957,0.0986155890836948,0.0717526674270629,-0.0413868129253387,0.992489755153656,-0.0765192806720733,-0.0354933738708496,0.9898912906646729,0.0421997308731079,-0.0024612545967102,-0.6064546704292297,0.9914841651916504,-0.0735790431499481,0.0347075462341308,-0.5336681008338928,0.9591055512428284,0.137521207332611,0.2462640404701233,0.9905993342399596,-0.1293900310993194,0.2420424818992614,0.9884937405586244,0.1562413966947508,0.06399648477824,-0.0470835604318757,-0.0013498235557038,0.0,0.0,0.0,0,0,0,1.0
crossover_11_05_02_fps30.mp4,195,0.1400250941514969,-0.0770568987070504,0.098866200883214,0.0719413757324218,-0.0408848524093627,0.99212384223938,-0.0772266685962677,-0.0376205146312713,0.9907363653182985,0.0435251593589782,-0.003491848707199,-0.5984285473823547,0.9914718866348268,-0.0741408169269561,0.0304787456989288,-0.5334314107894897,0.963020086288452,0.137403130531311,0.2465206682682037,0.9907231330871582,-0.1295481920242309,0.2420319616794586,0.9885937571525574,0.1581682744528516,0.068449598680568,0.0002506117995192,-0.0001145055738546,0.0,0.0,0.0,0,0,0,1.0
crossover_11_05_02_fps30.mp4,196,0.1406042575836181,-0.0785387204865277,0.0556397741887627,0.0730149745941162,-0.0405681133270263,0.9926722645759584,-0.0781642794609069,-0.0435479283332824,0.9915318489074708,0.0435078740119934,-0.0068653523921966,-0.6307678818702698,0.99213445186615,-0.075595885515213,0.0045717060565948,-0.6696509122848511,0.96658593416214,0.1369728446006775,0.2466643154621124,0.9910823106765748,-0.1299850940704345,0.2422532141208648,0.9888530373573304,0.137121340708105,0.0511527893708655,-0.0432264266944513,-0.0014818217794773,0.0,0.0,0.0,0,0,1,1.0
crossover_11_05_02_fps30.mp4,197,0.1400209814310073,-0.0796292122137748,0.0262610057505165,0.0730701982975006,-0.0394467413425445,0.993291437625885,-0.078804612159729,-0.0452488362789154,0.9921406507492064,0.0436588823795318,-0.0089859962463378,-0.6725901365280151,0.9928090572357178,-0.0738541483879089,-0.002027690410614,-0.7432867288589478,0.9688401222229004,0.1363203823566436,0.2480565905570984,0.9918195009231568,-0.1308787167072296,0.2434068322181701,0.9897749423980712,0.128227553272354,0.0288721612057287,-0.0293787684382461,-0.001090491727247,0.0,0.0,0.0,0,0,1,1.0
crossover_11_05_02_fps30.mp4,198,0.1386028677225113,-0.0798684242418256,0.0081208487836326,0.0733125507831573,-0.0378549695014953,0.9938780665397644,-0.0795266330242157,-0.0487828850746154,0.9926268458366394,0.0443266928195953,-0.0092214345932006,-0.7156662344932556,0.9934592843055724,-0.0753467082977294,-0.0240395665168762,-0.8077943325042725,0.9711231589317322,0.1357609927654266,0.249593436717987,0.9924965500831604,-0.1319109499454498,0.245248258113861,0.9905866384506226,0.1254000872991022,0.0324767336316369,-0.0181401569668839,-0.0002392120280508,0.0,0.0,0.0,0,0,1,1.0
crossover_11_05_02_fps30.mp4,199,0.1367662996053695,-0.0802993757239842,0.0016364776506656,0.0736181437969207,-0.0365844070911407,0.994413435459137,-0.0787644386291503,-0.0561651587486267,0.9931244254112244,0.0451157391071319,-0.0084249675273895,-0.7899402379989624,0.9940471053123474,-0.0754509568214416,-0.0399345159530639,-0.8920063376426697,0.9734342694282532,0.1354266703128814,0.2506584227085113,0.9930403828620912,-0.1325195431709289,0.2465154826641082,0.9912835955619812,0.1258180579534316,0.0418527738036066,-0.0064843711329669,-0.0004309514821586,0.0,0.0,0.0,0,0,1,1.0
crossover_11_05_02_fps30.mp4,200,0.1359209716320037,-0.0805761597924313,0.002025814027321,0.0738564133644104,-0.0360568463802337,0.9948859810829164,-0.0783144831657409,-0.057970255613327,0.9935545921325684,0.04511159658432,-0.0080697238445281,-0.7853166460990906,0.9945666193962096,-0.0754752159118652,-0.040632277727127,-0.8847767114639282,0.9754261374473572,0.1350959539413452,0.2509830296039581,0.993526816368103,-0.1328185200691223,0.2469083368778228,0.9918946623802184,0.1260925532612594,0.0429619880895146,0.0003893363766553,-0.000276784068447,0.0,0.0,0.0,0,0,1,1.0
crossover_11_05_02_fps30.mp4,201,0.1354501247406005,-0.0808474349773536,0.005006820690341,0.0734991729259491,-0.0353682041168212,0.995322048664093,-0.0787521600723266,-0.0544954538345336,0.9938769340515136,0.0451726615428924,-0.0074462890625,-0.7735351920127869,0.9950516223907472,-0.0756776034832,-0.0335156917572021,-0.8669952750205994,0.9769402146339417,0.1346923410892486,0.2511895895004272,0.994020700454712,-0.1331705152988433,0.2471444606781005,0.9924889206886292,0.126633900159035,0.0388678674865121,0.00298100666302,-0.0002712751849223,0.0,0.0,0.0,0,0,1,1.0
crossover_11_05_02_fps30.mp4,202,0.1345628201961517,-0.0814907434633222,0.0178243564396369,0.0731406509876251,-0.0349546074867248,0.9955834150314332,-0.0789839625358581,-0.0512831211090087,0.9933932423591614,0.0455176532268524,-0.0070290565490722,-0.7189770340919495,0.9952694177627563,-0.0783492028713226,-0.0253920555114746,-0.7929627299308777,0.9702923893928528,0.1347161829471588,0.2512975931167602,0.9944843649864196,-0.1331296265125274,0.2472283244132995,0.993030607700348,0.1294172514272966,0.0433304458691502,0.0128175357492958,-0.0006433084859686,0.0,0.0,0.0,0,0,1,1.0
crossover_11_05_02_fps30.mp4,203,0.1346340328454971,-0.080718131994797,0.0456737756729126,0.0726200342178344,-0.0350351929664611,0.9958558082580566,-0.078368067741394,-0.0407081246376037,0.9935307502746582,0.0461289286613464,-0.0071421265602111,-0.6740984320640564,0.9955949187278748,-0.0789381265640258,0.0063012838363647,-0.7011945247650146,0.9707968235015868,0.135018765926361,0.2508113384246826,0.9948806166648864,-0.1327528059482574,0.2470191717147827,0.9935174584388732,0.137403407256888,0.0394127077571765,0.0278494192332756,0.0007726114685252,0.0,0.0,0.0,0,0,1,1.0
crossover_11_05_02_fps30.mp4,204,0.1354972422122955,-0.0796494516275697,0.090926269205605,0.071648359298706,-0.0372348427772522,0.994211733341217,-0.0775648951530456,-0.0339105129241943,0.9838393926620485,0.0470964312553405,-0.0079846978187561,-0.5630620121955872,0.9930921792984008,-0.0781479775905609,0.0469089150428772,-0.3493484854698181,0.9309948682785034,0.1357587575912475,0.2483074069023132,0.9942003488540648,-0.1318596005439758,0.2444852590560913,0.992491602897644,0.1607728155673796,0.0440429550753673,0.0452524935326924,0.0010686803672272,0.0,0.0,0.0,0,0,1,1.0
crossover_11_05_02_fps30.mp4,205,0.1360203921794891,-0.0790410638865777,0.0895205400338987,0.0714333951473236,-0.0386850535869598,0.9930548071861268,-0.0768388211727142,-0.0325519740581512,0.9755311608314514,0.0479187071323394,-0.0091321170330047,-0.565224289894104,0.9915057420730592,-0.0774723589420318,0.0507043302059173,-0.3456772863864898,0.8973604440689087,0.1363545358180999,0.2468844354152679,0.9938157200813292,-0.1311689615249633,0.2428950369358062,0.9917263984680176,0.1607828666355217,0.0388478954463806,-0.0014057291717063,0.0006083877409919,0.0,0.0,0.0,0,0,0,1.0
crossover_11_05_02_fps30.mp4,206,0.1375216990709304,-0.0770470366639606,0.1509962035388481,0.0717087984085083,-0.0400407314300537,0.992914855480194,-0.0755044519901275,-0.0322659611701965,0.9777551889419556,0.0486939549446105,-0.0097129940986633,-0.5936276316642761,0.9919442534446716,-0.0774967968463897,0.0544109940528869,-0.4524579644203186,0.9073835015296936,0.1369669437408447,0.2455504536628723,0.9940230250358582,-0.1306985914707183,0.2424535751342773,0.9917080998420716,0.2040545103054561,0.0965862566604002,0.0614756635049493,0.0019940272226171,0.0,0.0,0.0,0,0,0,1.0
crossover_11_05_02_fps30.mp4,207,0.1373711675405502,-0.0756405239388094,0.2356451320938948,0.0713526904582977,-0.040078729391098,0.9931167364120485,-0.0752299726009368,-0.0295824706554412,0.9798811674118042,0.0486846268177032,-0.0075742900371551,-0.5762454867362976,0.9923452138900756,-0.0771936476230621,0.0671775043010711,-0.4605810642242431,0.916473388671875,0.1370154321193695,0.2460139691829681,0.9944624900817872,-0.1305589377880096,0.2432453334331512,0.9923254251480104,0.273152760213752,0.1684747868593991,0.0846489285550466,0.0014065127251511,0.0,0.0,0.0,0,0,0,1.0
crossover_11_05_02_fps30.mp4,208,0.1371048688888549,-0.0753229363489959,0.2914947993871642,0.0714316368103027,-0.0397170484066009,0.9934634566307068,-0.0752324759960174,-0.0271040499210357,0.9818542003631592,0.0486670136451721,-0.0052074491977691,-0.5894718766212463,0.9929073452949524,-0.0770134031772613,0.0741068422794342,-0.4746162593364715,0.9247519373893738,0.1370496749877929,0.2468611299991607,0.9946603178977966,-0.1304760575294494,0.2446244060993194,0.9927560687065125,0.3215676165519655,0.2173945297691958,0.0558496672932694,0.0003175875898135,0.0,0.0,0.0,1,1,0,1.0
crossover_11_05_02_fps30.mp4,209,0.1373873800039291,-0.0746015372922865,0.2305630711520591,0.0718051195144653,-0.0403341054916381,0.9937700629234314,-0.0751374065876007,-0.0271060168743133,0.9835925102233888,0.048777163028717,-0.0049484074115753,-0.5589949488639832,0.9933068156242372,-0.0768390893936157,0.0679850280284881,-0.4474120140075683,0.932145059108734,0.137216031551361,0.247013658285141,0.99506014585495,-0.1302225887775421,0.2443689405918121,0.9932892322540284,0.2658720749310262,0.1625934400438586,-0.0609317282351051,0.0007213990567093,0.0,0.0,0.0,0,0,0,1.0
crossover_11_05_02_fps30.mp4,210,0.1376217603683471,-0.0745247374146671,0.2306327177257072,0.072154700756073,-0.0408261716365814,0.9940017461776732,-0.0750871002674102,-0.0269715785980224,0.98515647649765,0.0488107204437255,-0.0048240423202514,-0.5520817041397095,0.993636965751648,-0.0766810476779937,0.0673173069953918,-0.4460532069206238,0.9388079643249512,0.1373047828674316,0.2471216917037964,0.9953958988189696,-0.1301451027393341,0.2440114021301269,0.9937238097190856,0.2658035383821659,0.1633296453677756,6.964657364816329e-05,7.679987761938234e-05,0.0,0.0,0.0,0,0,0,1.0
crossover_11_05_02_fps30.mp4,211,0.1382074207067489,-0.0759969628463357,0.167750027848453,0.0731858611106872,-0.0411726534366607,0.994163990020752,-0.0752439498901367,-0.0277505815029144,0.9865352511405944,0.0493935942649841,-0.0051773488521575,-0.5746179819107056,0.9941176772117616,-0.0762866735458374,0.0603837072849273,-0.4471217691898346,0.9447874426841736,0.1373321413993835,0.2467606365680694,0.9953509569168092,-0.1301786303520202,0.2436568439006805,0.9932544231414796,0.2136040014261017,0.1073667114316125,-0.0628826898772542,-0.0014722254316685,0.0,0.0,0.0,0,0,0,1.0
crossover_11_05_02_fps30.mp4,212,0.1386204361915588,-0.0759398036083932,0.1216843000272425,0.0744004249572753,-0.0412443578243255,0.9944778680801392,-0.0758864283561706,-0.0310168862342834,0.9878241419792176,0.0505567789077758,-0.0056031346321105,-0.5813729166984558,0.9946298599243164,-0.0762880146503448,0.0416917204856872,-0.4751512408256531,0.9502751231193542,0.1372501254081726,0.2466760277748108,0.995290219783783,-0.1302524507045745,0.2427560687065124,0.9929209351539612,0.1794532708267784,0.0799933374265743,-0.0460657278212105,5.715923794247235e-05,0.0,0.0,0.0,0,0,0,1.0
crossover_11_05_02_fps30.mp4,213,0.1388958245515823,-0.0748430573334128,0.082741324785279,0.0752720832824707,-0.041534811258316,0.9948130249977112,-0.0767033994197845,-0.0385223031044006,0.9889876246452332,0.0523486137390136,-0.0051700472831726,-0.5921686291694641,0.9950650334358216,-0.0761593580245971,0.018212080001831,-0.5899087190628052,0.9552184343338012,0.1372549533843994,0.2470716834068298,0.9952147603034972,-0.130254179239273,0.2428972125053405,0.992719292640686,0.1546160746143624,0.0645426686760918,-0.0389429752419634,0.0010967462749804,0.0,0.0,0.0,0,0,1,1.0
crossover_11_05_02_fps30.mp4,214,0.1394646912813186,-0.0747080970618684,0.0547343115981032,0.075588583946228,-0.0424236357212066,0.99510657787323,-0.0768373310565948,-0.0420176088809967,0.9900085926055908,0.0534972548484802,-0.0051123797893524,-0.6272083520889282,0.9953874945640564,-0.0758985877037048,0.0013092458248138,-0.6910679936408997,0.959626078605652,0.1372188925743103,0.2469594776630401,0.9952559471130372,-0.130288541316986,0.2429099977016449,0.992820143699646,0.1414858251857114,0.0534383282003526,-0.0280070131871758,0.0001349602715444,0.0,0.0,0.0,0,0,1,1.0
crossover_11_05_02_fps30.mp4,215,0.1396242529153823,-0.0748274555650808,0.0548015513071199,0.0754823982715606,-0.0427274405956268,0.9953956604003906,-0.0769758820533752,-0.044238269329071,0.9909634590148926,0.0539036095142364,-0.0049256682395935,-0.6362443566322327,0.9957013726234436,-0.0758891105651855,-0.0031858682632446,-0.7046906352043152,0.963630735874176,0.1370957791805267,0.2470406293869018,0.9952836632728576,-0.130552738904953,0.2433392405509948,0.9929749965667723,0.1419120427280106,0.0579971373411545,6.723970901667542e-05,-0.0001193585032123,0.0,0.0,0.0,0,0,1,1.0
crossover_11_05_02_fps30.mp4,216,0.1397318243980407,-0.0750139976962138,0.0367820025944127,0.074905127286911,-0.0428122282028198,0.9957654476165771,-0.0775395631790161,-0.0467139780521392,0.9918144345283508,0.0550548732280731,-0.0050762593746185,-0.6666485667228699,0.9960843920707704,-0.0756982266902923,-0.0154024064540863,-0.721969723701477,0.9672174453735352,0.1365279853343963,0.2469337284564972,0.9954276084899902,-0.1312466561794281,0.2439077794551849,0.993322253227234,0.1366383009210333,0.0521888945759288,-0.0180195487127071,-0.000186542131133,0.0,0.0,0.0,0,0,1,1.0
crossover_11_05_02_fps30.mp4,217,0.1395122110843658,-0.0751080266499923,0.028567349038473,0.0746370553970336,-0.0429881811141967,0.9961049556732178,-0.0774750113487243,-0.0536254346370697,0.9925910830497742,0.0557243227958679,-0.0051652789115905,-0.6777331829071045,0.9964296221733092,-0.0759301483631134,-0.0265091061592102,-0.7538110017776489,0.970461905002594,0.1362509131431579,0.2465090155601501,0.9955844879150392,-0.1316035985946655,0.2438934445381164,0.9937155842781068,0.1351110426646952,0.0550825907275029,-0.0082146535559397,-9.402895377852438e-05,0.0,0.0,0.0,0,0,1,1.0
crossover_11_05_02_fps30.mp4,218,0.139372780919075,-0.0749654493089449,0.0310821948981866,0.0741876363754272,-0.0430927574634552,0.9963991045951844,-0.0769829154014587,-0.052808791399002,0.9932765364646912,0.0560895204544067,-0.0051724910736083,-0.7223880887031555,0.9967221021652222,-0.0754827857017517,-0.0233317017555236,-0.8036611080169678,0.9733413457870485,0.1359006762504577,0.2459955215454101,0.9957597255706788,-0.1320781111717224,0.243938148021698,0.994063138961792,0.1359772310152935,0.0544163558682864,0.0025148458597136,0.0001425773410473,0.0,0.0,0.0,0,0,1,1.0
crossover_11_05_02_fps30.mp4,219,0.1389891803264618,-0.0746431635598005,0.0468577165429184,0.0737090706825256,-0.0430965423583984,0.9966089129447936,-0.0768980979919433,-0.0496978163719177,0.9938949346542358,0.0563259720802307,-0.0050466358661651,-0.705027163028717,0.9969468116760254,-0.0747441351413726,-0.0129578411579132,-0.7835264801979065,0.9759405851364136,0.1358733177185058,0.2457359731197357,0.995969295501709,-0.1321197748184204,0.2440391480922699,0.9943817853927612,0.1408792968796453,0.0598156429232505,0.0157755216447318,0.0003222857491444,0.0,0.0,0.0,0,0,1,1.0
crossover_11_05_02_fps30.mp4,220,0.1388071775436401,-0.0746875701314311,0.0467756678418415,0.0732514560222625,-0.0431695580482482,0.9968231916427612,-0.0767136812210083,-0.0486962795257568,0.9944570064544678,0.0562918484210968,-0.0049751996994018,-0.7100544571876526,0.9971724152565002,-0.0743428766727447,-0.0093725323677062,-0.7810681462287903,0.9782862067222596,0.1358234584331512,0.2455835342407226,0.9961960911750792,-0.1322114467620849,0.2442289590835571,0.9947015643119812,0.1408323839733945,0.0561492582350998,-8.204870107697548e-05,-4.440657163068407e-05,0.0,0.0,0.0,0,0,1,1.0
crossover_11_05_02_fps30.mp4,221,0.1382686346769333,-0.074527423058526,0.0758599089413154,0.072901964187622,-0.0431495308876037,0.9968166947364808,-0.0765189230442047,-0.0434561669826507,0.994929015636444,0.056226372718811,-0.0046820640563964,-0.6429775357246399,0.997215747833252,-0.074100911617279,0.0104245543479919,-0.6909045577049255,0.9803498387336732,0.1359057426452636,0.2455780506134033,0.996320366859436,-0.1321242451667785,0.2443008422851562,0.99491286277771,0.1535694127244931,0.0654367445917314,0.0290842410994739,0.0001601470729051,0.0,0.0,0.0,0,0,1,1.0
crossover_11_05_02_fps30.mp4,222,0.1377357840538025,-0.0736570681555796,0.1162333361986206,0.0733329057693481,-0.0440807044506073,0.9950107336044312,-0.0751140117645263,-0.0320192277431488,0.9948541522026062,0.0578119158744812,-0.0051795542240142,-0.5571145415306091,0.995597779750824,-0.0755212903022766,0.0475512444972991,-0.4144039750099182,0.9812917709350586,0.1372501254081726,0.2449460327625274,0.995887279510498,-0.1308155059814453,0.2436761558055877,0.9940537810325624,0.1789558150010084,0.0687073871187149,0.0403734272573051,0.0008703549029463,0.0,0.0,0.0,0,0,0,1.0
crossover_11_05_02_fps30.mp4,223,0.1377390176057815,-0.0744920669975927,0.177624410536231,0.0734848380088806,-0.0440818965435028,0.9944498538970948,-0.0744625926017761,-0.0263858437538146,0.9952749609947203,0.058073341846466,-0.0051738023757934,-0.5609540343284607,0.9954096674919128,-0.078768253326416,0.0675868988037109,-0.4329371452331543,0.9829971194267272,0.1375125646591186,0.244911789894104,0.9958742260932922,-0.1307905614376068,0.2438724040985107,0.9940304756164552,0.2258069402516722,0.1101205691857943,0.0613910743376103,-0.0008349988420131,0.0,0.0,0.0,0,0,0,1.0
crossover_11_05_02_fps30.mp4,224,0.1364566534757614,-0.076272151025675,0.2524919159528686,0.0733563899993896,-0.0431792736053466,0.9898226857185364,-0.0744600296020507,-0.0210445821285247,0.995585799217224,0.0579746961593627,-0.0040097534656524,-0.4603074491024017,0.983623206615448,-0.0817698538303375,0.082691341638565,-0.4357061982154846,0.9842997789382936,0.1374970078468322,0.2458057105541229,0.9960538744926452,-0.1308305561542511,0.2457448542118072,0.994398832321167,0.2895087604781782,0.16988955169049,0.0748675054166375,-0.0017800840280823,0.0,0.0,0.0,0,0,0,1.0
crossover_11_05_02_fps30.mp4,225,0.1365245878696441,-0.0762933445178856,0.252733862545432,0.073277860879898,-0.0429714322090148,0.9824307560920716,-0.0744639933109283,-0.0196177065372467,0.995841383934021,0.0580383241176605,-0.0018312036991119,-0.32326540350914,0.955277383327484,-0.0828971266746521,0.0852288901805877,-0.4374722838401794,0.9853771924972534,0.1374703347682953,0.2460369169712066,0.9962005615234376,-0.1308543086051941,0.2462938129901886,0.994743287563324,0.2878339280739837,0.1676350968792671,0.0002419465925634,-2.1193492210525026e-05,0.0,0.0,0.0,0,0,0,1.0
crossover_11_05_02_fps30.mp4,226,0.1368600577116012,-0.0792670142852653,0.2746032768633307,0.0733246803283691,-0.0428850352764129,0.9718223810195924,-0.0744739472866058,-0.0192717611789703,0.9960804581642152,0.0579543113708496,-0.0003726780414581,-0.286420077085495,0.9157810807228088,-0.0853210687637329,0.0853779017925262,-0.4512549340724945,0.9863813519477844,0.137462317943573,0.2462120950222015,0.9961811900138856,-0.1308229267597198,0.2464899718761444,0.9948940873146056,0.3073133059120969,0.1893221966551067,0.0218694143178986,-0.0029736697673797,0.0,0.0,0.0,1,0,0,1.0
crossover_11_05_02_fps30.mp4,227,0.1367776840925216,-0.0813289599903559,0.2155360724867844,0.0735380053520202,-0.0424861907958984,0.9631224870681764,-0.0745715796947479,-0.0190008878707885,0.9961045384407043,0.0577749013900756,-0.000741422176361,-0.4011133909225464,0.8924611210823059,-0.0877219140529632,0.0890665650367736,-0.438239574432373,0.9869163632392884,0.1372554302215576,0.2468106150627136,0.9961138367652892,-0.1308203339576721,0.245936632156372,0.9947047829627992,0.2571494486649996,0.1266309842664698,-0.0590672043765463,-0.0020619457050905,0.0,0.0,0.0,0,0,0,1.0
crossover_11_05_02_fps30.mp4,228,0.137109950184822,-0.0844561341455427,0.1634286384756972,0.0743810832500457,-0.0424543321132659,0.9511986970901488,-0.0743781328201294,-0.0197053849697113,0.9956490993499756,0.0576538145542144,-0.0044902265071868,-0.4516699910163879,0.8701716661453247,-0.0900229513645172,0.0805877149105072,-0.4423555433750152,0.986534297466278,0.1371494233608245,0.2473940551280975,0.9959192872047424,-0.1308764815330505,0.2461840212345123,0.993871808052063,0.2199817781921668,0.0830277548238125,-0.0521074340110871,-0.0031271741551867,0.0,0.0,0.0,0,0,0,1.0
crossover_11_05_02_fps30.mp4,229,0.1391550898551941,-0.0885328192832106,0.1236623854171938,0.0749216377735138,-0.0431248843669891,0.9322794675827026,-0.0753104984760284,-0.0207271575927734,0.9922190308570862,0.0579385459423065,-0.0077269673347473,-0.5276260375976562,0.8319326639175415,-0.0930560827255249,0.0745618939399719,-0.4417461454868316,0.9740414023399352,0.1359943449497223,0.2472795844078064,0.995316445827484,-0.1321753561496734,0.2460159659385681,0.9924548864364624,0.1967664169709884,0.0493083986301859,-0.0397662530585033,-0.0040766851376679,0.0,0.0,0.0,0,0,1,1.0
crossover_11_05_02_fps30.mp4,230,0.140291541814804,-0.0892755239696825,0.1236180870998197,0.0750489234924316,-0.0434634983539581,0.906396746635437,-0.0759289562702179,-0.0213038623332977,0.9889079332351683,0.0578702688217163,-0.0084511339664459,-0.5144839286804199,0.7763386368751526,-0.0941559970378875,0.0720470249652862,-0.4524039030075073,0.960802674293518,0.1352616548538208,0.2471958696842193,0.9951298236846924,-0.1329904496669769,0.2459309995174408,0.991784930229187,0.1977224405303035,0.0518014813210335,-4.429831737418066e-05,-0.0007427046864719,0.0,0.0,0.0,0,0,1,1.0
crossover_11_05_02_fps30.mp4,231,0.1402148455381393,-0.0927116371817508,0.091484687822621,0.0763375163078308,-0.0419951379299163,0.9110918641090392,-0.0761356651782989,-0.0254493057727813,0.983696699142456,0.0595797300338745,-0.0140665471553802,-0.585087239742279,0.7925847172737122,-0.0941982567310333,0.0658752024173736,-0.4271368682384491,0.9372370839118958,0.1347717642784118,0.2490846216678619,0.9949199557304382,-0.1332661509513855,0.2463539540767669,0.9910678267478944,0.1852936149298882,0.0256525979270305,-0.0321333992771986,-0.0034361132120682,0.0,0.0,0.0,0,0,1,1.0
crossover_11_05_02_fps30.mp4,232,0.140756145119667,-0.095330341488628,0.06700921872767,0.0780287683010101,-0.0404998064041137,0.919687569141388,-0.0763390958309173,-0.0303929448127746,0.9791050553321838,0.060954064130783,-0.0218589305877685,-0.6367585062980652,0.8131166696548462,-0.0941013693809509,0.0595390796661376,-0.4033679962158203,0.9021965265274048,0.1340470612049102,0.2511614561080932,0.99522203207016,-0.1338530480861663,0.248105764389038,0.9915550947189332,0.1797842134409017,0.0075705581062481,-0.024475469094951,-0.0026187043068772,0.0,0.0,0.0,0,0,1,1.0
crossover_11_05_02_fps30.mp4,233,0.1422328203916549,-0.0977685431302604,0.0475608373560556,0.0786900520324707,-0.0422502756118774,0.9273307919502258,-0.0762231945991516,-0.0354978740215301,0.9756321310997008,0.0644360780715942,-0.0287243425846099,-0.6652389168739319,0.8315728306770325,-0.0944066941738128,0.0384899079799652,-0.4803610444068908,0.8700810670852661,0.1333205699920654,0.252484530210495,0.9953147768974304,-0.134543627500534,0.249364823102951,0.9917765259742736,0.1792477832995903,0.0096738714148983,-0.0194483813716144,-0.0024382016416323,0.0,0.0,0.0,0,0,1,1.0
crossover_11_05_02_fps30.mp4,234,0.1435765624046325,-0.0991065834538411,0.0341102716399401,0.0751774609088897,-0.040587306022644,0.9342994689941406,-0.0770360231399536,-0.0396566092967987,0.9740699529647828,0.0657412707805633,-0.0321711301803588,-0.6948557496070862,0.848267138004303,-0.0952349305152893,0.0240916013717651,-0.4989751279354095,0.8495439291000366,0.1326169073581695,0.2538092136383056,0.9954428672790528,-0.135368138551712,0.2509225010871887,0.992110550403595,0.1776739690358478,0.0107407378898756,-0.0134505657161154,-0.0013380403235807,0.0,0.0,0.0,0,0,1,1.0
crossover_11_05_02_fps30.mp4,235,0.1438799947500229,-0.0996522793325327,0.0350837738048739,0.0729372799396514,-0.0490539073944091,0.9404211044311525,-0.0775714218616485,-0.0409165322780609,0.9721059799194336,0.0653413832187652,-0.0339534282684326,-0.6931400299072266,0.8632063865661621,-0.0959226191043853,0.0216998159885406,-0.5113632082939148,0.8293141722679138,0.1320741474628448,0.2549403607845306,0.9954763650894164,-0.1359212100505828,0.252151221036911,0.9923167824745178,0.1788548124938274,0.0138939084582709,0.0009735021649337,-0.0005456958786916,0.0,0.0,0.0,0,0,1,1.0
crossover_11_05_02_fps30.mp4,236,0.1443727910518646,-0.1012372029029716,0.0272223798240103,0.0699826478958129,-0.0426605343818664,0.9459296464920044,-0.0778645575046539,-0.0441877245903015,0.9727216958999634,0.0659968256950378,-0.0354203879833221,-0.6793586611747742,0.876669704914093,-0.0960782468318939,0.0168725848197937,-0.5468470454216003,0.8313289284706116,0.1318128108978271,0.2564318776130676,0.9955874681472778,-0.1359921991825103,0.2533911466598511,0.9926422834396362,0.1785814567072495,0.0115643021567501,-0.0078613939808636,-0.0015849235704389,0.0,0.0,0.0,0,0,1,1.0
crossover_11_05_02_fps30.mp4,237,0.1458594650030136,-0.1027506625248214,0.0202822907668788,0.0628829896450042,-0.0610314607620239,0.9487112760543824,-0.0778679847717285,-0.0491080582141876,0.9698019623756408,0.0662925541400909,-0.042597621679306,-0.6422485113143921,0.8873584270477295,-0.0963881015777587,-0.0002354085445404,-0.5180556178092957,0.8156375288963318,0.1318514049053192,0.2566284239292145,0.9954134225845336,-0.1358912587165832,0.253848522901535,0.9927347302436828,0.1803593426736202,0.0214815773824665,-0.0069400890571315,-0.0015134596218497,0.0,0.0,0.0,0,0,1,1.0
crossover_11_05_02_fps30.mp4,238,0.1477501541376114,-0.1038258515172085,0.0155445770519535,0.060428649187088,-0.0641791224479675,0.9535194635391236,-0.0778393149375915,-0.0538804829120636,0.962155282497406,0.0659726560115814,-0.0479618310928344,-0.6768339276313782,0.8985050916671753,-0.0961121320724487,-0.0130303502082824,-0.2333614528179168,0.7996184825897217,0.1318969428539276,0.2564961910247803,0.9957459568977356,-0.1357668042182922,0.2538112998008728,0.9932815432548524,0.1812859537704368,0.0295977690983669,-0.0047377137149252,-0.0010751889923871,0.0,0.0,0.0,0,0,1,1.0
crossover_11_05_02_fps30.mp4,239,0.148944154381752,-0.1036409697290194,0.0126830109735814,0.0610939264297485,-0.062550276517868,0.9579826593399048,-0.0777316987514495,-0.0549171566963195,0.9593441486358644,0.0658473372459411,-0.0460479855537414,-0.7470561861991882,0.9085766673088074,-0.0958170890808105,-0.0086949467658996,-0.280803918838501,0.7804794311523438,0.132038414478302,0.2565666437149048,0.9960408806800842,-0.1355815231800079,0.2539557814598083,0.9937095642089844,0.1793756286520855,0.0227646696771215,-0.002861566078372,0.0001848817881891,0.0,0.0,0.0,0,0,1,1.0
crossover_11_05_02_fps30.mp4,240,0.1493686139583587,-0.1035755824234526,0.0127612138666757,0.0614721775054931,-0.0619753003120422,0.9620057344436646,-0.0777928829193115,-0.0545384287834167,0.9575490355491638,0.065807819366455,-0.0456815958023071,-0.74549800157547,0.917641580104828,-0.0957469940185546,-0.0068496167659759,-0.3870376348495483,0.7661307454109192,0.1321250200271606,0.2565988600254059,0.9963011145591736,-0.1354904770851135,0.2540332376956939,0.9941017031669616,0.1791823060570609,0.021115668933658,7.820289309423689e-05,6.538730556682193e-05,0.0,0.0,0.0,0,0,1,1.0
crossover_11_05_02_fps30.mp4,241,0.1499303430318832,-0.1033186388217796,0.0113519552277355,0.0621750056743621,-0.0587970614433288,0.9651928544044496,-0.0776288509368896,-0.059715062379837,0.9550292491912842,0.0666419565677642,-0.0456340909004211,-0.6971584558486938,0.9255725741386414,-0.0959455370903015,-0.0231145620346069,-0.5046603679656982,0.76700359582901,0.1323019564151764,0.2569512724876404,0.9962831139564514,-0.1353097856044769,0.2544227242469787,0.9942262768745422,0.1792596257903286,0.0352463252175043,-0.0014092586389401,0.0002569436016729,0.0,0.0,0.0,0,0,1,1.0
crossover_11_05_02_fps30.mp4,242,0.1505415141582489,-0.1020979120569713,0.0108288994649561,0.0625599920749664,-0.0561921000480651,0.9676531553268432,-0.0777527987957,-0.0606642961502075,0.9516798853874208,0.0666349232196807,-0.0467347800731658,-0.6860989928245544,0.9323326945304872,-0.096636027097702,-0.0233089923858642,-0.583774745464325,0.7584261298179626,0.132450670003891,0.2569995522499084,0.9961827993392944,-0.1352014243602752,0.2544988989830017,0.99424809217453,0.17828165049288,0.0345720674436256,-0.0005230557627794,0.0012207267648082,0.0,0.0,0.0,0,0,1,1.0
crossover_11_05_02_fps30.mp4,243,0.1515682935714721,-0.0995708098856069,0.010278191217562,0.0628880560398101,-0.0543550550937652,0.9706300497055054,-0.0777639746665954,-0.0640087127685546,0.9471524357795716,0.0666323602199554,-0.0488900244235992,-0.736896276473999,0.9389880299568176,-0.096119225025177,-0.0289623141288757,-0.3874875009059906,0.7478334903717041,0.1325561702251434,0.2569749355316162,0.9964035153388976,-0.135173887014389,0.2545377612113952,0.994548797607422,0.1764210063889713,0.0393920131231263,-0.0005507082473941,0.0025271021713644,0.0,0.0,0.0,0,0,1,1.0
crossover_11_05_02_fps30.mp4,244,0.1521994024515152,-0.0977843600814625,0.0098586053383059,0.0645658671855926,-0.0536645948886871,0.9733365774154664,-0.0781484246253967,-0.0636821985244751,0.9476693272590636,0.0665503442287445,-0.0499416589736938,-0.7121835350990295,0.9449799060821532,-0.0958370268344879,-0.0254704356193542,-0.4341211318969726,0.7544668316841125,0.1326677501201629,0.2569660544395447,0.9964357614517212,-0.135142296552658,0.2545979619026184,0.994673788547516,0.1748770043559421,0.0353826686636664,-0.000419585879256,0.0017864498041443,0.0,0.0,0.0,0,0,1,1.0
crossover_11_05_02_fps30.mp4,245,0.1525153964757919,-0.0977653297327332,0.0098240605214746,0.0654413104057312,-0.0532735884189605,0.9758004546165466,-0.078421264886856,-0.0635573267936706,0.948310613632202,0.0664886236190795,-0.0504292547702789,-0.712753176689148,0.9503917694091796,-0.0955613851547241,-0.0246440768241882,-0.4315535426139831,0.7615211009979248,0.1327438950538635,0.2569544315338135,0.9965179562568665,-0.1351195871829986,0.2546963691711426,0.9948370456695556,0.1749566323274056,0.0345385272381787,-3.454481683129451e-05,1.903034872924314e-05,0.0,0.0,0.0,0,0,1,1.0
crossover_11_05_02_fps30.mp4,246,0.1528779417276382,-0.0955077188499903,0.0101857666562242,0.0655895769596099,-0.0527593493461608,0.9780601859092712,-0.0787374675273895,-0.0638248324394226,0.9482113718986512,0.0663447082042694,-0.052764892578125,-0.7302807569503784,0.9552939534187316,-0.0943579673767089,-0.0274963080883026,-0.3436314165592193,0.7698121070861816,0.1328243911266327,0.256807416677475,0.9966917037963868,-0.1350866258144378,0.2546254098415375,0.9950769543647766,0.1736634493536093,0.0376996112115552,0.0003617061347496,0.0022576108827429,0.0,0.0,0.0,0,0,1,1.0
crossover_11_05_02_fps30.mp4,247,0.1535920649766922,-0.0934580533181206,0.0099469487260027,0.0660607516765594,-0.0523021519184112,0.9796891808509828,-0.0799998939037323,-0.0627073049545288,0.9484155178070068,0.0658229887485504,-0.0555965602397918,-0.6713285446166992,0.9592415690422058,-0.0873457491397857,-0.0265265107154846,-0.5988044142723083,0.7606459856033325,0.1328413188457489,0.2561213374137878,0.996061146259308,-0.1351006627082824,0.253980815410614,0.9946478605270386,0.1722393739230198,0.0369820700610216,-0.0002388179302215,0.0020496655318696,0.0,0.0,0.0,0,0,1,1.0
crossover_11_05_02_fps30.mp4,248,0.1547043919563293,-0.0912124058957827,0.0095426421339919,0.066248208284378,-0.0528189837932586,0.9811626076698304,-0.0806647539138794,-0.0595239996910095,0.950345814228058,0.0655504763126373,-0.0569795072078704,-0.6403900384902954,0.9629313349723816,-0.0881458520889282,-0.0250453650951385,-0.6217978000640869,0.7740122079849243,0.1328260600566864,0.2552361190319061,0.9955891966819764,-0.135130763053894,0.2531537711620331,0.9943370819091796,0.1702932693659735,0.0347236806276741,-0.0004043065920108,0.0022456474223379,0.0,0.0,0.0,0,0,1,1.0
crossover_11_05_02_fps30.mp4,249,0.1552179008722305,-0.088711926492594,0.00978067546356,0.0661457777023315,-0.0527527034282684,0.9824087023735046,-0.0807544887065887,-0.0590602159500122,0.9525445103645324,0.0655608773231506,-0.0561664104461669,-0.6339198350906372,0.9662110209465028,-0.0906107425689697,-0.0247655808925628,-0.6061030030250549,0.788006603717804,0.1328080296516418,0.2549098432064056,0.995178759098053,-0.1351783871650695,0.2528592050075531,0.9940844178199768,0.1677769833354866,0.0345984006959117,0.0002380333295681,0.0025004794031886,0.0,0.0,0.0,0,0,1,1.0
crossover_11_05_02_fps30.mp4,250,0.1556703597307205,-0.0885649586127976,0.0094996421802334,0.0660793781280517,-0.0527597963809967,0.9834375977516174,-0.0807981193065643,-0.0590943694114685,0.9535618424415588,0.0654904246330261,-0.0560084283351898,-0.6271012425422668,0.9690752029418944,-0.0912495255470275,-0.0244535505771636,-0.6065672039985657,0.7970387935638428,0.1327535510063171,0.2545513808727264,0.9947836399078368,-0.1352453231811523,0.2525213062763214,0.9938838481903076,0.1674048040220808,0.0340591573302295,-0.0002810332833266,0.0001469678797964,0.0,0.0,0.0,0,0,1,1.0
crossover_11_05_02_fps30.mp4,251,0.1562563478946685,-0.0866764571707127,0.0101786347424112,0.0660244226455688,-0.0530844628810882,0.9842249751091005,-0.0808163583278656,-0.0586512982845306,0.9542306661605836,0.065479576587677,-0.0560675859451293,-0.6262338757514954,0.9715662002563475,-0.0921733379364013,-0.0150167644023895,-0.5596084594726562,0.7990369200706482,0.1327252388000488,0.2539476454257965,0.9944591522216796,-0.1352640390396118,0.2520039975643158,0.9937790632247924,0.1659518615878308,0.0257880560767581,0.0006789925621777,0.0018885014420848,0.0,0.0,0.0,0,0,1,1.0
crossover_11_05_02_fps30.mp4,252,0.1572756618261337,-0.0850281092069916,0.0102355147280344,0.065964788198471,-0.0538335442543029,0.9850175976753236,-0.0805927217006683,-0.0592381656169891,0.953803777694702,0.0654455721378326,-0.0565810203552246,-0.61651611328125,0.9738810658454896,-0.0924384891986846,-0.0157028138637542,-0.5762033462524414,0.8029524087905884,0.1326872408390045,0.2531066834926605,0.994056224822998,-0.135291576385498,0.25117889046669,0.9935764074325562,0.1646413621724386,0.0269761120578352,5.687998562320384e-05,0.001648347963721,0.0,0.0,0.0,0,0,1,1.0
crossover_11_05_02_fps30.mp4,253,0.1578362733125686,-0.0838554299483865,0.0101546767281323,0.0659722685813903,-0.0541971325874328,0.9858281016349792,-0.0803302228450775,-0.0592369139194488,0.9541154503822328,0.0654419064521789,-0.0568227767944335,-0.61178058385849,0.976039707660675,-0.0916897058486938,-0.0157029628753662,-0.5804539322853088,0.8085644841194153,0.1327413916587829,0.252641499042511,0.9936582446098328,-0.1352706551551818,0.2507207989692688,0.9933706521987916,0.1636327410290223,0.0270183901212961,-8.083799990210583e-05,0.0011726792586051,0.0,0.0,0.0,0,0,1,1.0
crossover_11_05_02_fps30.mp4,254,0.1585612744092941,-0.0827786337521116,0.0090509203875936,0.0659317076206207,-0.0546809136867523,0.9864493012428284,-0.0799201130867004,-0.0593030154705047,0.9547110795974731,0.0654062330722808,-0.0572292506694793,-0.6048835515975952,0.9779518246650696,-0.0898417830467224,-0.0165587961673736,-0.5920538306236267,0.8185226321220398,0.1327555477619171,0.2520923316478729,0.9931638240814208,-0.1352257430553436,0.250169962644577,0.9931077361106871,0.1623324238441532,0.0265658739736476,-0.0011037563405386,0.0010767961962748,0.0,0.0,0.0,0,0,1,1.0
crossover_11_05_02_fps30.mp4,255,0.159099206328392,-0.0827977186542446,0.0086338277270153,0.0659154653549194,-0.0550349354743957,0.9870361685752868,-0.0795912444591522,-0.0595890283584594,0.9552522897720336,0.0654164552688598,-0.0575224459171295,-0.5997635722160339,0.9797104597091676,-0.0891817808151245,-0.0169894993305206,-0.5907779335975647,0.8273406624794006,0.1327891945838928,0.2517156898975372,0.9926580786705016,-0.1351443529129028,0.249709278345108,0.9928411245346068,0.1623086377682569,0.0264066495256674,-0.0004170926605783,-1.9084902132981973e-05,0.0,0.0,0.0,0,0,1,1.0
crossover_11_05_02_fps30.mp4,256,0.1595398336648941,-0.0823725403365442,0.0084932536613649,0.0658293962478637,-0.0553323924541473,0.9875342845916748,-0.0795311033725738,-0.0598618686199188,0.9555749893188475,0.0653353929519653,-0.0577986538410186,-0.5989483594894409,0.98123961687088,-0.0875675678253173,-0.0190396904945373,-0.5961438417434692,0.8345332741737366,0.1327565908432006,0.2514519095420837,0.992193639278412,-0.1351442635059356,0.2492485046386718,0.9925978183746338,0.1619019782358059,0.0280187673622724,-0.0001405740656503,0.0004251783177003,0.0,0.0,0.0,0,0,1,1.0
crossover_11_05_02_fps30.mp4,257,0.1597798317670822,-0.0819368222002255,0.0082918066804001,0.0658086240291595,-0.055381029844284,0.9879013299942015,-0.0794165730476379,-0.0599441826343536,0.9560336470603944,0.065276950597763,-0.0579852163791656,-0.6006133556365967,0.9825581312179564,-0.0866598486900329,-0.0204964578151702,-0.6006583571434021,0.8425012230873108,0.1327457129955291,0.2513453066349029,0.9916797876358032,-0.1351490914821624,0.2489630281925201,0.9922947883605956,0.1614451569018285,0.0291731237938337,-0.0002014469809648,0.0004357181363186,0.0,0.0,0.0,0,0,1,1.0
crossover_11_05_02_fps30.mp4,258,0.1598865687847137,-0.0817680470014022,0.0082978809752115,0.0659181475639343,-0.0551863610744476,0.9882187247276306,-0.0793363749980926,-0.0599076151847839,0.9567535519599916,0.0652544498443603,-0.0585043430328369,-0.6010205149650574,0.9837260842323304,-0.0862230062484741,-0.0208073258399963,-0.5970707535743713,0.8502510190010071,0.1327452063560485,0.2512978315353393,0.9910454750061036,-0.135122925043106,0.2488262057304382,0.9919269680976868,0.161487311300869,0.0294441798263951,6.074294811364567e-06,0.0001687751988233,0.0,0.0,0.0,0,0,1,1.0
crossover_11_05_02_fps30.mp4,259,0.1599026769399643,-0.081652966798362,0.008242367825857,0.0659388899803161,-0.0549981296062469,0.9886155724525452,-0.0792705118656158,-0.0598959922790527,0.958408772945404,0.0652143955230712,-0.0595247447490692,-0.5970562100410461,0.984911859035492,-0.0860503315925598,-0.0205827355384826,-0.5921777486801147,0.8601252436637878,0.1327528953552246,0.2513104081153869,0.9904215931892396,-0.1350942850112915,0.2487896084785461,0.9916094541549684,0.1617479633936635,0.0291585905197442,-5.551314935448026e-05,0.0001150802030401,0.0,0.0,0.0,0,0,1,1.0
crossover_11_05_02_fps30.mp4,260,0.1599102467298507,-0.0816566830974514,0.0082313552135374,0.0659798383712768,-0.0548004209995269,0.9889532327651978,-0.0792174637317657,-0.0598798990249633,0.959808349609375,0.0651890635490417,-0.0601681768894195,-0.5952903032302856,0.9859573841094972,-0.0858641862869262,-0.020470917224884,-0.5898056030273438,0.8687801361083984,0.1327611207962036,0.2513086199760437,0.9898055791854858,-0.1350698471069336,0.2487585544586181,0.9913097620010376,0.1619943495930321,0.0290090249098243,-1.1012612319616366e-05,-3.716299089351338e-06,0.0,0.0,0.0,0,0,1,1.0
crossover_11_05_02_fps30.mp4,261,0.1599106937646865,-0.0816568682759495,0.0082761133589395,0.0659343302249908,-0.0547821223735809,0.989187479019165,-0.0791598558425903,-0.0598745942115783,0.9615992307662964,0.0651753842830658,-0.0608018636703491,-0.5998083353042603,0.9868484735488892,-0.0855577290058136,-0.0207594633102417,-0.5942844152450562,0.8772858381271362,0.132769376039505,0.2513108253479004,0.9894951581954956,-0.1350623667240142,0.2487434148788452,0.9912159442901612,0.1622697670609451,0.0292964405166514,4.475814540205736e-05,-1.8517849809107645e-07,0.0,0.0,0.0,0,0,1,1.0
crossover_11_05_02_fps30.mp4,262,0.1599743962287902,-0.0816779846862211,0.0081680050710352,0.0659167468547821,-0.0548401772975921,0.9893446564674376,-0.0791369974613189,-0.0599497556686401,0.9632472395896912,0.065155416727066,-0.0613757073879241,-0.5989429354667664,0.9876293540000916,-0.0855292975902557,-0.0210885405540466,-0.5932807922363281,0.8853583335876465,0.1327720582485199,0.2512518167495727,0.9891844987869264,-0.1350724399089813,0.2486627697944641,0.991118848323822,0.1624696147381717,0.0295089490324084,-0.0001081082879043,-2.1116410271582176e-05,0.0,0.0,0.0,0,0,1,1.0
crossover_11_05_02_fps30.mp4,263,0.1600845158100128,-0.0817910194396972,0.0082803364207104,0.0658914446830749,-0.0549344718456268,0.9894571304321288,-0.0791034698486328,-0.0601972639560699,0.96444571018219,0.0651319026947021,-0.0616062581539154,-0.5946838855743408,0.9883170127868652,-0.0856395065784454,-0.0219844877719879,-0.5914257764816284,0.8921439051628113,0.1327736973762512,0.2511402070522308,0.9888688921928406,-0.1350845396518707,0.2485409080982208,0.9910358786582948,0.1626975142703443,0.030508530555765,0.0001123313496752,-0.0001130347534761,0.0,0.0,0.0,0,0,1,1.0
crossover_11_05_02_fps30.mp4,264,0.1601756811141967,-0.081883159128286,0.0084209458130162,0.0658488869667053,-0.055079847574234,0.9894124269485474,-0.0790693759918212,-0.0604721903800964,0.9651283025741576,0.0651086568832397,-0.0617029666900634,-0.5974059700965881,0.9887787699699402,-0.0856600403785705,-0.0231183469295501,-0.5954837203025818,0.896722674369812,0.1327569484710693,0.2510503828525543,0.9886005520820618,-0.1351016461849212,0.2484528124332428,0.990919291973114,0.1628617729214128,0.0317646315684607,0.0001406093923057,-9.21396885888437e-05,0.0,0.0,0.0,0,0,1,1.0
crossover_11_05_02_fps30.mp4,265,0.1602384597063064,-0.0818931738198813,0.0083795345411068,0.065805584192276,-0.0552018284797668,0.989328145980835,-0.079008013010025,-0.0606583058834075,0.9658650755882264,0.0650977790355682,-0.0617742836475372,-0.598431408405304,0.9891881942749025,-0.0857118070125579,-0.0238526165485382,-0.5955651998519897,0.901503086090088,0.1327527463436126,0.250958651304245,0.9883859753608704,-0.135110467672348,0.2483934462070465,0.9908519983291626,0.16287387275987,0.0324575649629777,-4.14112719093751e-05,-1.0014691595283676e-05,0.0,0.0,0.0,0,0,1,1.0
crossover_11_05_02_fps30.mp4,266,0.1603024750947952,-0.0818868559295848,0.0083428118287063,0.0658157765865325,-0.055222064256668,0.9892580509185792,-0.0788298845291137,-0.0611791014671325,0.9662503600120544,0.0650947391986846,-0.0608419179916381,-0.5934334397315979,0.9895819425582886,-0.0857229530811309,-0.0247194766998291,-0.5951388478279114,0.906053364276886,0.1327551305294037,0.2508569359779358,0.9879358410835266,-0.1351089775562286,0.2483482956886291,0.990635871887207,0.1624503497896037,0.0332840887527392,-3.67227124005165e-05,6.317890296536621e-06,0.0,0.0,0.0,0,0,1,1.0
crossover_11_05_02_fps30.mp4,267,0.1607708185911178,-0.0819293863692526,0.0079904547551783,0.0655005276203155,-0.0552214980125427,0.9892027974128724,-0.0783682465553283,-0.0631783902645111,0.9665250778198242,0.0650769174098968,-0.0601968765258789,-0.5894970297813416,0.9899598360061646,-0.0857646763324737,-0.0253744721412658,-0.5937501788139343,0.9097729325294496,0.1327497661113739,0.2507810592651367,0.987741231918335,-0.1351102292537689,0.2483409643173217,0.9905858635902404,0.1620505029243668,0.0335846363075,-0.0003523570735279,-4.2530439667787245e-05,0.0,0.0,0.0,0,0,1,1.0
crossover_11_05_02_fps30.mp4,268,0.1616052538156509,-0.0816317479489213,0.006891795484031,0.0648900270462036,-0.0609148442745208,0.9892814755439758,-0.0783804357051849,-0.0633074939250946,0.9667108058929444,0.0654420852661132,-0.0602889955043792,-0.6015481948852539,0.9902871251106262,-0.0883313417434692,-0.0228236317634582,-0.5943746566772461,0.9086543917655944,0.1327681541442871,0.2508792281150818,0.9879953861236572,-0.1351110935211181,0.2484881281852722,0.990807831287384,0.1616909740659394,0.0304613061688558,-0.0010986592711472,0.0002976384203313,0.0,0.0,0.0,0,0,1,1.0
crossover_11_05_02_fps30.mp4,269,0.1623640060424804,-0.0813914404077045,0.0062486210974251,0.0722546577453613,-0.0621911883354187,0.9897770881652832,-0.078356385231018,-0.0631098449230194,0.9664087295532228,0.0660814046859741,-0.05984827876091,-0.6043010354042053,0.9908170700073242,-0.0884209275245666,-0.0231830775737762,-0.6066963076591492,0.9079403281211852,0.1327822804450988,0.2512700259685516,0.9873446822166444,-0.1351151168346405,0.2490096390247345,0.9904232621192932,0.1616076737376877,0.0302595204158712,-0.0006431743866058,0.0002403075412167,0.0,0.0,0.0,0,0,1,1.0
crossover_11_05_02_fps30.mp4,270,0.1627375483512878,-0.0813793396545669,0.0065522919340831,0.0746188163757324,-0.0627184510231018,0.9902304410934448,-0.0783381462097168,-0.0629995465278625,0.965900719165802,0.0665996670722961,-0.0595600605010986,-0.6054404377937317,0.991288959980011,-0.0884252786636352,-0.0234602987766265,-0.6103991270065308,0.9065332412719728,0.1327965259552002,0.251475840806961,0.9867758750915528,-0.1351484060287475,0.2493588030338287,0.9900602102279664,0.162075999384186,0.030828572099403,0.0003036708366579,1.210075313762271e-05,0.0,0.0,0.0,0,0,1,1.0
crossover_11_05_02_fps30.mp4,271,0.1644119024276733,-0.0806373589119668,0.0050737731340454,0.0776599943637847,-0.0640457868576049,0.9906445145606996,-0.0783454477787017,-0.0632827877998352,0.9621880054473876,0.0628739297389984,-0.0593297779560089,-0.5684536099433899,0.9917258024215698,-0.0883268117904663,-0.0260057151317596,-0.5805014371871948,0.8977522850036621,0.132846862077713,0.2515423595905304,0.9842563271522522,-0.1351995170116424,0.2496078908443451,0.9889658093452454,0.1573000551915666,0.0320165937669043,-0.0014785188000376,0.0007419807426,0.0,0.0,0.0,0,0,1,1.0
crossover_11_05_02_fps30.mp4,272,0.1649118214845657,-0.0796024741762775,0.0018786511770109,0.079653650522232,-0.0674876570701599,0.9911083579063416,-0.0783037841320037,-0.0636395514011383,0.9601562023162842,0.058765023946762,-0.0489202737808227,-0.5761165022850037,0.9921305179595948,-0.0872584581375122,-0.0261037349700927,-0.5841385126113892,0.8912898898124695,0.1329561173915863,0.252521812915802,0.981347382068634,-0.1352617740631103,0.2509781122207641,0.9872429370880128,0.1473977452802483,0.0290108259947955,-0.0031951219570345,0.0010348847356893,0.0,0.0,0.0,0,0,1,1.0
crossover_11_05_02_fps30.mp4,273,0.1679073274135589,-0.0788519514819323,-0.0031008524138752,0.0815917551517486,-0.0752153396606445,0.9916175007820128,-0.0786120891571044,-0.0662237405776977,0.9563679695129396,0.0571127235889434,-0.0421768724918365,-0.5496342778205872,0.9925659894943236,-0.0879472196102142,-0.0253762900829315,-0.5611027479171753,0.8750972151756287,0.132879763841629,0.2525768578052521,0.9796103239059448,-0.1355249285697937,0.2514226734638214,0.9864237308502196,0.1414684707355744,0.0240607361831127,-0.0049795035908861,0.0007505226943452,0.0,0.0,0.0,0,0,1,1.0
crossover_11_05_02_fps30.mp4,274,0.1712577193975448,-0.0783203682657015,-0.0105045603542792,0.0828886032104492,-0.0823400020599365,0.9919845461845398,-0.0787222683429718,-0.0736160576343536,0.9533151984214784,0.0543142557144165,-0.037401795387268,-0.509129524230957,0.992710828781128,-0.0883627235889434,-0.0271308422088623,-0.558196485042572,0.8690522909164429,0.1327278017997741,0.2528578042984009,0.978167712688446,-0.1356720626354217,0.2512241005897522,0.9857158064842224,0.1353344181306704,0.0194237521799029,-0.007403707940404,0.0005315832162307,0.0,0.0,0.0,0,0,1,1.0
crossover_11_05_02_fps30.mp4,275,0.172301709651947,-0.0784237650491423,-0.0103829690595952,0.0831932723522186,-0.0833779275417327,0.9923269152641296,-0.0787897706031799,-0.0787563323974609,0.948948621749878,0.0528265535831451,-0.0361300408840179,-0.5131924152374268,0.9928324818611144,-0.0883397161960601,-0.0295581519603729,-0.5556294322013855,0.8548915386199951,0.1326296031475067,0.2529819309711456,0.9771058559417723,-0.1358158886432647,0.2513386309146881,0.9852383732795716,0.1337518517576821,0.0215873510747923,0.000121591294684,-0.0001033967834407,0.0,0.0,0.0,0,0,1,1.0
crossover_11_05_02_fps30.mp4,276,0.1741260141134262,-0.0786556135799925,-0.0177466127930617,0.0848012864589691,-0.0854096412658691,0.9924839735031128,-0.0789614617824554,-0.0798332393169403,0.946759819984436,0.0507378876209259,-0.0308886170387268,-0.5139393210411072,0.9922468662261964,-0.0882386565208435,-0.0269960761070251,-0.5606011152267456,0.845147430896759,0.1324348747730255,0.2537428140640259,0.9756233096122742,-0.135898619890213,0.252084732055664,0.9841942191123962,0.130059180485751,0.0133186817516805,-0.0073636437334665,-0.0002318485308501,0.0,0.0,0.0,0,0,1,1.0
crossover_11_05_02_fps30.mp4,277,0.1758999079465866,-0.0788641565937107,-0.0247786555348372,0.0855647325515747,-0.0876941680908203,0.9923388957977296,-0.0795373916625976,-0.0795303583145141,0.9415017366409302,0.0481483340263366,-0.0253396332263946,-0.4772355854511261,0.9897752404212952,-0.0870116353034973,-0.0221644341945648,-0.5274041891098022,0.8241907358169556,0.1319293975830078,0.254919558763504,0.9744824767112732,-0.1363538801670074,0.2531693875789642,0.9834365248680116,0.1270137294526778,0.0085566092900378,-0.0070320427417754,-0.0002085430137181,0.0,0.0,0.0,0,0,1,1.0
crossover_11_05_02_fps30.mp4,278,0.1778060495853424,-0.0780890532469345,-0.028776678806398,0.0853818356990814,-0.089012861251831,0.991939902305603,-0.0800554752349853,-0.0824207365512847,0.9366604089736938,0.0466224253177642,-0.0236133933067321,-0.4174836575984955,0.9870314002037048,-0.0846112370491027,-0.02131849527359,-0.4315865337848663,0.8067222237586975,0.1315111815929412,0.2552796602249145,0.9739240407943726,-0.1367274522781372,0.2534093260765075,0.9833536148071288,0.1248183175777673,0.009907743595709,-0.0039980232715607,0.0007751033467761,0.0,0.0,0.0,0,0,1,1.0
crossover_11_05_02_fps30.mp4,279,0.179297000169754,-0.0777340276766631,-0.0342309301946221,0.083913505077362,-0.0906161367893219,0.9904605150222778,-0.0811141431331634,-0.086408644914627,0.9260199666023254,0.0452722311019897,-0.022268921136856,-0.4043084681034088,0.978714108467102,-0.083431601524353,-0.0219103991985321,-0.4325654804706573,0.7736135721206665,0.1305586695671081,0.2555004060268402,0.9733832478523254,-0.1376584470272064,0.2531141340732574,0.9831557869911194,0.1235865258004245,0.0135741604445908,-0.0054542513882241,0.0003550255702713,0.0,0.0,0.0,0,0,1,1.0
crossover_11_05_02_fps30.mp4,280,0.1800957769155502,-0.0782237243854393,-0.0342357016191249,0.0830996930599212,-0.091420441865921,0.9894299507141112,-0.0817312896251678,-0.0881191492080688,0.9197797775268556,0.0448130071163177,-0.0229271054267883,-0.4041416347026825,0.9735416769981384,-0.0827390849590301,-0.0220311880111694,-0.4364601671695709,0.7552282810211182,0.1300526559352874,0.2556798458099365,0.9733657836914062,-0.1381291449069976,0.2530255317687988,0.9830524921417236,0.1235553383973221,0.0130130178481515,-4.771424502836297e-06,-0.0004896967087761,0.0,0.0,0.0,0,0,1,1.0
crossover_11_05_02_fps30.mp4,281,0.1812005341053009,-0.0765004069118176,-0.0342656836277101,0.0823754668235778,-0.0920722186565399,0.9892310500144958,-0.0817649960517883,-0.0889963805675506,0.9179543256759644,0.0449591875076293,-0.0235093235969543,-0.4449465870857239,0.973949134349823,-0.0811387598514556,-0.0289141535758972,-0.4608638882637024,0.7563852667808533,0.1297550201416015,0.2557029128074646,0.9734491109848022,-0.1384406983852386,0.2530578374862671,0.9830306172370912,0.1219349513373741,0.0070818918297376,-2.998200858511657e-05,0.0017233174736216,0.0,0.0,0.0,0,0,1,1.0
crossover_11_05_02_fps30.mp4,282,0.1830704808235168,-0.0736095531512114,-0.0350063765921243,0.0812965631484985,-0.094598650932312,0.9897295236587524,-0.0813488066196441,-0.0896199345588684,0.9204360246658324,0.0447967648506164,-0.0287648439407348,-0.4593821465969085,0.975818932056427,-0.0774812400341034,-0.0331561565399169,-0.4529512524604797,0.7615147233009338,0.12953782081604,0.2558155655860901,0.9748295545578004,-0.1386205554008484,0.2531332373619079,0.983901858329773,0.118570708324562,0.0042910690463738,-0.0007406929644142,0.0028908537606061,0.0,0.0,0.0,0,0,1,1.0
crossover_11_05_02_fps30.mp4,283,0.1845477670431137,-0.0705658710609047,-0.0355953973967854,0.0791141986846923,-0.0960584878921508,0.9901885986328124,-0.0806551277637481,-0.0880622863769531,0.9215537905693054,0.0462299585342407,-0.0374991297721862,-0.4658487737178802,0.9776840209960938,-0.0738391280174255,-0.0333340466022491,-0.4150850474834442,0.7535483837127686,0.1293025016784668,0.2564142644405365,0.9760202169418336,-0.1388594210147857,0.2536614239215851,0.9847811460494996,0.116811343660517,0.0039784316657901,-0.0005890208046611,0.0030436820903066,0.0,0.0,0.0,0,0,1,1.0
crossover_11_05_02_fps30.mp4,284,0.1854435354471206,-0.0677278753054343,-0.037037548495502,0.0754480361938476,-0.0936762988567352,0.9909672737121582,-0.0804257690906524,-0.0866157114505767,0.925854504108429,0.0461670756340026,-0.0489156544208526,-0.51114821434021,0.9798335433006288,-0.0716088712215423,-0.0323589146137237,-0.4286200106143951,0.7636843919754028,0.1291099786758422,0.2571459412574768,0.9776707291603088,-0.139063686132431,0.2542802095413208,0.9858827590942384,0.1145126597799153,0.0060787946420791,-0.0014421510987165,0.0028379957554703,0.0,0.0,0.0,0,0,1,1.0
crossover_11_05_02_fps30.mp4,285,0.1860288679599762,-0.0678980402017043,-0.036937303223261,0.073710948228836,-0.0926261842250824,0.9916613698005676,-0.0802361369132995,-0.0860384106636047,0.930206835269928,0.0462112724781036,-0.0517804622650146,-0.5074002742767334,0.9817683696746826,-0.0713012218475341,-0.0329659581184387,-0.4454975128173828,0.7764371037483215,0.1289486587047577,0.2573164403438568,0.9793075323104858,-0.1392635107040405,0.2543431222438812,0.986937940120697,0.1150706505178318,0.0052300312863412,0.000100245272241,-0.0001701648962699,0.0,0.0,0.0,0,0,1,1.0
crossover_11_05_02_fps30.mp4,286,0.1885183006525039,-0.0656070386959334,-0.0383835719852913,0.0700200498104095,-0.0921747982501983,0.9923281073570251,-0.0805327594280242,-0.0867452621459961,0.9342841506004332,0.0466893017292022,-0.062169462442398,-0.4966410994529724,0.9835402965545654,-0.0689582824707031,-0.0369890034198761,-0.4557839035987854,0.7908205389976501,0.1285949051380157,0.2574927806854248,0.9809730648994446,-0.13962984085083,0.2545491456985473,0.988006830215454,0.1147877896717044,0.0036298286903897,-0.0014462687620303,0.0022910015057709,0.0,0.0,0.0,0,0,1,1.0
crossover_11_05_02_fps30.mp4,287,0.1911961734294891,-0.0642605449183512,-0.041533923294486,0.0684768855571746,-0.0938400328159332,0.9928698539733888,-0.0802670121192932,-0.0875910818576812,0.936996579170227,0.0503123104572296,-0.0629806816577911,-0.4862673878669739,0.9850963354110718,-0.0686891078948974,-0.0385873317718505,-0.4178270697593689,0.7947458028793335,0.1283965408802032,0.2582376897335052,0.9824547171592712,-0.1397151350975036,0.2556305229663849,0.988973081111908,0.1165628698737628,0.0053192642008555,-0.0031503513091947,0.0013464937775821,0.0,0.0,0.0,0,0,1,1.0
crossover_11_05_02_fps30.mp4,288,0.193230926990509,-0.064005571603775,-0.0464122530890674,0.0685700476169586,-0.0961081087589263,0.9933884143829346,-0.0795077681541442,-0.091033786535263,0.9396650791168212,0.0533867180347442,-0.0684053003787994,-0.4514143168926239,0.9865346550941468,-0.0681055188179016,-0.0473779737949371,-0.4438720047473907,0.8078427910804749,0.1283118426799774,0.2589054107666015,0.9839622378349304,-0.1397097110748291,0.2562183141708374,0.9898476004600524,0.1194346842238986,0.0042121471532188,-0.0048783297945813,0.0002549733145762,0.0,0.0,0.0,0,0,1,1.0
crossover_11_05_02_fps30.mp4,289,0.1953713148832321,-0.0633119932675765,-0.0522311659847817,0.0689805746078491,-0.0986926853656768,0.9937568306922911,-0.0792627930641174,-0.0913297533988952,0.94200998544693,0.0561185479164123,-0.0712006986141204,-0.4057730734348297,0.9877676963806152,-0.066500574350357,-0.0546942949295043,-0.4340361952781677,0.8196725249290466,0.128462016582489,0.2598915994167328,0.985339105129242,-0.1396400928497314,0.2573525607585907,0.9906712770462036,0.1209276533125323,0.0040291504712278,-0.0058189128957143,0.0006935783361984,0.0,0.0,0.0,0,0,1,1.0
crossover_11_05_02_fps30.mp4,290,0.1968013346195221,-0.0631823301315307,-0.0517961611108082,0.0692552924156189,-0.0991010963916778,0.99397474527359,-0.0791554450988769,-0.0923094451427459,0.943622589111328,0.0570905208587646,-0.0717148780822753,-0.4116985499858856,0.9888620972633362,-0.0656008720397949,-0.0595991313457489,-0.4424484968185425,0.8304867744445801,0.1285793781280517,0.2601152956485748,0.9865232706069946,-0.1395303308963775,0.2577539980411529,0.9913516640663148,0.1219110904352972,0.0081691914807648,0.0004350048739735,0.0001296631360458,0.0,0.0,0.0,0,0,1,1.0
crossover_11_05_02_fps30.mp4,291,0.1974441111087799,-0.0628269636024863,-0.0541956753265566,0.0699375867843627,-0.0985715687274932,0.9943863153457642,-0.0790530145168304,-0.0942136347293853,0.9468303322792052,0.0571076273918151,-0.069448322057724,-0.388059914112091,0.989907681941986,-0.066260814666748,-0.0531819462776184,-0.3416163325309753,0.8385921716690063,0.1286039352416992,0.2611088752746582,0.9876804947853088,-0.1396240592002868,0.2587464451789856,0.9920632243156432,0.1209005762983625,0.0035803602774291,-0.0023995142157484,0.0003553665290444,0.0,0.0,0.0,0,0,1,1.0
crossover_11_05_02_fps30.mp4,292,0.1984287947416305,-0.0619805190522791,-0.0546309892724199,0.0742164850234985,-0.0989479720592498,0.994781255722046,-0.0784385502338409,-0.0952180922031402,0.9494481682777404,0.0582091212272644,-0.0658456087112426,-0.3860593140125274,0.9908390641212464,-0.0663327276706695,-0.0517373383045196,-0.3862776160240173,0.8474943041801453,0.1291355490684509,0.2623339295387268,0.988740861415863,-0.1392466127872467,0.259921669960022,0.9926803112030028,0.1207117116094528,0.0052263692734078,-0.0004353139458633,0.0008464445502071,0.0,0.0,0.0,0,0,1,1.0
crossover_11_05_02_fps30.mp4,293,0.1998037993907928,-0.0608135594149767,-0.057030393146887,0.0761034786701202,-0.1005897223949432,0.995126247406006,-0.0778016746044159,-0.0967404544353485,0.9518207311630248,0.0586716830730438,-0.059690773487091,-0.3972172737121582,0.9916435480117798,-0.0660789906978607,-0.0512227416038513,-0.407033622264862,0.8546940684318542,0.1297040283679962,0.2626488208770752,0.9896445274353028,-0.1386164724826812,0.2602272033691406,0.9931615591049194,0.1195148559634977,0.0078392335747889,-0.002399403874467,0.0011669596373024,0.0,0.0,0.0,0,0,1,1.0
crossover_11_05_02_fps30.mp4,294,0.2010582834482193,-0.0604790951235819,-0.0599633395671844,0.0769309103488922,-0.1009501516819,0.9952654838562012,-0.0774491429328918,-0.0978711545467376,0.9526548981666564,0.0588313043117523,-0.0408356189727783,-0.4078957140445709,0.9921064376831056,-0.0666166543960571,-0.0506478548049926,-0.5163750052452087,0.8583430051803589,0.1300735771656036,0.262515515089035,0.99009108543396,-0.138351023197174,0.2605225145816803,0.993209183216095,0.1208339402177909,0.0111556214608498,-0.0029329464202974,0.0003344642913947,0.0,0.0,0.0,0,0,1,1.0
crossover_11_05_02_fps30.mp4,295,0.2014579772949218,-0.0602517132031715,-0.0599894247403958,0.0775737166404724,-0.1016896367073059,0.995355784893036,-0.07722207903862,-0.0992513597011566,0.9536069631576538,0.0590275526046752,-0.0361630916595459,-0.3918482363224029,0.9924529194831848,-0.0673500895500183,-0.0497564673423767,-0.4726563394069671,0.8578568696975708,0.130354642868042,0.2624468207359314,0.9905161261558532,-0.1381187736988067,0.2605020403861999,0.9932660460472108,0.1216356748644845,0.0124539296557812,-2.6085173211398693e-05,0.0002273819204103,0.0,0.0,0.0,0,0,1,1.0
crossover_11_05_02_fps30.mp4,296,0.2019411027431488,-0.0611959137148776,-0.066025970040298,0.0776347815990448,-0.1010869741439819,0.9953299164772034,-0.0771005451679229,-0.1004721522331237,0.9535444378852844,0.0607173144817352,-0.0225467085838317,-0.3400757312774658,0.9924847483634948,-0.067098468542099,-0.0553895235061645,-0.5141177177429199,0.8582503795623779,0.1306020319461822,0.2624453902244568,0.9908491969108582,-0.138004869222641,0.2606412768363952,0.9932451844215392,0.1294344675351939,0.0121644625184113,-0.0060365452999022,-0.000944200511706,0.0,0.0,0.0,0,0,1,1.0
crossover_11_05_02_fps30.mp4,297,0.2032108455896377,-0.062471310870122,-0.0683098919507934,0.0766060650348663,-0.1004409193992614,0.9952828288078308,-0.076736569404602,-0.1011949181556701,0.9513336420059204,0.0628867447376251,-0.0047291815280914,-0.2603395581245422,0.992463767528534,-0.0668195486068725,-0.0565190613269805,-0.4853837788105011,0.8484731316566467,0.1311525404453277,0.2626008689403534,0.9911442399024964,-0.1377624571323394,0.2609128057956695,0.9932627081871032,0.1405601253685074,0.012567054476477,-0.0022839219104953,-0.0012753971552444,0.0,0.0,0.0,0,0,1,1.0
crossover_11_05_02_fps30.mp4,298,0.2038690894842147,-0.0626562074079352,-0.0671193769792231,0.0750205516815185,-0.0981708168983459,0.9952940344810486,-0.0763590633869171,-0.1031972467899322,0.9481021165847778,0.0660226345062255,0.0060453116893768,-0.257912278175354,0.992458164691925,-0.066938042640686,-0.0573579967021942,-0.4762482345104217,0.8343172669410706,0.1313356757164001,0.2636328637599945,0.9915228486061096,-0.1378052234649658,0.2612868845462799,0.9932861924171448,0.1480247142349639,0.0106592053115227,0.0011905149715703,-0.0001848965378131,0.0,0.0,0.0,0,0,1,1.0
crossover_11_05_02_fps30.mp4,299,0.2051630169153213,-0.0622033738483817,-0.0678844738297346,0.0725195705890655,-0.0976790487766265,0.9952290058135986,-0.0765623450279235,-0.1043060719966888,0.9420565366744996,0.068322867155075,0.0131502449512481,-0.2362730056047439,0.9922550320625304,-0.067413717508316,-0.0581003129482269,-0.4307815134525299,0.8081350922584534,0.1310006082057953,0.2642987072467804,0.9918240308761596,-0.138241708278656,0.2612145245075226,0.9933035969734192,0.1536350390972236,0.0110850117370187,-0.0007650968505115,0.0004528335595535,0.0,0.0,0.0,0,0,1,1.0
crossover_11_05_02_fps30.mp4,300,0.2057773470878601,-0.0624348876839977,-0.0677921552483628,0.071185827255249,-0.0973261296749115,0.9951776266098022,-0.0760055482387542,-0.104981929063797,0.9364219307899476,0.0693679451942443,0.0140687525272369,-0.24058398604393,0.992152452468872,-0.0676796734333038,-0.0595997869968414,-0.4650150239467621,0.7920666337013245,0.1308505535125732,0.2644354999065399,0.991941511631012,-0.1385050117969513,0.261047214269638,0.9932684302330016,0.155155389776105,0.0097274187287615,9.23185813717642e-05,-0.000231513835616,0.0,0.0,0.0,0,0,1,1.0
crossover_11_05_02_fps30.mp4,301,0.206185907125473,-0.0612174654411057,-0.0676237299674895,0.0700286030769348,-0.0961158275604248,0.9951499104499816,-0.0755826532840728,-0.10586678981781,0.9339991211891174,0.0715875029563903,0.0185326635837554,-0.2332475632429123,0.9920837879180908,-0.06858491897583,-0.0583501160144805,-0.4375895261764526,0.781579852104187,0.1308644413948059,0.2649860680103302,0.9921720623970032,-0.138666033744812,0.261501282453537,0.9933813214302064,0.158303770583069,0.011843955730066,0.0001684252808733,0.001217422242892,0.0,0.0,0.0,0,0,1,1.0
crossover_11_05_02_fps30.mp4,302,0.2064148038625717,-0.0600664394386744,-0.0682586515822061,0.0693370401859283,-0.0955259501934051,0.9947324991226196,-0.0755918323993682,-0.1066884994506836,0.9294177293777466,0.0730109512805938,0.0166406035423278,-0.226979449391365,0.9912999868392944,-0.0688675940036773,-0.057248055934906,-0.4422644674777984,0.765482485294342,0.130874365568161,0.2658305764198303,0.9922727942466736,-0.1387930214405059,0.2619869709014892,0.9933289885520936,0.1578527017233139,0.0140958695434307,-0.0006349216147166,0.0011510260024313,0.0,0.0,0.0,0,0,1,1.0
crossover_11_05_02_fps30.mp4,303,0.2067051231861114,-0.0586414134098311,-0.0688639089828584,0.0694786608219146,-0.0951485931873321,0.9945690631866456,-0.0754807591438293,-0.1070655584335327,0.9253817796707152,0.074246734380722,0.0153954327106475,-0.2326091676950454,0.990950644016266,-0.0690703988075256,-0.053851842880249,-0.4151900112628937,0.7427873015403748,0.1308914721012115,0.2665559351444244,0.9925857186317444,-0.1387418508529663,0.2619816362857818,0.9934828877449036,0.1573495995731381,0.0182791100739187,-0.0006052574006522,0.0014250260288432,0.0,0.0,0.0,0,0,1,1.0
crossover_11_05_02_fps30.mp4,304,0.2069421261548996,-0.057247114484593,-0.0682409859285121,0.0696217715740203,-0.0947593450546264,0.9944417476654052,-0.0754717886447906,-0.1071195900440216,0.9225072860717772,0.0759207308292388,0.0144087076187133,-0.2388456165790558,0.990664541721344,-0.0692886710166931,-0.0528372824192047,-0.4119937121868133,0.7247872352600098,0.1309047043323516,0.2671681046485901,0.9928884506225586,-0.1386706233024597,0.2615818381309509,0.9936359524726868,0.1567311292276648,0.0195518072187308,0.0006229230543462,0.0013942989252381,0.0,0.0,0.0,0,0,1,1.0
crossover_11_05_02_fps30.mp4,305,0.2068442851305008,-0.0572406182854862,-0.0678938699931633,0.0697277188301086,-0.0945159494876861,0.9941560626029968,-0.0754773616790771,-0.1066978871822357,0.9184738397598268,0.0763766169548034,0.0143888592720031,-0.2438958585262298,0.990031361579895,-0.0692910254001617,-0.0524192154407501,-0.4226435124874115,0.7058863043785095,0.1309113502502441,0.267607033252716,0.9931098222732544,-0.1386227011680603,0.2612739205360412,0.9936572313308716,0.1569204036720005,0.0196131905906699,0.0003471159353488,6.496199106753586e-06,0.0,0.0,0.0,0,0,1,1.0
crossover_11_05_02_fps30.mp4,306,0.2069835811853408,-0.0565441427594524,-0.0670314698684506,0.069777637720108,-0.0945644676685333,0.9936955571174622,-0.0755852460861206,-0.1066235601902008,0.9155654311180116,0.0770793259143829,0.0144550204277038,-0.2411934733390808,0.9891972541809082,-0.0692612826824188,-0.0534212589263916,-0.4697795808315277,0.6989481449127197,0.130909115076065,0.2679139971733093,0.9931644797325134,-0.1386065185070037,0.2611542344093323,0.9934744238853456,0.1565096785544355,0.0186269559968248,0.0008624001247126,0.0006964755260338,0.0,0.0,0.0,0,0,1,1.0
crossover_11_05_02_fps30.mp4,307,0.207075297832489,-0.055293095010822,-0.066934330434334,0.069974809885025,-0.0952206552028656,0.9933568835258484,-0.0756947696208953,-0.1064227819442749,0.9128412008285522,0.0773744285106659,0.013634830713272,-0.2409901320934295,0.9885219931602478,-0.0691307485103607,-0.0535204112529754,-0.4601844251155853,0.6912075281143188,0.1309269964694976,0.2682100832462311,0.9932955503463744,-0.1385858356952667,0.2611744701862335,0.9934043288230896,0.1552161767515019,0.0192721011355096,9.713943411665538e-05,0.0012510477486303,0.0,0.0,0.0,0,0,1,1.0
crossover_11_05_02_fps30.mp4,308,0.2071966826915741,-0.0537655067645897,-0.0667690487896524,0.0700989663600921,-0.0958830714225769,0.9929598569869996,-0.0756409764289856,-0.106251448392868,0.9107201099395752,0.0774929225444793,0.0133852660655975,-0.2454026043415069,0.9877525568008424,-0.0688455998897552,-0.0540241003036499,-0.4868668913841247,0.6858116388320923,0.1309897005558014,0.2685129344463348,0.9934223294258118,-0.1385228633880615,0.2611843049526214,0.993323802947998,0.1537969097693397,0.0197444402446491,0.0001652816446816,0.0015275882462323,0.0,0.0,0.0,0,0,1,1.0
crossover_11_05_02_fps30.mp4,309,0.2073341608047485,-0.0524142054177946,-0.0658174039387121,0.0702271163463592,-0.0963512063026428,0.9925302863121032,-0.0756434500217437,-0.106522113084793,0.908669888973236,0.0777722299098968,0.013284832239151,-0.2443893402814865,0.9869763851165771,-0.0687495470046997,-0.0576299428939819,-0.5106652975082397,0.6873149275779724,0.1311101019382476,0.2689423263072967,0.993501365184784,-0.138408362865448,0.2612047493457794,0.9932056069374084,0.1523340792852001,0.0182723261551408,0.0009516448509402,0.001351301346795,0.0,0.0,0.0,0,0,1,1.0
crossover_11_05_02_fps30.mp4,310,0.2074470967054367,-0.0523375179808018,-0.065777328828486,0.0703251957893371,-0.0966714322566986,0.9921652674674988,-0.0756701231002807,-0.1067412197589874,0.9065805673599244,0.077964961528778,0.0132747888565063,-0.2443442940711975,0.986338198184967,-0.0687305331230163,-0.0593788027763366,-0.5138468742370605,0.6878311038017273,0.1311858892440796,0.2692728638648987,0.993558704853058,-0.1383371651172638,0.2612165808677673,0.993096113204956,0.1524072618900634,0.0175975021265208,4.00751102261343e-05,7.668743699279501e-05,0.0,0.0,0.0,0,0,1,1.0
crossover_11_05_02_fps30.mp4,311,0.2075219452381134,-0.0513438864279601,-0.0657588093745999,0.0704106390476226,-0.0965913236141204,0.991852879524231,-0.0756305456161499,-0.1067268848419189,0.9031298756599426,0.0781159698963165,0.0135859549045562,-0.2451952397823333,0.985807478427887,-0.0686929821968078,-0.0590749382972717,-0.5023446083068848,0.6800505518913269,0.1312268078327179,0.2693537771701813,0.9936425685882568,-0.1383070051670074,0.2611249983310699,0.9930431246757508,0.1518401989527715,0.0185920751013702,1.851945388609e-05,0.0009936315528417,0.0,0.0,0.0,0,0,1,1.0
crossover_11_05_02_fps30.mp4,312,0.2075844854116439,-0.0507825969639471,-0.065344161812852,0.0704675018787384,-0.0965799689292907,0.9915093779563904,-0.075587660074234,-0.1068302392959594,0.9006582498550415,0.0781275928020477,0.0135229229927062,-0.2373691946268081,0.9853790998458862,-0.0686871707439422,-0.0588035285472869,-0.4954687058925628,0.680160641670227,0.1312345564365387,0.2693554162979126,0.99371600151062,-0.1382957100868225,0.2608641386032104,0.9930440187454224,0.151121984142718,0.0190618374182004,0.0004146475617478,0.000561289464013,0.0,0.0,0.0,0,0,1,1.0
crossover_11_05_02_fps30.mp4,313,0.2076499909162521,-0.0499211814443943,-0.0647325784694857,0.0705219507217407,-0.0965692698955535,0.9913588762283324,-0.0755115747451782,-0.1071199774742126,0.9022618532180786,0.0780272483825683,0.013377696275711,-0.2327162474393844,0.9854006767272948,-0.0686675608158111,-0.0599130094051361,-0.5012798309326172,0.6967912912368774,0.1312860250473022,0.2691607177257538,0.9937917590141296,-0.138270616531372,0.2605428993701935,0.9931763410568236,0.1499066900306832,0.0193560064451093,0.0006115833433663,0.0008614155195527,0.0,0.0,0.0,0,0,1,1.0
crossover_11_05_02_fps30.mp4,314,0.2076848447322845,-0.0493164191811771,-0.0646301577730876,0.0704851150512695,-0.096560925245285,0.9911932945251464,-0.0754961669445037,-0.1072122156620025,0.9035378694534302,0.0780134201049804,0.0134361386299133,-0.2229250371456146,0.9854217767715454,-0.0686549544334411,-0.0605641603469848,-0.4979908168315887,0.7122459411621094,0.1313598155975341,0.2688596844673157,0.9937836527824402,-0.1382207870483398,0.2602390646934509,0.993277072906494,0.1493560665213165,0.01976135827245,0.000102420696398,0.0006047622632172,0.0,0.0,0.0,0,0,1,1.0
crossover_11_05_02_fps30.mp4,315,0.2077312767505645,-0.049305484456531,-0.0646835282081511,0.0704569220542907,-0.0965838134288787,0.9910112619400024,-0.0754865705966949,-0.107302039861679,0.904449999332428,0.0780004262924194,0.0134578049182891,-0.2189083248376846,0.9853621125221252,-0.0686466991901397,-0.0611433386802673,-0.4948292374610901,0.7263253927230835,0.1314075589179992,0.2685856521129608,0.9937903881072998,-0.138189285993576,0.2600158751010895,0.993381142616272,0.1493749070439779,0.0196625412717914,-5.337043506342676e-05,1.0934724646138871e-05,0.0,0.0,0.0,0,0,1,1.0
crossover_11_05_02_fps30.mp4,316,0.207791656255722,-0.0485485978045706,-0.063153500237116,0.0704396963119506,-0.0966522097587585,0.990812122821808,-0.0754628181457519,-0.1072679162025451,0.9035593271255492,0.0777795314788818,0.0134584009647369,-0.2172451466321945,0.9853213429450988,-0.0685372054576873,-0.0614306628704071,-0.4941903948783874,0.7338916063308716,0.1314513087272644,0.2683718502521515,0.9937214255332948,-0.1381672918796539,0.2598825991153717,0.99337637424469,0.1477436281333958,0.020062716777704,0.001530027971035,0.0007568866519604,0.0,0.0,0.0,0,0,1,1.0
crossover_11_05_02_fps30.mp4,317,0.207559198141098,-0.048042818045212,-0.0621447750707951,0.0705061554908752,-0.0969613194465637,0.9904158711433412,-0.0755503177642822,-0.1061969697475433,0.9033016562461852,0.0776386857032775,0.0129860937595367,-0.2226293981075287,0.9848440289497375,-0.0684110820293426,-0.0624325573444366,-0.509090781211853,0.7457395195960999,0.1315357685089111,0.2678097784519195,0.9935912489891052,-0.1378360986709594,0.2596243321895599,0.9933046698570251,0.1464257075642189,0.0203702969139935,0.0010087251663208,0.0005057797593585,0.0,0.0,0.0,0,0,1,1.0
crossover_11_05_02_fps30.mp4,318,0.206965833902359,-0.0476415594755593,-0.0620013324225821,0.0706898272037506,-0.0975150763988494,0.9902013540267944,-0.0759460031986236,-0.1056504845619201,0.904590904712677,0.0773902237415313,0.0120149850845336,-0.2250993400812149,0.9846720695495604,-0.0684348344802856,-0.0640032589435577,-0.5034863352775574,0.7601422071456909,0.1317158639430999,0.2662312388420105,0.9935158491134644,-0.137555181980133,0.2592453956604004,0.993259608745575,0.1452974950636099,0.0208894230465458,0.000143442648213,0.0004012585696527,0.0,0.0,0.0,0,0,1,1.0
crossover_11_05_02_fps30.mp4,319,0.2061398029327392,-0.0474941149606543,-0.0617555179247041,0.0714344680309295,-0.0976730585098266,0.990123450756073,-0.0759476125240325,-0.1047484278678894,0.903667688369751,0.0779370367527008,0.0117207169532775,-0.2303382754325866,0.9845001101493835,-0.0677982866764068,-0.0606737732887268,-0.4719299376010895,0.7578365206718445,0.1323727667331695,0.2646680474281311,0.99364972114563,-0.1369134187698364,0.258378803730011,0.9933928847312928,0.1453675717344933,0.0203329673319029,0.0002458144978779,0.000147444514905,0.0,0.0,0.0,0,0,1,1.0
crossover_11_05_02_fps30.mp4,320,0.2056808024644851,-0.0470341086387634,-0.0624746782023732,0.0719230771064758,-0.0973309874534607,0.9900574684143066,-0.0758586823940277,-0.104528933763504,0.9029704928398132,0.0782318711280822,0.0117295384407043,-0.2338539808988571,0.9843591451644896,-0.0674009323120117,-0.0592798590660095,-0.4619436860084533,0.7560379505157471,0.132830262184143,0.2639492154121399,0.9937728047370912,-0.1364449858665466,0.2580669522285461,0.9935262799263,0.1455947507795545,0.020615876790747,-0.000719160277669,0.0004600063218908,0.0,0.0,0.0,0,0,1,1.0
crossover_11_05_02_fps30.mp4,321,0.205414593219757,-0.0473892049264099,-0.0625338214199717,0.0722468197345733,-0.0967398583889007,0.9899853467941284,-0.0758377909660339,-0.1041663587093353,0.9026706218719482,0.0784635841846466,0.0118884444236755,-0.2347701042890548,0.9843090176582336,-0.0671148300170898,-0.0596809983253479,-0.464992344379425,0.7608770132064819,0.1330700814723968,0.2630478143692016,0.9938438534736632,-0.1362102627754211,0.2573961019515991,0.9935892820358276,0.1462108004913952,0.0199308525865623,-5.9143217598534026e-05,-0.0003550962876465,0.0,0.0,0.0,0,0,1,1.0
crossover_11_05_02_fps30.mp4,322,0.2056115418672561,-0.0475113813149726,-0.0637887392102218,0.0723576843738555,-0.0962706208229065,0.9899578094482422,-0.0757456719875335,-0.1044509410858154,0.9022808074951172,0.0784266889095306,0.0124668180942535,-0.2320005744695663,0.984281599521637,-0.066769927740097,-0.0624621510505676,-0.4907325208187103,0.7680346369743347,0.133305937051773,0.2628085911273956,0.9939839243888856,-0.1359836161136627,0.2576299607753753,0.9937669038772584,0.1472253631399429,0.0193041821001047,-0.00125491779025,-0.0001221763885627,0.0,0.0,0.0,0,0,1,1.0
crossover_11_05_02_fps30.mp4,323,0.2061342447996139,-0.0481019619157758,-0.0685426011318113,0.0723657310009002,-0.0962899625301361,0.9898024797439576,-0.0752111375331878,-0.1053650677204132,0.9020156860351562,0.077942281961441,0.01242196559906,-0.2221847474575042,0.984102427959442,-0.06621053814888,-0.0666994452476501,-0.5047969222068787,0.7765917778015137,0.1337693631649017,0.262633204460144,0.9940597414970398,-0.1354632377624511,0.2578175663948059,0.9938880801200868,0.1498079186174651,0.01820213605057,-0.0047538619215895,-0.0005905806008031,0.0,0.0,0.0,0,0,1,1.0
crossover_11_05_02_fps30.mp4,324,0.2070130705833435,-0.0501174045821367,-0.0824972735672462,0.072169005870819,-0.0966120362281799,0.9897480010986328,-0.0733622312545776,-0.1100002229213714,0.8932954668998718,0.0774797201156616,0.012392908334732,-0.2231344133615493,0.9836207032203674,-0.0632914900779724,-0.0678043365478515,-0.4565506279468536,0.7485921382904053,0.1340013146400451,0.262516051530838,0.9942580461502076,-0.1352038383483886,0.2582921683788299,0.994151532649994,0.1590131216363481,0.0197342070250488,-0.0139546724354348,-0.0020154426663608,0.0,0.0,0.0,0,0,1,1.0
crossover_11_05_02_fps30.mp4,325,0.2075497061014175,-0.0499457647234706,-0.0824549462737107,0.0720671713352203,-0.096910685300827,0.9896804094314576,-0.0725559890270233,-0.1122902035713195,0.8863650560379028,0.0772077739238739,0.0123577117919921,-0.2229760885238647,0.9832019209861756,-0.0623027384281158,-0.0681055188179016,-0.4522344470024109,0.7240706086158752,0.1341297924518585,0.2624316811561584,0.9944353699684144,-0.1350259482860565,0.2584131956100464,0.994378626346588,0.1586110416081605,0.0189367596870958,4.232729353553788e-05,0.000171639858666,0.0,0.0,0.0,0,0,1,1.0
crossover_11_05_02_fps30.mp4,326,0.2075404077768325,-0.0512242229308111,-0.1063620033787517,0.0722560584545135,-0.0963060855865478,0.9893427491188048,-0.0699227154254913,-0.1151438355445861,0.8793259859085083,0.0771239697933197,0.0134201347827911,-0.2240327447652816,0.9820619821548462,-0.0591917335987091,-0.0851021707057952,-0.5362252593040466,0.7058587670326233,0.1342526972293853,0.2635739147663116,0.994465947151184,-0.1348123848438263,0.2596833407878876,0.9944281578063964,0.1755591615328052,0.0227037818771493,-0.023907057105041,-0.0012784582073405,0.0,0.0,0.0,0,0,1,1.0
crossover_11_05_02_fps30.mp4,327,0.2073490917682647,-0.0502204206030247,-0.146854819466428,0.0723157525062561,-0.0957888960838317,0.9894054532051086,-0.0699480772018432,-0.1053251922130584,0.884346604347229,0.0768088698387146,0.0139232575893402,-0.2127418369054794,0.9827390909194946,-0.0573301315307617,-0.1032814979553222,-0.5270012021064758,0.7258453965187073,0.1339917778968811,0.2639353573322296,0.9944717288017272,-0.1348792016506195,0.2603761851787567,0.994495928287506,0.2049049308627841,0.0441495451503883,-0.0404928160876762,0.0010038023277864,0.0,0.0,0.0,0,0,0,1.0
crossover_11_05_02_fps30.mp4,328,0.2072330713272094,-0.0495564934560808,-0.190114847479797,0.0725933611392974,-0.0959567427635192,0.9897338151931764,-0.0695854425430297,-0.0928175449371337,0.8910146355628967,0.0765492618083953,0.0133603513240814,-0.1967875659465789,0.9839422702789308,-0.0593075454235076,-0.1085748970508575,-0.5141193866729736,0.7508235573768616,0.1337065398693084,0.264036625623703,0.9944368004798888,-0.1349264085292816,0.2605502307415008,0.99455326795578,0.2393842476837225,0.0821209262638054,-0.0432600280133689,0.0006639271469439,0.0,0.0,0.0,0,0,0,1.0
crossover_11_05_02_fps30.mp4,329,0.2057627737522125,-0.0496000108072313,-0.2281485761084207,0.0731988549232482,-0.096063882112503,0.9901053309440612,-0.0686765015125274,-0.0871216356754303,0.8992165923118591,0.0762305259704589,0.0132831931114196,-0.2304690331220626,0.9851078987121582,-0.0629952549934387,-0.1010265350341796,-0.5125413537025452,0.7753495573997498,0.1333799958229065,0.2640109062194824,0.994294285774231,-0.1351713836193084,0.2605322599411011,0.9944929480552672,0.2722547027589863,0.1278258420417763,-0.0380337286286237,-4.351735115049049e-05,0.0,0.0,0.0,0,0,0,1.0
crossover_11_05_02_fps30.mp4,330,0.2051810771226883,-0.0498209817934844,-0.2281584696071903,0.0735053420066833,-0.0962976813316345,0.9903796911239624,-0.0682605803012847,-0.0854818522930145,0.9066063165664672,0.0760233402252197,0.0130264163017272,-0.2349524497985839,0.9861229658126832,-0.0650221109390258,-0.0987734794616699,-0.508111298084259,0.7974503636360168,0.1331508159637451,0.2639595866203308,0.994152307510376,-0.1353862881660461,0.2605533003807068,0.99444979429245,0.2720421705825127,0.1302749016589759,-9.893498769619756e-06,-0.0002209709862531,0.0,0.0,0.0,0,0,0,1.0
crossover_11_05_02_fps30.mp4,331,0.2053236961364746,-0.0499911778053994,-0.2606293768417544,0.0735940635204315,-0.0962013006210327,0.9907299280166626,-0.0690611600875854,-0.0855436325073242,0.912684202194214,0.0755490958690643,0.0131152868270874,-0.2389742583036422,0.9871880412101746,-0.0674901008605957,-0.1032750010490417,-0.4918684065341949,0.8173146843910217,0.1324779093265533,0.2640717625617981,0.9939783215522766,-0.1361129283905029,0.2606647610664367,0.9943602681159972,0.301158598086501,0.1583243881693718,-0.032470907234564,-0.000170196011915,0.0,0.0,0.0,0,0,0,1.0
crossover_11_05_02_fps30.mp4,332,0.2059919238090515,-0.0491529233374838,-0.2862618316964405,0.0740579068660736,-0.0961692929267883,0.9912081956863404,-0.071317434310913,-0.0870270133018493,0.918901264667511,0.0754162371158599,0.0129035413265228,-0.2229000329971313,0.9882380962371826,-0.0676672756671905,-0.1156887710094451,-0.4839319884777069,0.835150420665741,0.1322403848171234,0.263920396566391,0.9940764904022216,-0.1363223493099212,0.2603696882724762,0.9944616556167604,0.3240638766540012,0.1715749115527031,-0.025632454854686,0.0008382544679156,0.0,0.0,0.0,0,0,0,1.0
crossover_11_05_02_fps30.mp4,333,0.2066589742898941,-0.0485846043643304,-0.305771178152503,0.0742848813533783,-0.0964181423187255,0.9915870428085328,-0.0730408728122711,-0.0884053111076355,0.9229174852371216,0.0752108395099639,0.0125142335891723,-0.1902275681495666,0.989177107810974,-0.0674014389514923,-0.126497745513916,-0.4629198610782623,0.8506304621696472,0.13210329413414,0.2636762857437134,0.9941155314445496,-0.1365118026733398,0.26004558801651,0.994479775428772,0.3415126868091454,0.1802582506125659,-0.0195093464560625,0.0005683189731533,0.0,0.0,0.0,0,0,0,1.0
crossover_11_05_02_fps30.mp4,334,0.2074588686227798,-0.0470012107137906,-0.3177366961793202,0.0744696855545044,-0.0966971218585968,0.9918862581253052,-0.0740452706813812,-0.0894144475460052,0.9265636205673218,0.074938952922821,0.011741429567337,-0.1862924695014953,0.990002989768982,-0.0650830268859863,-0.1342335343360901,-0.4552158117294311,0.8644464015960693,0.1319705247879028,0.2633984982967376,0.9940947890281676,-0.1366748809814453,0.2596975862979889,0.9944438338279724,0.3513192833495675,0.184391872062051,-0.0119655180268171,0.0015833936505398,0.0,0.0,0.0,0,0,0,1.0
crossover_11_05_02_fps30.mp4,335,0.2079665213823318,-0.0471455947827484,-0.3179294567282607,0.0745546221733093,-0.0969053506851196,0.992133617401123,-0.0748001039028167,-0.0901113152503967,0.9298874735832214,0.0747604370117187,0.0110983550548553,-0.184726282954216,0.9907298684120178,-0.0638554692268371,-0.1359404027462005,-0.451820969581604,0.8769123554229736,0.1318559050559997,0.2631884515285492,0.9940778613090516,-0.1367829144001007,0.259420782327652,0.9943917989730836,0.3508851400596202,0.1827545777079808,-0.0001927605489404,-0.0001443840689578,0.0,0.0,0.0,0,0,0,1.0
crossover_11_05_02_fps30.mp4,336,0.2087396681308746,-0.0463311450966333,-0.3237373839064342,0.0746485888957977,-0.0969574153423309,0.9923405051231384,-0.0753153860569,-0.0906786620616912,0.933747410774231,0.0744855105876922,0.0105093419551849,-0.1839394718408584,0.9913519024848938,-0.0618005990982055,-0.1383761465549469,-0.45760378241539,0.888356626033783,0.1318773925304412,0.2629365026950836,0.9941679239273072,-0.1367609500885009,0.2591424882411957,0.9944314360618592,0.3554117865799576,0.186005624429965,-0.0058079271781735,0.0008144496861151,0.0,0.0,0.0,0,0,0,1.0
crossover_11_05_02_fps30.mp4,337,0.2090816497802734,-0.0444591334310628,-0.3223817694477918,0.074641466140747,-0.0969448089599609,0.9924138784408568,-0.0751473903656005,-0.090859979391098,0.9369442462921144,0.0739392638206482,0.0091423988342285,-0.1805948615074157,0.9918376803398132,-0.0599556863307952,-0.1414231359958648,-0.4569844007492065,0.898316502571106,0.1318815350532531,0.2628516554832458,0.9942417740821838,-0.1367248296737671,0.2589704990386963,0.9944980144500732,0.3520318943318337,0.1816209519096381,0.0013556144586424,0.0018720116655705,0.0,0.0,0.0,0,0,0,1.0
crossover_11_05_02_fps30.mp4,338,0.2095400989055633,-0.0429784969758179,-0.3145453073629519,0.0748167932033538,-0.0968191623687744,0.9925743937492372,-0.074154108762741,-0.0909724831581115,0.9399807453155518,0.0732031166553497,0.0084351599216461,-0.1849746406078338,0.9923312067985536,-0.0566454529762268,-0.1393721401691436,-0.4605090618133545,0.9074362516403198,0.132061630487442,0.2628630101680755,0.9943224787712096,-0.1365087330341339,0.258845716714859,0.9945415258407592,0.3432412411021135,0.1757055041568903,0.0078364620848399,0.0014806364552449,0.0,0.0,0.0,0,0,0,1.0
crossover_11_05_02_fps30.mp4,339,0.2096712738275528,-0.0419715888419393,-0.299365683154362,0.0749323666095733,-0.0959542989730835,0.9928671717643738,-0.0718540847301483,-0.090928316116333,0.9424574971199036,0.0722029507160186,0.0082753002643585,-0.198953241109848,0.9928834438323976,-0.0538583993911743,-0.1368345320224762,-0.4653069376945495,0.9157926440238952,0.1322267949581146,0.2630773484706878,0.9944876432418824,-0.1363185942173004,0.2589370310306549,0.9946240782737732,0.328144480621127,0.1629652458449018,0.0151796242085898,0.0010069081338785,0.0,0.0,0.0,0,0,0,1.0
crossover_11_05_02_fps30.mp4,340,0.2096961736679077,-0.0418355775081505,-0.2992405855074161,0.0750055611133575,-0.0954613089561462,0.9931238889694214,-0.0706781446933746,-0.0909221172332763,0.9447619318962096,0.0716966688632965,0.0081348121166229,-0.2063428163528442,0.9933748841285706,-0.052811861038208,-0.1357725262641906,-0.4739351868629455,0.9233225584030152,0.1323483884334564,0.2632983028888702,0.9946734309196472,-0.136183887720108,0.2590053975582123,0.9947169423103333,0.3276724065750472,0.1638361534975687,0.0001250976469458,0.0001360113337888,0.0,0.0,0.0,0,0,0,1.0
crossover_11_05_02_fps30.mp4,341,0.2082359045743942,-0.0400221012406429,-0.276554247518865,0.0751790404319763,-0.0953636467456817,0.993395745754242,-0.0686276853084564,-0.0914399921894073,0.9421892762184144,0.0709263086318969,0.0081755518913269,-0.2274022549390792,0.993823230266571,-0.0500482618808746,-0.1351977288722992,-0.4885393679141998,0.9291894435882568,0.1325669884681701,0.263474702835083,0.9945314526557922,-0.1359622776508331,0.2589917182922363,0.9944193363189696,0.3055824084030579,0.1417116412333886,0.0226863379885511,0.0018134762675075,0.0,0.0,0.0,0,0,0,1.0
crossover_11_05_02_fps30.mp4,342,0.2072306871414184,-0.0383837989831374,-0.2471758605503454,0.07515349984169,-0.0954461097717285,0.9934577345848083,-0.0657343864440918,-0.0917437970638275,0.9427450299263,0.0699977576732635,0.008388727903366,-0.233496144413948,0.9941363334655762,-0.0470695793628692,-0.1325213611125946,-0.4864765107631683,0.9353200197219848,0.1327228844165802,0.2634925544261932,0.9941917061805724,-0.135809987783432,0.2588907182216644,0.9939342737197876,0.2775965069931169,0.1149830292787859,0.0293783869685195,0.0016383022575054,0.0,0.0,0.0,0,0,0,1.0
crossover_11_05_02_fps30.mp4,343,0.2118603736162185,-0.0371185046131328,-0.2130192230387431,0.0751756429672241,-0.094745934009552,0.9932345747947692,-0.0643807351589202,-0.0919664800167083,0.9462637305259703,0.0691491365432739,0.0087326169013977,-0.2036771476268768,0.9940391182899476,-0.0460788905620574,-0.1319670379161834,-0.4706527590751648,0.9412938356399536,0.1327590346336364,0.2635390758514404,0.994335114955902,-0.1357693672180175,0.2587795853614807,0.9940772652626038,0.2458997561482822,0.0815459700383493,0.0341566375116023,0.0012652943700046,0.0,0.0,0.0,0,0,1,1.0
crossover_11_05_02_fps30.mp4,344,0.2116388082504272,-0.0349850517208293,-0.1921497808723914,0.0745207667350769,-0.0949598550796508,0.9926872253417968,-0.0644525289535522,-0.0923137664794921,0.9488124847412108,0.0678855776786804,0.0080868899822235,-0.2040306031703949,0.9936478137969972,-0.0459348559379577,-0.129189908504486,-0.4808582365512848,0.9462080001831056,0.1325078010559082,0.2633545100688934,0.9943310618400574,-0.1360489130020141,0.257763534784317,0.9940297603607178,0.2251157274558814,0.0639049586571838,0.0208694421663516,0.0021334528923034,0.0,0.0,0.0,0,0,1,1.0
crossover_11_05_02_fps30.mp4,345,0.2114970833063125,-0.0351959774049661,-0.1926390179773656,0.0740522742271423,-0.0951278805732727,0.9922561049461364,-0.0645993947982788,-0.0926554799079895,0.9510591626167296,0.067182719707489,0.007688283920288,-0.2038483768701553,0.993362307548523,-0.0460347235202789,-0.1275638937950134,-0.4819332361221313,0.9506165981292723,0.1323392391204834,0.263269305229187,0.9943242073059082,-0.13625168800354,0.2571800351142883,0.9939932227134703,0.224972054949137,0.0659715863436735,-0.0004892371049741,-0.0002109256841368,0.0,0.0,0.0,0,0,1,1.0
crossover_11_05_02_fps30.mp4,346,0.2098996043205261,-0.0338909004704427,-0.1808343920765853,0.0732808411121368,-0.0950227975845336,0.9916492104530334,-0.0654169023036956,-0.0926238298416137,0.9530253410339355,0.0665729939937591,0.0077230632305145,-0.2039833515882492,0.9926049709320068,-0.0442184209823608,-0.1199854016304016,-0.4850786626338959,0.9541974067687988,0.1318450272083282,0.2634778916835785,0.9942526817321776,-0.1367727220058441,0.2571087181568146,0.9938944578170776,0.2136513703274642,0.061719181120976,0.0118046259007802,0.0013050769345234,0.0,0.0,0.0,0,0,1,1.0
crossover_11_05_02_fps30.mp4,347,0.2088253647089004,-0.0316196336584576,-0.1685336472057714,0.0728654265403747,-0.0949381589889526,0.9910774230957032,-0.0657931566238403,-0.0925395190715789,0.9547643661499025,0.0665061473846435,0.0077898204326629,-0.2222114950418472,0.9916892051696776,-0.0398613214492797,-0.115594744682312,-0.4992997646331787,0.9571712017059326,0.1316909790039062,0.2636695206165313,0.9941419959068298,-0.1369417607784271,0.2571090161800384,0.9937317371368408,0.2017885877480703,0.0535766070037075,0.0123007448708138,0.002271266811985,0.0,0.0,0.0,0,0,1,1.0
crossover_11_05_02_fps30.mp4,348,0.2082981169223785,-0.031050316155967,-0.1603035447074146,0.0725947618484497,-0.0948024094104766,0.9906290769577026,-0.0659591555595398,-0.0930406153202056,0.9554980397224426,0.0665702819824218,0.0076430439949035,-0.2266789823770523,0.9907156825065612,-0.0403436422348022,-0.1112193763256073,-0.5045419335365295,0.9584762454032898,0.1316750645637512,0.2641122341156006,0.9940927028656006,-0.1369643807411193,0.2574887275695801,0.9936306476593018,0.1942571435948816,0.0499561957653019,0.0082301024983568,0.0005693175024905,0.0,0.0,0.0,0,0,1,1.0
crossover_11_05_02_fps30.mp4,349,0.207930713891983,-0.0310759391825078,-0.1599567490379985,0.072387009859085,-0.0947809219360351,0.9902135133743286,-0.0660904645919799,-0.0934151709079742,0.9561336040496826,0.0666466057300567,0.0075156390666961,-0.2277783900499344,0.9898187518119812,-0.040439635515213,-0.1096187233924865,-0.5046470761299133,0.9596114158630372,0.1316626965999603,0.2644337713718414,0.9940615892410278,-0.1369771659374237,0.2577448785305023,0.99354487657547,0.1938986760183722,0.0512015198495057,0.000346795669416,-2.562302654074422e-05,0.0,0.0,0.0,0,0,1,1.0
crossover_11_05_02_fps30.mp4,350,0.2070049941539764,-0.0308276341123096,-0.153033063905995,0.0721921026706695,-0.0939500927925109,0.989918053150177,-0.066214770078659,-0.093595951795578,0.9562135934829712,0.0667934119701385,0.0079325139522552,-0.2271510511636734,0.9890792965888976,-0.0397903621196746,-0.1068520545959472,-0.5047667026519775,0.959366738796234,0.1316294372081756,0.2654218375682831,0.993976891040802,-0.1370161473751068,0.258677989244461,0.9934314489364624,0.1882545773506501,0.0470427052180115,0.0069236851320034,0.0002483050701982,0.0,0.0,0.0,0,0,1,1.0
crossover_11_05_02_fps30.mp4,351,0.2067833095788955,-0.030456717943741,-0.1463276418243966,0.0721169114112854,-0.0937627851963043,0.9896385669708252,-0.066370278596878,-0.0931969881057739,0.955397605895996,0.0669669508934021,0.0082764029502868,-0.2263137251138687,0.9883509874343872,-0.0399807691574096,-0.1046277284622192,-0.5019826889038086,0.957672953605652,0.131606638431549,0.2659463286399841,0.9939678907394408,-0.1370353102684021,0.2591720223426819,0.9933789372444152,0.1827396560968135,0.0427737106869825,0.0067054220815984,0.0003709161685685,0.0,0.0,0.0,0,0,1,1.0
crossover_11_05_02_fps30.mp4,352,0.2069217711687088,-0.0313340629561472,-0.1441631033653166,0.0720943808555603,-0.0937913358211517,0.989597737789154,-0.0665179193019867,-0.0930558741092681,0.9541090726852416,0.0670965313911438,0.0084196031093597,-0.2304843962192535,0.9879029393196106,-0.039915919303894,-0.1023505330085754,-0.501224160194397,0.9548792839050292,0.1316033005714416,0.2661245167255401,0.994051456451416,-0.1370470523834228,0.2593376338481903,0.9934310913085938,0.181576607024964,0.0426841808895379,0.00216453845908,-0.0008773450124062,0.0,0.0,0.0,0,0,1,1.0
crossover_11_05_02_fps30.mp4,353,0.2068636268377304,-0.0319620916398905,-0.1442539290684025,0.0720418095588684,-0.0939684808254242,0.9894767999649048,-0.0666023790836334,-0.0929979681968689,0.9534356594085692,0.0671778917312622,0.0084843039512634,-0.2321891635656356,0.9874210357666016,-0.040130078792572,-0.1012789011001586,-0.50372314453125,0.9535287022590636,0.1315762400627136,0.2663442492485046,0.9940263628959656,-0.1370856165885925,0.2595444321632385,0.993403434753418,0.1820925702185628,0.0437443601278806,-9.08257030859394e-05,-0.0006280286837432,0.0,0.0,0.0,0,0,1,1.0
crossover_11_05_02_fps30.mp4,354,0.2068415880203247,-0.0319929058268918,-0.1440827301362665,0.0720106959342956,-0.0940107107162475,0.9893823266029358,-0.0666743218898773,-0.0929576456546783,0.9528726935386658,0.0672782659530639,0.0085061490535736,-0.2327228337526321,0.9870051741600036,-0.0403250455856323,-0.1006617546081543,-0.5037227272987366,0.9523915648460388,0.1315536499023437,0.2664948403835296,0.9939895272254944,-0.1371111571788787,0.2596983015537262,0.9933767914772034,0.1820388189342513,0.0442131843319626,0.000171198932136,-3.081418700134897e-05,0.0,0.0,0.0,0,0,1,1.0
crossover_11_05_02_fps30.mp4,355,0.2068421244621276,-0.0322443378173699,-0.1437150180339813,0.0719617009162902,-0.0941589772701263,0.9892424941062928,-0.0668647289276123,-0.0929140746593475,0.9520298838615416,0.0672745108604431,0.0082946121692657,-0.2346270829439163,0.9865393042564392,-0.0404101014137268,-0.1001882851123809,-0.505066990852356,0.9508678317070008,0.1315304636955261,0.2664592564105987,0.9939600229263306,-0.1371332705020904,0.259708434343338,0.9933807849884032,0.1816890996088796,0.0442860720084759,0.0003677121022852,-0.000251431990478,0.0,0.0,0.0,0,0,1,1.0
crossover_11_05_02_fps30.mp4,356,0.2067582756280899,-0.03336808701693,-0.1437049304566732,0.0718090534210205,-0.0943652689456939,0.9891443848609924,-0.0670155882835388,-0.0928424596786499,0.9515500664711,0.0673543214797973,0.0080761313438415,-0.2344289720058441,0.9862399101257324,-0.0410186052322387,-0.1002583503723144,-0.5046784281730652,0.9501946568489076,0.1315318346023559,0.2664781212806701,0.9938900470733644,-0.1371337473392486,0.259770929813385,0.9933649897575378,0.1821606277291372,0.044115028618254,1.0087577308137696e-05,-0.0011237491995601,0.0,0.0,0.0,0,0,1,1.0
crossover_11_05_02_fps30.mp4,357,0.2066163569688797,-0.034404578956507,-0.1438241191026641,0.0716741979122161,-0.0943559110164642,0.9890711307525636,-0.0671779811382293,-0.0925660729408264,0.9509567618370056,0.0673557817935943,0.0082150697708129,-0.2348836660385131,0.9860289096832277,-0.0421584844589233,-0.1005210578441619,-0.5080220103263855,0.9497326016426086,0.1315190494060516,0.2666164040565491,0.9938195943832396,-0.1371515691280365,0.2599839568138122,0.9933695793151855,0.1829510480245894,0.0439917965636548,-0.0001191886459909,-0.001036491939577,0.0,0.0,0.0,0,0,1,1.0
crossover_11_05_02_fps30.mp4,358,0.2063663452863693,-0.0355106578034869,-0.1443188984219621,0.0715367197990417,-0.0943817496299743,0.9890015721321106,-0.067350685596466,-0.0920770764350891,0.950798273086548,0.0673491954803466,0.0084864497184753,-0.2344243228435516,0.9858587980270386,-0.0428862869739532,-0.1011453568935394,-0.5078374743461609,0.9499495029449464,0.1314883828163147,0.2668465375900268,0.9936908483505248,-0.1371874511241912,0.2603035569190979,0.9933400750160216,0.1841999561289092,0.0437990250321473,-0.0004947793192979,-0.0011060788469798,0.0,0.0,0.0,0,0,1,1.0
crossover_11_05_02_fps30.mp4,359,0.2062201201915741,-0.0355358541011809,-0.1441588531180125,0.0714699923992157,-0.09437096118927,0.9889092445373536,-0.0674808919429779,-0.0917592048645019,0.9504576921463012,0.0673615634441375,0.008651465177536,-0.2348024845123291,0.9856099486351012,-0.0433358252048492,-0.1015473902225494,-0.508116602897644,0.9498565196990968,0.131466656923294,0.2670007646083832,0.9935656785964966,-0.1372108161449432,0.2604921162128448,0.9933040738105774,0.1842250577828176,0.0433194681328094,0.0001600453039495,-2.5196297694041192e-05,0.0,0.0,0.0,0,0,1,1.0
crossover_11_05_02_fps30.mp4,360,0.2060498595237732,-0.0365452059244705,-0.1437772380142677,0.0714343786239624,-0.0943892300128936,0.988759994506836,-0.067524641752243,-0.0914020538330078,0.950602889060974,0.0673736929893493,0.0087344944477081,-0.2343314439058303,0.98537278175354,-0.0441227257251739,-0.1027325093746185,-0.5075576901435852,0.95075786113739,0.131461501121521,0.2670967876911163,0.9933805465698242,-0.1372217535972595,0.2605868875980377,0.993195652961731,0.184550714141165,0.0417383343634181,0.0003816151037448,-0.0010093518232895,0.0,0.0,0.0,0,0,1,1.0
crossover_11_05_02_fps30.mp4,361,0.2058433145284652,-0.0372711181640624,-0.1432175140555311,0.0713980197906494,-0.0943725705146789,0.9886890649795532,-0.0675805509090423,-0.0912730693817138,0.951245665550232,0.067377746105194,0.0088005363941192,-0.2339256405830383,0.9853187799453736,-0.0441422760486602,-0.1042277812957763,-0.50658118724823,0.9522530436515808,0.1314570903778076,0.2671744525432586,0.9931733012199402,-0.1372395753860473,0.2606526911258697,0.9930534958839417,0.1845558789509501,0.0395905553301815,0.0005597239587365,-0.0007259122395919,0.0,0.0,0.0,0,0,1,1.0
crossover_11_05_02_fps30.mp4,362,0.2056676298379898,-0.0380405526039964,-0.1423655293336728,0.0713479816913604,-0.0943676829338073,0.9886280298233032,-0.0676397681236267,-0.0912619531154632,0.9503536224365234,0.067368596792221,0.0088362395763397,-0.2296388745307922,0.9852553606033324,-0.0446642637252807,-0.1046095192432403,-0.5048245787620544,0.9516335725784302,0.1314513385295868,0.2672574818134308,0.9929936528205872,-0.1372607350349426,0.260718435049057,0.9929274320602416,0.1843178333692943,0.038332621185709,0.0008519847218583,-0.0007694344399339,0.0,0.0,0.0,0,0,1,1.0
crossover_11_05_02_fps30.mp4,363,0.2056070864200592,-0.0384882509708404,-0.1414105110052155,0.071321040391922,-0.0943717658519744,0.9885717630386353,-0.0676831305027008,-0.0917081236839294,0.9486756920814514,0.0673615634441375,0.008793830871582,-0.2233881056308746,0.9852019548416138,-0.0456421971321105,-0.1046473383903503,-0.5002732872962952,0.9499180912971495,0.1314525306224823,0.2672995924949646,0.9928746819496156,-0.1372746229171753,0.260728120803833,0.992851734161377,0.1837539864338381,0.0374527676732805,0.0009550183284573,-0.0004476983668439,0.0,0.0,0.0,0,0,1,1.0
crossover_11_05_02_fps30.mp4,364,0.2055571675300598,-0.038541920811443,-0.1413810032169993,0.0712867677211761,-0.0943793952465057,0.9885163903236388,-0.0677160620689392,-0.0919678807258606,0.9470787644386292,0.0673500597476959,0.0087562203407287,-0.2209514081478119,0.9851592779159546,-0.0461734235286712,-0.1046443581581115,-0.4972126185894012,0.948395609855652,0.131450206041336,0.2673344612121582,0.9927842617034912,-0.1372887790203094,0.2607447504997253,0.9927940964698792,0.1837234264985287,0.0375209398057373,2.9507788216198705e-05,-5.366984060262148e-05,0.0,0.0,0.0,0,0,1,1.0
crossover_11_05_02_fps30.mp4,365,0.2054978609085083,-0.0388900146646015,-0.1402884756646505,0.0712378621101379,-0.0943330526351928,0.9883870482444764,-0.0677266418933868,-0.0919954478740692,0.9455354809761048,0.0673280954360961,0.0087886452674865,-0.2204079627990722,0.9849699139595032,-0.0463761687278747,-0.1048141121864318,-0.4973399639129638,0.9470059275627136,0.1314228773117065,0.2674039006233215,0.9926820993423462,-0.137321263551712,0.2607911825180053,0.9927241802215576,0.1830471930917788,0.0362556611695861,0.0010925275523487,-0.0003480938531584,0.0,0.0,0.0,0,0,1,1.0
crossover_11_05_02_fps30.mp4,366,0.2055087685585022,-0.0389191214310921,-0.1399921731251042,0.0712042152881622,-0.0943525731563568,0.988307774066925,-0.0677377879619598,-0.092080682516098,0.9448199272155762,0.0673276484012603,0.0087637901306152,-0.2203600853681564,0.9848776459693908,-0.0467174053192138,-0.1047844290733337,-0.4958014488220215,0.9468445777893066,0.1314246356487274,0.2674086093902588,0.9925998449325562,-0.1373233497142791,0.2607660293579101,0.9926575422286988,0.1828023870302186,0.0360610381549771,0.0002963025395463,-2.9106766490594183e-05,0.0,0.0,0.0,0,0,1,1.0
crossover_11_05_02_fps30.mp4,367,0.2054960876703262,-0.0389578017137818,-0.139837788372505,0.0711774230003357,-0.0943503677845001,0.9881944060325624,-0.0677577555179596,-0.0920833647251129,0.9448925852775574,0.0673530101776123,0.0087389945983886,-0.2207413017749786,0.9847391843795776,-0.0468491315841674,-0.1047753691673278,-0.4968265891075134,0.947676956653595,0.1314149498939514,0.2674072384834289,0.9925317764282228,-0.1373163163661956,0.2607396841049194,0.992608368396759,0.1826938673381989,0.0359394814604052,0.0001543847525992,-3.8680282689718126e-05,0.0,0.0,0.0,0,0,1,1.0
crossover_11_05_02_fps30.mp4,368,0.2053318470716476,-0.0389843867996991,-0.1396960177072664,0.071158230304718,-0.0943288505077362,0.9881547689437866,-0.0677994489669799,-0.091730386018753,0.94526869058609,0.0672735571861267,0.0088079571723937,-0.225522369146347,0.9847208857536316,-0.0468849837779998,-0.1047920286655426,-0.5023504495620728,0.9488693475723268,0.1313865184783935,0.2674068808555603,0.9923959970474244,-0.1373336315155029,0.2607327699661255,0.9924893975257874,0.1826038915662907,0.0357869792471831,0.0001417706652385,-2.6585085917352203e-05,0.0,0.0,0.0,0,0,1,1.0
crossover_11_05_02_fps30.mp4,369,0.2052020281553268,-0.039034898503352,-0.1396877112911969,0.0711461007595062,-0.0942894220352172,0.9881095886230468,-0.0678461790084838,-0.0913737416267395,0.9457237720489502,0.0671887695789337,0.0088569223880767,-0.2289286255836486,0.9846815466880798,-0.0469204783439636,-0.104844331741333,-0.5064834952354431,0.9500367045402528,0.1313588321208953,0.2674083411693573,0.992275595664978,-0.1373572647571563,0.2607310712337494,0.9923864603042604,0.1826170196223923,0.0357245499324838,8.306416069581157e-06,-5.051170365288904e-05,0.0,0.0,0.0,0,0,1,1.0
crossover_11_05_02_fps30.mp4,370,0.205033078789711,-0.039166325431759,-0.1403841201852007,0.0712407231330871,-0.0940586328506469,0.987863838672638,-0.0678552687168121,-0.0914428532123565,0.9453535079956056,0.0671772956848144,0.0088675022125244,-0.2351088225841522,0.9841426014900208,-0.0469264388084411,-0.1049521565437316,-0.5168460011482239,0.9496134519577026,0.1313531398773193,0.2672943472862243,0.992134690284729,-0.1373609006404876,0.2606400847434997,0.992243766784668,0.1832621415910511,0.0362717990608316,-0.0006964088940038,-0.0001314269284069,0.0,0.0,0.0,0,0,1,1.0
crossover_11_05_02_fps30.mp4,371,0.204685166478157,-0.0396653685529353,-0.141648408988627,0.0712917149066925,-0.0945182144641876,0.9878005385398864,-0.0677980780601501,-0.091424286365509,0.9459325671195984,0.0684476792812347,9.199976921081544e-05,-0.2039951235055923,0.9844395518302916,-0.0470952689647674,-0.1049222648143768,-0.4934638142585754,0.9503790140151978,0.1314304769039154,0.2673399150371551,0.992240071296692,-0.1372866928577423,0.2606901824474334,0.9924139380455016,0.1782660219638967,0.0374701626102363,-0.0012642888034262,-0.0004990431211763,0.0,0.0,0.0,0,0,1,1.0
crossover_11_05_02_fps30.mp4,372,0.2040610164403915,-0.0407049624596611,-0.1427319422000791,0.0707286894321441,-0.0986619591712951,0.9875925779342652,-0.0678110420703888,-0.0915756523609161,0.9469518065452576,0.070013552904129,-0.0131837129592895,-0.1825783103704452,0.9846760630607604,-0.0481505393981933,-0.1030764281749725,-0.4705883860588074,0.9513875246047974,0.1314423978328704,0.2678847312927246,0.992421805858612,-0.1372606456279754,0.2612553834915161,0.9926438927650452,0.170415179323281,0.0403484374981613,-0.0010835332114521,-0.0010395939067258,0.0,0.0,0.0,0,0,1,1.0
crossover_11_05_02_fps30.mp4,373,0.2040115147829055,-0.0414570903373976,-0.1431102839911856,0.0697329044342041,-0.1029291749000549,0.987000286579132,-0.0677960216999054,-0.0917557477951049,0.9479679465293884,0.0717172622680664,-0.0214360952377319,-0.1785810738801956,0.9848269820213318,-0.0482759177684783,-0.1034213900566101,-0.4670118391513824,0.9527559280395508,0.1314359903335571,0.2677482366561889,0.9926583766937256,-0.1372300386428833,0.2612570524215698,0.9929006695747375,0.1661717253219602,0.0402703949482103,-0.0003783417911064,-0.0007521278777365,0.0,0.0,0.0,0,0,1,1.0
crossover_11_05_02_fps30.mp4,374,0.203951209783554,-0.0414757056761596,-0.143086661798198,0.0691704452037811,-0.1045977771282196,0.9864479303359984,-0.0677917003631591,-0.0919015705585479,0.9489738941192628,0.072528451681137,-0.0233363807201385,-0.178469181060791,0.984967052936554,-0.048325777053833,-0.1036578118801117,-0.4660182595252991,0.954080045223236,0.1314287483692169,0.2676694691181183,0.992899477481842,-0.1371780335903167,0.2612806856632232,0.9931512475013732,0.1653392806111769,0.0400194663100621,2.362219298757129e-05,-1.861533876190702e-05,0.0,0.0,0.0,0,0,1,1.0
crossover_11_05_02_fps30.mp4,375,0.2039701491594314,-0.0420661272638935,-0.1430213454293041,0.0687774121761322,-0.1074613332748413,0.9854369759559632,-0.0677551627159118,-0.0925316512584686,0.9496302604675292,0.0741780698299408,-0.0363969504833221,-0.1918955296278,0.9847151041030884,-0.0483976900577545,-0.1048962175846099,-0.4490527212619781,0.9551615118980408,0.1314571797847747,0.267564058303833,0.9930863380432128,-0.1371245980262756,0.2612475752830505,0.9933391213417052,0.1577386286094403,0.038647303406407,6.531636889389736e-05,-0.0005904215877339,0.0,0.0,0.0,0,0,1,1.0
crossover_11_05_02_fps30.mp4,376,0.2041334360837936,-0.0424645010697639,-0.1432281453435013,0.0687184035778045,-0.1111001074314117,0.9836113452911376,-0.0676974058151245,-0.0930088758468627,0.9499250054359436,0.0765880048274993,-0.0423319637775421,-0.1934449225664138,0.9833248257637024,-0.0483647286891937,-0.1062228679656982,-0.4451116919517517,0.9557451009750366,0.1315044462680816,0.2673620581626892,0.9932294487953186,-0.1370469629764557,0.2611320614814758,0.9934903383255004,0.1560562033852193,0.0374726999263361,-0.0002067999141971,-0.0003983738058704,0.0,0.0,0.0,0,0,1,1.0
crossover_11_05_02_fps30.mp4,377,0.2042386531829834,-0.0426903332694102,-0.1433243764609825,0.0686725378036499,-0.113866239786148,0.9819071292877196,-0.0676012635231018,-0.093070238828659,0.949918806552887,0.0782755017280578,-0.0512069463729858,-0.2356777936220169,0.982420802116394,-0.0483227372169494,-0.1065883338451385,-0.4295589923858642,0.9560007452964784,0.1315633654594421,0.2671644389629364,0.993370532989502,-0.1369613409042358,0.2610273063182831,0.993615746498108,0.1520472103086789,0.0371653171828434,-9.62311174811381e-05,-0.0002258321996462,0.0,0.0,0.0,0,0,1,1.0
crossover_11_05_02_fps30.mp4,378,0.204114556312561,-0.0429181676799967,-0.1435758295582562,0.0686956048011779,-0.114067405462265,0.9788243174552916,-0.0674183070659637,-0.0927739739418029,0.9497432112693788,0.0799990892410278,-0.0501030981540679,-0.2571276426315307,0.9797898530960084,-0.0480920374393463,-0.1071322560310363,-0.4386714100837707,0.9562636613845824,0.1315751075744629,0.26701620221138,0.9934412837028505,-0.1369246840476989,0.2609419524669647,0.9937025904655457,0.1544208650576362,0.0368090067744375,-0.0002514530972737,-0.0002278344105865,0.0,0.0,0.0,0,0,1,1.0
crossover_11_05_02_fps30.mp4,379,0.2040416151285171,-0.0429089588634038,-0.1436271479943903,0.0687108039855957,-0.1142551600933075,0.9762715697288512,-0.0673027038574218,-0.0925354659557342,0.9498791694641112,0.0807027220726013,-0.0498727262020111,-0.2594242691993713,0.9777761697769164,-0.0479156374931335,-0.107531189918518,-0.4409831464290619,0.956932246685028,0.1315780878067016,0.2668404281139374,0.9934985637664796,-0.136895090341568,0.2608579695224762,0.9937835335731506,0.1551442530983603,0.0364415287867636,-5.131843613415121e-05,9.208816592942703e-06,0.0,0.0,0.0,0,0,1,1.0
crossover_11_05_02_fps30.mp4,380,0.2039593458175659,-0.0431112335900129,-0.1434875390878537,0.0687657594680786,-0.1148194074630737,0.9738664627075196,-0.0672202706336975,-0.0924106538295745,0.9501420259475708,0.0810185670852661,-0.0520185828208923,-0.285584956407547,0.9760857224464417,-0.0477614402770996,-0.107751190662384,-0.4405843913555145,0.957608699798584,0.1316234469413757,0.2667790353298187,0.993513524532318,-0.1368228793144226,0.2608549892902374,0.9938257336616516,0.1541907175424377,0.0360376333992563,0.0001396089065365,-0.000202274726609,0.0,0.0,0.0,0,0,1,1.0
crossover_11_05_02_fps30.mp4,381,0.2039125859737396,-0.0432988966925669,-0.1426437062461201,0.06881844997406,-0.1151565611362457,0.972633421421051,-0.0671323537826538,-0.0924612581729888,0.9500381350517272,0.0813663005828857,-0.0524219572544097,-0.2699480950832367,0.975586235523224,-0.0477212965488433,-0.1076284050941467,-0.4366715252399444,0.957628071308136,0.1316673159599304,0.266721099615097,0.9935892224311828,-0.1367614567279815,0.2608024775981903,0.9938967227935792,0.1538875414153164,0.0352934687336366,0.0008438328417336,-0.000187663102554,0.0,0.0,0.0,0,0,1,1.0
crossover_11_05_02_fps30.mp4,382,0.2039526998996734,-0.0433844997721203,-0.1416848463256184,0.0688513219356536,-0.1150443851947784,0.9710265398025512,-0.0669828057289123,-0.0927499830722808,0.9502388834953308,0.0813719928264617,-0.0533009767532348,-0.2871846556663513,0.9747619032859802,-0.0477762818336486,-0.1077503561973571,-0.4386738836765289,0.9582461714744568,0.131695955991745,0.2666068375110626,0.993635892868042,-0.1367053985595703,0.2606818974018097,0.9939126968383788,0.1528917618646871,0.034217500930679,0.0009588599205017,-8.560307955335356e-05,0.0,0.0,0.0,0,0,1,1.0
crossover_11_05_02_fps30.mp4,383,0.2039571553468704,-0.0436005776211366,-0.1408469966272028,0.0688624382019043,-0.1147812008857727,0.9702281355857848,-0.0668407082557678,-0.0935231745243072,0.9509419202804564,0.0811166167259216,-0.0540480017662048,-0.2868592739105224,0.9746783375740052,-0.0483653545379638,-0.1077723801136016,-0.4365941882133484,0.9592928886413574,0.1317076086997985,0.2665748298168182,0.9937099814414978,-0.1366683840751648,0.2606522142887115,0.9939529299736024,0.151948820576803,0.0334160643491855,0.0008378496984156,-0.0002160778490163,0.0,0.0,0.0,0,0,1,1.0
crossover_11_05_02_fps30.mp4,384,0.2039495259523391,-0.0435907894271915,-0.1408634467822749,0.0688754618167877,-0.1146012842655181,0.9695430397987366,-0.0667029023170471,-0.0940386950969696,0.9515206813812256,0.0809453427791595,-0.0542649030685424,-0.2894286215305328,0.9746249914169312,-0.0487394034862518,-0.1077832579612732,-0.4377974271774292,0.9601905941963196,0.1317197382450103,0.2665412425994873,0.9937890768051147,-0.1366330087184906,0.2606244683265686,0.9939967393875122,0.1516857145490536,0.0334784575385767,-1.6450155072122996e-05,9.788193945148294e-06,0.0,0.0,0.0,0,0,1,1.0
crossover_11_05_02_fps30.mp4,385,0.2039471119642257,-0.0437570818399978,-0.1404021555330695,0.0688875317573547,-0.1146636605262756,0.9685853719711304,-0.0664223432540893,-0.0959789156913757,0.9519023895263672,0.0808656811714172,-0.05387943983078,-0.2794272601604461,0.974155068397522,-0.0487421452999115,-0.1076070666313171,-0.4303320944309234,0.96083801984787,0.1317719221115112,0.2665453255176544,0.9938587546348572,-0.1365554630756378,0.2606344521045685,0.9940564036369324,0.151713590007944,0.033171806007108,0.0004612912492054,-0.0001662924128063,0.0,0.0,0.0,0,0,1,1.0
crossover_11_05_02_fps30.mp4,386,0.2039683014154434,-0.0439725132311804,-0.1396456434959318,0.0688937902450561,-0.114681452512741,0.9681451320648192,-0.0663378536701202,-0.0966303646564483,0.9526534080505372,0.0808148384094238,-0.0529784262180328,-0.2350313067436218,0.9740689396858216,-0.0491610765457153,-0.1074909567832946,-0.4265573620796203,0.96200031042099,0.1318019032478332,0.2665234506130218,0.9939690828323364,-0.1365130841732025,0.2606289684772491,0.9941731691360474,0.1519312004828842,0.0325706166176936,0.0007565120371376,-0.0002154313911825,0.0,0.0,0.0,0,0,1,1.0
crossover_11_05_02_fps30.mp4,387,0.2039556354284286,-0.0444644376382989,-0.1381916911136813,0.0689008235931396,-0.1143900752067565,0.968495786190033,-0.0662527084350586,-0.0965274572372436,0.9533331394195556,0.0793347954750061,-0.0525639951229095,-0.2363000661134719,0.974683403968811,-0.049275517463684,-0.1075772047042846,-0.4285517334938049,0.9632793664932252,0.1317999958992004,0.2665213644504547,0.993993639945984,-0.1365140974521637,0.2606382668018341,0.9942181706428528,0.1505269159988687,0.0309902124419527,0.0014539523822504,-0.0004919244071184,0.0,0.0,0.0,0,0,1,1.0
crossover_11_05_02_fps30.mp4,388,0.2039590179920196,-0.0445302674325845,-0.1373172642254247,0.0692764520645141,-0.1132440268993377,0.9697111248970032,-0.0661657154560089,-0.0964302122592926,0.9520074725151062,0.078964352607727,-0.0445477366447448,-0.2291589528322219,0.9755937457084656,-0.0493058562278747,-0.1077764332294464,-0.4653264582157135,0.9612908959388732,0.1318138837814331,0.2665978968143463,0.9941088557243348,-0.1365076005458831,0.2606888711452484,0.9943381547927856,0.1544574583063034,0.0299243536985288,0.0008744268882565,-6.58297942856545e-05,0.0,0.0,0.0,0,0,1,1.0
crossover_11_05_02_fps30.mp4,389,0.2039603739976883,-0.0445291777788582,-0.1372587057148538,0.0695493817329406,-0.1124880313873291,0.9709262251853944,-0.0661005973815918,-0.0962802171707153,0.9511162042617798,0.0786835551261901,-0.0409706234931945,-0.2281551510095596,0.9765671491622924,-0.0493353307247161,-0.10787895321846,-0.4711532294750213,0.9598435759544371,0.1318175196647644,0.2666399776935577,0.994215190410614,-0.136501669883728,0.2607860267162323,0.9944614171981812,0.1563738223867914,0.0297702697819205,5.855851057096073e-05,1.0896537263604955e-06,0.0,0.0,0.0,0,0,1,1.0
crossover_11_05_02_fps30.mp4,390,0.2038625329732895,-0.0444619847556291,-0.1360401781593881,0.0703422427177429,-0.108896255493164,0.9724911451339722,-0.0660863816738128,-0.0961167216300964,0.9520347118377686,0.0765585303306579,-0.0262002944946289,-0.195957139134407,0.9777597784996032,-0.0493294894695282,-0.1077744662761688,-0.4889847040176391,0.9605309367179872,0.1318321824073791,0.2667641043663025,0.9943355917930604,-0.1364854872226715,0.2609565854072571,0.9946219325065612,0.1634342837817025,0.0286817550091516,0.0012185275554656,6.719302322905074e-05,0.0,0.0,0.0,0,0,1,1.0
crossover_11_05_02_fps30.mp4,391,0.2036708146333694,-0.0441526796858189,-0.1337156618513711,0.0711909532546997,-0.1059973239898681,0.9739561676979064,-0.0660585463047027,-0.095831423997879,0.9528745412826538,0.0741745829582214,-0.0203291177749633,-0.199755311012268,0.9788092374801636,-0.0492880642414093,-0.1075673103332519,-0.4868317544460296,0.9612783193588256,0.131860613822937,0.2669786214828491,0.9944025874137878,-0.1364529430866241,0.2612394690513611,0.9947124123573304,0.1638836461103513,0.0266478603578021,0.0023245163080169,0.0003093050698102,0.0,0.0,0.0,0,0,1,1.0
crossover_11_05_02_fps30.mp4,392,0.2036631852388382,-0.043995016914303,-0.1317139834892459,0.0716436505317688,-0.102611243724823,0.9753928184509276,-0.0661222636699676,-0.0957778692245483,0.952445149421692,0.0700764060020446,-0.01182222366333,-0.2068049311637878,0.9797183275222778,-0.0491648614406585,-0.1075634956359863,-0.4929242730140686,0.9597163796424866,0.1318861842155456,0.2670047879219055,0.9944274425506592,-0.1364291906356811,0.2612934708595276,0.9947470426559448,0.165488137340159,0.0246976386720902,0.0020016783621252,0.0001576627715159,0.0,0.0,0.0,0,0,1,1.0
crossover_11_05_02_fps30.mp4,393,0.2039970159530639,-0.0436676952798487,-0.1292168580904239,0.0720088481903076,-0.099085658788681,0.976518988609314,-0.0660862624645233,-0.0961875617504119,0.9513946771621704,0.0638849139213562,-0.0041853487491607,-0.20884670317173,0.9801791906356812,-0.0490904152393341,-0.1063983142375946,-0.4919562935829162,0.9577924609184264,0.1319569945335388,0.2666713297367096,0.9943753480911256,-0.1363514363765716,0.2609885632991791,0.99467670917511,0.1649255652533636,0.0234540366530475,0.0024971253988219,0.0003273216344542,0.0,0.0,0.0,0,0,1,1.0
crossover_11_05_02_fps30.mp4,394,0.2042353600263595,-0.043615406549583,-0.1294882419632702,0.0722531378269195,-0.0978317260742187,0.9775556325912476,-0.0660464465618133,-0.0964969098567962,0.9502986073493958,0.0621963441371917,-0.0026721358299255,-0.2096569687128067,0.9806264638900756,-0.0490337312221527,-0.1054272055625915,-0.4916007816791534,0.9557818174362184,0.1320143640041351,0.2664294242858886,0.9943330883979796,-0.136290967464447,0.2607654929161072,0.9946153163909912,0.1651618943891839,0.0246635706038716,-0.0002713838728463,5.2288730265692696e-05,0.0,0.0,0.0,0,0,1,1.0
crossover_11_05_02_fps30.mp4,395,0.2047910988330841,-0.0430764465008751,-0.1285026008036078,0.0722320079803466,-0.0960914492607116,0.9781658053398132,-0.0658363401889801,-0.0996643602848053,0.947029709815979,0.0580050349235534,0.0022972524166107,-0.2120750546455383,0.9800872802734376,-0.0487348735332489,-0.1036123931407928,-0.4884730577468872,0.9502058625221252,0.1321638226509094,0.2658486068248749,0.994278371334076,-0.1361341774463653,0.2602008879184723,0.9945262670516968,0.1653059814083805,0.0255252861684008,0.0009856411596623,0.0005389600487079,0.0,0.0,0.0,0,0,1,1.0
crossover_11_05_02_fps30.mp4,396,0.20499187707901,-0.0431910632020335,-0.1270784362060267,0.0717861652374267,-0.093300312757492,0.9785797595977784,-0.0658181011676788,-0.1024841964244842,0.9427111148834229,0.0557992458343505,0.0036990344524383,-0.2181788235902786,0.978975474834442,-0.0489410459995269,-0.1026188433170318,-0.5052591562271118,0.9396857619285583,0.1322312355041504,0.2657453119754791,0.9942881464958192,-0.1360613405704498,0.2601129114627838,0.9944634437561036,0.1640177676806526,0.0251263603903717,0.0014241645975811,-0.0001146167011584,0.0,0.0,0.0,0,0,1,1.0
crossover_11_05_02_fps30.mp4,397,0.2054321616888046,-0.0433769307904324,-0.1243858165857268,0.0713842213153839,-0.0929525196552276,0.9791006445884703,-0.0660011172294616,-0.1065810322761535,0.94035142660141,0.0546759665012359,0.0033633708953857,-0.2177867591381073,0.9783572554588318,-0.0497636795043945,-0.1009810268878936,-0.503516674041748,0.9333049654960632,0.1324544847011566,0.2655710577964782,0.9943660497665404,-0.1358336210250854,0.259975254535675,0.994437336921692,0.1610410679589989,0.0242605593491801,0.0026926196202999,-0.0001858675883988,0.0,0.0,0.0,0,0,1,1.0
crossover_11_05_02_fps30.mp4,398,0.2057466655969619,-0.0438190699633905,-0.1203958296194309,0.0712988078594207,-0.0938675999641418,0.9797273278236388,-0.0664023756980896,-0.1088992655277252,0.9376155138015748,0.0542541444301605,0.0003484487533569,-0.2187737226486206,0.97843736410141,-0.0510195195674896,-0.0965698659420013,-0.4902113974094391,0.9262274503707886,0.1326223909854889,0.2653083801269531,0.9942743182182312,-0.1356679499149322,0.2596180438995361,0.9942564964294434,0.1555555725175048,0.0248902193573974,0.0039899869662959,-0.0004421391729581,0.0,0.0,0.0,0,0,1,1.0
crossover_11_05_02_fps30.mp4,399,0.2059961855411529,-0.0437077757665666,-0.1206094702569449,0.0712381899356842,-0.0944742858409881,0.980235517024994,-0.0666826069355011,-0.1099308133125305,0.935049057006836,0.0543005168437957,-0.0010206401348114,-0.2207550108432769,0.9784059524536132,-0.0516042113304138,-0.094944953918457,-0.4880571365356445,0.9199055433273317,0.1327348053455352,0.2650814950466156,0.9941720962524414,-0.1355523765087127,0.2592553198337555,0.9940659999847412,0.1546192540092563,0.0268518359428644,-0.000213640637514,0.0001112941968238,0.0,0.0,0.0,0,0,1,1.0
crossover_11_05_02_fps30.mp4,400,0.206594318151474,-0.0443356506905313,-0.1157985534609817,0.0712333619594574,-0.0953971445560455,0.9799274802207948,-0.0667404532432556,-0.111282467842102,0.9260007739067078,0.0531435906887054,-0.0024252235889434,-0.2171361893415451,0.9769185781478882,-0.0544509887695312,-0.0936865508556366,-0.4851052463054657,0.8951486349105835,0.1329286396503448,0.2645719945430755,0.994046688079834,-0.135363221168518,0.2585821449756622,0.9938636422157288,0.1495182745558064,0.024315853340388,0.0048109167959631,-0.0006278749239646,0.0,0.0,0.0,0,0,1,1.0
crossover_11_05_02_fps30.mp4,401,0.2068924903869629,-0.046459767778041,-0.1106685504680726,0.0714001655578613,-0.0977790057659149,0.9798113107681274,-0.0673696994781494,-0.1119547486305236,0.9207038283348083,0.0544842481613159,-0.018510103225708,-0.2379345148801803,0.9761543869972228,-0.0577096343040466,-0.0928707122802734,-0.4605449140071869,0.8804716467857361,0.1331347227096557,0.2645885944366455,0.9940245747566224,-0.1351725161075592,0.2585712075233459,0.9938010573387146,0.1366853092036187,0.0210552259786502,0.0051300029929091,-0.0021241170875097,0.0,0.0,0.0,0,0,1,1.0
crossover_11_05_02_fps30.mp4,402,0.2069777250289917,-0.0494276985273522,-0.1050171462500967,0.0714901387691497,-0.1013074517250061,0.9794650077819824,-0.0683921873569488,-0.1131260395050048,0.9103143215179444,0.0552720129489898,-0.0361945033073425,-0.2718555629253387,0.9753199815750122,-0.0619228482246398,-0.0866854190826416,-0.4341264069080353,0.8516219854354858,0.1332042515277862,0.2645371556282043,0.9938085079193116,-0.1351189315319061,0.2586451768875122,0.9935569167137146,0.1252939973217198,0.0221851523974851,0.0056514042179758,-0.0029679307493112,0.0,0.0,0.0,0,0,1,1.0
crossover_11_05_02_fps30.mp4,403,0.2066178768873214,-0.0543442879692983,-0.0983140377009787,0.0717051029205322,-0.1044478714466095,0.9799774885177612,-0.0696803033351898,-0.1121768355369567,0.9089663624763488,0.0557628870010376,-0.0542486011981964,-0.3249115645885467,0.9764955043792723,-0.0649666190147399,-0.0814690887928009,-0.419227659702301,0.8461910486221313,0.1333416104316711,0.2648598253726959,0.9937355518341064,-0.1349824070930481,0.2590727508068084,0.9934401512145996,0.1185974395766152,0.0199144726407222,0.006703108549118,-0.004916589441946,0.0,0.0,0.0,0,0,1,1.0
crossover_11_05_02_fps30.mp4,404,0.206451267004013,-0.0542676130593833,-0.0981091228927054,0.0718421041965484,-0.105826199054718,0.9804705381393432,-0.070375770330429,-0.1116106808185577,0.9083264470100404,0.056158035993576,-0.0571551620960235,-0.3289684355258941,0.9776326417922974,-0.0661215186119079,-0.0798645913600921,-0.4177701771259308,0.8426312208175659,0.1334165036678314,0.2649928331375122,0.9936384558677672,-0.134920984506607,0.2593467831611633,0.9933233857154846,0.1177754255933872,0.0217572518414595,0.0002049148082733,7.66749099149755e-05,0.0,0.0,0.0,0,0,1,1.0
crossover_11_05_02_fps30.mp4,405,0.2065613120794296,-0.0587591100547273,-0.0912113071941748,0.0719242095947265,-0.1071584820747375,0.981486439704895,-0.0722841322422027,-0.1110210120677948,0.9113484025001526,0.0580276250839233,-0.066872090101242,-0.3725176751613617,0.979328453540802,-0.0697989761829376,-0.0733111202716827,-0.3981995582580566,0.8461654186248779,0.1332997679710388,0.2652625739574432,0.9937283992767334,-0.1350508630275726,0.2597222626209259,0.993399441242218,0.1192960141540456,0.021030818718941,0.0068978156985305,-0.004491496995344,0.0,0.0,0.0,0,0,1,1.0
crossover_11_05_02_fps30.mp4,406,0.2067716717720031,-0.0632793081008781,-0.0836104166216966,0.0726926922798156,-0.1071138978004455,0.9824488759040833,-0.0760414898395538,-0.1103799939155578,0.9155855774879456,0.0580755472183227,-0.0773638486862182,-0.4039381146430969,0.9809563159942628,-0.0734307467937469,-0.0696690082550048,-0.3907632231712341,0.8517332077026367,0.1332491636276245,0.2658416628837585,0.993919312953949,-0.1351158618927002,0.2603217363357544,0.9935819506645204,0.1215155155546679,0.0172457117795101,0.0076008905724781,-0.0045201980461508,0.0,0.0,0.0,0,0,1,1.0
crossover_11_05_02_fps30.mp4,407,0.2053344547748565,-0.0673389741929911,-0.0746879975970198,0.0734612941741943,-0.1050736904144287,0.9833152294158936,-0.0801582634449005,-0.1076696813106536,0.9215123057365416,0.0579302906990051,-0.0875613093376159,-0.4029098749160766,0.982450544834137,-0.0781380534172058,-0.0636364221572876,-0.3605480790138244,0.8620432615280151,0.1332819461822509,0.2683584094047546,0.9940858483314514,-0.1350902616977691,0.262890875339508,0.9938099980354308,0.125928991426723,0.0154517776255988,0.0089224190246768,-0.0040596660921129,0.0,0.0,0.0,0,0,1,1.0
crossover_11_05_02_fps30.mp4,408,0.2065214961767196,-0.0730113654823626,-0.0634896102474957,0.073615938425064,-0.1057426929473877,0.9838931560516356,-0.0821075737476348,-0.1122497916221618,0.9252769351005554,0.0578406751155853,-0.097732275724411,-0.3671416342258453,0.9836939573287964,-0.0892896354198455,-0.0651232302188873,-0.3234238028526306,0.8692262768745422,0.1326700150966644,0.2695747911930084,0.99426931142807,-0.1357031166553497,0.2642020285129547,0.9940528273582458,0.1352583330801136,0.0163600362581655,0.0111983873495241,-0.0056723912893715,0.0,0.0,0.0,0,0,1,1.0
crossover_11_05_02_fps30.mp4,409,0.2070347368717193,-0.0731767042208526,-0.0627160972211419,0.0738274455070495,-0.1057354509830474,0.984414517879486,-0.0827513039112091,-0.1136679351329803,0.92872416973114,0.0578839778900146,-0.098290205001831,-0.3620721995830536,0.9847829937934875,-0.0911505818367004,-0.0656550824642181,-0.3238391578197479,0.8759050369262695,0.1324589848518371,0.270380824804306,0.994409441947937,-0.1359822452068328,0.2650119960308075,0.9942097067832948,0.1358028701455086,0.0182125756225882,0.0007735130263538,-0.0001653387384899,0.0,0.0,0.0,0,0,1,1.0
crossover_11_05_02_fps30.mp4,410,0.2075943648815155,-0.0788817253153202,-0.0520978097508593,0.0735540091991424,-0.1049089133739471,0.9848732352256776,-0.0849117934703826,-0.1150789856910705,0.9309585094451904,0.0584090650081634,-0.1093426048755645,-0.3562241494655609,0.9858306050300598,-0.0997148752212524,-0.0662601292133331,-0.3106050491333008,0.878766655921936,0.1316412985324859,0.2710572779178619,0.9945410490036012,-0.1367314159870147,0.2655297219753265,0.9943351745605468,0.1487471938441739,0.0251910981809091,0.0106182874702825,-0.0057050210944676,0.0,0.0,0.0,0,0,1,1.0
crossover_11_05_02_fps30.mp4,411,0.2080037146806717,-0.0826341800770517,-0.0431120338963299,0.0736572742462158,-0.1033558547496795,0.9848325848579408,-0.0890501141548156,-0.1146667897701263,0.9321473240852356,0.058785080909729,-0.1159619987010955,-0.4129830002784729,0.9864227175712584,-0.1115694344043731,-0.059819221496582,-0.3049622476100921,0.8725478649139404,0.1308061480522155,0.2707879841327667,0.9945207238197328,-0.1372431218624115,0.2655962407588959,0.9943178296089172,0.159080246259876,0.0334122591348862,0.0089857758545293,-0.0037524547617314,0.0,0.0,0.0,0,0,1,1.0
crossover_11_05_02_fps30.mp4,412,0.208257645368576,-0.0829211532059362,-0.0350428149467561,0.0733814239501953,-0.1012744307518005,0.9847931265830994,-0.0935451388359069,-0.1141060590744018,0.936238706111908,0.0593799352645874,-0.1200447678565979,-0.4283888339996338,0.9870807528495787,-0.1171405315399169,-0.0463309586048126,-0.3045377135276794,0.8791823983192444,0.1296867728233337,0.2705202400684356,0.9943631291389464,-0.1377318203449249,0.2653580009937286,0.9941343069076538,0.1657556387529026,0.0360331519688332,0.0080692189495737,-0.0002869731288845,0.0,0.0,0.0,0,0,1,1.0
crossover_11_05_02_fps30.mp4,413,0.2088832706212997,-0.0820836435940305,-0.0245144591098878,0.0722465813159942,-0.0984410643577575,0.9842610359191896,-0.0956775248050689,-0.1141930520534515,0.9409412741661072,0.0584703385829925,-0.1237330138683319,-0.4498481452465057,0.987570583820343,-0.1193760931491851,-0.038111537694931,-0.3045364916324615,0.888816773891449,0.1282160580158233,0.2696539759635925,0.9940615892410278,-0.1388359069824218,0.2642795443534851,0.9937322735786438,0.1720457599424446,0.039693920691607,0.0105283558368682,0.0008375096119056,0.0,0.0,0.0,0,0,1,1.0
crossover_11_05_02_fps30.mp4,414,0.2090159952640533,-0.0825321237919694,-0.0248953980643574,0.0717931985855102,-0.0969209372997284,0.9839059710502625,-0.0968260467052459,-0.1131551265716552,0.9451797604560852,0.0580383539199829,-0.1253145039081573,-0.4551944434642792,0.9880499839782716,-0.1198478043079376,-0.0355852246284484,-0.30767422914505,0.8974143862724304,0.1276254653930664,0.2693177163600921,0.993846356868744,-0.1393290162086486,0.2639237940311432,0.9934868216514589,0.1727543227321237,0.0388166511221685,-0.0003809389544696,-0.0004484801979388,0.0,0.0,0.0,0,0,1,1.0
crossover_11_05_02_fps30.mp4,415,0.2089710086584091,-0.0817011094699471,-0.0156548174416146,0.0712533295154571,-0.0961580574512481,0.983457326889038,-0.0971609950065612,-0.1108886003494262,0.949507772922516,0.0573113858699798,-0.1280126869678497,-0.4458971917629242,0.9885170459747314,-0.1187682449817657,-0.0304709672927856,-0.2946700751781463,0.9065468311309814,0.1266975104808807,0.2689712643623352,0.9935899972915648,-0.1399703025817871,0.2623462677001953,0.993137776851654,0.1787421738289755,0.0399185524720508,0.0092405806227428,0.0008310143220222,0.0,0.0,0.0,0,0,1,1.0
crossover_11_05_02_fps30.mp4,416,0.2089371085166931,-0.0802398532123889,-0.0162921117573249,0.0709258317947387,-0.0951976180076599,0.9827232956886292,-0.0967844128608703,-0.1088738739490509,0.9532718062400818,0.0566632747650146,-0.1274069249629974,-0.4408573508262634,0.9888566136360168,-0.1174770295619964,-0.0283785164356231,-0.2780654728412628,0.9148820042610168,0.1260809302330017,0.2690513134002685,0.9927713871002196,-0.1402724087238311,0.2621785402297973,0.9922996759414672,0.1763206402090487,0.0391495655217189,-0.0006372943157102,0.0014612562575582,0.0,0.0,0.0,0,0,1,1.0
crossover_11_05_02_fps30.mp4,417,0.2088347375392913,-0.0782694586252762,-0.016982448391798,0.070172905921936,-0.0950178802013397,0.9826005697250366,-0.0977210998535156,-0.1084161698818206,0.95677250623703,0.0556222200393676,-0.1242011189460754,-0.4302471578121185,0.989437699317932,-0.1174944341182708,-0.0294288694858551,-0.2779099345207214,0.9225127696990968,0.1250168085098266,0.2690737843513489,0.9924517273902892,-0.1407412886619568,0.2620542049407959,0.9920485019683838,0.1715308279320744,0.0411523037080139,-0.0006903366344731,0.0019703945871126,0.0,0.0,0.0,0,0,1,1.0
crossover_11_05_02_fps30.mp4,418,0.2084735184907913,-0.0766871964527388,-0.0176719687333921,0.0706803500652313,-0.0942283570766449,0.9828463792800904,-0.0975920855998992,-0.1074503362178802,0.9603607654571532,0.0551193058490753,-0.1222750842571258,-0.4394192993640899,0.990060031414032,-0.1163538098335266,-0.0275127291679382,-0.2822713255882263,0.9298354983329772,0.124770313501358,0.2691961824893951,0.9921066164970398,-0.1405969560146331,0.262552410364151,0.9917097687721252,0.1682699195528117,0.04086906878106,-0.000689520341594,0.0015822621725373,0.0,0.0,0.0,0,0,1,1.0
crossover_11_05_02_fps30.mp4,419,0.2081691771745681,-0.0767780525199437,-0.017727168158787,0.0710157454013824,-0.0937746167182922,0.9831534028053284,-0.0974014699459075,-0.1064268350601196,0.9636881351470948,0.0549556910991668,-0.1216282844543457,-0.4481348693370819,0.9906530976295472,-0.1156818866729736,-0.0270608663558959,-0.2927248179912567,0.9364984631538392,0.1246776282787323,0.2693438231945038,0.9919312000274658,-0.1405087411403656,0.263008564710617,0.9915471076965332,0.1677772963644627,0.0400078271572097,-5.519942539489176e-05,-9.085606720488082e-05,0.0,0.0,0.0,0,0,1,1.0
crossover_11_05_02_fps30.mp4,420,0.2078495472669601,-0.0767132436825057,-0.0182736521813927,0.0710655748844146,-0.0931609272956848,0.9835879802703856,-0.0967241823673248,-0.1056398451328277,0.9667486548423768,0.0550269782543182,-0.1205995678901672,-0.4580237865447998,0.9912631511688232,-0.1151326298713684,-0.0282457470893859,-0.3118948936462402,0.9425368905067444,0.1247166097164154,0.2699589729309082,0.9917356967926024,-0.1405052542686462,0.2640287280082702,0.991417407989502,0.1668115077013658,0.0396924666905824,-0.0005464840226057,6.480883743803512e-05,0.0,0.0,0.0,0,0,1,1.0
crossover_11_05_02_fps30.mp4,421,0.2078148424625396,-0.0780376992993435,-0.0193377909136981,0.0713076293468475,-0.0931978225708007,0.984275996685028,-0.0962821543216705,-0.1051901280879974,0.9696274399757384,0.0549855530261993,-0.1199288368225097,-0.4618619680404663,0.9919121265411376,-0.1147741973400116,-0.0285511314868927,-0.3219085037708282,0.9480539560317992,0.1246673762798309,0.2700498402118683,0.9916583895683287,-0.1405325829982757,0.2643601596355438,0.9914072155952454,0.1667745309580983,0.0378742119760884,-0.0010641387323053,-0.0013244556168378,0.0,0.0,0.0,0,0,1,1.0
crossover_11_05_02_fps30.mp4,422,0.2075164318084716,-0.0782780726077193,-0.0205866094042615,0.0721382498741149,-0.0929868221282959,0.9847612977027892,-0.0958226919174194,-0.1042970716953277,0.9722277522087096,0.0558018088340759,-0.1192669868469238,-0.4636542499065399,0.9924417734146118,-0.1140601933002471,-0.0292387902736663,-0.3315488398075104,0.9530091881752014,0.1249281764030456,0.2702747285366058,0.9914560317993164,-0.1399157047271728,0.2650973498821258,0.9912890791893004,0.1664789220882696,0.0368133181749693,-0.0012488184905634,-0.0002403733083757,0.0,0.0,0.0,0,0,1,1.0
crossover_11_05_02_fps30.mp4,423,0.2069009095430374,-0.0779369885638608,-0.0207032160061161,0.0730443596839904,-0.0920020937919616,0.9851068258285522,-0.0948904454708099,-0.1032977700233459,0.9746822118759156,0.055900752544403,-0.1210533082485199,-0.4717676341533661,0.9928151965141296,-0.1136381924152374,-0.0287302434444427,-0.3478452861309051,0.9575567841529846,0.125715970993042,0.2713133692741394,0.9914798736572266,-0.1387655138969421,0.2665010094642639,0.9912915229797364,0.1672802497547801,0.0365924736241373,-0.0001166066018546,0.0003410840438584,0.0,0.0,0.0,0,0,1,1.0
crossover_11_05_02_fps30.mp4,424,0.2065145969390869,-0.0772010673910884,-0.0199407549892983,0.073525846004486,-0.0912888944149017,0.9852827191352844,-0.0942840874195098,-0.1025835871696472,0.9768832921981812,0.0561690926551818,-0.1213065683841705,-0.4651903510093689,0.993135631084442,-0.1133104264736175,-0.0284188687801361,-0.3415834009647369,0.9616576433181764,0.1258491277694702,0.2719853222370147,0.9913369417190552,-0.1380167603492736,0.2674724757671356,0.9912154674530028,0.1675190368763258,0.0370912958361044,0.0007624610168178,0.0007359211727724,0.0,0.0,0.0,0,0,1,1.0
crossover_11_05_02_fps30.mp4,425,0.2059703320264816,-0.0773101510637897,-0.0198520327486643,0.0740925967693328,-0.0906430184841156,0.9855372309684752,-0.0934280455112457,-0.1018647253513336,0.9788068532943726,0.0550718009471893,-0.1287237107753753,-0.4741733968257904,0.9934239387512208,-0.1122769117355346,-0.0279274582862854,-0.3441118001937866,0.965314507484436,0.1267629563808441,0.2725400626659393,0.991482675075531,-0.1367467045783996,0.268196552991867,0.9913421869277954,0.1714001852233217,0.0358871404473629,8.872224063405376e-05,-0.0001090836727012,0.0,0.0,0.0,0,0,1,1.0
crossover_11_05_02_fps30.mp4,426,0.2057824432849884,-0.0774375026508913,-0.0195149510371975,0.0739635229110717,-0.0903067290782928,0.9858238101005554,-0.0930820107460022,-0.1016804873943328,0.9802954196929932,0.0547438263893127,-0.1370777487754821,-0.4732775092124939,0.9937283396720886,-0.1124950945377349,-0.028032511472702,-0.3319282829761505,0.9683987498283386,0.1274069547653198,0.2726708948612213,0.991652250289917,-0.1359673142433166,0.268404871225357,0.991526424884796,0.1768980360515274,0.0360774664392742,0.0003370817114667,-0.0001273515871015,0.0,0.0,0.0,0,0,1,1.0
crossover_11_05_02_fps30.mp4,427,0.2062369585037231,-0.076487851850057,-0.0185483211424292,0.0736965239048004,-0.09052175283432,0.9860438704490662,-0.0926977097988128,-0.1016118824481964,0.9816874265670776,0.052833467721939,-0.1425953507423401,-0.4675397872924804,0.9940155148506165,-0.1128039360046386,-0.028198093175888,-0.3190062642097473,0.9712435603141784,0.1279710233211517,0.2727189660072326,0.9917042255401612,-0.1354483962059021,0.2684541940689087,0.9915516972541808,0.1791972914092272,0.0375762700200588,0.0009666298947683,0.0009496508008342,0.0,0.0,0.0,0,0,1,1.0
crossover_11_05_02_fps30.mp4,428,0.206774890422821,-0.0766639973147441,-0.0181048032714099,0.0727584660053253,-0.0908629894256591,0.9861821532249452,-0.0926750600337982,-0.1016859412193298,0.9828452467918396,0.0520632565021514,-0.1468151807785034,-0.4588495194911957,0.9942667484283448,-0.1133299767971038,-0.0283324420452117,-0.3015985488891601,0.9737234711647034,0.1282285749912262,0.2726726531982422,0.9918538331985474,-0.1354661285877227,0.2684381604194641,0.9916428327560424,0.1820358952329402,0.0380657148401051,0.0004435178710193,-0.000176145464687,0.0,0.0,0.0,0,0,1,1.0
crossover_11_05_02_fps30.mp4,429,0.2071485221385955,-0.0766297278767925,-0.0181453212005336,0.0723154246807098,-0.0911937355995178,0.9861924052238464,-0.0926267802715301,-0.1017367243766784,0.9839913249015808,0.0517937242984771,-0.1478540599346161,-0.4496709406375885,0.9944632649421692,-0.1135190725326538,-0.0284795761108398,-0.300722986459732,0.976058304309845,0.1283944547176361,0.272720605134964,0.9919313192367554,-0.1354413032531738,0.2684068977832794,0.9916500449180604,0.1825292852465057,0.03830953632831,-4.051792912368457e-05,3.4269437951595094e-05,0.0,0.0,0.0,0,0,1,1.0
crossover_11_05_02_fps30.mp4,430,0.2073661535978317,-0.0765304517948021,-0.0178541528015602,0.0720001757144928,-0.0921243727207183,0.9861276745796204,-0.0926360189914703,-0.1017625629901886,0.9850017428398132,0.0519088208675384,-0.1506306231021881,-0.4385576546192169,0.9946211576461792,-0.1136205196380615,-0.0285642147064209,-0.2933891415596008,0.9781675338745116,0.1284421980381012,0.2727666795253753,0.991943895816803,-0.1355159282684326,0.2684179246425628,0.9916077256202698,0.1847328823667421,0.0386054213631134,0.0002911683989734,9.927608199039596e-05,0.0,0.0,0.0,0,0,1,1.0
crossover_11_05_02_fps30.mp4,431,0.2073566168546676,-0.0762362308421377,-0.0171978120396776,0.0717487931251525,-0.0928511023521423,0.9858731031417848,-0.0926310420036315,-0.1013896763324737,0.9858802556991576,0.0520917177200317,-0.1499162316322326,-0.4401070177555084,0.9946719408035278,-0.113552987575531,-0.0283483266830444,-0.3000022768974304,0.9800165295600892,0.1284814476966858,0.2731871306896209,0.9920125603675842,-0.1355527937412262,0.2686773836612701,0.9915634393692015,0.1846137624374745,0.0389470706204097,0.0006563407618825,0.0002942209526643,0.0,0.0,0.0,0,0,1,1.0
crossover_11_05_02_fps30.mp4,432,0.2069944590330124,-0.0760932563725164,-0.0166924280364338,0.0717167556285858,-0.0937290787696838,0.98431658744812,-0.0925690829753875,-0.1008626520633697,0.986662745475769,0.0531235039234161,-0.1470051407814026,-0.4719805717468261,0.9939773678779602,-0.1135226786136627,-0.0278112888336181,-0.328680545091629,0.9816957116127014,0.1286275088787078,0.2737299501895904,0.9919079542160034,-0.1356428861618042,0.2690825760364532,0.99127197265625,0.1835166865555534,0.0390460076670224,0.0005053840032437,0.0001429744696213,0.0,0.0,0.0,0,0,1,1.0
crossover_11_05_02_fps30.mp4,433,0.206972062587738,-0.0756899791248774,-0.0161246683539413,0.0714845061302185,-0.095292329788208,0.984264075756073,-0.0923036336898803,-0.1002727448940277,0.9874438047409058,0.0564317107200622,-0.141963392496109,-0.4527205526828766,0.9941227436065674,-0.1133793294429779,-0.0272213816642761,-0.3148034811019897,0.9832311272621156,0.1286734938621521,0.2743297219276428,0.9919793009757996,-0.1358314752578735,0.2695434689521789,0.9912793040275574,0.1824596542285746,0.0392889828538772,0.0005677596824925,0.000403277247639,0.0,0.0,0.0,0,0,1,1.0
crossover_11_05_02_fps30.mp4,434,0.2068927139043808,-0.0757351445949683,-0.0157850031445666,0.0713224709033966,-0.0960552096366882,0.984054148197174,-0.0920155346393585,-0.0999370813369751,0.9881187081336976,0.0581288635730743,-0.1378387808799743,-0.4464676082134247,0.9942190051078796,-0.1132114827632904,-0.0269148349761962,-0.3078588843345642,0.9846060872077942,0.1287891566753387,0.2746447622776031,0.991965651512146,-0.1359414756298065,0.2698124945163727,0.991218626499176,0.1811537947223246,0.0390941054266085,0.0003396652093747,-4.516547009097982e-05,0.0,0.0,0.0,0,0,1,1.0
crossover_11_05_02_fps30.mp4,435,0.2074767053127288,-0.07594100913759,-0.015775637364969,0.0707253515720367,-0.0966579020023346,0.9836795330047609,-0.0921807587146759,-0.1001457870006561,0.9886654019355774,0.0583963096141815,-0.137821614742279,-0.434058278799057,0.9942001700401306,-0.1137702167034149,-0.0268027186393737,-0.2867864966392517,0.985809862613678,0.1282491981983184,0.2747701108455658,0.9916937351226808,-0.1368049383163452,0.2699391543865204,0.9909999370574952,0.1814985834749074,0.0394036225046706,9.365779597592104e-06,-0.0002058645426216,0.0,0.0,0.0,0,0,1,1.0
crossover_11_05_02_fps30.mp4,436,0.2081327587366104,-0.0760523108102507,-0.016193793168882,0.0702368319034576,-0.0971398055553436,0.9831345677375792,-0.0923511683940887,-0.1005983054637909,0.9890138506889344,0.0586194694042205,-0.1378955543041229,-0.4300771653652191,0.994063675403595,-0.1142647862434387,-0.0269354879856109,-0.2838450670242309,0.9867944717407228,0.1276294887065887,0.27475506067276,0.9912950992584229,-0.1376771926879882,0.2699341177940368,0.9906134605407716,0.1815153080309044,0.0396935421229667,-0.000418155803913,-0.0001113016726607,0.0,0.0,0.0,0,0,1,1.0
crossover_11_05_02_fps30.mp4,437,0.20881187915802,-0.0761935985694497,-0.0164747177100763,0.0699825286865234,-0.0975240170955658,0.9824448227882384,-0.0926339328289032,-0.1008916497230529,0.9893934726715088,0.0583175420761108,-0.1384917795658111,-0.4405093491077423,0.993882417678833,-0.1145581901073455,-0.0272402465343475,-0.2883431017398834,0.987736165523529,0.1271279454231262,0.2748445868492126,0.9910273551940918,-0.1383482813835144,0.2698792815208435,0.9903072714805604,0.1816078476874719,0.039846436412003,-0.0002809245411942,-0.0001412877591989,0.0,0.0,0.0,0,0,1,1.0
crossover_11_05_02_fps30.mp4,438,0.2095539271831512,-0.0763821618031647,-0.0164493538984438,0.0698251128196716,-0.0981323719024658,0.9818416237831116,-0.0927511751651763,-0.1010801196098327,0.9897401332855223,0.0583147406578063,-0.1385257244110107,-0.4441089630126953,0.993754267692566,-0.1146176755428314,-0.0275570750236511,-0.2918324768543243,0.9886028170585632,0.1268780827522277,0.2746560275554657,0.990466296672821,-0.1386672854423523,0.2698305547237396,0.9898332953453064,0.1817853013037684,0.0398162778211577,2.5363811632483912e-05,-0.0001885632337149,0.0,0.0,0.0,0,0,1,1.0
crossover_11_05_02_fps30.mp4,439,0.2099720388650894,-0.076558228367466,-0.0164050800044361,0.069753497838974,-0.0984614789485931,0.9814518094062804,-0.0927615165710449,-0.1011878252029419,0.9900316596031188,0.0583617985248565,-0.1384868919849395,-0.4442417919635772,0.9936931729316713,-0.1145869195461273,-0.0278772711753845,-0.2945763170719147,0.9893717765808104,0.1267099678516388,0.274411678314209,0.9898251295089722,-0.1389729678630828,0.2698038816452026,0.9893583059310912,0.1819543417263464,0.0397214365679889,4.427389400762927e-05,-0.0001760665643013,0.0,0.0,0.0,0,0,1,1.0
crossover_11_05_02_fps30.mp4,440,0.2103148251771927,-0.0772000401707018,-0.0160622745025448,0.0696853995323181,-0.0987271666526794,0.9811611771583556,-0.0928463041782379,-0.1014503538608551,0.9901552200317384,0.0581408143043518,-0.1385361552238464,-0.4436615109443664,0.9936168789863586,-0.1147747337818145,-0.0282587110996246,-0.2966488599777221,0.98994117975235,0.1263948082923889,0.2741605043411255,0.989459991455078,-0.1394500434398651,0.2696556448936462,0.9890996813774108,0.1825294451560439,0.0395045651239901,0.0003428055018913,-0.0006418118032358,0.0,0.0,0.0,0,0,1,1.0
crossover_11_05_02_fps30.mp4,441,0.2103383541107177,-0.0773460909471673,-0.0152857867682852,0.0696586966514587,-0.0989943742752075,0.981042742729187,-0.0928399562835693,-0.1016490459442138,0.990227460861206,0.0585246086120605,-0.1374027729034423,-0.4428600370883941,0.9935908913612366,-0.1148364245891571,-0.0283863544464111,-0.2947249710559845,0.9903496503829956,0.1262364387512207,0.2739535570144653,0.9893330335617064,-0.1396763026714325,0.2697473764419555,0.9890376329421996,0.1826838944774501,0.0397133477571063,0.0007764877342596,-0.0001460507764654,0.0,0.0,0.0,0,0,1,1.0
crossover_11_05_02_fps30.mp4,442,0.2100912630558014,-0.0773807515532283,-0.0143473032044201,0.0696256160736084,-0.0989646911621093,0.9807710647583008,-0.0926793813705444,-0.1016058325767517,0.9901898503303528,0.0585944652557373,-0.1367792189121246,-0.4365965127944946,0.9935535192489624,-0.1147122383117675,-0.0280846357345581,-0.2875489294528961,0.9906551241874696,0.1261507272720337,0.2742100954055786,0.9890746474266052,-0.1397864520549774,0.270047664642334,0.9888453483581544,0.1829722207607036,0.0397788160789958,0.0009384835638651,-3.4660606060998855e-05,0.0,0.0,0.0,0,0,1,1.0
crossover_11_05_02_fps30.mp4,443,0.2098038792610168,-0.0774348389294187,-0.0134256634770369,0.0697892606258392,-0.0986039936542511,0.9804655909538268,-0.0924544036388397,-0.1012689769268035,0.9903242588043212,0.0586098730564117,-0.1359880864620208,-0.4442501664161682,0.9934605956077576,-0.1144681274890899,-0.0277523696422576,-0.2974897623062134,0.9911022186279296,0.1261094510555267,0.2745454609394073,0.9888921976089478,-0.1398541629314422,0.2703324854373932,0.9887161254882812,0.1831111989673424,0.0397079207600756,0.0009216397273831,-5.408737619044812e-05,0.0,0.0,0.0,0,0,1,1.0
crossover_11_05_02_fps30.mp4,444,0.2096579074859619,-0.077462592670473,-0.0132909924518771,0.0699164569377899,-0.0984292030334472,0.9800509214401244,-0.0922580361366272,-0.1011092662811279,0.9905301332473756,0.0585853159427642,-0.1356074213981628,-0.4465590715408325,0.9933469891548156,-0.1142996549606323,-0.0275943875312805,-0.2992582619190216,0.991602897644043,0.126093715429306,0.2746851742267608,0.9885985255241394,-0.1398978233337402,0.2703129351139068,0.9885101914405824,0.1829490153791693,0.0395165315907985,0.0001346710251598,-2.7753741054237224e-05,0.0,0.0,0.0,0,0,1,1.0
crossover_11_05_02_fps30.mp4,445,0.2095672041177749,-0.0774040840439877,-0.0130825853929287,0.0700343251228332,-0.0983539521694183,0.9799124002456664,-0.0920599699020385,-0.1010305881500244,0.9908794164657592,0.0586128830909729,-0.1351829767227172,-0.4446147978305816,0.9933793544769288,-0.114167183637619,-0.0271773636341094,-0.2982656061649322,0.9921655654907228,0.1261254549026489,0.2747441530227661,0.9884973168373108,-0.1399149596691131,0.2700476050376892,0.9884774088859558,0.1827816208251816,0.0393724302704229,0.0002084070589484,5.8508626485265225e-05,0.0,0.0,0.0,0,0,1,1.0
crossover_11_05_02_fps30.mp4,446,0.209429994225502,-0.0773413849079002,-0.0130019842124566,0.0701058208942413,-0.0982224345207214,0.9799195528030396,-0.0918919444084167,-0.1009153723716735,0.9913002848625184,0.0586512982845306,-0.1345081925392151,-0.438946008682251,0.9934555292129515,-0.1140054166316986,-0.0267725586891174,-0.2937318980693817,0.9927281737327576,0.1262148320674896,0.2748510837554931,0.9884001612663268,-0.1398996114730835,0.2698671817779541,0.988469898700714,0.1823671257212288,0.0391647793771515,8.060118047203968e-05,6.269913608747402e-05,0.0,0.0,0.0,0,0,1,1.0
crossover_11_05_02_fps30.mp4,447,0.2094676345586776,-0.0772742971525353,-0.0130752778634792,0.0701642930507659,-0.0982168316841125,0.9800994396209716,-0.0917764604091644,-0.1009592711925506,0.9916808605194092,0.0586879551410675,-0.1341541409492492,-0.428935170173645,0.993635356426239,-0.1138767600059509,-0.0262759923934936,-0.2841497957706451,0.9932476282119752,0.1262999475002288,0.2748021483421325,0.9883511066436768,-0.1398753523826599,0.2696934342384338,0.9884939193725586,0.1820599492883922,0.0389101420074329,-7.329365102254348e-05,6.708775536490297e-05,0.0,0.0,0.0,0,0,1,1.0
crossover_11_05_02_fps30.mp4,448,0.2095214128494262,-0.0772992579613701,-0.0132081882255833,0.0701976716518402,-0.0982193946838378,0.980256974697113,-0.0916513502597808,-0.1010218858718872,0.992016613483429,0.058718591928482,-0.1338975727558136,-0.4254771173000335,0.9937927722930908,-0.1137938499450683,-0.026164174079895,-0.2804582715034485,0.9937021732330322,0.1263974010944366,0.2747627794742584,0.9883434772491456,-0.1398614943027496,0.2695043981075287,0.9885214567184448,0.1818427425743028,0.0387261257230016,-0.0001329103621041,-2.4960808834795237e-05,0.0,0.0,0.0,0,0,1,1.0
crossover_11_05_02_fps30.mp4,449,0.2095905393362045,-0.0772919279033854,-0.0132978362281148,0.0702118873596191,-0.0982460379600524,0.9804113507270812,-0.0915689766407013,-0.1010992228984832,0.9923190474510192,0.058735966682434,-0.1337956488132476,-0.4232685267925262,0.9939491152763368,-0.1137481033802032,-0.0260997712612152,-0.2770427465438843,0.9941104650497437,0.1264696717262268,0.2747149169445038,0.9883491396903992,-0.1398646831512451,0.2693183720111847,0.9885461926460266,0.1817231711787262,0.038638611142072,-8.964800253147276e-05,7.330057984700211e-06,0.0,0.0,0.0,0,0,1,1.0
crossover_11_05_02_fps30.mp4,450,0.209866002202034,-0.0774822446249299,-0.0136144539205039,0.0702058970928192,-0.0984310507774353,0.9806697964668274,-0.0914697051048278,-0.1013990044593811,0.9924622774124146,0.0587494075298309,-0.1337170898914337,-0.4256442487239837,0.9941251277923584,-0.1137330830097198,-0.0262260437011718,-0.2756339013576507,0.9943708181381226,0.1265174448490142,0.2744596600532532,0.9883909225463868,-0.1398793756961822,0.2689831852912903,0.9885830879211426,0.1816141685441459,0.0383819681673049,-0.0003166176923891,-0.0001903167215444,0.0,0.0,0.0,0,0,1,1.0
crossover_11_05_02_fps30.mp4,451,0.2099125683307647,-0.0774451802342625,-0.0136245615598631,0.0701901018619537,-0.0983593463897705,0.980930507183075,-0.0913989543914794,-0.101491630077362,0.9926006197929382,0.0587770640850067,-0.133496344089508,-0.4265223443508148,0.994280993938446,-0.1137191951274871,-0.0261775851249694,-0.274861067533493,0.994608998298645,0.1265609562397003,0.2744253575801849,0.9884262681007384,-0.139904499053955,0.2688852846622467,0.9885891675949096,0.1814545234878787,0.0383846656504912,-1.0107639359269172e-05,3.70643906674184e-05,0.0,0.0,0.0,0,0,1,1.0
crossover_11_05_02_fps30.mp4,452,0.2099351733922958,-0.0774179468720646,-0.0135705561172671,0.0701690912246704,-0.0982718765735626,0.981239914894104,-0.0913366079330444,-0.1015976667404174,0.9927488565444946,0.0588846206665039,-0.1330103874206543,-0.4275048077106476,0.9944524765014648,-0.1137036085128784,-0.0261888802051544,-0.2764686346054077,0.994829535484314,0.1266186237335205,0.2744210958480835,0.9885736107826232,-0.1399029195308685,0.268796443939209,0.9886717796325684,0.1812298629348585,0.0384170709906232,5.400544259603901e-05,2.723336219789818e-05,0.0,0.0,0.0,0,0,1,1.0
crossover_11_05_02_fps30.mp4,453,0.209904059767723,-0.0773741499852326,-0.0133420050144195,0.0701730251312255,-0.0981739461421966,0.9815980195999146,-0.0913140475749969,-0.1016101241111755,0.9929378032684326,0.0589417219161987,-0.1324614286422729,-0.4304212033748626,0.9946318864822388,-0.1136907637119293,-0.0260848402976989,-0.2765805125236511,0.995062291622162,0.1266719698905944,0.274464875459671,0.9887171387672424,-0.1399075090885162,0.2687710225582123,0.9887744784355164,0.1810288761984657,0.0384873522553953,0.0002285511028475,4.379688683198157e-05,0.0,0.0,0.0,0,0,1,1.0
crossover_11_05_02_fps30.mp4,454,0.20988829433918,-0.0773381259481785,-0.0133180167616867,0.0701863765716552,-0.0981006920337677,0.9819149374961852,-0.091277927160263,-0.1016352474689483,0.9931188225746156,0.0590094327926635,-0.1320619881153106,-0.4318522810935974,0.99480003118515,-0.1136699616909027,-0.0260174572467803,-0.2771978676319122,0.9952831268310548,0.1267270445823669,0.27449631690979,0.9888505339622498,-0.1399031579494476,0.2687336802482605,0.9888607263565063,0.1808059388057196,0.0384873755544688,2.3988252732809467e-05,3.6024037054049884e-05,0.0,0.0,0.0,0,0,1,1.0
crossover_11_05_02_fps30.mp4,455,0.2098964154720306,-0.0772105582689834,-0.0131504170778321,0.0702189207077026,-0.0981043875217437,0.981955111026764,-0.0912527740001678,-0.10170778632164,0.9932577610015868,0.0588249564170837,-0.1324807405471801,-0.431269884109497,0.994852602481842,-0.1136387884616851,-0.0259723663330078,-0.2771662175655365,0.9954814314842224,0.126783549785614,0.2745250761508941,0.9888573288917542,-0.1398909091949463,0.2687151134014129,0.9888657331466676,0.1809568660073512,0.0386188857642833,0.0001675996838546,0.000127567679195,0.0,0.0,0.0,0,0,1,1.0
crossover_11_05_02_fps30.mp4,456,0.2099087536334991,-0.0769484870514627,-0.0132398832135084,0.0705572068691253,-0.0981039404869079,0.9815828204154968,-0.0912108421325683,-0.1020261347293853,0.9933722615242004,0.0586844980716705,-0.135797768831253,-0.4415939152240753,0.9946556091308594,-0.1135885119438171,-0.0260098576545715,-0.286502480506897,0.9956502914428712,0.1268641054630279,0.2745193839073181,0.9889817833900452,-0.1398545205593109,0.2686565518379211,0.9889854192733764,0.1828024671072692,0.0388015936700769,-8.946613567634154e-05,0.0002620712175207,0.0,0.0,0.0,0,0,1,1.0
crossover_11_05_02_fps30.mp4,457,0.2099304944276809,-0.0769093664015753,-0.0133186552582717,0.0706941187381744,-0.0980693995952606,0.9815345406532288,-0.0912104249000549,-0.1025018393993377,0.9933794736862184,0.0587862432003021,-0.1376737356185913,-0.4435050189495086,0.9946317076683044,-0.1135827004909515,-0.0263780951499938,-0.286769300699234,0.9957196712493896,0.1268960535526275,0.274520993232727,0.9889391660690308,-0.1398645341396331,0.2686181664466858,0.988944411277771,0.1840583724709275,0.0389291973140534,-7.87720447633089e-05,3.912064988736974e-05,0.0,0.0,0.0,0,0,1,1.0
crossover_11_05_02_fps30.mp4,458,0.2098423093557357,-0.0767228280083607,-0.0133497197453568,0.0707104206085205,-0.0977706313133239,0.9807186722755432,-0.0912037193775177,-0.1031229197978973,0.993049383163452,0.0590397119522094,-0.139812558889389,-0.4534121751785278,0.9942526817321776,-0.1135735809803009,-0.0268715023994445,-0.2888301908969879,0.9954904913902284,0.1269433498382568,0.2747239470481872,0.9885547757148744,-0.1398648619651794,0.2687870264053345,0.9885132908821106,0.1855379124085285,0.0392532368186795,-3.106448708511955e-05,0.0001865383932145,0.0,0.0,0.0,0,0,1,1.0
crossover_11_05_02_fps30.mp4,459,0.2097609639167785,-0.0767740642620345,-0.0131930960387718,0.0707366168498992,-0.097557783126831,0.9799357652664183,-0.0911927819252014,-0.1033927500247955,0.992742955684662,0.0592016279697418,-0.1410164535045623,-0.4567457735538482,0.9938642382621764,-0.1135583221912384,-0.0270769894123077,-0.2902665436267853,0.995290756225586,0.1269772946834564,0.2748658955097198,0.9881700277328492,-0.1398550570011139,0.2689173519611358,0.9880605340003968,0.186623148595607,0.0393172242994074,0.000156623706585,-5.1236253673758725e-05,0.0,0.0,0.0,0,0,1,1.0
crossover_11_05_02_fps30.mp4,460,0.2098020911216735,-0.0768762416758779,-0.0132806740156034,0.0707630515098571,-0.0974820852279663,0.97968989610672,-0.091140478849411,-0.1037818491458892,0.9926635026931764,0.0602471232414245,-0.143467903137207,-0.4582350850105285,0.9937973618507384,-0.1135055422782898,-0.0272438526153564,-0.2939158678054809,0.9952701330184937,0.1270360350608825,0.2749257087707519,0.9878279566764832,-0.1398118138313293,0.2689377069473266,0.987690567970276,0.1890807547917149,0.0392004594262675,-8.757797683156543e-05,-0.0001021774138434,0.0,0.0,0.0,0,0,1,1.0
crossover_11_05_02_fps30.mp4,461,0.2099565714597702,-0.0768785531237973,-0.0133392121733688,0.0704573988914489,-0.0976684093475341,0.9793622493743896,-0.0911509990692138,-0.1041889488697052,0.9927271604537964,0.0605597496032714,-0.1443104147911071,-0.457586407661438,0.9937562346458436,-0.113514244556427,-0.0274388492107391,-0.2995268106460571,0.9953884482383728,0.1270279288291931,0.2749087810516357,0.9876874089241028,-0.1398307681083679,0.2689002156257629,0.987619400024414,0.1898492638164132,0.0392552372471806,-5.853815776546423e-05,-2.3114479194008557e-06,0.0,0.0,0.0,0,0,1,1.0
crossover_11_05_02_fps30.mp4,462,0.2100743800401687,-0.0769569025201312,-0.013354483464869,0.0702928900718689,-0.0976606607437133,0.9792273044586182,-0.0911308228969574,-0.1044336259365081,0.9927852749824524,0.0623687505722045,-0.1439835727214813,-0.4630621373653412,0.9937210083007812,-0.1134992837905883,-0.0276398360729217,-0.306179404258728,0.995486855506897,0.127026081085205,0.2748792767524719,0.9875665903091432,-0.1398437321186065,0.2687957286834717,0.9875035285949708,0.1909858543704687,0.0392354040128536,-1.5271291500196238e-05,-7.834939633388771e-05,0.0,0.0,0.0,0,0,1,1.0
crossover_11_05_02_fps30.mp4,463,0.2098572850227356,-0.0769102902735693,-0.0131326519861453,0.0700845122337341,-0.0975154340267181,0.9793550372123718,-0.0910829007625579,-0.1041969954967498,0.9928813576698304,0.0633783936500549,-0.1433843076229095,-0.4764376282691955,0.993791162967682,-0.1134514212608337,-0.027526319026947,-0.3145399987697601,0.9955620169639589,0.127034842967987,0.2751489579677582,0.9873939752578736,-0.1398515999317169,0.2689842879772186,0.9872811436653136,0.1914325171780927,0.0392738068527851,0.0002218314787236,4.661224656188345e-05,0.0,0.0,0.0,0,0,1,1.0
crossover_11_05_02_fps30.mp4,464,0.2097774744033813,-0.0769159762536065,-0.0130027230192975,0.0699230134487152,-0.0974824428558349,0.9793893694877625,-0.0910343825817108,-0.1041595339775085,0.9929675459861756,0.0639015734195709,-0.1430331468582153,-0.4764029681682586,0.9938361644744872,-0.1134058833122253,-0.027527779340744,-0.3127211630344391,0.9956440329551696,0.1270420849323272,0.2752087116241455,0.9870621562004088,-0.1398574113845825,0.2690064311027527,0.9869085550308228,0.1916702726551157,0.0392745538267187,0.0001299289668478,-5.685980037140048e-06,0.0,0.0,0.0,0,0,1,1.0
crossover_11_05_02_fps30.mp4,465,0.2093953937292099,-0.076906598321462,-0.0127615873406572,0.0697821676731109,-0.096913993358612,0.979380428791046,-0.0908548831939697,-0.1038683950901031,0.9931210279464722,0.065483957529068,-0.1418573856353759,-0.4718785583972931,0.9938860535621644,-0.1132885515689849,-0.0274557769298553,-0.3100831210613251,0.9958069324493408,0.1270956695079803,0.2754560708999634,0.9867482781410216,-0.1398145258426666,0.2692367434501648,0.9865911602973938,0.192199884320396,0.0392373002357226,0.0002411356786402,9.37793214444982e-06,0.0,0.0,0.0,0,0,1,1.0
crossover_11_05_02_fps30.mp4,466,0.2092524170875549,-0.0767722610699928,-0.0127209753524966,0.0695276856422424,-0.0967430472373962,0.9791494011878968,-0.0905572474002838,-0.1037544310092926,0.9932429790496826,0.0678187012672424,-0.1374752223491668,-0.4740639328956604,0.9938557744026184,-0.1131114661693573,-0.027570903301239,-0.3113771378993988,0.9959338903427124,0.127191960811615,0.2755047082901001,0.9863925576210022,-0.1397296488285064,0.2692958116531372,0.9862114191055298,0.1909716432701829,0.0392563139805116,4.061198816068812e-05,0.0001343372514692,0.0,0.0,0.0,0,0,1,1.0
crossover_11_05_02_fps30.mp4,467,0.2090000659227371,-0.0766828876430705,-0.0128636118842334,0.06885826587677,-0.096763402223587,0.978343427181244,-0.0902680158615112,-0.1038213372230529,0.9934078454971312,0.0708903670310974,-0.1290528774261474,-0.4732734858989715,0.9935893416404724,-0.1129399836063385,-0.0276694893836975,-0.3096941113471985,0.9960893988609314,0.1272880434989929,0.2754201889038086,0.9860557317733764,-0.1396410763263702,0.2692453265190124,0.9859004020690918,0.1878238827260693,0.0391636440620476,-0.0001426365317367,8.937342692233452e-05,0.0,0.0,0.0,0,0,1,1.0
crossover_11_05_02_fps30.mp4,468,0.2087967842817306,-0.0766774718034065,-0.0129563287990849,0.0684017241001129,-0.0967724919319152,0.9773249626159668,-0.0899994671344757,-0.1038730442523956,0.9934334754943848,0.0720648467540741,-0.1224427819252014,-0.4723813235759735,0.9932539463043212,-0.1128064393997192,-0.0277447998523712,-0.3026468157768249,0.9961729049682616,0.1273605525493621,0.2753636837005615,0.9852767586708068,-0.1395758390426635,0.2692146897315979,0.98510080575943,0.1846931529537366,0.039038457649724,-9.271691485152056e-05,5.415839663958089e-06,0.0,0.0,0.0,0,0,1,1.0
crossover_11_05_02_fps30.mp4,469,0.2086552530527115,-0.0766001456874911,-0.0129644994328661,0.0681221485137939,-0.0967784523963928,0.9763550162315368,-0.0897897779941558,-0.1039028167724609,0.9934494495391846,0.072542130947113,-0.1203190088272094,-0.4708718657493591,0.9929248690605164,-0.1126917600631713,-0.0278080403804779,-0.302079290151596,0.9962362051010132,0.1274294257164001,0.2753309309482574,0.984490931034088,-0.1395119428634643,0.2691921889781952,0.984281837940216,0.1837618278289943,0.0390248041136176,-8.170633781223735e-06,7.732611591537708e-05,0.0,0.0,0.0,0,0,1,1.0
crossover_11_05_02_fps30.mp4,470,0.2086065411567688,-0.0764753724558878,-0.0130471795070462,0.0674250423908233,-0.0967061221599578,0.975813627243042,-0.0896122455596923,-0.1040206849575042,0.9935425519943236,0.0724223554134368,-0.1173123717308044,-0.4674781858921051,0.9927685856819152,-0.1125898659229278,-0.0278397500514984,-0.2947447299957275,0.9963259696960448,0.1275185048580169,0.2752726972103119,0.9841002821922302,-0.1394270062446594,0.2691620886325836,0.9838912487030028,0.1817739356291345,0.0390266163239073,-8.268007418005263e-05,0.0001247732316033,0.0,0.0,0.0,0,0,1,1.0
crossover_11_05_02_fps30.mp4,471,0.2085885852575302,-0.0767087011014001,-0.0132577432364952,0.066700279712677,-0.0969922840595245,0.9752819538116456,-0.0894834697246551,-0.1042399704456329,0.9934722185134888,0.0722950100898742,-0.1163428127765655,-0.4659634232521057,0.9925411343574524,-0.1125155389308929,-0.0278496742248535,-0.2739347219467163,0.996275007724762,0.1275859475135803,0.2752023637294769,0.9837859869003296,-0.1393558979034423,0.2691416442394256,0.9835653305053712,0.181186747613764,0.03866592925712,-0.0002105637294489,-0.0002333286455122,0.0,0.0,0.0,0,0,1,1.0
crossover_11_05_02_fps30.mp4,472,0.2086904495954513,-0.076749658988694,-0.0135098921089637,0.066587746143341,-0.0970146059989929,0.9747901558876038,-0.089259386062622,-0.1046154201030731,0.993350088596344,0.0721933245658874,-0.1162081956863403,-0.4651364684104919,0.9923444986343384,-0.1123455762863159,-0.0279402732849121,-0.2721998393535614,0.9961659908294678,0.1277645826339721,0.2750776708126068,0.9834983944892884,-0.1391801536083221,0.269101470708847,0.9832680821418762,0.1809169807060999,0.0384097022787511,-0.0002521488724685,-4.095788729391314e-05,0.0,0.0,0.0,0,0,1,1.0
crossover_11_05_02_fps30.mp4,473,0.2088041305541992,-0.0765805068662611,-0.013675493147315,0.0661856532096862,-0.0969972014427185,0.9743666052818298,-0.0891307294368743,-0.1047816276550293,0.993327796459198,0.0721718072891235,-0.1154394447803497,-0.461923748254776,0.9922080636024476,-0.1123110055923461,-0.0279262959957122,-0.2701422870159149,0.9961273670196532,0.1278415918350219,0.2750405669212341,0.9834629893302916,-0.1391047239303589,0.2692121267318725,0.9833074808120728,0.1802308320420035,0.0384675697313809,-0.0001656010383512,0.0001691521224329,0.0,0.0,0.0,0,0,1,1.0
crossover_11_05_02_fps30.mp4,474,0.2088376879692077,-0.0765219249967801,-0.0136686652171902,0.065959632396698,-0.0969820916652679,0.9738592505455016,-0.0890604555606842,-0.1048406660556793,0.9933730959892272,0.0720959901809692,-0.1151780486106872,-0.4619229137897491,0.9920504093170166,-0.1122795045375824,-0.0278848707675933,-0.2731752693653106,0.9961453676223756,0.1278907060623169,0.2750158607959747,0.9833362102508544,-0.13906130194664,0.2694461047649383,0.9833338856697084,0.1799762196200061,0.0384799297669332,6.827930124797543e-06,5.85818694809892e-05,0.0,0.0,0.0,0,0,1,1.0
crossover_11_05_02_fps30.mp4,475,0.2088907957077026,-0.07662338220467,-0.0137267999532746,0.0657827854156494,-0.0968649685382843,0.973543107509613,-0.0889768004417419,-0.1048950254917144,0.9934582114219666,0.0721195340156555,-0.1146755218505859,-0.4603131711483001,0.9920234084129332,-0.1122584342956543,-0.0278680920600891,-0.2758621871471405,0.9961865544319152,0.1279510855674743,0.2749231457710266,0.983312726020813,-0.1390208005905151,0.269661009311676,0.9834944605827332,0.1797640107986787,0.0383384021573332,-5.813473608440312e-05,-0.0001014572078898,0.0,0.0,0.0,0,0,1,1.0
crossover_11_05_02_fps30.mp4,476,0.2090140134096145,-0.0766055796105982,-0.0138165990026985,0.0655688047409057,-0.0969533622264862,0.9734371900558472,-0.0889124870300293,-0.1050082147121429,0.9935656189918518,0.0720956921577453,-0.1140487194061279,-0.4588358700275421,0.9920647144317628,-0.1122330725193023,-0.0279206037521362,-0.2774044871330261,0.9962487816810608,0.1279886960983276,0.2747717201709747,0.9834910035133362,-0.1389940977096557,0.2696567475795746,0.9838324785232544,0.179328040713354,0.0383176356385923,-8.979904942391093e-05,1.7802594071747446e-05,0.0,0.0,0.0,0,0,1,1.0
crossover_11_05_02_fps30.mp4,477,0.2090621590614318,-0.0764958925166372,-0.0137977592828797,0.0653996467590332,-0.0969204306602478,0.9736542105674744,-0.0889123082160949,-0.1050701439380645,0.9937010407447816,0.0720126032829284,-0.1141201257705688,-0.4588691294193268,0.9922202229499816,-0.1122388839721679,-0.02793550491333,-0.2825435400009155,0.99632465839386,0.1279998421669006,0.2747433483600616,0.9836679100990297,-0.1390023529529571,0.2697513997554779,0.9842153787612916,0.1792187226333784,0.0384374464513638,1.8839719818808387e-05,0.000109687093961,0.0,0.0,0.0,0,0,1,1.0
crossover_11_05_02_fps30.mp4,478,0.2091082036495208,-0.07647177142612,-0.01376638906758,0.0653667449951171,-0.0970284044742584,0.9740806818008424,-0.0888565182685852,-0.1052840948104858,0.993857741355896,0.0719044804573059,-0.1145952045917511,-0.4618111252784729,0.9924522638320924,-0.1121918559074401,-0.0281488895416259,-0.2921122908592224,0.9964724779129028,0.1280239820480346,0.2746158838272095,0.9839423298835754,-0.1390080451965332,0.2697197794914245,0.9846843481063844,0.1793933169406853,0.0385068923082424,3.1370215299697524e-05,2.412109051719291e-05,0.0,0.0,0.0,0,0,1,1.0
crossover_11_05_02_fps30.mp4,479,0.2091847062110901,-0.0764327336165864,-0.0139046686451609,0.065313696861267,-0.0971591472625732,0.974419891834259,-0.0888226628303527,-0.1054977774620056,0.9939844012260436,0.0718159675598144,-0.1149550080299377,-0.4618393182754516,0.992645263671875,-0.1121618449687957,-0.0283752977848052,-0.2931432127952575,0.9965985417366028,0.128028929233551,0.2744773030281067,0.984182834625244,-0.1390226185321808,0.2696126103401184,0.9851133227348328,0.1794125092914883,0.0385482620323627,-0.0001382795775808,3.903780953357083e-05,0.0,0.0,0.0,0,0,1,1.0
crossover_11_05_02_fps30.mp4,480,0.2091739922761917,-0.0760955572128295,-0.0138769199208515,0.0652629733085632,-0.0972408950328826,0.9748392701148988,-0.0888377428054809,-0.1055931448936462,0.9941776394844056,0.0717232823371887,-0.1152066588401794,-0.4611783921718597,0.992909014225006,-0.1121412515640258,-0.0284698605537414,-0.2936473190784454,0.9967718720436096,0.1280055046081543,0.2744011282920837,0.9843812584877014,-0.1390599012374878,0.269536554813385,0.9854857921600342,0.1792153043558869,0.0388876072492884,2.7748724309384357e-05,0.0003371764037569,0.0,0.0,0.0,0,0,1,1.0
crossover_11_05_02_fps30.mp4,481,0.2091792672872543,-0.0759104967117309,-0.0139371249733901,0.0652200579643249,-0.09735569357872,0.9749171137809752,-0.088858425617218,-0.1056637465953826,0.9943190813064576,0.0716685056686401,-0.1154001951217651,-0.4538393318653106,0.9930883646011353,-0.1121106445789337,-0.0285424292087554,-0.2877103388309479,0.9969115853309632,0.127994954586029,0.2743397355079651,0.984404683113098,-0.1390828788280487,0.2694717049598694,0.9857186675071716,0.1790930388025163,0.0390354405305605,-6.020505253861996e-05,0.0001850605010986,0.0,0.0,0.0,0,0,1,1.0
crossover_11_05_02_fps30.mp4,482,0.2092175036668777,-0.0760594232607695,-0.0138903879537815,0.0651056766510009,-0.0976046025753021,0.974804699420929,-0.0889466404914856,-0.1057669520378112,0.9944106340408324,0.0715475082397461,-0.1155928075313568,-0.4436570405960083,0.9932165741920472,-0.1121505498886108,-0.0286083817481994,-0.2754991054534912,0.9970219135284424,0.1279030442237854,0.2742413878440857,0.984333872795105,-0.1391766965389251,0.2693735361099243,0.98586505651474,0.1792517458072057,0.0389767720905592,4.673701960866694e-05,-0.0001489265490386,0.0,0.0,0.0,0,0,1,1.0
crossover_11_05_02_fps30.mp4,483,0.2092991471290588,-0.0761469610666824,-0.0139824729140212,0.0649934411048889,-0.0977709293365478,0.9744545817375184,-0.0889512002468109,-0.1059619784355163,0.9943573474884032,0.0714620351791381,-0.1156511008739471,-0.4443078637123108,0.9932438731193542,-0.1121577322483062,-0.0287957191467285,-0.273349791765213,0.997043251991272,0.127860426902771,0.274064153432846,0.9841461777687072,-0.1392249166965484,0.2691947519779205,0.9858648180961608,0.1792342759740796,0.0389385144175543,-9.208496023971335e-05,-8.753780591286286e-05,0.0,0.0,0.0,0,0,1,1.0
crossover_11_05_02_fps30.mp4,484,0.2093574553728103,-0.0762520157684714,-0.014100731291422,0.064900517463684,-0.0978835523128509,0.974188506603241,-0.0889648497104644,-0.1060993075370788,0.99432772397995,0.0713653564453125,-0.1156854033470153,-0.444014310836792,0.993283987045288,-0.1121709644794464,-0.0289282202720642,-0.2734066247940063,0.9970743656158448,0.1278162598609924,0.2739429473876953,0.983967661857605,-0.1392751038074493,0.2690739631652832,0.9858896136283876,0.1791935662236378,0.0388590440692088,-0.0001182583774008,-0.0001050547017889,0.0,0.0,0.0,0,0,1,1.0
crossover_11_05_02_fps30.mp4,485,0.2093081027269363,-0.0762121405641911,-0.0139575061274737,0.0647971332073211,-0.0979056060314178,0.9740431904792786,-0.0889236330986023,-0.1061756014823913,0.9942420721054076,0.0713194906711578,-0.1156128346920013,-0.445871889591217,0.9932668209075928,-0.112156331539154,-0.0290997624397277,-0.27354896068573,0.997064769268036,0.1278188526630401,0.273921936750412,0.9838781356811525,-0.1392826735973358,0.269052118062973,0.9859073162078856,0.1791630208511931,0.039003497164621,0.0001432251639482,3.987520428028191e-05,0.0,0.0,0.0,0,0,1,1.0
crossover_11_05_02_fps30.mp4,486,0.2091767340898513,-0.0762209264908806,-0.0136646932218132,0.0646937787532806,-0.0978293120861053,0.9741668701171876,-0.0889405906200409,-0.1061190068721771,0.9941983222961426,0.0711519420146942,-0.1155133843421936,-0.4471698701381683,0.9932995438575744,-0.1121753752231597,-0.0290248692035675,-0.269345223903656,0.9970595240592957,0.1277813017368316,0.2739993035793304,0.9837833046913148,-0.1393243074417114,0.2691273391246795,0.9858714938163756,0.1791421732995782,0.0390980484146273,0.0002928129056604,-8.785926689569568e-06,0.0,0.0,0.0,0,0,1,1.0
crossover_11_05_02_fps30.mp4,487,0.2091470807790756,-0.0760562638104972,-0.0135739817851927,0.064624547958374,-0.0978320837020874,0.973979651927948,-0.0889312624931335,-0.1061376631259918,0.9942249059677124,0.0710310339927673,-0.1155552864074707,-0.4450197517871856,0.99329274892807,-0.1121591925621032,-0.0289634764194488,-0.2710314393043518,0.9970921874046326,0.1277686357498169,0.273975670337677,0.9836350083351136,-0.139340728521347,0.2691125273704529,0.9858603477478028,0.1789828474114994,0.039246120948972,9.071143662059412e-05,0.0001646626803834,0.0,0.0,0.0,0,0,1,1.0
crossover_11_05_02_fps30.mp4,488,0.2091258019208908,-0.0760351073943962,-0.0134925994931197,0.0645816922187805,-0.0978219807147979,0.9737035632133484,-0.0889264643192291,-0.106143981218338,0.9941842555999756,0.0706797838211059,-0.1156190931797027,-0.4434645175933838,0.9932613968849182,-0.1121546030044555,-0.0288201570510864,-0.2711850106716156,0.9970623850822448,0.1277409195899963,0.273926168680191,0.9834246635437012,-0.1393726468086242,0.2690792381763458,0.985745906829834,0.1787598389378674,0.0392371250707525,8.138229207294012e-05,2.115641610100916e-05,0.0,0.0,0.0,0,0,1,1.0
crossover_11_05_02_fps30.mp4,489,0.2090944498777389,-0.0760820965645677,-0.013528756106772,0.0645456612110138,-0.0978047251701355,0.9735018014907836,-0.0889199674129486,-0.1061494648456573,0.9941802620887756,0.0704101026058197,-0.1156759560108184,-0.4416115880012512,0.9932577610015868,-0.1121461987495422,-0.02873957157135,-0.2713160812854767,0.9970659613609314,0.1277209818363189,0.2738823890686035,0.983265459537506,-0.1393972635269165,0.2690435647964477,0.9856813549995422,0.1785889550504556,0.0391406230597537,-3.615661365230505e-05,-4.6989170171485295e-05,0.0,0.0,0.0,0,0,1,1.0
crossover_11_05_02_fps30.mp4,490,0.2090703099966049,-0.0761314128415059,-0.0133600764158295,0.0645394027233123,-0.0979975759983062,0.9733730554580688,-0.0888703763484954,-0.1061776876449585,0.994263470172882,0.0703264772891998,-0.1157781481742858,-0.4423253834247589,0.9932604432106018,-0.1121284067630767,-0.0286477804183959,-0.2740024030208587,0.9971191883087158,0.1277245581150055,0.2738534808158874,0.983251929283142,-0.1393990218639373,0.2690336108207702,0.9857481122016908,0.1787159058513208,0.0391087901252352,0.0001686796909425,-4.931627693821605e-05,0.0,0.0,0.0,0,0,1,1.0
crossover_11_05_02_fps30.mp4,491,0.2091574072837829,-0.0760307788848876,-0.0134157849521171,0.0646033287048339,-0.0981239974498748,0.9733891487121582,-0.0888140797615051,-0.1062987148761749,0.9943328499794006,0.0703153610229492,-0.1166800260543823,-0.4423615038394928,0.99331134557724,-0.1121217012405395,-0.0285790860652923,-0.2756043374538421,0.997166633605957,0.1277306675910949,0.2737300395965576,0.9832616448402404,-0.1394172310829162,0.2689570188522339,0.9857969284057616,0.1791108487957972,0.0391469076317722,-5.570853628761308e-05,0.0001006339566182,0.0,0.0,0.0,0,0,1,1.0
crossover_11_05_02_fps30.mp4,492,0.2096951901912689,-0.0761227309703826,-0.0139929727810185,0.0653092563152313,-0.0981496274471283,0.9735641479492188,-0.0887868404388427,-0.1068519055843353,0.9944283366203308,0.070435494184494,-0.1226532161235809,-0.4649589955806732,0.9932830333709716,-0.1121288239955902,-0.0289856493473052,-0.3030439019203186,0.9972134232521056,0.1277219355106353,0.2731468081474304,0.9836136102676392,-0.1394382715225219,0.2683994174003601,0.9860472679138184,0.1824455037643088,0.0390028086881083,-0.0005771878289013,-9.195208549500622e-05,0.0,0.0,0.0,0,0,1,1.0
crossover_11_05_02_fps30.mp4,493,0.2105215042829513,-0.0762139853784593,-0.0148733722000587,0.066027283668518,-0.0987131595611572,0.973922848701477,-0.0887961685657501,-0.1076780259609222,0.9944478273391724,0.0706212520599365,-0.1336056292057037,-0.4636751413345337,0.9933581948280334,-0.1121479868888855,-0.0297894775867462,-0.2973070442676544,0.9972510933876038,0.1277082562446594,0.2723019421100616,0.9841970801353456,-0.1394615769386291,0.2675692141056061,0.9865420460700988,0.1888330898101406,0.0389068459844546,-0.0008803994190402,-9.125440807666862e-05,0.0,0.0,0.0,0,0,1,1.0
crossover_11_05_02_fps30.mp4,494,0.2110253274440765,-0.0762315672332957,-0.0153876961731329,0.0665086209774017,-0.0989750921726226,0.9742029309272766,-0.0888020098209381,-0.1081779301166534,0.9944815039634703,0.0707376301288604,-0.1372151970863342,-0.4599707126617431,0.993403434753418,-0.1121675074100494,-0.0302731394767761,-0.2962520718574524,0.997294783592224,0.1276990473270416,0.2717542648315429,0.9847346544265748,-0.1394726634025573,0.2670620679855346,0.9869949221611024,0.1908975771245735,0.0388968921474864,-0.0005143239730741,-1.7581854836412614e-05,0.0,0.0,0.0,0,0,1,1.0
crossover_11_05_02_fps30.mp4,495,0.2116805911064148,-0.0763273812956729,-0.0160961095879717,0.0676968097686767,-0.0990439653396606,0.9745608568191528,-0.088872492313385,-0.1088978946208953,0.9944782257080078,0.0708100795745849,-0.1482405066490173,-0.4591115117073059,0.9934136271476746,-0.1122631132602691,-0.0310188233852386,-0.3015895783901214,0.9973120093345642,0.127621054649353,0.2709865570068359,0.9852125644683838,-0.1395509839057922,0.2663249373435974,0.9874643683433532,0.1977664634511471,0.0389109781283694,-0.0007084134148388,-9.581406237713086e-05,0.0,0.0,0.0,0,0,1,1.0
crossover_11_05_02_fps30.mp4,496,0.2119876444339752,-0.0763803214339886,-0.0162931026482,0.0685977637767791,-0.0992316305637359,0.974646270275116,-0.0889262557029724,-0.1091757714748382,0.9944193363189696,0.0707649886608123,-0.1556868553161621,-0.4576963782310486,0.993332862854004,-0.1123183369636535,-0.0313597321510314,-0.3031367659568786,0.997301697731018,0.1275730431079864,0.2706321477890014,0.9856496453285216,-0.1395937502384185,0.2659830451011657,0.9878432154655457,0.2026878402020016,0.0389685037534933,-0.0001969930602283,-5.294013831574906e-05,0.0,0.0,0.0,0,0,1,1.0
crossover_11_05_02_fps30.mp4,497,0.2121579796075821,-0.0763884403948056,-0.016211925919463,0.0696531236171722,-0.0993755161762237,0.9742968678474426,-0.0890000760555267,-0.1091508567333221,0.9941588044166564,0.070690780878067,-0.1638213694095611,-0.4572286903858185,0.9931114315986632,-0.1124030947685241,-0.031449019908905,-0.3008553683757782,0.9971972703933716,0.1274934709072113,0.2705105245113373,0.9857091903686525,-0.1396645009517669,0.2658924162387848,0.9879659414291382,0.2083766904855029,0.0391052983993409,8.11767287370313e-05,-8.118960816982934e-06,0.0,0.0,0.0,0,0,1,1.0
crossover_11_05_02_fps30.mp4,498,0.2123181372880935,-0.0765098494998479,-0.0163814078016978,0.0709972381591796,-0.0994707942008972,0.9734542369842528,-0.0891452729701995,-0.1092379093170166,0.9937849640846252,0.0706468224525451,-0.1675520837306976,-0.4565527439117431,0.9926737546920776,-0.1125402450561523,-0.031586617231369,-0.2992907464504242,0.997025191783905,0.127375066280365,0.2703452408313751,0.9856446385383606,-0.1397727727890014,0.2657581865787506,0.987924873828888,0.2109683847426786,0.0391073880199627,-0.0001694818822348,-0.0001214091050422,0.0,0.0,0.0,0,0,1,1.0
crossover_11_05_02_fps30.mp4,499,0.212465152144432,-0.0766330941248748,-0.0164675093278652,0.0715407133102417,-0.0995525419712066,0.9725748896598816,-0.0892678797245025,-0.109309583902359,0.9934077858924866,0.0706014633178711,-0.1684524118900299,-0.4509860873222351,0.992237389087677,-0.1126580238342285,-0.0317203402519226,-0.298953503370285,0.9968467354774476,0.1272686123847961,0.2702367305755615,0.9855838418006896,-0.1398287713527679,0.2655735611915588,0.9878096580505372,0.2116067709507234,0.0391208948231217,-8.610152616733702e-05,-0.0001232446250269,0.0,0.0,0.0,0,0,1,1.0
crossover_11_05_02_fps30.mp4,500,0.2125137597322464,-0.0770316059306516,-0.0165761307972233,0.0719118118286132,-0.0995357036590576,0.9722510576248168,-0.0893690884113311,-0.1092749238014221,0.9932461977005004,0.0706154704093933,-0.1706380546092987,-0.4515383541584015,0.9921020865440368,-0.1127544343471527,-0.0317236185073852,-0.3047032654285431,0.9967978596687316,0.1272089481353759,0.2702502608299255,0.9854968190193176,-0.1397878527641296,0.2653999924659729,0.9877105951309204,0.2133886958590843,0.0388016346821146,-0.0001086214693581,-0.0003985118057768,0.0,0.0,0.0,0,0,1,1.0
crossover_11_05_02_fps30.mp4,501,0.2125133424997329,-0.0771623875124979,-0.0168606854066616,0.0716743767261505,-0.0994980931282043,0.972197413444519,-0.0894697606563568,-0.1092033386230468,0.99306321144104,0.0704397857189178,-0.1684924960136413,-0.4571773707866668,0.9921064972877502,-0.1128250062465667,-0.0317148864269256,-0.3095747232437134,0.9967520236968994,0.1271180808544159,0.2703005671501159,0.985314965248108,-0.1398264467716217,0.2653528451919555,0.9874907732009888,0.2116095638920601,0.0386324949093631,-0.0002845546094382,-0.0001307815818463,0.0,0.0,0.0,0,0,1,1.0
crossover_11_05_02_fps30.mp4,502,0.2124223858118057,-0.0773198960191112,-0.0169354518739188,0.0715266466140747,-0.0992360711097717,0.9726316928863524,-0.0894730389118194,-0.1091083288192749,0.9930371046066284,0.0703584551811218,-0.1659398078918457,-0.4519576728343963,0.9922979474067688,-0.1128172576427459,-0.031859278678894,-0.3069395720958709,0.99678373336792,0.1271268725395202,0.2704099714756012,0.9855239391326904,-0.1398076713085174,0.2653426826000213,0.9876231551170348,0.2097884494569147,0.0385069252050068,-7.476646725723679e-05,-0.0001575085066132,0.0,0.0,0.0,0,0,1,1.0
crossover_11_05_02_fps30.mp4,503,0.2121779024600982,-0.0772945773803581,-0.0167680222813675,0.0714794993400573,-0.0988943576812744,0.9731088876724244,-0.0894429087638855,-0.1090488135814666,0.9929819703102112,0.0704253315925598,-0.1614925861358642,-0.4512804448604584,0.9924800992012024,-0.112816572189331,-0.0320526361465454,-0.3061361610889435,0.9967712163925172,0.1271510124206543,0.2704834938049316,0.9855051636695862,-0.1397889256477356,0.2653074264526367,0.9875783324241638,0.2068003164645583,0.0386708098727746,0.0001674295925512,2.5318638753102363e-05,0.0,0.0,0.0,0,0,1,1.0
crossover_11_05_02_fps30.mp4,504,0.2120265960693359,-0.0772937156386294,-0.0167260984095131,0.0714153051376342,-0.0986136496067047,0.97354656457901,-0.0894215106964111,-0.1089876890182495,0.9929255247116088,0.0704634189605712,-0.1587899029254913,-0.4509502947330475,0.9926426410675048,-0.1128176152706146,-0.0321718156337738,-0.3058458268642425,0.9967525601387024,0.1271678805351257,0.2705467939376831,0.9854937195777892,-0.1397757828235626,0.2653055787086487,0.9875415563583374,0.2049738895042985,0.0387365154038818,4.192387185442126e-05,8.617417286971296e-07,0.0,0.0,0.0,0,0,1,1.0
crossover_11_05_02_fps30.mp4,505,0.2119897454977035,-0.0772286241337404,-0.0166679065401961,0.0701487064361572,-0.0984536111354827,0.9737583994865416,-0.0894079208374023,-0.1089053452014923,0.992893397808075,0.0708643794059753,-0.1465038955211639,-0.4426567554473877,0.992809236049652,-0.1128064095973968,-0.0321601629257202,-0.3023763597011566,0.9967490434646606,0.1272089481353759,0.2705753445625305,0.9855113625526428,-0.1397544145584106,0.265227735042572,0.987481653690338,0.1969490333362422,0.0388044949253662,5.8191869317048006e-05,6.509150488903659e-05,0.0,0.0,0.0,0,0,1,1.0
crossover_11_05_02_fps30.mp4,506,0.2118798941373825,-0.077355381492841,-0.0166167576138566,0.069332331418991,-0.0986368358135223,0.9736042618751526,-0.089343249797821,-0.1088733375072479,0.9929492473602296,0.0709441602230072,-0.137968897819519,-0.4424905180931091,0.992855966091156,-0.1127484738826751,-0.0321564674377441,-0.3023463487625122,0.99679034948349,0.1272946298122406,0.2706412672996521,0.9851211905479432,-0.1396700739860534,0.2652648687362671,0.9871153235435486,0.1916222742940532,0.0386542826906147,5.114892633950596e-05,-0.0001267573591006,0.0,0.0,0.0,0,0,1,1.0
crossover_11_05_02_fps30.mp4,507,0.2117795348167419,-0.0774192204919911,-0.0168261471318035,0.0689326822757721,-0.098617136478424,0.973563015460968,-0.089211881160736,-0.1088918447494506,0.9929841160774232,0.0708644092082977,-0.1325303018093109,-0.4425105154514313,0.9929341077804564,-0.1126477122306823,-0.032238632440567,-0.3012062609195709,0.9968020915985109,0.1274422705173492,0.2706569135189056,0.9846100211143494,-0.1395237445831298,0.2652459442615509,0.9865986704826356,0.1880837213762236,0.0384524554947519,-0.0002093895179469,-6.383899915013425e-05,0.0,0.0,0.0,0,0,1,1.0
crossover_11_05_02_fps30.mp4,508,0.2116318792104721,-0.0774565046116457,-0.0172444605245822,0.0689745545387268,-0.0982045829296112,0.9740582704544068,-0.0891300439834594,-0.108995497226715,0.9929332137107848,0.0709655284881591,-0.1342856585979461,-0.4430073797702789,0.9931178689002992,-0.1127178966999054,-0.0324642062187194,-0.301762968301773,0.9967162013053894,0.1275284886360168,0.2707114219665527,0.9845250248908995,-0.1394363343715667,0.26522296667099,0.9864526987075806,0.1890178350207407,0.0384058124636908,-0.0004183133927787,-3.728411965453482e-05,0.0,0.0,0.0,0,0,1,1.0
crossover_11_05_02_fps30.mp4,509,0.2114806920289993,-0.0774491141408176,-0.017208844423294,0.0690267980098724,-0.0978968739509582,0.9743964076042176,-0.0890604853630065,-0.109061986207962,0.992826759815216,0.0710566937923431,-0.1351782977581024,-0.4432870149612427,0.9932491779327391,-0.1127707660198211,-0.0326421558856964,-0.3014867603778839,0.9965950846672058,0.1276079714298248,0.2707579433917999,0.9844125509262084,-0.139356642961502,0.2652059495449066,0.9863423705101012,0.1896596080086489,0.0385461566716713,3.561610128821613e-05,7.390470828039231e-06,0.0,0.0,0.0,0,0,1,1.0
crossover_11_05_02_fps30.mp4,510,0.2113084197044372,-0.0773939667111736,-0.0173791072717526,0.0692733824253082,-0.0974971652030944,0.974915623664856,-0.0889241695404052,-0.1090381443500518,0.99280446767807,0.071289449930191,-0.1362972557544708,-0.4435924887657165,0.9934345483779908,-0.1127586066722869,-0.0326786339282989,-0.3017335534095764,0.9965311884880066,0.1277479231357574,0.2707960903644562,0.9844613671302797,-0.1392318308353424,0.2652134597301483,0.9863187670707704,0.1903898222665997,0.0385322368348055,-0.0001702628484586,5.514742964407571e-05,0.0,0.0,0.0,0,0,1,1.0
crossover_11_05_02_fps30.mp4,511,0.2110730856657028,-0.0775180891408758,-0.0173421414887032,0.0703476071357727,-0.0970857739448547,0.9754801392555236,-0.0889090597629547,-0.1090089678764343,0.9927216172218324,0.0715704560279846,-0.1367126107215881,-0.4431883096694946,0.9936218857765198,-0.1128034591674804,-0.0326916575431823,-0.3015961647033691,0.9964190125465392,0.1278010010719299,0.270846962928772,0.9846735000610352,-0.1392088830471038,0.2652217745780945,0.9864237904548644,0.1909887515678514,0.0384794098320272,3.696578304940301e-05,-0.0001241224297022,0.0,0.0,0.0,0,0,1,1.0
crossover_11_05_02_fps30.mp4,512,0.2110251486301422,-0.0773805821346024,-0.0174078873017939,0.0715777575969696,-0.0969070196151733,0.9756576418876648,-0.0889639556407928,-0.1090637743473053,0.9925200939178468,0.0718978345394134,-0.1421615481376648,-0.4460125565528869,0.9936628937721252,-0.1128589510917663,-0.0327599346637725,-0.3030591607093811,0.9962000250816344,0.127789169549942,0.2708165943622589,0.9848462343215942,-0.1392598450183868,0.2651900351047516,0.9865542054176332,0.1945443948733877,0.0386574704561109,-6.57458130906563e-05,0.0001375070062734,0.0,0.0,0.0,0,0,1,1.0
crossover_11_05_02_fps30.mp4,513,0.2111121863126754,-0.0773695369898262,-0.0175555306236918,0.0733117461204528,-0.0969271063804626,0.9756316542625428,-0.0890605747699737,-0.1092549860477447,0.9924099445343018,0.0739459991455078,-0.1474104225635528,-0.4530915915966034,0.9935312867164612,-0.112904280424118,-0.0329360663890838,-0.3132983148097992,0.99601948261261,0.1277907490730285,0.2706618010997772,0.985177516937256,-0.1392802894115448,0.2650426924228668,0.9868578910827636,0.1993957984427871,0.0387205226123233,-0.0001476433218979,1.104514477612284e-05,0.0,0.0,0.0,0,0,1,1.0
crossover_11_05_02_fps30.mp4,514,0.2112041264772415,-0.0773510413654779,-0.0177038480595844,0.0741813778877258,-0.0969645380973815,0.9755458831787108,-0.0891357958316803,-0.1094223856925964,0.9922981262207032,0.0749427676200866,-0.1497945189476013,-0.454191654920578,0.99338698387146,-0.1129327416419982,-0.0330804586410522,-0.315966933965683,0.9958402514457704,0.1277949810028076,0.2705329656600952,0.9854776859283448,-0.1392877697944641,0.2649141550064087,0.9871239066123962,0.2015969979711455,0.0387620632518733,-0.0001483174358926,1.8495624348302545e-05,0.0,0.0,0.0,0,0,1,1.0
crossover_11_05_02_fps30.mp4,515,0.2112703025341034,-0.0769660876969159,-0.0180848072214824,0.0744478702545166,-0.0970617234706878,0.9759130477905272,-0.0891230404376983,-0.1095942258834838,0.9924142956733704,0.0781704187393188,-0.1558763980865478,-0.4640709459781647,0.9933186173439026,-0.1129111051559448,-0.0332592129707336,-0.3295068144798279,0.9957969784736632,0.1278519034385681,0.2704428434371948,0.9861440062522888,-0.1392474174499511,0.2648369669914245,0.9877106547355652,0.2074942364075819,0.0390167511457937,-0.0003809591618979,0.000384953668562,0.0,0.0,0.0,0,0,1,1.0
crossover_11_05_02_fps30.mp4,516,0.2110269218683242,-0.0764015335147663,-0.0184146690659406,0.0746851563453674,-0.0968526899814605,0.9763075709342957,-0.0890725255012512,-0.1097240149974823,0.9926164746284484,0.0825971961021423,-0.1566949188709259,-0.4676652252674103,0.993257224559784,-0.1128544211387634,-0.0341880619525909,-0.3408800363540649,0.9958614706993104,0.1279021501541137,0.2704546153545379,0.9866539239883424,-0.1392231881618499,0.2649009525775909,0.9882500171661376,0.2107178765694072,0.0397191759643171,-0.0003298618444582,0.0005645541821496,0.0,0.0,0.0,0,0,1,1.0
crossover_11_05_02_fps30.mp4,517,0.2109091132879257,-0.0763718790927175,-0.01843491371085,0.0748882293701171,-0.0969041585922241,0.9766566157341005,-0.0890680849552154,-0.1097774505615234,0.9928995966911316,0.0880203247070312,-0.1586537957191467,-0.4606541991233825,0.993252694606781,-0.1128005683422088,-0.0347368121147155,-0.3336226642131805,0.9960277080535888,0.1279222965240478,0.2704405486583709,0.9871375560760498,-0.1392089426517486,0.2650109827518463,0.988785982131958,0.2160697376815984,0.0399099147080766,-2.024464490935074e-05,2.9654422048774887e-05,0.0,0.0,0.0,0,0,1,1.0
crossover_11_05_02_fps30.mp4,518,0.2109484523534774,-0.0760923205795934,-0.0183686874261716,0.074934184551239,-0.0969563126564025,0.9765793681144714,-0.0890741944313049,-0.1101040840148925,0.993040919303894,0.0932434797286987,-0.1585068702697754,-0.4331057667732239,0.9931021928787231,-0.1127914786338806,-0.0351503789424896,-0.3320719301700592,0.9960713386535645,0.1278843283653259,0.2703801691532135,0.987500011920929,-0.1393083930015564,0.2653719484806061,0.9892617464065552,0.2198029198094446,0.0403540998170248,6.622628467839453e-05,0.0002795585131241,0.0,0.0,0.0,0,0,1,1.0
crossover_11_05_02_fps30.mp4,519,0.2110278010368347,-0.076128479686834,-0.0184825740209439,0.0749429166316986,-0.0970522761344909,0.9764379858970642,-0.0890756845474243,-0.1103335618972778,0.9931525588035583,0.0944317281246185,-0.1584362983703613,-0.426981657743454,0.9929428100585938,-0.112787902355194,-0.0354960858821868,-0.3291590511798858,0.9961256384849548,0.1278447210788726,0.2702738642692566,0.98790442943573,-0.1394898891448974,0.265686571598053,0.989755630493164,0.2206305270082963,0.0404150078093537,-0.0001138865947723,-3.615910724058535e-05,0.0,0.0,0.0,0,0,1,1.0
crossover_11_05_02_fps30.mp4,520,0.2109947204589843,-0.0759804629673392,-0.0184556174569013,0.0749646723270416,-0.0970407128334045,0.9764362573623656,-0.0890732407569885,-0.1106941401958465,0.9932894110679626,0.097133845090866,-0.1583583950996399,-0.4100400805473327,0.9928982257843018,-0.1127388775348663,-0.0356227457523345,-0.3150154054164886,0.9961957931518556,0.127791553735733,0.2702425420284271,0.9882391691207886,-0.1396833062171936,0.2660625278949737,0.9901997447013856,0.2225788643304317,0.0405695863354564,2.695656404261282e-05,0.0001480167194948,0.0,0.0,0.0,0,0,1,1.0
crossover_11_05_02_fps30.mp4,521,0.2109618782997131,-0.0756330861883648,-0.0185268666686081,0.0749098658561706,-0.0970672369003295,0.9764312505722046,-0.0890282988548278,-0.1112855374813079,0.9934054017066956,0.099092423915863,-0.1561819016933441,-0.4115034937858581,0.9928492307662964,-0.1126374900341034,-0.0357532203197479,-0.3152298629283905,0.9962317943572998,0.1277636885643005,0.270111083984375,0.988483726978302,-0.1397634148597717,0.2662935256958008,0.990529477596283,0.2224363112192879,0.0408175595068182,-7.124921170675869e-05,0.0003473767789743,0.0,0.0,0.0,0,0,1,1.0
crossover_11_05_02_fps30.mp4,522,0.2109436839818954,-0.0763059715093192,-0.0184776860039408,0.0747863054275512,-0.0965872704982757,0.9764691591262816,-0.0887790620326995,-0.111986368894577,0.993545651435852,0.0968527793884277,-0.1510931551456451,-0.4200893342494964,0.9928029775619508,-0.1123169064521789,-0.0360676944255828,-0.3248624205589294,0.9963318109512328,0.1277647018432617,0.2699960768222809,0.9887255430221558,-0.1397636830806732,0.2667748034000397,0.99080628156662,0.2181073489549178,0.0400773730642655,4.91806646673032e-05,-0.0006728853209543,0.0,0.0,0.0,0,0,1,1.0
crossover_11_05_02_fps30.mp4,523,0.210687980055809,-0.0749815403404882,-0.0192532043631483,0.0749066472053527,-0.0961595773696899,0.9767113327980042,-0.0880956649780273,-0.1117902398109436,0.9933833479881288,0.096289575099945,-0.1465857923030853,-0.4442659914493561,0.9926472306251526,-0.1113696992397308,-0.0374256074428558,-0.3367502391338348,0.9960923194885254,0.1280578374862671,0.2702532708644867,0.989139974117279,-0.1395576298236847,0.2675214111804962,0.9911699891090392,0.2134183284905305,0.0406735090909044,-0.0007755183592075,0.0013244311688309,0.0,0.0,0.0,0,0,1,1.0
crossover_11_05_02_fps30.mp4,524,0.2105971127748489,-0.0748722979577921,-0.0191497983002081,0.0747867822647094,-0.0960468351840972,0.977095365524292,-0.0877734720706939,-0.1117103993892669,0.9933934211730956,0.095857560634613,-0.1444931924343109,-0.4443478286266327,0.9926719069480896,-0.1109254360198974,-0.0380845069885253,-0.3328945934772491,0.9960724711418152,0.1281782984733581,0.2704393267631531,0.9895447492599488,-0.1394222378730774,0.2676288485527038,0.9914957284927368,0.2118009704133569,0.0407228677432799,0.0001034060629402,0.0001092423826961,0.0,0.0,0.0,0,0,1,1.0
crossover_11_05_02_fps30.mp4,525,0.2107359766960144,-0.0753597640385062,-0.0205209894878108,0.0743868649005889,-0.0973868072032928,0.9770935773849488,-0.0877577662467956,-0.1118291020393371,0.9928560256958008,0.0913781821727752,-0.1381298303604126,-0.4322683215141296,0.9926894307136536,-0.1109454929828643,-0.0398144125938415,-0.3102043569087982,0.9955723285675048,0.1281809508800506,0.2704563736915588,0.9898200035095216,-0.1394016146659851,0.2675213813781738,0.9916734099388124,0.2040425988810992,0.0404793809197923,-0.0013711911876027,-0.000487466080714,0.0,0.0,0.0,0,0,1,1.0
crossover_11_05_02_fps30.mp4,526,0.2108924984931945,-0.0755922185162366,-0.0214024503056595,0.0738263428211212,-0.1048400104045867,0.9765893220901488,-0.0881110429763794,-0.112329751253128,0.9926924109458924,0.0847577154636383,-0.1239814162254333,-0.4323933124542236,0.9925739765167236,-0.11158087849617,-0.0419267416000366,-0.2974784672260284,0.9953905940055848,0.1280986368656158,0.2706789970397949,0.9898717403411864,-0.1394676864147186,0.2675856947898865,0.991640329360962,0.1903537380156228,0.0414298223540446,-0.0008814608178487,-0.0002324544777304,0.0,0.0,0.0,0,0,1,1.0
crossover_11_05_02_fps30.mp4,527,0.2119827717542648,-0.0766498947547654,-0.0210060301350384,0.0738632678985595,-0.1102188527584075,0.9312663078308104,-0.0891861021518707,-0.1136353313922882,0.991499125957489,0.0800660848617553,-0.1122369468212127,-0.4012702107429504,0.9292890429496764,-0.113328605890274,-0.0429280400276184,-0.2850359678268432,0.9944506287574768,0.1280621290206909,0.2708132565021515,0.9901125431060792,-0.1394646167755127,0.2676174342632293,0.9918659329414368,0.1813366439155788,0.0427305788434051,0.0003964201706211,-0.0010576762385287,0.0,0.0,0.0,0,0,1,1.0
crossover_11_05_02_fps30.mp4,528,0.2122294902801513,-0.0785059732905888,-0.0195365562671568,0.0742974877357482,-0.1179694831371307,0.9359698295593262,-0.0898516774177551,-0.1153195202350616,0.9911307692527772,0.0730551481246948,-0.0911628305912017,-0.4072969853878021,0.9356666207313538,-0.1146834194660186,-0.0433897972106933,-0.2556808590888977,0.9940487742424012,0.128019094467163,0.2708613276481628,0.9901098608970642,-0.1394326984882354,0.2675380706787109,0.99174964427948,0.1676338172869714,0.0433334133814372,0.0014694738678815,-0.0018560785358234,0.0,0.0,0.0,0,0,1,1.0
crossover_11_05_02_fps30.mp4,529,0.2124262601137161,-0.0785238979226451,-0.0196250377631769,0.0745638608932495,-0.1201757192611694,0.9402872920036316,-0.090210735797882,-0.1162889599800109,0.9908019304275512,0.0713226795196533,-0.0882890820503234,-0.4072016179561615,0.9414448738098145,-0.1153756976127624,-0.0436793267726898,-0.2517271041870117,0.9936760067939758,0.1279628872871399,0.2708573341369629,0.9900600910186768,-0.1394164562225341,0.2674264907836914,0.9915999174118042,0.1648294504906146,0.0440075443549591,-8.848149602008748e-05,-1.7924632056298684e-05,0.0,0.0,0.0,0,0,1,1.0
crossover_11_05_02_fps30.mp4,530,0.2130551189184188,-0.0804217045590028,-0.0183550506103329,0.0747213959693908,-0.1191162765026092,0.9453216195106506,-0.0914714336395263,-0.1169417202472686,0.9900200963020324,0.0717897415161132,-0.071741759777069,-0.3807659745216369,0.9468806982040404,-0.1161933839321136,-0.0433595180511474,-0.2688141465187073,0.9920252561569214,0.1279312372207641,0.2701923251152038,0.9901441931724548,-0.1393685340881347,0.2666609287261963,0.991491436958313,0.1613024024369496,0.0436444319148662,0.0012699871528439,-0.0018978066363576,0.0,0.0,0.0,0,0,1,1.0
crossover_11_05_02_fps30.mp4,531,0.2148264944553375,-0.081477616095947,-0.0204067257846273,0.0748020112514495,-0.1192017197608947,0.950097918510437,-0.0928961932659149,-0.1185974776744842,0.9892868995666504,0.0667982995510101,-0.0548425316810607,-0.3598646819591522,0.9518566727638244,-0.1177323460578918,-0.0437203645706176,-0.2952334880828857,0.990166962146759,0.1278657019138336,0.2680706083774566,0.9898875951766968,-0.1393022835254669,0.2644338309764862,0.9910643100738524,0.152222113665132,0.0431037260344992,-0.0020516751742944,-0.0010559115369441,0.0,0.0,0.0,0,0,1,1.0
crossover_11_05_02_fps30.mp4,532,0.2149121910333633,-0.0792173176498736,-0.022004375952046,0.0757597982883453,-0.1152986884117126,0.9542214274406432,-0.0923539996147155,-0.1184751391410827,0.988110363483429,0.064557284116745,-0.0402894914150238,-0.3480460345745086,0.9561546444892884,-0.1166133880615234,-0.0415340662002563,-0.2949671149253845,0.988018274307251,0.1288341581821441,0.2675840556621551,0.9899107813835144,-0.1383080780506134,0.2639305889606476,0.9908668398857116,0.1449326794089042,0.0421885634197718,-0.0015976501674186,0.0022602984460733,0.0,0.0,0.0,0,0,1,1.0
crossover_11_05_02_fps30.mp4,533,0.215078979730606,-0.0765572321616997,-0.0244911493324652,0.0757256150245666,-0.1131977438926696,0.9575279355049132,-0.0919557809829711,-0.1154548823833465,0.987318515777588,0.0619903802871704,-0.0279945433139801,-0.3093039393424988,0.9593769311904908,-0.1153895854949951,-0.0395343005657196,-0.299136757850647,0.986710011959076,0.1293232440948486,0.2671274542808532,0.990196943283081,-0.1377682387828827,0.2632486820220947,0.9908187985420228,0.1385918997801532,0.0416443041054651,-0.0024867733804191,0.0026600854881739,0.0,0.0,0.0,0,0,1,1.0
crossover_11_05_02_fps30.mp4,534,0.215307667851448,-0.0763243827779414,-0.0249193531710927,0.0754810273647308,-0.1122642457485199,0.960395336151123,-0.0917272865772247,-0.1143556535243988,0.9861396551132202,0.0614966452121734,-0.0272948145866394,-0.3031530976295471,0.9621511697769164,-0.1147272586822509,-0.0392039120197296,-0.3006467521190643,0.9843112826347352,0.1295563280582428,0.2667132616043091,0.9904783964157104,-0.1374760866165161,0.2624411582946777,0.9908451437950134,0.1378414980083602,0.0409735219284597,-0.0004282038386275,0.0002328493837583,0.0,0.0,0.0,0,0,1,1.0
crossover_11_05_02_fps30.mp4,535,0.2154874056577682,-0.0732749616695662,-0.0283370653303657,0.0733822286128997,-0.1091346144676208,0.962426483631134,-0.0907226800918579,-0.1139807701110839,0.9827516078948976,0.0584912598133087,-0.0153830349445343,-0.2896527349948883,0.96392160654068,-0.1096602380275726,-0.0387538075447082,-0.3053899705410003,0.9787609577178956,0.1295304596424102,0.2663566172122955,0.9904903769493104,-0.1373995542526245,0.261690229177475,0.9906644225120544,0.1324014502454981,0.0378470190901286,-0.003417712159273,0.0030494211083751,0.0,0.0,0.0,0,0,1,1.0
crossover_11_05_02_fps30.mp4,536,0.2151893228292465,-0.0685379098027439,-0.0341272541662541,0.0712361633777618,-0.1039701700210571,0.9644575715065002,-0.0870119035243988,-0.1135397553443908,0.9769043326377868,0.0552265346050262,-0.0013308227062225,-0.2848956286907196,0.9651196002960204,-0.0963549315929412,-0.0413578748703002,-0.3456645309925079,0.9670166969299316,0.1293569505214691,0.2664019167423248,0.99055278301239,-0.1375039219856262,0.2615933120250702,0.9906351566314696,0.1280361027838499,0.0287414087518704,-0.0057901888358883,0.0047370518668223,0.0,0.0,0.0,0,0,1,1.0
crossover_11_05_02_fps30.mp4,537,0.2139746099710464,-0.0638254182823633,-0.0422696306938078,0.0680926740169525,-0.1018902659416198,0.9666024446487428,-0.0834510624408721,-0.1118000149726867,0.9670429825782776,0.0557334125041961,0.0018299520015716,-0.2933188080787658,0.966306746006012,-0.0883302092552185,-0.0408183634281158,-0.3478919565677643,0.9374831914901732,0.1294165551662445,0.2673535645008087,0.9905391335487366,-0.1374207437038421,0.2625090181827545,0.9905651211738586,0.1274326771787982,0.02454772814946,-0.0081423765275536,0.0047124915203805,0.0,0.0,0.0,0,0,1,1.0
crossover_11_05_02_fps30.mp4,538,0.2135271877050399,-0.0593146902019694,-0.0533793119395651,0.0654209852218627,-0.1022402942180633,0.9688218235969543,-0.0804578363895416,-0.1093712151050567,0.9549003839492798,0.0565228462219238,0.0004678666591644,-0.2707098424434662,0.9678357839584352,-0.0802940130233764,-0.0407646596431732,-0.3551044166088104,0.8941815495491028,0.1295899748802185,0.2675388753414154,0.9905145168304444,-0.1372415721416473,0.262716680765152,0.9904899597167968,0.1277413538671024,0.02447981696426,-0.0111096812457572,0.0045107280803939,0.0,0.0,0.0,0,0,1,1.0
crossover_11_05_02_fps30.mp4,539,0.2133987247943878,-0.059216162410833,-0.0533321069508064,0.0642957985401153,-0.1024426817893982,0.970741868019104,-0.0793365538120269,-0.1085641980171203,0.9431121349334716,0.0568373501300811,0.0004931688308715,-0.2643636763095855,0.9691221714019777,-0.0787599682807922,-0.0407516062259674,-0.3509597778320312,0.8522815108299255,0.1296829283237457,0.2676185965538025,0.9904593229293824,-0.1371548771858215,0.2630980610847473,0.9904193878173828,0.1279280191594391,0.0232428343015718,4.720498875870893e-05,9.852779113639354e-05,0.0,0.0,0.0,0,0,1,1.0
crossover_11_05_02_fps30.mp4,540,0.2130344361066818,-0.0552503893941135,-0.0703852608436491,0.0644936263561248,-0.1026678383350372,0.9725563526153564,-0.0752688348293304,-0.1076682209968566,0.9369263052940368,0.056425005197525,-0.0006522834300994,-0.2378491163253784,0.9706504940986632,-0.0729226469993591,-0.0414815843105316,-0.3755500912666321,0.8302257657051086,0.1301886737346649,0.2674548923969269,0.9906857013702391,-0.1366597712039947,0.2634244859218597,0.9905269145965576,0.1316589605615843,0.0338781818579044,-0.0170531538928427,0.0039657730167194,0.0,0.0,0.0,0,0,1,1.0
crossover_11_05_02_fps30.mp4,541,0.211799681186676,-0.053430865679757,-0.0851190452168627,0.0652240216732025,-0.1026322543621063,0.9739253520965576,-0.0707755982875824,-0.1085462868213653,0.9198535084724426,0.0560139119625091,-0.0018770396709442,-0.2286645174026489,0.9715814590454102,-0.068154364824295,-0.0471144318580627,-0.364797979593277,0.7927419543266296,0.1305473744869232,0.2672906816005707,0.9909149408340454,-0.1362979412078857,0.2637015879154205,0.9905903339385986,0.1375041484482262,0.0407569879114133,-0.0147337843732135,0.0018195237143565,0.0,0.0,0.0,0,0,1,1.0
crossover_11_05_02_fps30.mp4,542,0.2106659710407257,-0.0519648622658293,-0.1060230178077046,0.0657023191452026,-0.1009581387042999,0.9737722873687744,-0.0674786567687988,-0.1081146299839019,0.8877018690109253,0.055163562297821,-0.0001554787158966,-0.2566644847393036,0.9698505401611328,-0.0614305734634399,-0.0724457502365112,-0.5325440168380737,0.7494118809700012,0.1306130290031433,0.2678395807743072,0.9904698729515076,-0.1362419724464416,0.264658123254776,0.989830195903778,0.1506135292158218,0.0348859941240619,-0.0209039725908418,0.0014660034139277,0.0,0.0,0.0,0,0,1,1.0
crossover_11_05_02_fps30.mp4,543,0.2090226858854293,-0.0518903120089385,-0.1304243627117901,0.0660123825073242,-0.0998005270957946,0.9745097160339355,-0.0688063204288482,-0.100564032793045,0.8853319883346558,0.0547337532043457,-0.0005519688129425,-0.2356187403202057,0.9705265164375304,-0.0573174655437469,-0.099997192621231,-0.5084280967712402,0.7577691078186035,0.1306903958320617,0.2688374817371368,0.99045729637146,-0.1361959278583526,0.2661495506763458,0.9896743297576904,0.1680343119116573,0.0309073886831319,-0.0244013449040855,7.455025689073747e-05,0.0,0.0,0.0,0,0,1,1.0
crossover_11_05_02_fps30.mp4,544,0.2083102911710739,-0.0518595416667097,-0.1299384316293204,0.0662112832069397,-0.0993273258209228,0.9750585556030272,-0.0695397853851318,-0.0981093347072601,0.8850529193878174,0.0546380877494812,-0.0006754696369171,-0.2338666468858719,0.9708976745605468,-0.0563877820968627,-0.1040028035640716,-0.5126749277114868,0.7673437595367432,0.1307211518287658,0.2693880498409271,0.990456759929657,-0.1361850798130035,0.266720563173294,0.9895125031471252,0.167483307867733,0.0263279654461219,0.0004859310824696,3.077034222881414e-05,0.0,0.0,0.0,0,0,1,1.0
crossover_11_05_02_fps30.mp4,545,0.2068234831094741,-0.0534095503516116,-0.1614862475453353,0.0662401318550109,-0.0991725921630859,0.9751477241516112,-0.0691820085048675,-0.0896936953067779,0.8855404853820801,0.0546061992645263,-0.0007484853267669,-0.2429340928792953,0.9713161587715148,-0.0538395941257476,-0.1155354976654052,-0.5318576097488403,0.7794821858406067,0.1306908130645752,0.2693646848201751,0.9903084635734558,-0.1362019777297973,0.2666402161121368,0.9891761541366576,0.1936595733966417,0.0459527621822189,-0.0315478159160149,-0.0015500086849019,0.0,0.0,0.0,0,0,1,1.0
crossover_11_05_02_fps30.mp4,546,0.2071742415428161,-0.0551402349593275,-0.1857802982737378,0.0664994418621063,-0.0990849435329437,0.9752809405326844,-0.0676044523715972,-0.0905624330043792,0.8867296576499939,0.0548686683177948,-0.0008694231510162,-0.2233902812004089,0.9722571969032288,-0.0578300654888153,-0.1189854741096496,-0.5255643129348755,0.7954696416854858,0.1306890547275543,0.2693891823291778,0.9900643825531006,-0.136119544506073,0.2662542760372162,0.9885278940200806,0.2151603832932215,0.0668489620217757,-0.0242940507284024,-0.0017306846077159,0.0,0.0,0.0,0,0,1,1.0
crossover_11_05_02_fps30.mp4,547,0.2101296484470367,-0.0587149828167284,-0.2071825777612081,0.0667787790298461,-0.098562091588974,0.9755781888961792,-0.066592127084732,-0.0901020467281341,0.8924182057380676,0.0550848841667175,-0.0005201697349548,-0.2157271206378936,0.9736109972000122,-0.0593553781509399,-0.1387681066989898,-0.514837384223938,0.8137538433074951,0.1307262182235717,0.2697386145591736,0.990079402923584,-0.1360144317150116,0.2662847638130188,0.9880783557891846,0.2359232091521722,0.0684174682146831,-0.0214022794874703,-0.0035747478574009,0.0,0.0,0.0,0,0,1,1.0
crossover_11_05_02_fps30.mp4,548,0.2101370841264724,-0.0603399108021946,-0.2264675080776214,0.0672900378704071,-0.0980221927165985,0.9759616255760192,-0.0666468143463134,-0.0911666750907898,0.8967118859291077,0.0552788078784942,-0.0001941621303558,-0.1975830197334289,0.9748908281326294,-0.0601924359798431,-0.1512421667575836,-0.488672137260437,0.8302707076072693,0.1308046877384185,0.2696844041347503,0.9899854063987732,-0.135945975780487,0.266196459531784,0.9877284169197084,0.2541009940860823,0.0752254858777224,-0.0192849303164133,-0.0016249279854661,0.0,0.0,0.0,0,0,1,1.0
crossover_11_05_02_fps30.mp4,549,0.2101665586233139,-0.0602865170624296,-0.2264718160396668,0.0677101612091064,-0.097777783870697,0.9760239124298096,-0.0664998590946197,-0.0916986763477325,0.8984158039093018,0.0554147362709045,9.948015213012697e-05,-0.1951852142810821,0.9758424162864684,-0.0605621039867401,-0.1533336043357849,-0.4804925322532654,0.8446131348609924,0.130858838558197,0.2696704864501953,0.989591419696808,-0.13590008020401,0.2664530277252197,0.9871947169303894,0.2544038763087846,0.0731387309118411,-4.307962045424496e-06,5.339373976498418e-05,0.0,0.0,0.0,0,0,1,1.0
crossover_11_05_02_fps30.mp4,550,0.2101754546165466,-0.0621098345619137,-0.2417636631465539,0.0679894983768463,-0.0977750718593597,0.975744128227234,-0.0659863054752349,-0.0927130877971649,0.8971011638641357,0.0554251968860626,-6.827712059020996e-05,-0.190719798207283,0.9764645099639891,-0.060418277978897,-0.1588901877403259,-0.4764894545078277,0.8564416766166687,0.1308447420597076,0.2695562541484833,0.9893853068351746,-0.1358188986778259,0.2663417160511017,0.9868401885032654,0.26875852217877,0.0828907370553563,-0.015291847106887,-0.001823317499484,0.0,0.0,0.0,0,0,1,1.0
crossover_11_05_02_fps30.mp4,551,0.2104507237672805,-0.0636244182869539,-0.250594928206467,0.0683545768260955,-0.0977973341941833,0.9759802222251892,-0.0656826496124267,-0.0971022248268127,0.8980517983436584,0.055647999048233,-0.0002592802047729,-0.179637998342514,0.9774736762046814,-0.0605047047138214,-0.1669047474861145,-0.4750466048717499,0.868208646774292,0.1308290064334869,0.2694821953773498,0.9893397092819214,-0.1357651948928833,0.2662162184715271,0.9865511655807496,0.277297396665398,0.0837483072174217,-0.0088312650599131,-0.0015145837250402,0.0,0.0,0.0,0,0,1,1.0
crossover_11_05_02_fps30.mp4,552,0.2112427502870559,-0.0647936819973638,-0.2595443064119758,0.0686912834644317,-0.0977950096130371,0.9765602946281432,-0.0655902326107025,-0.1007413864135742,0.8958351016044617,0.056001216173172,-0.0004107058048248,-0.1814519464969635,0.9786187410354614,-0.0606377124786376,-0.1786207556724548,-0.4745034575462341,0.8769263029098511,0.1307865679264068,0.2694846093654632,0.9894935488700868,-0.1357337534427642,0.2662153542041778,0.986560583114624,0.2859049324297441,0.0810301989811971,-0.0089493782055087,-0.0011692637104099,0.0,0.0,0.0,0,0,1,1.0
crossover_11_05_02_fps30.mp4,553,0.2117398232221603,-0.0667437564518492,-0.2621714450964114,0.068994253873825,-0.0978158712387085,0.977091670036316,-0.0655899345874786,-0.1025593280792236,0.8939952254295349,0.056230753660202,-0.0005511343479156,-0.1752127259969711,0.9796804785728456,-0.060259073972702,-0.1820319294929504,-0.4642452001571655,0.8849163055419922,0.1307462751865387,0.2694337069988251,0.9896241426467896,-0.1356699168682098,0.2660945355892181,0.9865659475326538,0.2890811601150072,0.080401449414875,-0.0026271386844355,-0.0019500744544853,0.0,0.0,0.0,0,0,1,1.0
crossover_11_05_02_fps30.mp4,554,0.2119458168745041,-0.0667872660240884,-0.2621801527535043,0.0691898763179779,-0.0978310704231262,0.9775418639183044,-0.0655834376811981,-0.1034396886825561,0.8923123478889465,0.0564112365245819,-0.0006579160690307,-0.1749904751777649,0.9806702136993408,-0.0600167214870452,-0.1824670135974884,-0.4633935391902923,0.8919478058815002,0.1306610405445099,0.2693932652473449,0.9898021817207336,-0.1356262266635894,0.2659271359443664,0.9866340160369872,0.289087791701214,0.0800001551713147,-8.707657092932308e-06,-4.350957223925312e-05,0.0,0.0,0.0,0,0,1,1.0
crossover_11_05_02_fps30.mp4,555,0.2120788991451263,-0.0675501340526645,-0.2627708664754541,0.0692821741104126,-0.0979017913341522,0.9780830144882202,-0.0656482279300689,-0.1042370796203613,0.8907063603401184,0.0566713213920593,-0.000732421875,-0.1721115857362747,0.98162579536438,-0.0600195825099945,-0.1829466521739959,-0.4621961712837219,0.8982807993888855,0.1305792331695556,0.2693420648574829,0.9900104999542236,-0.135637104511261,0.2658683657646179,0.986732006072998,0.2899915799491958,0.0801786405184194,-0.0005907137219498,-0.000762868028576,0.0,0.0,0.0,0,0,1,1.0
crossover_11_05_02_fps30.mp4,556,0.2121499925851822,-0.0677325222451807,-0.2609478771686554,0.0693445205688476,-0.0979008972644805,0.9783626794815063,-0.0656601190567016,-0.1045201420783996,0.88933926820755,0.0567554235458374,-0.0007672011852264,-0.1775275021791458,0.982330858707428,-0.0600045323371887,-0.1812993884086609,-0.4729853272438049,0.9035138487815856,0.130499005317688,0.2692514359951019,0.9901722073554992,-0.1356803178787231,0.2658547461032867,0.9868376851081848,0.2884289042423826,0.0800225192665727,0.0018229893067987,-0.0001823881925162,0.0,0.0,0.0,0,0,1,1.0
crossover_11_05_02_fps30.mp4,557,0.2120892852544784,-0.0673819466162536,-0.2533752335280906,0.0694291293621063,-0.0978723168373107,0.9785662889480592,-0.0657347738742828,-0.1043956279754638,0.8905503153800964,0.05676731467247,-0.000791996717453,-0.1816326379776001,0.9829396605491638,-0.0600726306438446,-0.175696462392807,-0.4756404459476471,0.9099767804145812,0.1304323971271515,0.26917764544487,0.9902377724647522,-0.1357061564922332,0.2657915651798248,0.9868757128715516,0.2814450756298188,0.0780219045209247,0.0075726436405647,0.0003505756289271,0.0,0.0,0.0,0,0,1,1.0
crossover_11_05_02_fps30.mp4,558,0.2114457041025161,-0.0668249145402746,-0.2442855525307539,0.0695172250270843,-0.0977494716644287,0.9786977767944336,-0.0658255517482757,-0.1020255088806152,0.8929005265235901,0.0567626059055328,-0.000702828168869,-0.1836713254451751,0.9834796786308287,-0.0610077381134033,-0.1705473661422729,-0.4745846390724182,0.916594624519348,0.1303822100162506,0.2691698372364044,0.9902141690254213,-0.135725051164627,0.2658055126667022,0.9868620038032532,0.2731417559024999,0.073967287860538,0.0090896809973367,0.0005570320759789,0.0,0.0,0.0,0,0,1,1.0
crossover_11_05_02_fps30.mp4,559,0.2110399454832077,-0.0668361728474245,-0.2442742417498332,0.0695816278457641,-0.0976907610893249,0.9788337349891664,-0.0658868253231048,-0.1007903814315795,0.8951075077056885,0.056757628917694,-0.0006159543991088,-0.1851594150066375,0.9839373826980592,-0.0616745054721832,-0.1663436889648437,-0.4782461524009704,0.9225345849990844,0.1303238868713379,0.2691096663475036,0.9901965260505676,-0.1357436180114746,0.2658113837242126,0.986868143081665,0.2732119851497068,0.0781013051585353,1.1310780920648078e-05,-1.125830714987508e-05,0.0,0.0,0.0,0,0,1,1.0
crossover_11_05_02_fps30.mp4,560,0.2104739546775818,-0.065782655901828,-0.2272062442651609,0.069610059261322,-0.0974969267845153,0.9793930649757384,-0.066403716802597,-0.0970127880573272,0.8994758725166321,0.0567477345466613,-0.0005695521831512,-0.1874508559703827,0.9845972061157228,-0.0623967051506042,-0.1558567881584167,-0.4777326583862304,0.9283205270767212,0.1303399801254272,0.2690288722515106,0.9904116988182068,-0.1357278823852539,0.2658216059207916,0.987132489681244,0.2576390629957634,0.0714297525490458,0.0170679974846723,0.0010535169455964,0.0,0.0,0.0,0,0,1,1.0
crossover_11_05_02_fps30.mp4,561,0.211067259311676,-0.0641231717699665,-0.2066185230162085,0.0696540176868438,-0.0972609221935272,0.9798680543899536,-0.0668154954910278,-0.0924868881702423,0.9026086926460266,0.0566523373126983,-0.0006819367408752,-0.2015325427055359,0.9850971698760986,-0.0635325908660888,-0.1427448391914367,-0.4860128760337829,0.93241149187088,0.1303929984569549,0.2688037157058716,0.9906399250030518,-0.1356950104236602,0.2656584978103637,0.9874064326286316,0.2387396095349798,0.063876414044238,0.0205877212489523,0.0016594841318615,0.0,0.0,0.0,0,0,1,1.0
crossover_11_05_02_fps30.mp4,562,0.2111040502786636,-0.0614135028952259,-0.1877413691543951,0.0696540474891662,-0.0974123775959014,0.980124294757843,-0.0676626861095428,-0.0929078161716461,0.8987972736358643,0.0565600991249084,-0.0008878707885742,-0.2226499915122985,0.9849410057067872,-0.0635241866111755,-0.1313423216342926,-0.509877622127533,0.928138554096222,0.1304606795310974,0.2685579657554626,0.9906901121139526,-0.1356290280818939,0.2654591202735901,0.9874906539916992,0.2209796384854289,0.0564385289223909,0.0188771538618134,0.0027096688747406,0.0,0.0,0.0,0,0,1,1.0
crossover_11_05_02_fps30.mp4,563,0.2086428850889206,-0.0603999351040791,-0.1650750557096993,0.0695582330226898,-0.09747776389122,0.9800326824188232,-0.0679328143596649,-0.0968447029590606,0.8962476849555969,0.0564779341220855,-0.0009638965129852,-0.2383989691734314,0.9841310977935792,-0.0635126233100891,-0.1120296120643615,-0.5306750535964966,0.9244760870933532,0.1304836571216583,0.2684321105480194,0.9905040860176086,-0.1356077790260315,0.2653794586658478,0.9873746037483216,0.2014768197280712,0.0531366908962021,0.0226663134446957,0.0010135677911467,0.0,0.0,0.0,0,0,1,1.0
crossover_11_05_02_fps30.mp4,564,0.2074024379253387,-0.0603867912696579,-0.1651592533762862,0.069490373134613,-0.0975980758666992,0.9799048900604248,-0.0681308507919311,-0.0969695746898651,0.8945415019989014,0.0564252138137817,-0.0010819435119628,-0.2408801615238189,0.9833083152770996,-0.0635048151016235,-0.1095381379127502,-0.5339398384094238,0.9216958284378052,0.1304723024368286,0.2682608962059021,0.9903082251548768,-0.1355943083763122,0.2652480602264404,0.9872567057609558,0.2014110427556709,0.0557084424304315,-8.419766658690486e-05,1.3143834421192048e-05,0.0,0.0,0.0,0,0,1,1.0
crossover_11_05_02_fps30.mp4,565,0.2068053632974624,-0.0582018453185841,-0.1419435961944301,0.0693631470203399,-0.0973750948905944,0.9801210761070251,-0.0699246823787689,-0.1104753911495208,0.89009690284729,0.056406944990158,-0.0005547702312469,-0.2388137280941009,0.9822047352790833,-0.0616821944713592,-0.1072499454021453,-0.5182892084121704,0.9045972228050232,0.1304667294025421,0.2687815129756927,0.9904116988182068,-0.135597825050354,0.2658269703388214,0.9875164031982422,0.1820054255325388,0.0348677821996498,0.0232156571818561,0.0021849459510738,0.0,0.0,0.0,0,0,1,1.0
crossover_11_05_02_fps30.mp4,566,0.2064496874809265,-0.0560644188169705,-0.1205683093245436,0.0691932439804077,-0.0970770418643951,0.9803837537765504,-0.0700873434543609,-0.1154998540878295,0.883773148059845,0.0563629865646362,-0.0002093017101287,-0.235631838440895,0.9811626076698304,-0.0615566074848175,-0.0962013602256774,-0.5135053396224976,0.8865033984184265,0.1304443478584289,0.26912721991539,0.9904581904411316,-0.1356202065944671,0.2662353217601776,0.9876853823661804,0.1647003709612304,0.0249782374228038,0.0213752868698864,0.0021374265016135,0.0,0.0,0.0,0,0,1,1.0
crossover_11_05_02_fps30.mp4,567,0.2060179561376571,-0.054908670409251,-0.1054466278087802,0.069100022315979,-0.096699982881546,0.980117917060852,-0.0698937773704528,-0.1151111721992492,0.8732969760894775,0.0562469959259033,0.0001637637615203,-0.251225858926773,0.9789485335350036,-0.0615479052066803,-0.0814109444618225,-0.5141165852546692,0.856282651424408,0.1304382085800171,0.2695406973361969,0.99005389213562,-0.1356163620948791,0.2666382491588592,0.987273097038269,0.1533268957686302,0.0249357877888511,0.0151216815157634,0.0011557484077194,0.0,0.0,0.0,0,0,1,1.0
crossover_11_05_02_fps30.mp4,568,0.2060671895742416,-0.0540681005534479,-0.0954169315535847,0.0690729916095733,-0.0968001186847686,0.979945957660675,-0.0695828795433044,-0.1133690774440765,0.867559015750885,0.056132823228836,2.524256706237793e-05,-0.2596097886562347,0.9779192805290222,-0.0609873533248901,-0.0737757384777069,-0.5100802779197693,0.8418052792549133,0.1304333508014679,0.2694287002086639,0.9898419380187988,-0.1355838179588318,0.2664915025234222,0.9870119094848632,0.1457856378500457,0.022720415855845,0.0100296962551954,0.0008405698558031,0.0,0.0,0.0,0,0,1,1.0
crossover_11_05_02_fps30.mp4,569,0.206089898943901,-0.0540576051857512,-0.0955017197422865,0.0690696239471435,-0.0968628823757171,0.979889750480652,-0.0694198906421661,-0.1123882234096527,0.8647350668907166,0.0560503005981445,-7.778406143188477e-05,-0.2640082538127899,0.97721129655838,-0.0605943202972412,-0.072808176279068,-0.5057942271232605,0.8334755301475525,0.1304364204406738,0.2694193124771118,0.9896402359008788,-0.135535717010498,0.2663866877555847,0.986748456954956,0.1457033919198147,0.0236162139083674,-8.478818870172322e-05,1.049536769670567e-05,0.0,0.0,0.0,0,0,1,1.0
crossover_11_05_02_fps30.mp4,570,0.2063202559947967,-0.0537742418757939,-0.0870522016432226,0.0690500140190124,-0.0970879793167114,0.979470431804657,-0.068736582994461,-0.1120239496231079,0.857547402381897,0.0558527708053588,-0.0003959536552429,-0.2755515873432159,0.9759191870689392,-0.0604950785636901,-0.0659597814083099,-0.505587637424469,0.8177821636199951,0.1304226517677307,0.269163966178894,0.9890751242637634,-0.1354936361312866,0.2660105228424072,0.9860740900039672,0.1397404280254927,0.0221372951634008,0.0084495180990638,0.0002833633099572,0.0,0.0,0.0,0,0,1,1.0
crossover_11_05_02_fps30.mp4,571,0.206798180937767,-0.0536096390021049,-0.0827179000145051,0.0690313279628753,-0.0974813401699066,0.9789784550666808,-0.0684800148010253,-0.1110468208789825,0.8418641090393066,0.0555648505687713,-0.0011139810085296,-0.278784692287445,0.9743273258209229,-0.0605391561985015,-0.0635453164577484,-0.5054299235343933,0.7860127091407776,0.1304010450839996,0.2684608995914459,0.988614022731781,-0.135513037443161,0.265276700258255,0.9855294823646544,0.1363021231316488,0.0203864211870542,0.0043343016287175,0.000164602873689,0.0,0.0,0.0,0,0,1,1.0
crossover_11_05_02_fps30.mp4,572,0.2070727348327636,-0.0536898924132525,-0.0800224195166331,0.0689992308616638,-0.0976720750331878,0.978337287902832,-0.0683474242687225,-0.1112352907657623,0.8228362202644348,0.0553144812583923,-0.0015297830104827,-0.2689414322376251,0.972254514694214,-0.0606502294540405,-0.0648871660232544,-0.4991889595985412,0.7460536956787109,0.1303699016571045,0.2680234014987945,0.988598644733429,-0.1355666220188141,0.2648265063762665,0.9854429960250854,0.134324411278197,0.0166589972696498,0.0026954804978719,-8.025341114759055e-05,0.0,0.0,0.0,0,0,1,1.0
crossover_11_05_02_fps30.mp4,573,0.2074507027864456,-0.0537383966526742,-0.0788892306932588,0.0689807534217834,-0.0979735553264617,0.9779117107391356,-0.0684262514114379,-0.1111031472682952,0.8059749007225037,0.0551719069480896,-0.0019341707229614,-0.2649986445903778,0.9703688621520996,-0.0607550740242004,-0.0651985704898834,-0.4888831675052643,0.7108885645866394,0.1303569078445434,0.2674610614776611,0.9885671734809875,-0.1356628835201263,0.264359176158905,0.9854549765586852,0.1333549229891519,0.015384015670181,0.0011331888233743,-4.850423942176496e-05,0.0,0.0,0.0,0,0,1,1.0
crossover_11_05_02_fps30.mp4,574,0.2076108008623123,-0.0537510806221073,-0.0792057528728392,0.0689696967601776,-0.0980483591556549,0.9775336384773254,-0.0685459971427917,-0.1109740436077117,0.7880874872207642,0.0550568401813507,-0.0020999908447265,-0.2636683285236358,0.968577206134796,-0.0609050095081329,-0.0646358430385589,-0.4847905039787292,0.6737614274024963,0.1303617060184478,0.2671942710876465,0.9884498715400696,-0.1357021033763885,0.2640489935874939,0.9852633476257324,0.1333583974390347,0.0162314808654468,-0.0003165221795803,-1.268396943304717e-05,0.0,0.0,0.0,0,0,1,1.0
crossover_11_05_02_fps30.mp4,575,0.2077880799770355,-0.0536785299495115,-0.078752518281704,0.0689826607704162,-0.0981398522853851,0.9775180220603944,-0.0686962306499481,-0.1102300286293029,0.7812220454216003,0.0549723505973815,-0.0022698640823364,-0.2646939158439636,0.9679601788520812,-0.0610472857952117,-0.0648884177207946,-0.4870215058326721,0.6549006104469299,0.1303774118423462,0.2669020891189575,0.9885554909706116,-0.1356923282146453,0.2636184692382812,0.9853211641311646,0.1328706522788056,0.0157006957513528,0.0004532345911351,7.255067259581693e-05,0.0,0.0,0.0,0,0,1,1.0
crossover_11_05_02_fps30.mp4,576,0.207853227853775,-0.053796799607196,-0.0792030532185624,0.0690031349658966,-0.0981992483139038,0.9775122404098512,-0.0689521431922912,-0.10958993434906,0.7760044932365417,0.0548678934574127,-0.0023726224899291,-0.2634201347827911,0.9674484729766846,-0.0613565146923065,-0.0624883770942688,-0.4866692125797272,0.6365236639976501,0.1304010450839996,0.2668270468711853,0.9886570572853088,-0.1356371641159057,0.2632227540016174,0.985339343547821,0.1330824203445855,0.0183447455721816,-0.0004505349368583,-0.0001182696576845,0.0,0.0,0.0,0,0,1,1.0
crossover_11_05_02_fps30.mp4,577,0.2077878415584564,-0.0539585116556135,-0.0802668648522074,0.0690173208713531,-0.0981678664684295,0.9773526191711426,-0.0694466531276702,-0.1091728508472442,0.768668532371521,0.0547855794429779,-0.0022991597652435,-0.2608319222927093,0.966580092906952,-0.0617641806602478,-0.0625999867916107,-0.4864052534103393,0.6143913269042969,0.1304142773151397,0.2668561637401581,0.9885382652282716,-0.1355705857276916,0.2629658281803131,0.9850873947143556,0.1338067277284163,0.0193144259303222,-0.001063811633645,-0.0001617120484174,0.0,0.0,0.0,0,0,1,1.0
crossover_11_05_02_fps30.mp4,578,0.2077548205852508,-0.0539506088879148,-0.0802691750410126,0.069027155637741,-0.0981218814849853,0.9773159027099608,-0.069747120141983,-0.1088868975639343,0.7619693279266357,0.0546934902667999,-0.0022507905960083,-0.2605058848857879,0.9659028053283693,-0.0621040165424346,-0.0612270236015319,-0.4824305176734924,0.5924534201622009,0.1304250657558441,0.2668754458427429,0.9884433746337892,-0.1355170905590057,0.2628259062767029,0.9849050641059875,0.1337550320270157,0.0207142846322265,-2.310188805199065e-06,7.902767698686475e-06,0.0,0.0,0.0,0,0,1,1.0
crossover_11_05_02_fps30.mp4,579,0.2077486664056778,-0.0542277278536457,-0.0816666815339065,0.0690617263317108,-0.0980393886566162,0.977563202381134,-0.0697867274284362,-0.1088787913322448,0.7602697014808655,0.0546121895313262,-0.0021829605102539,-0.2612929344177246,0.9658021330833436,-0.0626152455806732,-0.0607385039329528,-0.4791258871555328,0.5820094347000122,0.1304613649845123,0.2668730616569519,0.988431453704834,-0.1354297995567321,0.262639045715332,0.9848353266716005,0.1347731038602783,0.0225463760129706,-0.0013975064928938,-0.0002771189657308,0.0,0.0,0.0,0,0,1,1.0
crossover_11_05_02_fps30.mp4,580,0.2077779769897461,-0.0542390103057279,-0.0829922207971898,0.0690646469593048,-0.0980145335197448,0.9773953557014464,-0.0697696506977081,-0.1089471280574798,0.7593216896057129,0.054592341184616,-0.0021449923515319,-0.2612232863903045,0.965377151966095,-0.0628155469894409,-0.0618366599082946,-0.4894035160541534,0.5767955780029297,0.1304683983325958,0.2668420672416687,0.9882174134254456,-0.1354089081287384,0.2625173330307007,0.9845445156097412,0.1355748406399919,0.0228279376644239,-0.0013255392632833,-1.1282452082206351e-05,0.0,0.0,0.0,0,0,1,1.0
crossover_11_05_02_fps30.mp4,581,0.2078535705804824,-0.0543027690911697,-0.0846577938010053,0.06907919049263,-0.0980085134506225,0.9773128032684326,-0.0697523653507232,-0.1092363595962524,0.7578079700469971,0.0545874536037445,-0.0021443963050842,-0.2537218928337097,0.9650266170501708,-0.0630803108215332,-0.0628047585487365,-0.4893877506256103,0.5712110996246338,0.1304868161678314,0.2667723894119262,0.9881304502487184,-0.1353862285614013,0.2624021172523498,0.9844333529472352,0.1366218919678244,0.0235499551711924,-0.0016655730038154,-6.375878544179203e-05,0.0,0.0,0.0,0,0,1,1.0
crossover_11_05_02_fps30.mp4,582,0.2080369144678115,-0.0540391362319558,-0.0864589852530781,0.0691525936126709,-0.0981271862983703,0.977658987045288,-0.0697415769100189,-0.1095412969589233,0.7653712034225464,0.0546379685401916,-0.0022378861904144,-0.2453772127628326,0.9657193422317504,-0.063004732131958,-0.0632742345333099,-0.4871392846107483,0.5872398614883423,0.1305543184280395,0.2666082680225372,0.9882168769836426,-0.135315865278244,0.2621361911296844,0.984515905380249,0.1374914783867689,0.0248578875968962,-0.0018011914520728,0.0002636328592138,0.0,0.0,0.0,0,0,1,1.0
crossover_11_05_02_fps30.mp4,583,0.2081359028816223,-0.053994935346862,-0.0865641535782232,0.0691983997821807,-0.09816575050354,0.9780198931694032,-0.0697264969348907,-0.1097488701343536,0.7714831829071045,0.0546468794345855,-0.0022578239440917,-0.2404763102531433,0.966380536556244,-0.0629298090934753,-0.0635418891906738,-0.4847936034202575,0.5994194149971008,0.1306189596652984,0.2665246725082397,0.9882556200027466,-0.1352598965167999,0.2619688510894775,0.984529197216034,0.137515821400249,0.0246952753861572,-0.000105168325145,4.420088509382581e-05,0.0,0.0,0.0,0,0,1,1.0
crossover_11_05_02_fps30.mp4,584,0.2081876248121261,-0.0537860683465408,-0.0873667418956756,0.0692097842693328,-0.0980986952781677,0.9782296419143676,-0.0696818530559539,-0.1100438237190246,0.7733548879623413,0.0546104609966278,-0.0021277964115142,-0.243352010846138,0.9666088819503784,-0.0632059276103973,-0.0640223920345306,-0.4837985932826996,0.6001795530319214,0.1306422054767608,0.266506165266037,0.9881840348243712,-0.135245680809021,0.2619398534297943,0.9844066500663756,0.1378966475332023,0.0251732480818508,-0.0008025883174524,0.0002088670003211,0.0,0.0,0.0,0,0,1,1.0
crossover_11_05_02_fps30.mp4,585,0.2081682235002517,-0.0536498523364633,-0.088142797423572,0.0692218244075775,-0.0980126559734344,0.978683054447174,-0.0696856081485748,-0.1100452542304992,0.7803295254707336,0.0546052157878875,-0.0019944906234741,-0.24269999563694,0.9674004316329956,-0.0631958544254303,-0.0643185675144195,-0.475151926279068,0.6145092844963074,0.1306606233119964,0.2665093541145324,0.9881781339645386,-0.1352334320545196,0.2619290351867676,0.9844040870666504,0.1383498844926574,0.0256655427888583,-0.0007760555278963,0.0001362160100775,0.0,0.0,0.0,0,0,1,1.0
crossover_11_05_02_fps30.mp4,586,0.2082247138023376,-0.0535032892631271,-0.0883082306966548,0.0692384243011474,-0.0980051159858703,0.979059636592865,-0.0696797370910644,-0.1101172864437103,0.7869611382484436,0.0545896291732788,-0.0019578039646148,-0.242981731891632,0.9680961966514589,-0.0631724596023559,-0.0646342933177948,-0.4740578830242157,0.6285308599472046,0.1306788921356201,0.2664375007152557,0.988189697265625,-0.1352187395095825,0.2618378698825836,0.9844164848327636,0.1383491062960109,0.0255724102514254,-0.0001654332730828,0.0001465630733361,0.0,0.0,0.0,0,0,1,1.0
crossover_11_05_02_fps30.mp4,587,0.2083092480897903,-0.0533623358960879,-0.0880304763956768,0.0692448318004608,-0.0979038178920745,0.9792916774749756,-0.0696721673011779,-0.1104810535907745,0.7891018986701965,0.0545779764652252,-0.0018710494041442,-0.2411380261182785,0.9684238433837892,-0.0631826817989349,-0.0647328495979309,-0.4745021462440491,0.6304839253425598,0.1306867897510528,0.2663924098014831,0.9881064295768738,-0.1352103650569915,0.2617852091789245,0.984282374382019,0.1381106726222382,0.0252827729503433,0.000277754300978,0.0001409533670392,0.0,0.0,0.0,0,0,1,1.0
crossover_11_05_02_fps30.mp4,588,0.2083536833524704,-0.0533484920606774,-0.0880871541616393,0.0692512691020965,-0.0977851450443267,0.9795306921005248,-0.069666713476181,-0.1106635332107544,0.7923875451087952,0.0545677840709686,-0.0017928183078765,-0.2409262657165527,0.9688037037849426,-0.0631820857524871,-0.064855009317398,-0.4755265712738037,0.6356962323188782,0.1306970417499542,0.2663574516773224,0.9880207180976868,-0.1352026164531707,0.2617447078227997,0.9841740131378174,0.1381761016043067,0.0252276062867527,-5.667776596252061e-05,1.384383541042089e-05,0.0,0.0,0.0,0,0,1,1.0
crossover_11_05_02_fps30.mp4,589,0.208347201347351,-0.053645639197301,-0.0875368817550379,0.0692531764507293,-0.0977006554603576,0.9798096418380736,-0.0696651935577392,-0.1110372543334961,0.7945586442947388,0.0545527040958404,-0.0016562640666961,-0.237851083278656,0.9691691994667052,-0.0633452236652374,-0.064871996641159,-0.4744316041469574,0.6369701027870178,0.1307093799114227,0.2663653194904327,0.9879234433174132,-0.1352008283138275,0.2617514431476593,0.9840619564056396,0.1381389227767164,0.0246531733469742,0.0005502724066013,-0.0002971471366235,0.0,0.0,0.0,0,0,1,1.0
crossover_11_05_02_fps30.mp4,590,0.2083505094051361,-0.0540021581164861,-0.0864857266588908,0.069253385066986,-0.0976490080356597,0.979978084564209,-0.0696674585342407,-0.1111489534378051,0.7952304482460022,0.0545228719711303,-0.001534879207611,-0.2389378696680069,0.9693463444709778,-0.0634874999523162,-0.0650091767311096,-0.4694322943687439,0.6334304809570312,0.1307178139686584,0.266340434551239,0.987916886806488,-0.1351999342441558,0.2617442011833191,0.9840761423110962,0.1378199137940837,0.0234779451090386,0.0010511550961471,-0.000356518919185,0.0,0.0,0.0,0,0,1,1.0
crossover_11_05_02_fps30.mp4,591,0.2083712220191955,-0.0553682156538559,-0.0856651105531832,0.0692804753780365,-0.0977089703083038,0.9803993701934814,-0.0697019100189209,-0.1111917495727539,0.7959362864494324,0.0544172823429107,-0.0015665888786315,-0.2593196332454681,0.9699015021324158,-0.0637741386890411,-0.0647795498371124,-0.4708812236785888,0.6288184523582458,0.1307159960269928,0.2662962079048157,0.9881231188774108,-0.1352030336856842,0.2617303729057312,0.9843572378158568,0.1382946742222674,0.0225136889135951,0.0008206161057076,-0.0013660575373697,0.0,0.0,0.0,0,0,1,1.0
crossover_11_05_02_fps30.mp4,592,0.2082833796739578,-0.0572293186591843,-0.0858611271148774,0.0694291591644287,-0.0978451073169708,0.9806643724441528,-0.0696886777877807,-0.1111164987087249,0.7914712429046631,0.0540283322334289,-0.0021849572658538,-0.300830602645874,0.9700058698654176,-0.0648082792758941,-0.06453537940979,-0.5055772662162781,0.6183282732963562,0.1307206153869629,0.2663233578205108,0.9880387187004088,-0.1352028846740722,0.2617688477039337,0.9842035174369812,0.1392119473419766,0.022632458090333,-0.0001960165616942,-0.0018611030053284,0.0,0.0,0.0,0,0,1,1.0
crossover_11_05_02_fps30.mp4,593,0.2082063257694244,-0.0572308328192112,-0.0858415387025693,0.0695394277572631,-0.0979174971580505,0.9809329509735109,-0.0695195794105529,-0.1110551357269287,0.7873753309249878,0.0537568926811218,-0.0025722086429595,-0.3069576025009155,0.9700981974601746,-0.0653919577598571,-0.0643965899944305,-0.5126458406448364,0.6086884140968323,0.1307238936424255,0.2663678824901581,0.9880046248435974,-0.1352058053016662,0.2618180215358734,0.9841052293777466,0.1387517803140324,0.0229453652268064,1.9588412308146896e-05,-1.5141600269164002e-06,0.0,0.0,0.0,0,0,1,1.0
crossover_11_05_02_fps30.mp4,594,0.2080436199903488,-0.0597912530777818,-0.0861812287714423,0.0700691640377044,-0.0979636311531066,0.9808683395385742,-0.0691795051097869,-0.1104562580585479,0.7794525027275085,0.0524258911609649,-0.0077402889728546,-0.3271051347255707,0.9701395630836488,-0.0676831007003784,-0.063160628080368,-0.5206066966056824,0.5972485542297363,0.13095423579216,0.2663030326366424,0.9877354502677916,-0.13498055934906,0.2617717683315277,0.9835140109062196,0.1369148220521991,0.0243357620607239,-0.0003396900688729,-0.0025604202585705,0.0,0.0,0.0,0,0,1,1.0
crossover_11_05_02_fps30.mp4,595,0.2071587741374969,-0.0629428959498971,-0.0871580174783381,0.0704026520252227,-0.0980482399463653,0.981468141078949,-0.0690065324306488,-0.1098188757896423,0.7757120728492737,0.0482189953327178,-0.0145050585269927,-0.3672082424163818,0.9714319705963136,-0.0718137323856353,-0.0634849667549133,-0.5388915538787842,0.601951539516449,0.1309747397899627,0.2667449414730072,0.9878751039505004,-0.1349958777427673,0.262200266122818,0.9836840033531188,0.1327984130850733,0.0252805274791382,-0.0009767887068958,-0.0031516428721152,0.0,0.0,0.0,0,0,1,1.0
crossover_11_05_02_fps30.mp4,596,0.2060068398714065,-0.0645227834329766,-0.0884175216279378,0.0703636407852172,-0.0981745421886444,0.9814035296440125,-0.0690751373767852,-0.1084188818931579,0.7723491787910461,0.0421420931816101,-0.0278745889663696,-0.3464753329753876,0.9727187752723694,-0.0758132934570312,-0.0704971551895141,-0.4918958842754364,0.6188263893127441,0.1308937072753906,0.2673940658569336,0.9879688620567322,-0.1350780725479126,0.262846827507019,0.9837567210197448,0.1226492666038742,0.021180537053877,-0.0012595041495997,-0.0015798874830795,0.0,0.0,0.0,0,0,1,1.0
crossover_11_05_02_fps30.mp4,597,0.2054320573806762,-0.064329922906423,-0.0871285413823476,0.0698528587818145,-0.0982174277305603,0.9804943203926086,-0.0695193111896514,-0.1077969670295715,0.7602970600128174,0.0371707379817962,-0.0403008759021759,-0.3279162645339966,0.9733579754829408,-0.0769438743591308,-0.0722355842590332,-0.4502773582935333,0.6236343383789062,0.1303029358386993,0.2677037417888641,0.987740159034729,-0.1356509625911712,0.2631522119045257,0.983485460281372,0.1117819950397565,0.019516965520494,0.0012889802455902,0.0001928605265536,0.0,0.0,0.0,0,0,1,1.0
crossover_11_05_02_fps30.mp4,598,0.2051206976175308,-0.0647069558248681,-0.0869299744687429,0.0695773065090179,-0.0982290208339691,0.979591965675354,-0.069797396659851,-0.1073180139064788,0.7497674822807312,0.035488337278366,-0.0425374805927276,-0.3216531276702881,0.9737555980682372,-0.0776314735412597,-0.0730480551719665,-0.4365028440952301,0.6282723546028137,0.1299457848072052,0.2678756415843963,0.9876166582107544,-0.1360085010528564,0.263362854719162,0.9834213852882384,0.1095891886664696,0.0189670989232284,0.0001985669136047,-0.000377032918445,0.0,0.0,0.0,0,0,1,1.0
crossover_11_05_02_fps30.mp4,599,0.2048838883638382,-0.06179331197577,-0.0833675740695581,0.0694079399108886,-0.0984871983528137,0.9767823815345764,-0.0688686370849609,-0.107192575931549,0.7405644655227661,0.0311099290847778,-0.0530093610286712,-0.362087219953537,0.972403645515442,-0.0790021121501922,-0.0736272633075714,-0.4571479856967926,0.6386022567749023,0.1297610998153686,0.2674746215343475,0.9868173003196716,-0.1361939907073974,0.2631584107875824,0.983311116695404,0.0977375736274957,0.0197741360666722,0.0035624003991848,0.002913643849098,0.0,0.0,0.0,0,0,1,1.0
crossover_11_05_02_fps30.mp4,600,0.2031401246786117,-0.0572097294411416,-0.0718308237994589,0.0692585408687591,-0.0970381200313568,0.9768837690353394,-0.0743383169174194,-0.1059093177318573,0.7583134174346924,0.0277617871761322,-0.0630531907081604,-0.3605596721172333,0.9732252955436708,-0.0786382555961608,-0.0731344521045684,-0.3999983668327331,0.6669418215751648,0.1297427117824554,0.2688939869403839,0.9869839549064636,-0.1363409459590912,0.2653704583644867,0.9841444492340088,0.0854236821901579,0.0214681433741771,0.0115367502700992,0.0045835825346284,0.0,0.0,0.0,0,0,1,1.0
crossover_11_05_02_fps30.mp4,601,0.2000093013048172,-0.0496878598706196,-0.0520544175694628,0.0687403380870819,-0.0943578481674194,0.977935552597046,-0.0792185962200164,-0.1026500165462493,0.7794128060340881,0.022896260023117,-0.0618533194065094,-0.3991565406322479,0.974934697151184,-0.0786280930042266,-0.0684220790863037,-0.4196425676345825,0.698456346988678,0.1295402348041534,0.2711982429027557,0.9863132238388062,-0.1365836262702942,0.2678705155849457,0.9844669103622437,0.0732425623388506,0.0332481193055697,0.0197764062299961,0.0075218695705219,0.0,0.0,0.0,0,0,1,1.0
crossover_11_05_02_fps30.mp4,602,0.1929307878017425,-0.0431236165054774,-0.0263046088742046,0.0661769807338714,-0.0880628824234008,0.9796353578567504,-0.0827575623989105,-0.0910667479038238,0.800014078617096,0.0133725106716156,-0.0514241456985473,-0.3843689262866974,0.977121114730835,-0.0752848386764526,-0.0585798621177673,-0.3685438632965088,0.7279511094093323,0.1298113167285919,0.2746482789516449,0.9859603643417358,-0.1364906132221222,0.271484225988388,0.985118567943573,0.0618288243158462,0.0455635400673272,0.0257498086952581,0.0065642433651422,0.0,0.0,0.0,0,0,1,1.0
crossover_11_05_02_fps30.mp4,603,0.1897805333137512,-0.0430394124176542,-0.0247680291896912,0.0650185346603393,-0.0855123102664947,0.9810975790023804,-0.0836720764636993,-0.0867743194103241,0.8182052373886108,0.0105639100074768,-0.0478738546371459,-0.3538674414157867,0.979000449180603,-0.0734421014785766,-0.0538340806961059,-0.3640362620353699,0.7541245818138123,0.1299448013305664,0.2763848900794983,0.9858134388923644,-0.1364161670207977,0.2730236053466797,0.9856497049331664,0.058371185910694,0.0420613700717021,0.0015365796845133,8.420408782316979e-05,0.0,0.0,0.0,0,0,1,1.0
crossover_11_05_02_fps30.mp4,604,0.1865508705377578,-0.0411082712270445,-0.002259785082282,0.0616387724876403,-0.080500453710556,0.9816055297851562,-0.0842434763908386,-0.0844075977802276,0.8329479098320007,0.0035460591316223,-0.0443859994411468,-0.4414587914943695,0.9788227677345276,-0.0700201094150543,-0.042768508195877,-0.4514728188514709,0.775533139705658,0.1298317313194275,0.2767883539199829,0.9826782941818236,-0.1366386711597442,0.2734692692756653,0.98493230342865,0.061389145261927,0.0497679719870476,0.0225082441074092,0.0019311411906096,0.0,0.0,0.0,0,0,1,1.0
crossover_11_05_02_fps30.mp4,605,0.1837710440158844,-0.0406523535817356,0.0140742200176889,0.0588065087795257,-0.0733603835105896,0.980283260345459,-0.0846542418003082,-0.0804366767406463,0.8453344702720642,0.0004540979862213,-0.0237430036067962,-0.4556094408035278,0.9717634916305542,-0.0656981170177459,-0.0273422002792358,-0.4619333446025848,0.7923986911773682,0.1300532519817352,0.2766277194023132,0.9796798229217528,-0.136508047580719,0.2732862830162048,0.9838351607322692,0.0558559107272732,0.0484005179342547,0.016334005099971,0.0004559176453088,0.0,0.0,0.0,0,0,1,1.0
crossover_11_05_02_fps30.mp4,606,0.1802932620048523,-0.0407854327711008,0.0261109968511069,0.0588261187076568,-0.0682660341262817,0.9783790111541748,-0.0830001831054687,-0.0755086243152618,0.8529571890830994,0.0017070472240447,-0.0112012028694152,-0.4587324857711792,0.9612600207328796,-0.0638546645641326,-0.0185267925262451,-0.4655618965625763,0.8018021583557129,0.1309308111667633,0.2766140103340149,0.9764073491096495,-0.1356465816497802,0.2730123400688171,0.9817116260528564,0.0565491918962773,0.0502466088011666,0.0120367768334179,-0.0001330791893651,0.0,0.0,0.0,0,0,1,1.0
crossover_11_05_02_fps30.mp4,607,0.1773806512355804,-0.0406722667863813,0.0335622155084842,0.0594678819179534,-0.0644330382347107,0.976951539516449,-0.0817738473415374,-0.0707558989524841,0.8626294136047363,0.0040129125118255,-0.0026963055133819,-0.4360701739788055,0.9528990983963012,-0.0629697442054748,-0.0130313634872436,-0.4551031589508056,0.8150131702423096,0.131801575422287,0.2754100859165191,0.9745723605155944,-0.1350159347057342,0.2715020477771759,0.9807869791984558,0.0575451613570247,0.0516540327843443,0.0074512186573773,0.0001131659847194,0.0,0.0,0.0,0,0,1,1.0
crossover_11_05_02_fps30.mp4,608,0.1761251538991928,-0.0401045562857288,0.0334359576062458,0.0597520470619201,-0.0640288591384887,0.9752855896949768,-0.0808929502964019,-0.0695559084415435,0.8711704611778259,0.005231499671936,-0.000884473323822,-0.4181768298149109,0.9423992037773132,-0.0623130798339843,-0.0123026669025421,-0.4288698136806488,0.8262779116630554,0.132343590259552,0.2746906280517578,0.9728411436080932,-0.1345180571079254,0.2709141969680786,0.97992604970932,0.056861673814812,0.0508452582857961,-0.0001262579022384,0.0005677105006525,0.0,0.0,0.0,0,0,1,1.0
crossover_11_05_02_fps30.mp4,609,0.1733791828155517,-0.0406745558067903,0.0417169268538312,0.0599590241909027,-0.060206115245819,0.974288821220398,-0.0804226100444793,-0.0670730769634246,0.877845823764801,0.0058535635471343,0.0051273107528686,-0.441441535949707,0.9362850189208984,-0.0621299743652343,-0.0119410753250122,-0.4609700739383697,0.8360130786895752,0.1327925026416778,0.2737668752670288,0.9718024730682372,-0.1340582966804504,0.2701706886291504,0.9786185622215272,0.0591917722071985,0.0577885471641465,0.0082809692475853,-0.0005699995210615,0.0,0.0,0.0,0,0,1,1.0
crossover_11_05_02_fps30.mp4,610,0.1723435074090957,-0.0414554900031978,0.0466748173643902,0.0594482123851776,-0.0575645267963409,0.973959505558014,-0.080076515674591,-0.0666833221912384,0.8877686262130737,0.0056991875171661,0.0085589885711669,-0.4811049103736877,0.9343990087509156,-0.062113881111145,-0.0101110339164733,-0.5371615886688232,0.8509399890899658,0.1329835355281829,0.271912932395935,0.9686151146888732,-0.1339970827102661,0.2682364583015442,0.976674258708954,0.0606331593820067,0.0604268320273475,0.004957890510559,-0.0007809341964075,0.0,0.0,0.0,0,0,1,1.0
crossover_11_05_02_fps30.mp4,611,0.1696731597185135,-0.0423199302059109,0.0524468129727898,0.0592551231384277,-0.0554944574832916,0.970877766609192,-0.0795694887638092,-0.0658112168312072,0.8943523168563843,0.0059412121772766,0.0117367208003997,-0.5137584805488586,0.9156326055526732,-0.0616445541381835,-0.0041394531726837,-0.5356025695800781,0.8559297323226929,0.1336526870727539,0.2711904346942901,0.9659167528152466,-0.1333222389221191,0.2676044404506683,0.9745171666145324,0.0631383359680534,0.0597950383092956,0.0057719956083995,-0.000864440202713,0.0,0.0,0.0,0,0,1,1.0
crossover_11_05_02_fps30.mp4,612,0.1675828546285629,-0.0434279838861045,0.0574134298940983,0.0586431324481964,-0.0526175200939178,0.9682888984680176,-0.0791071057319641,-0.0637300014495849,0.9025818109512328,0.0034899413585662,0.0160264670848846,-0.5355627536773682,0.8991841077804565,-0.0611238777637481,0.0019882023334503,-0.5712940692901611,0.8662614822387695,0.134299486875534,0.2704964578151703,0.9638820886611938,-0.1326439976692199,0.2670438587665558,0.9720558524131776,0.0625633470958496,0.0581816166007652,0.0049666169213085,-0.0011080536801936,0.0,0.0,0.0,0,0,1,1.0
crossover_11_05_02_fps30.mp4,613,0.1670718938112259,-0.0431604968289197,0.0567159127898332,0.0581346452236175,-0.0524797141551971,0.9656208157539368,-0.0789328813552856,-0.063503086566925,0.9098761081695556,0.0028171241283416,0.0162944495677948,-0.5346227288246155,0.8815995454788208,-0.0609137117862701,0.0030665099620819,-0.5685322284698486,0.8754916787147522,0.1345632970333099,0.2696288526058197,0.9628070592880248,-0.1323286592960357,0.2663106024265289,0.9704769253730774,0.0612195746301802,0.0565104863286117,-0.0006975171042651,0.0002674870571847,0.0,0.0,0.0,0,0,1,1.0
crossover_11_05_02_fps30.mp4,614,0.1671334207057953,-0.0435219034300012,0.0604693114757537,0.058115154504776,-0.0517476201057434,0.9643482565879822,-0.0784194767475128,-0.0632646083831787,0.9164382815361024,0.0032035410404205,0.0175484120845794,-0.5320143103599548,0.871038019657135,-0.0598042607307434,0.0052579343318939,-0.5484495759010315,0.8832899928092957,0.1355859339237213,0.268554538488388,0.9619916081428528,-0.1313044726848602,0.2652072608470917,0.969260036945343,0.0634465977457087,0.0575622387107256,0.0037533986859205,-0.0003614066010814,0.0,0.0,0.0,0,0,1,1.0
crossover_11_05_02_fps30.mp4,615,0.1659606695175171,-0.0447800930273735,0.063007782726753,0.0576020181179046,-0.0503430962562561,0.965067744255066,-0.0782957971096038,-0.0609019100666046,0.9222843050956726,0.0024544298648834,0.0187575817108154,-0.5117264986038208,0.8736509680747986,-0.0593232214450836,0.0067859888076782,-0.5325149893760681,0.8916751146316528,0.1360506117343902,0.2679656147956848,0.9633673429489136,-0.1308073699474334,0.2646025419235229,0.9695969820022584,0.0647238784592674,0.0580723057545756,0.0025384712509992,-0.0012581895973722,0.0,0.0,0.0,0,0,1,1.0
crossover_11_05_02_fps30.mp4,616,0.1646111756563186,-0.0459549110824779,0.0654729888206575,0.0566649734973907,-0.0488970279693603,0.9665274620056152,-0.0783787965774536,-0.0589696168899536,0.928441047668457,0.0002931654453277,0.0208978354930877,-0.495603084564209,0.8804364204406738,-0.0592352747917175,0.0078251659870147,-0.5139046907424927,0.9009740948677064,0.1361430585384369,0.2671259343624115,0.9651008248329164,-0.1306803226470947,0.2641285955905914,0.9705030918121338,0.0642326153655456,0.0591577512901627,0.0024652060939045,-0.0011748180551043,0.0,0.0,0.0,0,0,1,1.0
crossover_11_05_02_fps30.mp4,617,0.1637236177921295,-0.0477063722529653,0.0681961203493722,0.0556595921516418,-0.0475926399230957,0.9682168960571288,-0.0784729123115539,-0.0583319664001464,0.9340912103652954,-0.002274751663208,0.0237394869327545,-0.4915626049041748,0.8870965838432312,-0.0592825710773468,0.0067140161991119,-0.5123124718666077,0.9094594120979308,0.1362001299858093,0.2659288942813873,0.9671666622161864,-0.1306040287017822,0.2630437314510345,0.9717007875442504,0.0635643327987575,0.0625624289007793,0.0027231315287147,-0.0017514611704874,0.0,0.0,0.0,0,0,1,1.0
crossover_11_05_02_fps30.mp4,618,0.1634373068809509,-0.0475094892210879,0.067310548410183,0.0551003813743591,-0.0476041436195373,0.9690604209899902,-0.0784656405448913,-0.0576719939708709,0.9391419887542723,-0.0027137398719787,0.0239951014518737,-0.4937327206134796,0.8917500972747803,-0.0595943927764892,0.0064513683319091,-0.5208780765533447,0.917400062084198,0.1363363265991211,0.2646484971046448,0.967609703540802,-0.1304393410682678,0.2621054649353027,0.9710532426834106,0.0623128165383841,0.0620474390587002,-0.0008855719391892,0.0001968830318774,0.0,0.0,0.0,0,0,1,1.0
crossover_11_05_02_fps30.mp4,619,0.1624477803707122,-0.0485279975301128,0.0698831747217876,0.0550779998302459,-0.0471943914890289,0.9698801040649414,-0.0780858695507049,-0.0571953654289245,0.9429455399513244,-0.0035656988620758,0.0261564850807189,-0.506614625453949,0.895262598991394,-0.0600668489933013,0.0084121227264404,-0.5366626381874084,0.9230077266693116,0.1366521418094635,0.2637574076652527,0.9680303931236268,-0.1300266683101654,0.2615182399749756,0.9701516032218932,0.0627186709718892,0.0625446666511558,0.0025726263116045,-0.0010185083090248,0.0,0.0,0.0,0,0,1,1.0
crossover_11_05_02_fps30.mp4,620,0.1613855361938476,-0.0499117821960126,0.0703903685255749,0.0540314614772796,-0.046576052904129,0.9706377983093262,-0.0781192183494567,-0.0564820766448974,0.9457693099975586,-0.0064382851123809,0.0285899341106414,-0.5086280703544617,0.8995553255081177,-0.0614447295665741,0.0099005997180938,-0.5501869320869446,0.92781400680542,0.1365902125835418,0.2623045742511749,0.9678299427032472,-0.1300079822540283,0.2603400647640228,0.967788577079773,0.0603093795852492,0.0615793878293268,0.0005071938037872,-0.0013837846658997,0.0,0.0,0.0,0,0,1,1.0
crossover_11_05_02_fps30.mp4,621,0.1597500294446945,-0.0504237987227358,0.0719477457244222,0.0530440807342529,-0.0442146956920623,0.9701173901557922,-0.0778934955596923,-0.0556790232658386,0.9474895000457764,-0.0064860582351684,0.0293838679790496,-0.5088359713554382,0.8979150056838989,-0.0613337755203247,0.0136885941028594,-0.5421873331069946,0.9307906627655028,0.1368080377578735,0.2611652314662933,0.9681150317192078,-0.1298016607761383,0.259676843881607,0.9668421745300292,0.0611735950216745,0.059271884915094,0.0015573771988472,-0.0005120165267232,0.0,0.0,0.0,0,0,1,1.0
crossover_11_05_02_fps30.mp4,622,0.1581818908452987,-0.0508103300959377,0.0734334640386628,0.0527794659137725,-0.0423562228679657,0.9696704149246216,-0.0777540802955627,-0.0552133023738861,0.9487109780311584,-0.0059373676776885,0.0304842591285705,-0.5067340135574341,0.8956928253173828,-0.0613520741462707,0.0158650279045104,-0.5256110429763794,0.9318569898605348,0.1369090974330902,0.2606412172317505,0.9688210487365724,-0.1296685934066772,0.2591959834098816,0.9668408632278442,0.0621145470771436,0.0585256628032071,0.0014857183142406,-0.0003865313732018,0.0,0.0,0.0,0,0,1,1.0
crossover_11_05_02_fps30.mp4,623,0.1581511199474334,-0.0507536996219117,0.0729165798280296,0.0526652634143829,-0.0419772565364837,0.9689234495162964,-0.0776933133602142,-0.0549969673156738,0.9496025443077089,-0.0059541165828704,0.0303612351417541,-0.5048967599868774,0.8917495012283325,-0.0613709092140197,0.0168151259422302,-0.5173901915550232,0.9320410490036012,0.1369834840297699,0.2602494955062866,0.9697927832603456,-0.129608929157257,0.2586618661880493,0.9672256112098694,0.0617896431599962,0.0570972702291732,-0.0005168842106331,5.6630474025931576e-05,0.0,0.0,0.0,0,0,1,1.0
crossover_11_05_02_fps30.mp4,624,0.156716763973236,-0.0510645994695566,0.0739664201329394,0.0523439347743988,-0.0403139591217041,0.966566801071167,-0.0778892338275909,-0.0534747242927551,0.9468379020690918,-0.0059134066104888,0.0307173430919647,-0.5112166404724121,0.8797234892845154,-0.0615663826465606,0.0197037756443023,-0.518051266670227,0.9232501983642578,0.1368591487407684,0.2602886855602264,0.969757914543152,-0.1298045814037323,0.2583629190921783,0.9661836624145508,0.0625228988570819,0.0552695398641694,0.0010498403049097,-0.0003108998476448,0.0,0.0,0.0,0,0,1,1.0
crossover_11_05_02_fps30.mp4,625,0.1553226262331009,-0.0514997203471296,0.0755597877793196,0.0521015524864196,-0.039285272359848,0.9649640321731568,-0.0780900418758392,-0.0532949566841125,0.9474963545799256,-0.0058189630508422,0.0307771265506744,-0.5141075253486633,0.8728421926498413,-0.0618173480033874,0.0206070840358734,-0.5181933045387268,0.9234924912452698,0.1366010904312133,0.259645015001297,0.969014286994934,-0.1300644278526306,0.2575751841068268,0.9645131826400756,0.0639704489110551,0.0559129062844003,0.0015933676463801,-0.000435120877573,0.0,0.0,0.0,0,0,1,1.0
crossover_11_05_02_fps30.mp4,626,0.1528415232896804,-0.0516505504058579,0.077474681924029,0.051798403263092,-0.0365201830863952,0.9629786610603333,-0.0780696272850036,-0.0519568026065826,0.9490585923194884,-0.0056610107421875,0.0321382284164428,-0.5056225061416626,0.8654937744140625,-0.0616847276687622,0.0234131813049316,-0.4982163906097412,0.9258553385734558,0.1364876627922058,0.2593494653701782,0.9683887362480164,-0.1302228271961212,0.2573087215423584,0.963485598564148,0.0645788802560236,0.0549848212012375,0.0019148941447094,-0.0001508300587282,0.0,0.0,0.0,0,0,1,1.0
crossover_11_05_02_fps30.mp4,627,0.1524198353290558,-0.0514373338828652,0.0785950204221214,0.0515348315238952,-0.035181701183319,0.961210072040558,-0.0781002938747406,-0.0513641834259033,0.949087142944336,-0.0055492520332336,0.0336032509803772,-0.4960549175739288,0.859489381313324,-0.0616313815116882,0.0257155895233154,-0.486371099948883,0.9246811866760254,0.1363653540611267,0.2581676840782165,0.9675235748291016,-0.1303048133850097,0.2559674382209778,0.9622838497161864,0.0642648844497331,0.0538530669436784,0.0011203384980923,0.0002132165229926,0.0,0.0,0.0,0,0,1,1.0
crossover_11_05_02_fps30.mp4,628,0.1523636579513549,-0.05148380287623,0.0783355013626377,0.051367700099945,-0.0348416864871978,0.9606979489326476,-0.0780596435070037,-0.0509493052959442,0.9513292908668518,-0.0055866837501525,0.0338726341724395,-0.4925251007080078,0.8598141074180603,-0.0616734623908996,0.0263082683086395,-0.4915283322334289,0.9285306334495544,0.136300504207611,0.2580983936786651,0.9673849940299988,-0.1303493082523346,0.2557228505611419,0.9617896676063538,0.0639022073393912,0.0530156782497399,-0.0002595190594836,-4.6468993364745526e-05,0.0,0.0,0.0,0,0,1,1.0
crossover_11_05_02_fps30.mp4,629,0.1510402113199234,-0.0517976329488269,0.0818666513373211,0.051205426454544,-0.0329386889934539,0.9594265222549438,-0.0780605375766754,-0.0499082505702972,0.9515866041183472,-0.0055538117885589,0.0357199311256408,-0.4933003485202789,0.8570674657821655,-0.0617191493511199,0.0303831100463867,-0.4827546179294586,0.927609086036682,0.136220246553421,0.2580935955047607,0.966639518737793,-0.1303743720054626,0.2554101347923279,0.9602826833724976,0.0653300144022481,0.0524308259669473,0.0035311499746834,-0.0003138300725969,0.0,0.0,0.0,0,0,1,1.0
crossover_11_05_02_fps30.mp4,630,0.1520319432020187,-0.0525428942704604,0.082541105223865,0.0510461628437042,-0.0324572920799255,0.959691047668457,-0.0780683755874633,-0.0480836629867553,0.9532673358917236,-0.0056195557117462,0.0376161336898803,-0.4925304353237152,0.8595567345619202,-0.0619236230850219,0.0311397910118103,-0.4858028590679168,0.9302467703819276,0.1360658705234527,0.2568106055259704,0.9670230746269226,-0.1304750740528106,0.2537588477134704,0.9600046873092652,0.0649619332288152,0.0522502935476799,0.0006744538865438,-0.0007452613216335,0.0,0.0,0.0,0,0,1,1.0
crossover_11_05_02_fps30.mp4,631,0.1513630300760269,-0.0539627169148396,0.0838146014911372,0.0507806837558746,-0.0314613580703735,0.9592790007591248,-0.0780486762523651,-0.0474573075771331,0.955451250076294,-0.0055610835552215,0.0400235056877136,-0.4901317954063415,0.8612560033798218,-0.0630123019218444,0.0317133069038391,-0.4895794987678528,0.9345357418060304,0.1360506117343902,0.2563527226448059,0.9668142795562744,-0.1305160522460937,0.2529687285423279,0.9593828916549684,0.0652715725530151,0.0528813756106195,0.0012734962672722,-0.0014198226443791,0.0,0.0,0.0,0,0,1,1.0
crossover_11_05_02_fps30.mp4,632,0.1501715034246444,-0.0560752851478124,0.0834855027315093,0.0498441159725189,-0.0294921994209289,0.9588297605514526,-0.0780307054519653,-0.0471133291721344,0.9562938213348388,-0.0055112540721893,0.0422161221504211,-0.4904143214225769,0.8628649711608887,-0.0635015070438385,0.0317122340202331,-0.4864011704921722,0.9360507130622864,0.1360494196414947,0.2551671266555786,0.966417133808136,-0.1305140554904937,0.2516237497329712,0.95854252576828,0.0652677792801568,0.0523031559726468,-0.0003290987596279,-0.0021125682329727,0.0,0.0,0.0,0,0,1,1.0
crossover_11_05_02_fps30.mp4,633,0.1503617912530899,-0.0560253594891499,0.0831142679947178,0.0493554770946502,-0.0294648110866546,0.9590196013450624,-0.0779626965522766,-0.0476044416427612,0.9570388793945312,-0.0054645240306854,0.0432767570018768,-0.4908356368541717,0.8666646480560303,-0.0638488829135894,0.0323462784290313,-0.487318605184555,0.9371010661125184,0.1361000835895538,0.2548604309558868,0.9663748145103456,-0.1304710805416107,0.2512570917606354,0.9580389857292176,0.0643694443378428,0.0513672685989279,-0.0003712347367914,4.992565866246412e-05,0.0,0.0,0.0,0,0,1,1.0
crossover_11_05_02_fps30.mp4,634,0.1497606635093689,-0.0596700381424467,0.0824008679971461,0.0475176572799682,-0.0273714661598205,0.9577602744102478,-0.0779354870319366,-0.0482201278209686,0.954702377319336,-0.0066903233528137,0.0427541136741638,-0.499940812587738,0.8663116693496704,-0.0662603974342346,0.0330548882484436,-0.4864695966243744,0.9311793446540833,0.1361347436904907,0.2535916566848755,0.965486466884613,-0.1304231286048889,0.2499923706054687,0.9556416869163512,0.0661718619017009,0.0497841194855771,-0.0007133999975716,-0.0036446786532968,0.0,0.0,0.0,0,0,1,1.0
crossover_11_05_02_fps30.mp4,635,0.1479483246803283,-0.0631484748953479,0.080362099118349,0.0461507439613342,-0.0252781808376312,0.956670582294464,-0.0776872634887695,-0.0484045147895813,0.949316680431366,-0.012342631816864,0.0418753921985626,-0.5054346323013306,0.8655524849891663,-0.0693098604679107,0.0317124426364898,-0.4871485829353332,0.9197747707366944,0.1364927887916565,0.2536098659038543,0.9639724493026732,-0.1300827860832214,0.2501690685749054,0.952170193195343,0.0637374324902178,0.0490382681992001,-0.0020387688787971,-0.0034784367529012,0.0,0.0,0.0,0,0,1,1.0
crossover_11_05_02_fps30.mp4,636,0.147695705294609,-0.0679545261092104,0.0758926224417803,0.0444165468215942,-0.0239289700984954,0.9557603597640992,-0.0778480172157287,-0.0493527948856353,0.9450557231903076,-0.0175937414169311,0.0403204262256622,-0.5209749937057495,0.8639543056488037,-0.072678118944168,0.0306437909603118,-0.510206401348114,0.911037027835846,0.1367850303649902,0.2530103027820587,0.96229749917984,-0.1298619508743286,0.2496720850467682,0.9485340714454652,0.0616570334873493,0.0454947148546816,-0.0044694766765687,-0.0048060512138625,0.0,0.0,0.0,0,0,1,1.0
crossover_11_05_02_fps30.mp4,637,0.1468421667814254,-0.0710794011415061,0.0688630250895895,0.0435152947902679,-0.0234183371067047,0.9543352127075196,-0.0780312418937683,-0.0491940677165985,0.9385234713554382,-0.020019382238388,0.040687471628189,-0.5291856527328491,0.861014187335968,-0.0769636631011962,0.0301732122898101,-0.5266746878623962,0.8950676918029785,0.1375426948070526,0.2535553872585296,0.9602324962615968,-0.1294367313385009,0.2503562271595001,0.945122480392456,0.0583179847323534,0.0391347180045062,-0.0070295973521907,-0.0031248750322956,0.0,0.0,0.0,0,0,1,1.0
crossover_11_05_02_fps30.mp4,638,0.1461382210254669,-0.0706305006803092,0.0693122474158682,0.0433899164199829,-0.0230849981307983,0.952321708202362,-0.0779063999652862,-0.0488461256027221,0.933112382888794,-0.019736111164093,0.0407307744026184,-0.5328010320663452,0.8551870584487915,-0.0773600339889526,0.0294280648231506,-0.533514142036438,0.8804349303245544,0.1381886601448059,0.2541495561599731,0.9590718150138856,-0.1290161609649658,0.2509871125221252,0.942847490310669,0.0583707074124981,0.0404479250350544,0.0004492223262787,0.0004489004611968,0.0,0.0,0.0,0,0,1,1.0
crossover_11_05_02_fps30.mp4,639,0.1455837935209274,-0.0747516041084871,0.0590362416534888,0.0413093268871307,-0.0220208466053009,0.95270836353302,-0.0786434113979339,-0.050455242395401,0.9319198727607728,-0.0264774858951568,0.0367220342159271,-0.5449928641319275,0.8580440282821655,-0.0804056227207183,0.0242103040218353,-0.5554313063621521,0.8729560375213623,0.1381883323192596,0.2548125088214874,0.9581641554832458,-0.1291086375713348,0.2513815462589264,0.9420804977416992,0.0531818986389271,0.035281919709552,-0.0102760057623794,-0.0041211034281778,0.0,0.0,0.0,0,0,1,1.0
crossover_11_05_02_fps30.mp4,640,0.14505435526371,-0.0805315587480189,0.0446137406477114,0.0393598675727844,-0.0211034715175628,0.9555612206459044,-0.0802665650844574,-0.0497663021087646,0.9320248365402222,-0.0315721631050109,0.0287449657917022,-0.5579226016998291,0.86673504114151,-0.0835055708885192,0.0197606980800628,-0.6044510006904602,0.8624945878982544,0.1372753977775573,0.2557603418827057,0.9591208696365356,-0.1300948858261108,0.2521177232265472,0.9433645009994508,0.0514668868026743,0.0250303510379138,-0.0144225010057774,-0.0057799546395317,0.0,0.0,0.0,0,0,1,1.0
crossover_11_05_02_fps30.mp4,641,0.1453151851892471,-0.0855051195217391,0.021913324623573,0.0380062758922576,-0.020970344543457,0.9583225846290588,-0.0815230906009674,-0.0558641850948333,0.9315552115440368,-0.0355046093463897,0.0156066417694091,-0.5955740213394165,0.8756710886955261,-0.0870310366153717,-0.0031332969665527,-0.6996411085128784,0.8554192185401917,0.1365677416324615,0.2558494806289673,0.9600449204444884,-0.1308381557464599,0.2522480487823486,0.9449297189712524,0.0503966791209323,0.0250930603166612,-0.0227004160241383,-0.0049735607737201,0.0,0.0,0.0,0,0,1,1.0
crossover_11_05_02_fps30.mp4,642,0.1457316279411316,-0.0934467455088082,-0.0047811844000001,0.0358941555023193,-0.021534115076065,0.9603517055511476,-0.0840890109539032,-0.0649530589580535,0.9299416542053224,-0.0346895456314086,-0.0014563500881195,-0.6121336817741394,0.8831169009208679,-0.0881266891956329,-0.0147002637386322,-0.7052648067474365,0.8403517007827759,0.1339770555496215,0.2554894983768463,0.9607397317886353,-0.1332500576972961,0.251893550157547,0.9468234777450562,0.0588511942158707,0.0112557156192501,-0.0266945090235732,-0.0079416259870691,0.0,0.0,0.0,0,0,1,1.0
crossover_11_05_02_fps30.mp4,643,0.1461974680423736,-0.0942449329263073,-0.0051061178125986,0.0354918837547302,-0.0220825970172882,0.9619810581207277,-0.0844824612140655,-0.0693481862545013,0.9270000457763672,-0.034153401851654,-0.0051891505718231,-0.6159295439720154,0.8883391618728638,-0.08757084608078,-0.017689973115921,-0.7065805196762085,0.821546196937561,0.1331887245178222,0.2551425397396087,0.9606254696846008,-0.1340931951999664,0.2517464458942413,0.9480289220809937,0.060091588440772,0.0142441865164914,-0.0003249334125984,-0.000798187417499,0.0,0.0,0.0,0,0,1,1.0
crossover_11_05_02_fps30.mp4,644,0.1454353630542755,-0.097920075917648,-0.0331952231686289,0.0366797447204589,-0.0220706462860107,0.9639247059822084,-0.0850288867950439,-0.0762512683868408,0.926738440990448,-0.0331988930702209,-0.0121611952781677,-0.6477137804031372,0.8956964015960693,-0.0925237536430358,-0.0386736392974853,-0.7577868103981018,0.8137660622596741,0.133050799369812,0.2555633783340454,0.9630530476570128,-0.1342445611953735,0.2524632215499878,0.9511781930923462,0.0680533749234143,0.0076898203732199,-0.0280891053560303,-0.0036751429913407,0.0,0.0,0.0,0,0,1,1.0
crossover_11_05_02_fps30.mp4,645,0.1449449062347412,-0.1010275107319071,-0.0553587570423033,0.0377160906791687,-0.0215017795562744,0.9655175805091858,-0.0853358805179596,-0.0753069818019867,0.921680212020874,-0.0331597328186035,-0.0172005295753479,-0.6954873204231262,0.902722954750061,-0.0954466164112091,-0.0517928004264831,-0.7675151824951172,0.7937294244766235,0.1324474215507507,0.2561336755752563,0.9646074771881104,-0.1346695125102996,0.253405213356018,0.9537124633789062,0.0778593963649181,0.0066228715829851,-0.0221635338736743,-0.0031074348142591,0.0,0.0,0.0,0,0,1,1.0
crossover_11_05_02_fps30.mp4,646,0.1441960781812667,-0.1036592811851178,-0.0719869833167006,0.0407722890377044,-0.020847350358963,0.9665293097496032,-0.0813521742820739,-0.0817983448505401,0.9162405729293824,-0.0306303799152374,-0.020352154970169,-0.745371401309967,0.9085137248039246,-0.0973652601242065,-0.0691170990467071,-0.8405956029891968,0.7788673043251038,0.132528930902481,0.2565903961658478,0.9648541212081908,-0.1345408260822296,0.2544118463993072,0.954456090927124,0.0894392303134464,0.0069174371582509,-0.0166282262743973,-0.0026317704532106,0.0,0.0,0.0,0,0,1,1.0
crossover_11_05_02_fps30.mp4,647,0.1438972800970077,-0.1055743806442972,-0.0839519869990464,0.0428622663021087,-0.0204182863235473,0.9678551554679872,-0.0816771388053894,-0.0882561206817627,0.913962185382843,-0.0261376798152923,-0.0222924351692199,-0.7871747016906738,0.9131121635437012,-0.0955371558666229,-0.0817816257476806,-0.8910670280456543,0.7592957615852356,0.132405549287796,0.2563653588294983,0.9635940194129944,-0.1345919072628021,0.2545637488365173,0.9539837837219238,0.1005588870784272,0.0102691941845009,-0.0119650036823458,-0.0019150994591793,0.0,0.0,0.0,0,0,1,1.0
crossover_11_05_02_fps30.mp4,648,0.1440254896879196,-0.1055472082000668,-0.0840222969287779,0.043803721666336,-0.020403504371643,0.9690545797348022,-0.0820887982845306,-0.0915139615535736,0.9127490520477296,-0.0242091715335845,-0.0227504968643188,-0.7841737866401672,0.9172497391700744,-0.0957162380218505,-0.0887716114521026,-0.8815509080886841,0.7452473640441895,0.1323796808719635,0.2561002373695373,0.9636672735214232,-0.134598970413208,0.2547259330749511,0.9546310305595398,0.101833735529524,0.0109180567449725,-7.030992973144912e-05,2.7172444230394444e-05,0.0,0.0,0.0,0,0,1,1.0
crossover_11_05_02_fps30.mp4,649,0.1435972899198532,-0.1068177952604778,-0.0896629592267478,0.0460208058357238,-0.0198792815208435,0.9713227152824402,-0.0853877365589141,-0.1069453954696655,0.8709060549736023,-0.0210869908332824,-0.0214413404464721,-0.7354516386985779,0.924809753894806,-0.1033804714679718,-0.104585975408554,-0.26606285572052,0.7018659114837646,0.1329003572463989,0.2558648586273193,0.9654201865196228,-0.134103238582611,0.2548621296882629,0.956809103488922,0.1095625852959635,0.0153137718024325,-0.0056406622979698,-0.001270587060411,0.0,0.0,0.0,0,0,1,1.0
crossover_11_05_02_fps30.mp4,650,0.1430946439504623,-0.1079717486591662,-0.0888225008801716,0.0484665632247924,-0.0197263360023498,0.9735278487205504,-0.0820571184158325,-0.0981624126434326,0.8151819109916687,-0.0176084637641906,-0.0198336243629455,-0.6794021725654602,0.9317247867584229,-0.1008756160736084,-0.1003347039222717,-0.2084771990776062,0.6512446403503418,0.1331385374069214,0.2557574510574341,0.9672155380249025,-0.133888691663742,0.2552692890167236,0.9591249227523804,0.1136881187289137,0.0135235319556081,0.0008404583465762,-0.0011539533986884,0.0,0.0,0.0,0,0,1,1.0
crossover_11_05_02_fps30.mp4,651,0.1417933404445648,-0.1097395222065812,-0.0808206101743186,0.0504268407821655,-0.019341230392456,0.9727046489715576,-0.0809546709060669,-0.0945177972316742,0.7840157151222229,-0.015298843383789,-0.0174642205238342,-0.7605507373809814,0.9327600002288818,-0.0983538925647735,-0.0890946090221405,-0.51790851354599,0.5990603566169739,0.1332418322563171,0.2558642029762268,0.9590712785720824,-0.1338835060596466,0.255874752998352,0.9500333666801452,0.1137236735515248,0.0140745024520999,0.0080018907058529,-0.0017677735474149,0.0,0.0,0.0,0,0,1,1.0
crossover_11_05_02_fps30.mp4,652,0.1405284851789474,-0.1117263118089255,-0.0672834025650489,0.0515532791614532,-0.0195792019367218,0.9740073084831238,-0.0785313844680786,-0.0752771496772766,0.7947564125061035,-0.0127836167812347,-0.0157317817211151,-0.8148309588432312,0.9361737966537476,-0.0916865766048431,-0.0670966804027557,-0.925378441810608,0.59695965051651,0.1331407725811004,0.2552129924297333,0.9596925377845764,-0.1338673830032348,0.255536824464798,0.9521335959434508,0.1115671390283866,0.0200406050860654,0.0135372076092696,-0.0019867896023443,0.0,0.0,0.0,0,0,1,1.0
crossover_11_05_02_fps30.mp4,653,0.1405178755521774,-0.1116817776429451,-0.0678895711898803,0.052055150270462,-0.0200974941253662,0.9750495553016664,-0.0784162580966949,-0.0755659639835357,0.805525541305542,-0.012266606092453,-0.0150133371353149,-0.8128742575645447,0.9392653703689576,-0.0920710861682891,-0.0628401041030883,-0.9299267530441284,0.6021981239318848,0.1332018077373504,0.2545759081840515,0.9610683917999268,-0.1338013410568237,0.2549275159835815,0.9545611143112184,0.1126022755640709,0.020250341675506,-0.0006061686248314,4.453416598043658e-05,0.0,0.0,0.0,0,0,1,1.0
crossover_11_05_02_fps30.mp4,654,0.1390111446380615,-0.1132002888089519,-0.0451229698774291,0.0530169308185577,-0.0200767815113067,0.975476861000061,-0.079172670841217,-0.072533369064331,0.8161094784736633,-0.0106763541698455,-0.0100492537021636,-0.7862997055053711,0.940941572189331,-0.0914385020732879,-0.0493150055408477,-0.8988319635391235,0.6037576198577881,0.1337713897228241,0.2547769844532013,0.9618056416511536,-0.1331648826599121,0.2546656429767608,0.9553083181381226,0.1083573843364024,0.0221618709709242,0.0227666013124512,-0.0015185111660068,0.0,0.0,0.0,0,0,1,1.0
crossover_11_05_02_fps30.mp4,655,0.1379662901163101,-0.1153753742323083,-0.0147498452081913,0.0541272461414337,-0.0204944312572479,0.9742193222045898,-0.0773880183696746,-0.0473370850086212,0.8232927918434143,-0.0079529583454132,-0.0042308866977691,-0.6862406730651855,0.941545307636261,-0.0872410535812377,-0.0273782908916473,-0.7845545411109924,0.6277759671211243,0.1346240937709808,0.254522830247879,0.9627428650856018,-0.132420152425766,0.2542921602725982,0.9557846188545228,0.1079362030234575,0.0308385738787845,0.0303731246692378,-0.0021750854233563,0.0,0.0,0.0,0,0,1,1.0
crossover_11_05_02_fps30.mp4,656,0.1357305943965912,-0.1175930844525159,0.026371230439442,0.0550762116909027,-0.0216054320335388,0.9755429625511168,-0.0791091322898864,-0.0338717103004455,0.8348761200904846,-0.0060238540172576,0.0019629597663879,-0.6633118987083435,0.9457416534423828,-0.088849663734436,0.0088679194450378,-0.7393582463264465,0.6533421874046326,0.135501354932785,0.2535160183906555,0.9646047353744508,-0.1316257119178772,0.2531282305717468,0.9573025107383728,0.1142079544391056,0.0336533821531116,0.0411210756476333,-0.0022177102202076,0.0,0.0,0.0,0,0,1,1.0
crossover_11_05_02_fps30.mp4,657,0.1345134824514389,-0.1209632707854448,0.0801227787645851,0.0556863546371459,-0.0223155617713928,0.9756901860237122,-0.0805447101593017,-0.0277125239372253,0.847006618976593,-0.0045725107192993,0.0070672631263732,-0.5962306261062622,0.9479044675827026,-0.1003710031509399,0.0522155165672302,-0.5138249397277832,0.6828362345695496,0.1363881230354309,0.2529317736625671,0.964275598526001,-0.1310413777828216,0.2531198859214782,0.9556769132614136,0.1374187665275019,0.0346822255583893,0.0537515483251431,-0.0033701863329289,0.0,0.0,0.0,0,0,0,1.0
crossover_11_05_02_fps30.mp4,658,0.1346457749605178,-0.1204027737601328,0.0793787937338759,0.0561506748199462,-0.023044615983963,0.975703239440918,-0.0809203684329986,-0.0272142589092254,0.8579242825508118,-0.0037741065025329,0.0078047215938568,-0.6187525987625122,0.9494551420211792,-0.1022677421569824,0.0528246462345123,-0.5271845459938049,0.7091330885887146,0.1370549201965332,0.2522809207439422,0.9629340171813964,-0.1304920315742492,0.2529430687427521,0.9531230926513672,0.1368396646772733,0.0321559033563857,-0.0007439850307092,0.000560497025312,0.0,0.0,0.0,0,0,0,1.0
crossover_11_05_02_fps30.mp4,659,0.1343343257904052,-0.1293648912745006,0.1705839351909917,0.0569610893726348,-0.0230058431625366,0.9758634567260742,-0.0808718204498291,-0.021385908126831,0.8703380227088928,-0.0026746094226837,0.0116631984710693,-0.5867599844932556,0.9511650800704956,-0.1051183938980102,0.068804383277893,-0.5076589584350586,0.7366794943809509,0.1379458010196685,0.2526463866233825,0.9616250991821288,-0.1296681761741638,0.2547107934951782,0.950308084487915,0.203239336928892,0.104627767933084,0.0912051414571157,-0.0089621175143678,0.0,0.0,0.0,0,0,0,1.0
crossover_11_05_02_fps30.mp4,660,0.1342096477746963,-0.1308153948541415,0.2679152216853164,0.0568556785583496,-0.0229550302028656,0.9760462045669556,-0.0839503407478332,-0.0156702101230621,0.882447361946106,-0.0017005801200866,0.0156122148036956,-0.5664529800415039,0.952494204044342,-0.106250375509262,0.0894722044467926,-0.5152079463005066,0.762074887752533,0.1379461884498596,0.2527943551540375,0.957611918449402,-0.127657413482666,0.2468772232532501,0.9438647627830504,0.2834209637011992,0.1801259297730407,0.0973312864943247,-0.0014505035796408,0.0,0.0,0.0,1,0,0,1.0
crossover_11_05_02_fps30.mp4,661,0.1332700401544571,-0.1336690529928368,0.2589102473200821,0.0572169125080108,-0.0219112932682037,0.9745773077011108,-0.0848035514354705,-0.0143803656101226,0.891970694065094,-0.0013695061206817,0.0198693573474884,-0.5549308657646179,0.9506524205207824,-0.1087180972099304,0.0930536091327667,-0.520369291305542,0.7822599411010742,0.13847216963768,0.2539790570735931,0.949012279510498,-0.1249585449695587,0.2410696446895599,0.9301149249076844,0.2732100239403146,0.167722910257599,-0.0090049743652342,-0.0028536581386953,0.0,0.0,0.0,0,0,0,1.0
crossover_11_05_02_fps30.mp4,662,0.1320955455303192,-0.1351006437156159,0.1886648630223623,0.0580841302871704,-0.0210084021091461,0.973699986934662,-0.0846235156059265,-0.0173193514347076,0.900801718235016,-0.0002844333648681,0.024222582578659,-0.5616463422775269,0.9500893354415894,-0.1111037731170654,0.0765822231769561,-0.5115448832511902,0.8023359775543213,0.1394245028495788,0.2557491362094879,0.946469783782959,-0.1243474185466766,0.2448585331439972,0.9260948300361632,0.2126421269900737,0.1146227200568831,-0.0702453842977198,-0.001431590722779,0.0,0.0,0.0,0,0,0,1.0
crossover_11_05_02_fps30.mp4,663,0.1318579465150833,-0.1347683367082628,0.1894102688242749,0.0583987832069397,-0.0208253562450408,0.9723267555236816,-0.0846213400363922,-0.0179263651371002,0.9088004231452942,-8.058547973632812e-05,0.0257934629917144,-0.5578823089599609,0.9473215341567992,-0.1110171675682067,0.0753314197063446,-0.5074154138565063,0.8202136158943176,0.1397424340248108,0.2564012110233307,0.9453186988830566,-0.1244930624961853,0.2474401891231537,0.9244276285171508,0.2119227441353268,0.1165251125362728,0.0007454058019126,0.0003323070073531,0.0,0.0,0.0,0,0,0,1.0
crossover_11_05_02_fps30.mp4,664,0.1306559741497039,-0.1362256790621805,0.124362293830732,0.0586271584033966,-0.0199951231479644,0.9698790907859802,-0.0855020880699157,-0.018855482339859,0.9160061478614808,0.0004936158657073,0.0289367139339447,-0.5471743941307068,0.942267119884491,-0.1160503923892974,0.0666944086551666,-0.5030031800270081,0.8366950750350952,0.1400892436504364,0.2579513490200043,0.9453199505805968,-0.1249638497829437,0.2532542049884796,0.9246405959129332,0.1667279427816974,0.0610952303617492,-0.0650479749935428,-0.0014573423539177,0.0,0.0,0.0,0,0,0,1.0
crossover_11_05_02_fps30.mp4,665,0.129701629281044,-0.1392934296090724,0.0810325346341946,0.0586248636245727,-0.0175105929374694,0.964600145816803,-0.0866216421127319,-0.0227377414703369,0.9118214845657348,0.0016040802001953,0.0335811376571655,-0.558799147605896,0.9297466278076172,-0.1220358908176422,0.0496418476104736,-0.5333042740821838,0.8297016024589539,0.1407819986343383,0.2606580853462219,0.9439287185668944,-0.1245096325874328,0.2563269734382629,0.922707974910736,0.1486732771735536,0.0358217514501863,-0.0433297591965373,-0.0030677505468918,0.0,0.0,0.0,0,0,1,1.0
crossover_11_05_02_fps30.mp4,666,0.1292480528354644,-0.1429406323675381,0.0521026008012818,0.0572200417518615,-0.0164097249507904,0.9527539014816284,-0.0884702205657959,-0.0328043103218078,0.8552889227867126,0.001730740070343,0.0370799601078033,-0.5615832805633545,0.9021368026733398,-0.1283833682537078,0.0156632959842681,-0.5208845138549805,0.7539525628089905,0.1410046219825744,0.2620255053043365,0.9393324255943298,-0.1242579519748687,0.2587167918682098,0.9141343235969543,0.1454492548501555,0.0392394810621527,-0.0289299338329128,-0.0036472027584657,0.0,0.0,0.0,0,0,1,1.0
crossover_11_05_02_fps30.mp4,667,0.1297815293073654,-0.1486049944061344,0.0347937471982909,0.0548078715801239,-0.0157681405544281,0.9419174790382384,-0.0917986035346984,-0.0403415262699127,0.8138001561164856,-0.0002497732639312,0.0403691232204437,-0.5471376180648804,0.8848376274108887,-0.1372939646244049,-0.0007136762142181,-0.4796663820743561,0.6957799792289734,0.1412710845470428,0.2624962627887726,0.9347501397132874,-0.1240371167659759,0.2596580684185028,0.9079508781433104,0.1484599490028889,0.037265486876175,-0.0173088536029908,-0.0056643620385962,0.0,0.0,0.0,0,0,1,1.0
crossover_11_05_02_fps30.mp4,668,0.1299977898597717,-0.148517906665802,0.0349424226981837,0.0537112355232238,-0.0153463184833526,0.9322357773780824,-0.0931085348129272,-0.042243480682373,0.7726011276245117,-0.000956118106842,0.0413726866245269,-0.5352955460548401,0.8687533736228943,-0.1401771605014801,-0.0018573105335235,-0.4620945751667022,0.6394343376159668,0.1414194107055664,0.262754887342453,0.929709017276764,-0.1243378818035125,0.2604229748249054,0.9031912088394164,0.1477018271277699,0.0377331208953416,0.0001486754998927,8.70877403323922e-05,0.0,0.0,0.0,0,0,1,1.0
crossover_11_05_02_fps30.mp4,669,0.1317100524902343,-0.1531334648698063,0.0266090592233145,0.0512154102325439,-0.0138766467571258,0.9277183413505554,-0.096182644367218,-0.0455506145954132,0.741879940032959,-0.0054548382759094,0.0448500216007232,-0.5119329690933228,0.866486668586731,-0.1485096216201782,-0.0114772021770477,-0.4538217782974243,0.5993114113807678,0.1420263648033142,0.2621820867061615,0.9295141100883484,-0.1239219009876251,0.2598766982555389,0.9036027193069458,0.1488009054445357,0.038365912394388,-0.0083333634748691,-0.0046155582040043,0.0,0.0,0.0,0,0,1,1.0
crossover_11_05_02_fps30.mp4,670,0.1337823122739792,-0.1565685151492135,0.0229476467865269,0.0472392588853836,-0.0116340816020965,0.9273943305015564,-0.1009212285280227,-0.0553435981273651,0.7353711724281311,-0.00795678794384,0.0485968291759491,-0.5111479163169861,0.8712339997291565,-0.1507004350423813,-0.0188967883586883,-0.4565609097480774,0.5945011377334595,0.1426260620355606,0.2619501650333404,0.9315726161003112,-0.1235852092504501,0.2597165405750274,0.9053966999053956,0.150808905639588,0.0422538887768017,-0.0036614124367876,-0.0034350502794071,0.0,0.0,0.0,0,0,1,1.0
crossover_11_05_02_fps30.mp4,671,0.1340287625789642,-0.1581480672298851,0.0228226152861991,0.0440305322408676,-0.0083972215652465,0.9296504855155944,-0.1031457632780075,-0.0599061548709869,0.7388843297958374,-0.0103579312562942,0.0528138279914855,-0.5213026404380798,0.879156768321991,-0.1506484299898147,-0.0211498737335205,-0.4636299312114715,0.60914146900177,0.1430966109037399,0.2621994614601135,0.9342588782310486,-0.1231848150491714,0.2601702809333801,0.908349633216858,0.1508025103591655,0.0446074472405899,-0.0001250315003278,-0.0015795520806716,0.0,0.0,0.0,0,0,1,1.0
crossover_11_05_02_fps30.mp4,672,0.1340323239564895,-0.1555829037549131,0.0260194403369252,0.0398689955472946,-0.0064906477928161,0.9295893311500548,-0.1037310510873794,-0.0599907934665679,0.7155444622039795,-0.0110882669687271,0.0575259923934936,-0.511504054069519,0.88137286901474,-0.1505871564149856,-0.0175060033798217,-0.4634304642677307,0.5729954838752747,0.1430352181196212,0.2621853947639465,0.9376485347747804,-0.1234342008829116,0.2602144479751587,0.91230970621109,0.1478896983649134,0.0438112056696013,0.0031968250507261,0.0025651634749719,0.0,0.0,0.0,0,0,1,1.0
crossover_11_05_02_fps30.mp4,673,0.1341406852006912,-0.1554723087003675,0.0257915120299269,0.0388977527618408,-0.0059559643268585,0.9291471838951112,-0.1037750542163848,-0.0601465106010437,0.6940816640853882,-0.0112259984016418,0.0584867894649505,-0.510493278503418,0.8831555843353271,-0.1511674523353576,-0.0178010761737823,-0.4473714530467987,0.540414571762085,0.142902672290802,0.261890560388565,0.9392957091331482,-0.1236602663993835,0.2601113021373749,0.9143394827842712,0.1479053048451928,0.0438046291460336,-0.0002279283069983,0.0001105950545456,0.0,0.0,0.0,0,0,1,1.0
crossover_11_05_02_fps30.mp4,674,0.1348526775836944,-0.1474383297613111,0.0310920593215198,0.0375994443893432,-0.0065774917602539,0.9286558628082277,-0.10223188996315,-0.059015542268753,0.6640245914459229,-0.01010662317276,0.0635870695114135,-0.5029578804969788,0.8842218518257141,-0.1471714973449707,-0.0134318470954895,-0.4467214941978454,0.5064528584480286,0.1426950693130493,0.2608593106269836,0.9414710402488708,-0.1238556504249572,0.2596480846405029,0.9165473580360411,0.141123787228678,0.0445247059750989,0.0053005472915929,0.0080339789390563,0.0,0.0,0.0,0,0,1,1.0
crossover_11_05_02_fps30.mp4,675,0.137128010392189,-0.1339967314469612,0.0417556261144033,0.0382377803325653,-0.0088449418544769,0.9279224276542664,-0.0993783175945282,-0.0576609969139099,0.635330080986023,-0.0048951208591461,0.0663482248783111,-0.4945162534713745,0.8850269317626953,-0.1403168737888336,-0.0108804404735565,-0.4114277958869934,0.4796182513236999,0.142436534166336,0.2582575380802154,0.9424899816513062,-0.1237675845623016,0.2573436796665191,0.9173687696456908,0.1314230640729792,0.0530141462731757,0.0106635667928834,0.0134415983143499,0.0,0.0,0.0,0,0,1,1.0
crossover_11_05_02_fps30.mp4,676,0.1383667439222335,-0.1173686833199808,0.0614617353532372,0.0390338748693466,-0.0103380680084228,0.932506501674652,-0.0890926867723465,-0.049816757440567,0.6387966275215149,-0.0011253505945205,0.072317361831665,-0.5148087739944458,0.8930848240852356,-0.1214063614606857,0.0071695446968078,-0.5370413064956665,0.479766309261322,0.1418497413396835,0.2561925649642944,0.9454389214515686,-0.1241687387228012,0.2552701830863952,0.9200569987297058,0.1167491200367745,0.0544421234986477,0.0197061092388339,0.0166280481269804,0.0,0.0,0.0,0,0,1,1.0
crossover_11_05_02_fps30.mp4,677,0.1440043449401855,-0.0958423285161034,0.0870777288588081,0.0396862626075744,-0.0181575715541839,0.9312578439712524,-0.078439861536026,-0.0373301208019256,0.6517441868782043,0.0060760974884033,0.0700820982456207,-0.4913157820701599,0.8891922235488892,-0.1018823981285095,0.0443123877048492,-0.4657736122608185,0.4864346385002136,0.1410292983055114,0.2477463781833648,0.9458492398262024,-0.1250499486923217,0.2470931708812713,0.917983055114746,0.1033257809995939,0.0431897770883018,0.0256159935055708,0.0215263548038773,0.0,0.0,0.0,0,0,1,1.0
crossover_11_05_02_fps30.mp4,678,0.1455101668834686,-0.0959187081304647,0.084382017065839,0.0400980114936828,-0.0208077430725097,0.9297378063201904,-0.0755676329135894,-0.0360956788063049,0.664119303226471,0.0080338716506958,0.0693703293800354,-0.4834864139556885,0.8827679753303528,-0.0974380373954773,0.0527099967002868,-0.4556584656238556,0.4829904735088348,0.1411920189857483,0.2457222938537597,0.9462748765945436,-0.1256636083126068,0.2449076175689697,0.9171488881111144,0.1050308983601237,0.0317084410757053,-0.0026957117929691,-7.637961436124385e-05,0.0,0.0,0.0,0,0,1,1.0
crossover_11_05_02_fps30.mp4,679,0.1428268849849701,-0.0676611549773458,0.1340614692467014,0.0408901870250701,-0.019027441740036,0.9331001043319702,-0.0683935284614563,-0.0332240760326385,0.6942877173423767,0.0143186748027801,0.0752467215061187,-0.4771860837936401,0.8868485689163208,-0.0682213902473449,0.0671407878398895,-0.459814190864563,0.5204921960830688,0.1393848359584808,0.2472902238368988,0.9489355087280272,-0.1279026567935943,0.2469266951084137,0.9223036170005798,0.1008953271592238,0.0669230264072821,0.0496794521808624,0.0282575531531188,0.0,0.0,0.0,0,0,0,1.0
crossover_11_05_02_fps30.mp4,680,0.1419561356306076,-0.021124543982037,0.1989641404733425,0.0453722476959228,-0.0183848142623901,0.93869549036026,-0.0644856691360473,-0.0310563445091247,0.7246953845024109,0.0295121669769287,0.0826393365859985,-0.4440667033195495,0.8967902064323425,-0.0524744391441345,0.0723769068717956,-0.4704651832580566,0.5682291388511658,0.1378743648529052,0.2484036087989807,0.9529387950897216,-0.1297760307788849,0.2476395964622497,0.9292178750038148,0.1268681855161919,0.130411439826294,0.064902671226641,0.0465366109953088,0.0,0.0,0.0,0,0,0,1.0
crossover_11_05_02_fps30.mp4,681,0.1383269280195236,0.0230274075168673,0.2813232961224347,0.0533114671707153,-0.0170800387859344,0.9441152215003968,-0.0556438565254211,-0.0214352309703826,0.7521061897277832,0.0450826287269592,0.0984041988849639,-0.4485141038894653,0.9062068462371826,-0.0350540578365325,0.0886071026325225,-0.5073505640029907,0.6112496852874756,0.1378551721572876,0.2503838837146759,0.9569401144981384,-0.1299493908882141,0.2481832206249237,0.9356920719146729,0.1842439386161654,0.2012783839632051,0.0823591556490921,0.0441519514989043,0.0,0.0,0.0,1,1,0,1.0
crossover_11_05_02_fps30.mp4,682,0.1385723203420639,0.0540727512311127,0.2379033427412916,0.0644358396530151,-0.0197335183620452,0.9494506120681764,-0.04897141456604,-0.0201115310192108,0.7768510580062866,0.0693042874336242,0.0878512561321258,-0.4514443576335907,0.915237843990326,-0.0201108455657959,0.0855332314968109,-0.5121048092842102,0.6500747203826904,0.137026846408844,0.2500165402889251,0.960001528263092,-0.1305039525032043,0.248424619436264,0.9414138197898864,0.150823169277313,0.1694693389211799,-0.043419953381143,0.0310453437142453,0.0,0.0,0.0,0,0,0,1.0
crossover_11_05_02_fps30.mp4,683,0.1373067945241928,0.0537285596637402,0.2388001674559058,0.0659428834915161,-0.0214304327964782,0.9542620182037354,-0.048530101776123,-0.0193036794662475,0.7991243004798889,0.0694937705993652,0.0841515064239502,-0.4417424499988556,0.9233388900756836,-0.0189818143844604,0.0865245461463928,-0.5053313374519348,0.6850195527076721,0.1368113160133361,0.2508485913276672,0.9625840187072754,-0.1308486461639404,0.2494794130325317,0.946579098701477,0.155450153537465,0.1687443727637383,0.0008968247146141,-0.0003441915673725,0.0,0.0,0.0,0,0,0,1.0
crossover_11_05_02_fps30.mp4,684,0.1377770453691482,0.0807151917683876,0.1834010287028987,0.0735960602760315,-0.0225564241409301,0.9579486846923828,-0.0450769662857055,-0.0168384909629821,0.8191125988960266,0.0858521461486816,0.0840606689453125,-0.4561553299427032,0.9285706281661988,-0.0087786316871643,0.0840107202529907,-0.5160719752311707,0.7164026498794556,0.1350604891777038,0.2509090900421142,0.9641501903533936,-0.1335889101028442,0.2496871352195739,0.9511247277259828,0.0994730887078102,0.1337444497931086,-0.055399138753007,0.0269866321046473,0.0,0.0,0.0,0,0,0,1.0
crossover_11_05_02_fps30.mp4,685,0.1383325904607772,0.1037481752492613,0.1398826485726891,0.083968698978424,-0.0283008217811584,0.9617030024528505,-0.0452979803085327,-0.0182905793190002,0.8371330499649048,0.1080285310745239,0.073783278465271,-0.4596130847930908,0.934972643852234,-0.0062964558601379,0.0765749216079711,-0.5197746157646179,0.7446948289871216,0.1334251761436462,0.2508566379547119,0.9638888239860536,-0.1357268095016479,0.249816358089447,0.954829216003418,0.0662378152914806,0.1269554612036956,-0.0435183801302095,0.0230329834808737,0.0,0.0,0.0,0,0,1,1.0
crossover_11_05_02_fps30.mp4,686,0.1388057917356491,0.1234911863076484,0.1061400627217641,0.0929436981678009,-0.0367117822170257,0.9649789929389954,-0.0431020557880401,-0.0170541107654571,0.8533491492271423,0.1304354965686798,0.0529330074787139,-0.4889915287494659,0.9403432607650756,-6.470084190368652e-05,0.0746645629405975,-0.5723975896835327,0.7701480388641357,0.1336012184619903,0.2514381110668182,0.9652069211006165,-0.1355529427528381,0.250264972448349,0.9582208395004272,0.0536583094463332,0.1275020169871327,-0.033742585850925,0.019743011058387,0.0,0.0,0.0,0,0,1,1.0
crossover_11_05_02_fps30.mp4,687,0.1400036215782165,0.1373921021566553,0.0770611861856972,0.0999494493007659,-0.0489310920238494,0.9673292636871338,-0.0431715250015258,-0.0155103802680969,0.8679154515266418,0.1441276371479034,0.0338519215583801,-0.4845078885555267,0.9421249628067015,0.0023685991764068,0.0735751986503601,-0.5512405633926392,0.7930123805999756,0.1338309943675995,0.2519013881683349,0.9646978974342346,-0.135468989610672,0.2506892085075378,0.9601157903671264,0.0437310871263434,0.1350684954612055,-0.0290788765360668,0.0139009158490068,0.0,0.0,0.0,0,0,1,1.0
crossover_11_05_02_fps30.mp4,688,0.1383182257413864,0.1376335108684281,0.0793143042703954,0.1012639105319976,-0.048370212316513,0.9700550436973572,-0.043073832988739,-0.0138037800788879,0.881053626537323,0.1452692449092865,0.0334933996200561,-0.4703475832939148,0.9462980031967164,0.0027695596218109,0.0747020840644836,-0.5373292565345764,0.8136391639709473,0.1340839564800262,0.2542551159858703,0.9662845730781556,-0.1353881061077118,0.2529449462890625,0.9631240367889404,0.0464527688875292,0.1349427949950562,0.0022531180846981,0.0002414087117728,0.0,0.0,0.0,0,0,1,1.0
crossover_11_05_02_fps30.mp4,689,0.1403845250606537,0.1485159548662477,0.0528232498866755,0.1065002679824829,-0.0586342811584472,0.9723929762840272,-0.044803500175476,-0.0144783854484558,0.892829179763794,0.1528190970420837,0.0115762948989868,-0.4540289938449859,0.9505229592323304,-0.0012246370315551,0.0746155381202697,-0.5439073443412781,0.8321591019630432,0.1340194344520568,0.2556742429733276,0.967770218849182,-0.1354103982448578,0.2533988356590271,0.9657689929008484,0.041470812969387,0.151318038212106,-0.0264910543837199,0.0108824439978195,0.0,0.0,0.0,0,0,1,1.0
crossover_11_05_02_fps30.mp4,690,0.1432181000709533,0.1549843464867543,0.0330080379800098,0.111318290233612,-0.061252623796463,0.9738587141036988,-0.0466369092464447,-0.0147984325885772,0.903382122516632,0.1596227288246154,0.0053988397121429,-0.4633152186870575,0.951180934906006,-0.0059785842895507,0.0753042995929718,-0.5356161594390869,0.8487405776977539,0.1336382031440735,0.2568367421627044,0.9665812253952026,-0.1354501843452453,0.2547571957111358,0.9663461446762084,0.0279961143680076,0.1664272779039833,-0.0198152119066656,0.0064683916205066,0.0,0.0,0.0,0,0,1,1.0
crossover_11_05_02_fps30.mp4,691,0.1448588073253631,0.1606337639234833,0.0136605086849956,0.1114599406719207,-0.0626533329486846,0.9736539125442504,-0.0485190749168396,-0.0155924260616302,0.9128559231758118,0.1597809493541717,-0.0052954256534576,-0.4749073684215545,0.9479472041130066,-0.010539025068283,0.0755728185176849,-0.5317891836166382,0.8636006712913513,0.1329310238361358,0.2577574551105499,0.9667544960975648,-0.1355803608894348,0.255493015050888,0.967656135559082,0.0189751084142722,0.1820254317397399,-0.0193475292950141,0.005649417436729,0.0,0.0,0.0,0,0,1,1.0
crossover_11_05_02_fps30.mp4,692,0.1476107239723205,0.1630423828706902,-0.0038660177370396,0.1121230125427246,-0.0605374574661254,0.9719725251197816,-0.050617903470993,-0.0173584818840026,0.9213319420814514,0.1577897667884826,-0.0120008587837219,-0.4935296475887298,0.9415708184242249,-0.014872670173645,0.0746974349021911,-0.5337985754013062,0.8769232630729675,0.1313793659210205,0.2571041584014892,0.9671370387077332,-0.1367604732513427,0.2547183036804199,0.96942138671875,0.0096832646644534,0.1944890284575593,-0.0175265264220353,0.0024086189472068,0.0,0.0,0.0,0,0,1,1.0
crossover_11_05_02_fps30.mp4,693,0.1483925879001617,0.1625195198139901,-0.0043862114592296,0.1105139851570129,-0.0609625577926635,0.9676871299743652,-0.0513853728771209,-0.0181831419467926,0.9288999438285828,0.153298020362854,-0.013729304075241,-0.5167974233627319,0.92417573928833,-0.016684353351593,0.0741021931171417,-0.5317833423614502,0.8887922167778015,0.1308863162994384,0.2565796673297882,0.9669367074966432,-0.1370881497859954,0.2539564669132232,0.970742166042328,0.0131274305086209,0.1956385897784243,-0.00052019372219,-0.0005228630567001,0.0,0.0,0.0,0,0,1,1.0
crossover_11_05_02_fps30.mp4,694,0.1508177369832992,0.1644752619630199,-0.018575230022756,0.108363389968872,-0.0615882277488708,0.9623521566390992,-0.0526357889175415,-0.0206876695156097,0.9357315897941588,0.1534897089004516,-0.0161149799823761,-0.5035405158996582,0.9031197428703308,-0.0189382433891296,0.0737409889698028,-0.5276211500167847,0.8994925618171692,0.1302085518836975,0.2554696500301361,0.9669740200042723,-0.1377178132534027,0.2528885900974273,0.9721118211746216,0.0112576732210387,0.2053358181970333,-0.0141890185635263,0.0019557421490298,0.0,0.0,0.0,0,0,1,1.0
crossover_11_05_02_fps30.mp4,695,0.1526336073875427,0.1673120442083326,-0.0269684691254685,0.1074330806732177,-0.0601614415645599,0.958936095237732,-0.0538046658039093,-0.0226835310459136,0.9419428706169128,0.1545438766479492,-0.0164155066013336,-0.4536572396755218,0.8871123790740967,-0.0242475867271423,0.0743671357631683,-0.4993762075901031,0.9092494249343872,0.129876971244812,0.2549032866954803,0.9679415822029114,-0.1380943655967712,0.2523272335529327,0.9738719463348388,0.0165647553826135,0.2167117833028036,-0.0083932391027125,0.0028367822453126,0.0,0.0,0.0,0,0,1,1.0
crossover_11_05_02_fps30.mp4,696,0.1544428169727325,0.1688292558920585,-0.0326734419276074,0.1056083142757415,-0.0598836839199066,0.958656907081604,-0.0548955202102661,-0.0269809663295745,0.947587251663208,0.1556111276149749,-0.0159144699573516,-0.4141615927219391,0.8843465447425842,-0.0299210846424102,0.0739925801753997,-0.4823118150234222,0.9180862307548524,0.1297260224819183,0.25433149933815,0.9693783521652222,-0.1382898986339569,0.2517665326595306,0.9758021235466005,0.0213443682654056,0.2255644877498374,-0.0057049728021388,0.0015172116837258,0.0,0.0,0.0,0,0,1,1.0
crossover_11_05_02_fps30.mp4,697,0.1560976207256317,0.1700560531373751,-0.0355285952730876,0.1044099926948547,-0.0599779486656188,0.9599620699882508,-0.0559752285480499,-0.02969491481781,0.9527079463005066,0.1545712351799011,-0.0133054256439208,-0.3928227424621582,0.8892862200737,-0.0349373817443847,0.0738133788108825,-0.4720733761787414,0.9261240363121032,0.1298173069953918,0.2542643547058105,0.9709978699684144,-0.1383111774921417,0.2516795396804809,0.9777061939239502,0.0270859531038291,0.2323316070645618,-0.0028551533454801,0.0012267972453166,0.0,0.0,0.0,0,0,1,1.0
crossover_11_05_02_fps30.mp4,698,0.1563871353864669,0.1701423898591834,-0.0357048999972459,0.1037398874759674,-0.0602726638317108,0.9607178568840028,-0.0566244721412658,-0.0307750105857849,0.9573156833648682,0.1536993086338043,-0.0121763944625854,-0.3868098855018616,0.8912986516952515,-0.036332756280899,0.0735910534858703,-0.4748537242412567,0.9333654642105104,0.1299083530902862,0.2548345923423767,0.9725325107574464,-0.1384665668010711,0.2516510486602783,0.979437291622162,0.0287047991262604,0.2336184740583499,-0.0001763047241583,8.633672180824448e-05,0.0,0.0,0.0,0,0,1,1.0
crossover_11_05_02_fps30.mp4,699,0.157455638051033,0.1705039553723093,-0.0397825322500089,0.1031661629676818,-0.0603124499320983,0.96177738904953,-0.0571739971637725,-0.0329441428184509,0.9614633917808532,0.1522865891456604,-0.0109685659408569,-0.3956422507762909,0.8948112726211548,-0.0394232273101806,0.0727189779281616,-0.4724761545658111,0.93988299369812,0.1298735737800598,0.2548792362213135,0.9738344550132751,-0.1385518908500671,0.2515960931777954,0.9809360504150392,0.0340898384669214,0.2381722314237672,-0.0040776322527629,0.0003615655131259,0.0,0.0,0.0,0,0,1,1.0
crossover_11_05_02_fps30.mp4,700,0.1583186686038971,0.1702013815863657,-0.0414372755260002,0.1012718677520752,-0.0601527988910675,0.9631191492080688,-0.0576478242874145,-0.0353958308696746,0.965235471725464,0.1514760255813598,-0.0100487470626831,-0.3792356848716736,0.900173544883728,-0.0419323146343231,0.0712326169013977,-0.4691513776779175,0.9458014369010924,0.1298622488975525,0.2549842596054077,0.9751283526420592,-0.1386207938194275,0.25165456533432,0.9823492765426636,0.0365496740971336,0.2401982717087134,-0.0016547432759912,-0.0003025737859435,0.0,0.0,0.0,0,0,1,1.0
crossover_11_05_02_fps30.mp4,701,0.1593436896800995,0.1694533709752357,-0.0422710635313173,0.099110722541809,-0.059252381324768,0.9635639190673828,-0.0582742393016815,-0.0366420149803161,0.968634068965912,0.1506673097610473,-0.009381741285324,-0.3836758434772491,0.9032345414161682,-0.0442716181278228,0.069085031747818,-0.4698894917964935,0.9511163234710692,0.1299173831939697,0.2550130784511566,0.9763715267181396,-0.1386042237281799,0.2515107095241546,0.9836605191230774,0.0378764255671522,0.2409949188736525,-0.0008337880053171,-0.00074801061113,0.0,0.0,0.0,0,0,1,1.0
crossover_11_05_02_fps30.mp4,702,0.1597616672515869,0.1683914888713319,-0.0423465192317962,0.0977625548839569,-0.0581169724464416,0.9636930823326112,-0.0586800277233123,-0.037321388721466,0.971681535243988,0.1501483023166656,-0.0088556706905364,-0.384852260351181,0.9054092764854432,-0.0453043282032012,0.0676144659519195,-0.4680989980697632,0.9558810591697692,0.1300013363361358,0.2551392614841461,0.977448344230652,-0.138556957244873,0.2515259087085724,0.9848213791847228,0.0381372625090207,0.2403275275488135,-7.545570047889916e-05,-0.0010618821039037,0.0,0.0,0.0,0,0,1,1.0
crossover_11_05_02_fps30.mp4,703,0.1599717736244201,0.1684585054041976,-0.0423353852295294,0.0970294475555419,-0.0573929846286773,0.9639686942100524,-0.0589234828948974,-0.0376494526863098,0.9744247794151306,0.1498259902000427,-0.0084761381149292,-0.3827394247055053,0.9078744053840636,-0.0455483794212341,0.0668227672576904,-0.467717170715332,0.9601707458496094,0.1300715804100036,0.2552529573440552,0.9784852266311646,-0.1385165452957153,0.2515499591827392,0.9858914017677308,0.0386473703892079,0.2402383171084678,1.1134002266877108e-05,6.701653286567133e-05,0.0,0.0,0.0,0,0,1,1.0
crossover_11_05_02_fps30.mp4,704,0.1604688912630081,0.1670190498990528,-0.0411553102295573,0.0965314805507659,-0.0568844676017761,0.9643489122390748,-0.0592181980609893,-0.0385181307792663,0.97689688205719,0.1496499478816986,-0.0085074007511138,-0.3907950222492218,0.910362184047699,-0.0464646518230438,0.0655731856822967,-0.4682205319404602,0.96401846408844,0.1301340162754058,0.2552131116390228,0.9793593287467957,-0.1384905278682708,0.2513960897922516,0.9868206977844238,0.0369806935873557,0.2386760623535082,0.001180074999972,-0.0014394555051447,0.0,0.0,0.0,0,0,1,1.0
crossover_11_05_02_fps30.mp4,705,0.1609031856060028,0.1662917687731274,-0.0420726813921114,0.0957789123058319,-0.0565699934959411,0.9636585116386414,-0.0595330297946929,-0.0391132235527038,0.9791169762611388,0.1484821140766143,-0.0069560408592224,-0.3875016868114471,0.9096871018409728,-0.0472407639026641,0.0647923350334167,-0.462166279554367,0.9674776792526244,0.1302639544010162,0.2552483081817627,0.9802178740501404,-0.1383987367153167,0.2513219714164734,0.9876611828804016,0.0393746395885114,0.2387808079527465,-0.0009173711625541,-0.0007272811259253,0.0,0.0,0.0,0,0,1,1.0
crossover_11_05_02_fps30.mp4,706,0.1612088680267334,0.1651009820275387,-0.0418710662097465,0.0952988266944885,-0.0560282766819,0.9625407457351683,-0.0597916841506958,-0.0394898355007171,0.98110032081604,0.1472587585449218,-0.0051187276840209,-0.3914386928081512,0.9076614379882812,-0.0479938089847564,0.0641827583312988,-0.4617444574832916,0.9705554246902466,0.130301833152771,0.2552211880683899,0.9809429049491882,-0.1384109556674957,0.2512677907943725,0.988402247428894,0.0408543672807837,0.2380268969178832,0.0002016151823648,-0.0011907867455887,0.0,0.0,0.0,0,0,1,1.0
crossover_11_05_02_fps30.mp4,707,0.1613259017467498,0.1641864685688988,-0.0405872224307641,0.0948392152786254,-0.0556112229824066,0.9607399702072144,-0.0598910152912139,-0.0396327972412109,0.982882022857666,0.1463890671730041,-0.0035552084445953,-0.3990226686000824,0.9033263921737672,-0.0483856797218322,0.0639013350009918,-0.4648045003414154,0.9733278155326844,0.1304260492324829,0.2552249729633331,0.9814733862876892,-0.1383491456508636,0.2512604296207428,0.9890146255493164,0.0410867077814516,0.2368644693978097,0.0012838437789823,-0.0009145134586399,0.0,0.0,0.0,0,0,1,1.0
crossover_11_05_02_fps30.mp4,708,0.1613994091749191,0.1642859573081388,-0.0405939574648694,0.0945968925952911,-0.0553122162818908,0.9589027762413024,-0.059935063123703,-0.0397560894489288,0.9844864010810852,0.1458649337291717,-0.0026607811450958,-0.4029096066951751,0.8988425731658936,-0.0484777390956878,0.0637147128582,-0.4650215208530426,0.9758270382881165,0.1305296123027801,0.2552188336849212,0.9819462895393372,-0.1383162438869476,0.2512634098529815,0.9895610809326172,0.0421694199083162,0.2369571463619246,-6.735034105254112e-06,9.948873924003898e-05,0.0,0.0,0.0,0,0,1,1.0
crossover_11_05_02_fps30.mp4,709,0.1614096611738205,0.1636675814450797,-0.0396683674033095,0.0946657061576843,-0.0548873841762542,0.956922173500061,-0.059814453125,-0.039760023355484,0.9859277606010436,0.1455686688423156,-0.0016365349292755,-0.4065867364406585,0.8931187987327576,-0.0483523607254028,0.0637087523937225,-0.4681824147701263,0.978070855140686,0.130741000175476,0.2552189528942108,0.9823826551437378,-0.1382225453853607,0.2512742578983307,0.990037739276886,0.0421187715720138,0.2358798100209187,0.0009255900615599,-0.0006183758630591,0.0,0.0,0.0,0,0,1,1.0
crossover_11_05_02_fps30.mp4,710,0.1614005118608474,0.1636406568147368,-0.038245446798278,0.0948652327060699,-0.0542921721935272,0.9547717571258544,-0.0596211850643157,-0.0397920608520507,0.987218976020813,0.1456899940967559,-0.0011618137359619,-0.4100373089313507,0.8863927125930786,-0.048145592212677,0.0636903643608093,-0.468879371881485,0.9800716042518616,0.130989521741867,0.2551940083503723,0.9827404618263244,-0.1381130218505859,0.2512635588645935,0.990441083908081,0.0411997831683033,0.2350411131563218,0.0014229206050314,-2.6924630342928246e-05,0.0,0.0,0.0,0,0,1,1.0
crossover_11_05_02_fps30.mp4,711,0.1613817662000656,0.1635618515944077,-0.0372434201763897,0.0949495136737823,-0.0539989173412323,0.9532858729362488,-0.0595797300338745,-0.0401602685451507,0.9883810877799988,0.1456659734249115,-0.0014525353908538,-0.409830242395401,0.8822740316390991,-0.0481922328472137,0.0632746517658233,-0.4683636724948883,0.9818679094314576,0.1310808956623077,0.2548417150974273,0.983012557029724,-0.1381696462631225,0.2509306371212005,0.9908045530319214,0.0400156205648363,0.2344006720653532,0.0010020266218883,-7.880522032910342e-05,0.0,0.0,0.0,0,0,1,1.0
crossover_11_05_02_fps30.mp4,712,0.1613301783800125,0.1636750439466056,-0.0356750348719154,0.0949888229370117,-0.0537251830101013,0.9520248174667358,-0.0595048666000366,-0.040328174829483,0.9894208312034608,0.1455364227294922,-0.0016302466392517,-0.4116691648960113,0.8794004917144775,-0.0481102764606475,0.0630428791046142,-0.467905580997467,0.9834709763526917,0.1311671733856201,0.2546181678771972,0.9832085967063904,-0.1382124722003936,0.2507334947586059,0.9911426305770874,0.0385753442689088,0.2336626809738354,0.0015683853044742,0.0001131923521978,0.0,0.0,0.0,0,0,1,1.0
crossover_11_05_02_fps30.mp4,713,0.1613640785217285,0.163720564923044,-0.035862960902656,0.0949952602386474,-0.0536219179630279,0.9510197639465332,-0.0594744980335235,-0.040489912033081,0.9903626441955566,0.1454645991325378,-0.0018225610256195,-0.4095413982868194,0.877042829990387,-0.0481114089488983,0.062824934720993,-0.4644554555416107,0.984929859638214,0.1312061548233032,0.254412442445755,0.9834496974945068,-0.138274073600769,0.250540167093277,0.991483986377716,0.0386267926539685,0.2336922889123804,-0.0001879260307405,4.55209764383957e-05,0.0,0.0,0.0,0,0,1,1.0
crossover_11_05_02_fps30.mp4,714,0.1612457484006881,0.1635156017238811,-0.0349054166456548,0.0947344899177551,-0.053466796875,0.949457049369812,-0.059415578842163,-0.0401002764701843,0.9912093877792358,0.1450909376144409,-0.0013860166072845,-0.4091776907444,0.8707669973373413,-0.047924518585205,0.0632640421390533,-0.4649441540241241,0.9862546920776368,0.1312633156776428,0.2544120252132416,0.9836618304252625,-0.1382947564125061,0.2505750954151153,0.9917789101600648,0.0382494238711904,0.2331183543061407,0.0009575442570011,-0.0002049631991628,0.0,0.0,0.0,0,0,1,1.0
crossover_11_05_02_fps30.mp4,715,0.160999447107315,0.1634749828758886,-0.032938802242279,0.0946665406227111,-0.0531210899353027,0.947109878063202,-0.0592972338199615,-0.0397117733955383,0.991954267024994,0.1442183256149292,-0.000373363494873,-0.4166121184825897,0.8604890704154968,-0.047786146402359,0.0639910101890564,-0.4654712080955505,0.9874100685119628,0.1313731670379638,0.2544043660163879,0.9835110306739808,-0.1382582485675811,0.2506190538406372,0.9919372797012328,0.0378328778931383,0.2324363424292646,0.0019666144033757,-4.061884799244631e-05,0.0,0.0,0.0,0,0,1,1.0
crossover_11_05_02_fps30.mp4,716,0.1606437712907791,0.1637979160931151,-0.0314763112765986,0.0946971476078033,-0.0525704026222229,0.9456725120544434,-0.0590398907661438,-0.0389549732208251,0.9926336407661438,0.1433199346065521,0.0026524066925048,-0.4161520004272461,0.8542811870574951,-0.0470829904079437,0.0654007792472839,-0.4667977690696716,0.9884882569313048,0.1315766274929046,0.2545676231384277,0.983611822128296,-0.138124406337738,0.2508324980735779,0.9921866655349731,0.0398009687819106,0.2320687988400872,0.0014624909656804,0.0003229332172264,0.0,0.0,0.0,0,0,1,1.0
crossover_11_05_02_fps30.mp4,717,0.1603568494319915,0.164286131676981,-0.0289967148769192,0.0946338474750518,-0.0518751740455627,0.9436110258102416,-0.058747798204422,-0.0385413765907287,0.993237316608429,0.1423505246639251,0.0053083002567291,-0.4193801283836365,0.8434873819351196,-0.0463660061359405,0.0657879412174224,-0.4683039784431457,0.989449977874756,0.1318408548831939,0.2547473609447479,0.9833832383155824,-0.1379213631153106,0.2510556876659393,0.9922994375228882,0.0407186065374426,0.2309944895361721,0.0024795963996794,0.0004882155838659,0.0,0.0,0.0,0,0,1,1.0
crossover_11_05_02_fps30.mp4,718,0.1601113379001617,0.1644933643987622,-0.0288334174853999,0.0946487188339233,-0.051367312669754,0.9418489336967468,-0.0585183799266815,-0.0382317602634429,0.9937822222709656,0.141916811466217,0.0065826177597045,-0.4198663532733917,0.8347272872924805,-0.0458601117134094,0.0660755038261413,-0.4693700671195984,0.990321159362793,0.1320501565933227,0.2549023628234863,0.9831979870796204,-0.1377642750740051,0.251254677772522,0.992400884628296,0.0419999558904351,0.2307732399066112,0.0001632973915193,0.0002072327217812,0.0,0.0,0.0,0,0,1,1.0
crossover_11_05_02_fps30.mp4,719,0.1599693298339843,0.1645271667989634,-0.0268803044063289,0.0947503745555877,-0.0510202050209045,0.9400914907455444,-0.0582461953163147,-0.0381228625774383,0.9942743182182312,0.1423320472240448,0.0076685547828674,-0.4284842610359192,0.8254256844520569,-0.0441604256629943,0.0658893585205078,-0.4703907668590545,0.9911087155342102,0.1323305070400238,0.2548843026161194,0.9828395247459412,-0.1375046670436859,0.2512646913528442,0.9924045205116272,0.0410639380018508,0.2283784613467896,0.0019531130790709,3.3802400201121685e-05,0.0,0.0,0.0,0,0,1,1.0
crossover_11_05_02_fps30.mp4,720,0.1597498804330825,0.1651604771614074,-0.0257948234313871,0.095158576965332,-0.0504578649997711,0.9384689927101136,-0.0577577650547027,-0.0380212068557739,0.9946619868278505,0.1429762840270996,0.0086975991725921,-0.4366812109947204,0.8156428933143616,-0.0391073822975158,0.0657559931278228,-0.4799287021160126,0.991723895072937,0.1328840255737304,0.2548827826976776,0.9826982021331788,-0.1369629204273224,0.2513100802898407,0.9924277663230896,0.0410105552524197,0.223845729064882,0.0010854809749417,0.000633310362444,0.0,0.0,0.0,0,0,1,1.0
crossover_11_05_02_fps30.mp4,721,0.1591417789459228,0.1654138096308304,-0.0236582959570536,0.0951308012008667,-0.0497166216373443,0.937645673751831,-0.0576415956020355,-0.0382387042045593,0.9949636459350586,0.1432441473007202,0.009985864162445,-0.4701908528804779,0.8146786689758301,-0.0313414335250854,0.0595037341117858,-0.5000753402709961,0.9922822713851928,0.1331319808959961,0.2552682161331177,0.9833728671073914,-0.1367122530937194,0.2517372965812683,0.9927829504013062,0.0402917291510003,0.2136084009455483,0.0021365274743335,0.0002533324694229,0.0,0.0,0.0,0,0,1,1.0
crossover_11_05_02_fps30.mp4,722,0.156238779425621,0.1659606145600141,-0.0201780907991455,0.0950610041618347,-0.0468876659870147,0.9378889799118042,-0.0578076243400573,-0.0375145673751831,0.995143175125122,0.1431843638420105,0.0131747424602508,-0.5150246024131775,0.8190538883209229,-0.0200699567794799,0.0472418367862701,-0.5578786730766296,0.9927565455436708,0.1335175037384033,0.2580969035625458,0.9842691421508788,-0.1363516747951507,0.2545088231563568,0.9931132793426514,0.0403877343162309,0.1978707156416059,0.003480205157908,0.0005468049291836,0.0,0.0,0.0,0,0,1,1.0
crossover_11_05_02_fps30.mp4,723,0.1545392423868179,0.166295668432268,-0.0185261091081107,0.0953154563903808,-0.0450650155544281,0.9377217292785645,-0.0578574538230896,-0.0371899008750915,0.9951921105384828,0.1429762244224548,0.0152528584003448,-0.5320988893508911,0.8230267763137817,-0.017800748348236,0.0455932319164276,-0.5753116607666016,0.9930936098098756,0.1338125467300415,0.2599639594554901,0.9847924709320068,-0.1360578835010528,0.2560741007328033,0.9931333661079408,0.0410464994227779,0.1949430187640535,0.0016519816910348,0.0003350538722539,0.0,0.0,0.0,0,0,1,1.0
crossover_11_05_02_fps30.mp4,724,0.153522253036499,0.1666537264646109,-0.0173924976732672,0.0956012606620788,-0.0438527166843414,0.9372929930686952,-0.0578150749206543,-0.0364542305469512,0.9947957992553712,0.1426424980163574,0.0172537267208099,-0.526469886302948,0.8266983032226562,-0.0062112212181091,0.0310210883617401,-0.6212185621261597,0.9927891492843628,0.1340736150741577,0.2608669698238373,0.9857430458068848,-0.1357564628124237,0.2569329440593719,0.9933934211730956,0.0421532911687684,0.1795164768207047,0.0011336114348434,0.0003580580323429,0.0,0.0,0.0,0,0,1,1.0
crossover_11_05_02_fps30.mp4,725,0.1544241458177566,0.1668884244005558,-0.0176396069003315,0.0958164036273956,-0.0442295968532562,0.9363399147987366,-0.0575967729091644,-0.0374062657356262,0.9945502281188964,0.1424596607685089,0.0165907442569732,-0.5284692049026489,0.8267226815223694,0.0040346086025238,0.013192743062973,-0.6588703393936157,0.9928581714630128,0.1342957913875579,0.2602153718471527,0.986388087272644,-0.1355394124984741,0.2562474310398102,0.9934900403022766,0.0420533165510499,0.1657467921989413,-0.0002471092270642,0.0002346979359448,0.0,0.0,0.0,0,0,1,1.0
crossover_11_05_02_fps30.mp4,726,0.1550596803426742,0.1668598423569889,-0.0177309604679666,0.0957787036895752,-0.0446405112743377,0.9337602257728576,-0.0568697452545166,-0.0378141999244689,0.9943398237228394,0.1420263648033142,0.0159575641155242,-0.5196848511695862,0.8202371001243591,0.0102823376655578,-9.72449779510498e-05,-0.6996674537658691,0.9928158521652222,0.134259819984436,0.2597986757755279,0.9867978692054749,-0.1355811655521392,0.2557913959026336,0.9935281872749328,0.0418523391941398,0.157567328140633,-9.13535676351218e-05,-2.8582043566927066e-05,0.0,0.0,0.0,0,0,1,1.0
crossover_11_05_02_fps30.mp4,727,0.1556439995765686,0.1670642892182883,-0.017785132076682,0.0959149301052093,-0.0450809001922607,0.9276376962661744,-0.0531573295593261,-0.0383559763431549,0.9942970275878906,0.1416577994823455,0.0155212581157684,-0.5128917098045349,0.805077850818634,0.0152880251407623,-0.0052776038646698,-0.6789788603782654,0.9929565787315368,0.1344298422336578,0.2594124972820282,0.9870768189430236,-0.1354126930236816,0.2553999125957489,0.9936426281929016,0.0418903968512393,0.1522907502092795,-5.417160871545868e-05,0.0002044468612993,0.0,0.0,0.0,0,0,1,1.0
crossover_11_05_02_fps30.mp4,728,0.1560872197151184,0.1671589599827588,-0.0180732948024098,0.0959915816783905,-0.0453966856002807,0.922929584980011,-0.0516090989112854,-0.0387263596057891,0.9942499995231628,0.1414023339748382,0.0151491165161132,-0.5115931630134583,0.7931815981864929,0.0160023272037506,-0.0062382221221923,-0.6781563758850098,0.9930893778800964,0.1345305144786834,0.25913006067276,0.9873908162117004,-0.1353146731853485,0.2551115155220032,0.9937640428543092,0.0420372739022052,0.1516192487068643,-0.0002881627257277,9.467076447056132e-05,0.0,0.0,0.0,0,0,1,1.0
crossover_11_05_02_fps30.mp4,729,0.1562957614660263,0.1670688934245352,-0.0177607225208747,0.0957946181297302,-0.0455759763717651,0.920343816280365,-0.0493683516979217,-0.0392034947872161,0.9942112565040588,0.1397398710250854,0.0149387717247009,-0.5115886330604553,0.7874251008033752,0.019797921180725,-0.006643533706665,-0.6596718430519104,0.9931609034538268,0.1345604062080383,0.259047269821167,0.9875357747077942,-0.1352960467338562,0.2550300359725952,0.9938360452651978,0.0426161048105768,0.1476899832512953,0.000312572281535,-9.006655822363374e-05,0.0,0.0,0.0,0,0,1,1.0
crossover_11_05_02_fps30.mp4,730,0.1567527502775192,0.1669111360937861,-0.0177116638276635,0.0956981778144836,-0.0459441542625427,0.9185790419578552,-0.047586053609848,-0.0399386286735534,0.9940812587738036,0.1392121911048889,0.0145347118377685,-0.5076730847358704,0.7828028202056885,0.0207467079162597,-0.0090489387512207,-0.645654559135437,0.9930952191352844,0.1346449255943298,0.2587305903434753,0.987691342830658,-0.1352236866950988,0.254712164402008,0.9939197897911072,0.0425095318376258,0.1464209099487272,4.905869321125689e-05,-0.000157757330749,0.0,0.0,0.0,0,0,1,1.0
crossover_11_05_02_fps30.mp4,731,0.1572253555059433,0.1667433641724667,-0.0177943210776259,0.0956692695617675,-0.0462232232093811,0.916260540485382,-0.0467537939548492,-0.0404547750949859,0.9937679171562196,0.1391716003417968,0.0143308341503143,-0.5057066082954407,0.774883508682251,0.0219113230705261,-0.0112268030643463,-0.6520848274230957,0.9925790429115297,0.1346705555915832,0.2583973705768585,0.9878352284431458,-0.135211169719696,0.2543872892856598,0.9939993023872375,0.0423347110436989,0.1449808691607584,-8.265724996237012e-05,-0.0001677719213194,0.0,0.0,0.0,0,0,1,1.0
crossover_11_05_02_fps30.mp4,732,0.1574520319700241,0.1665428117170172,-0.017642284893408,0.0956098437309265,-0.046169638633728,0.91424161195755,-0.0465626120567321,-0.0407056808471679,0.9938273429870604,0.1392006278038025,0.0143162608146667,-0.5027722120285034,0.7693288326263428,0.0221443176269531,-0.0130674839019775,-0.650698721408844,0.9927413463592528,0.1346426606178283,0.2582736015319824,0.9879114627838136,-0.1352458298206329,0.2542661428451538,0.9941122531890868,0.04205881197703,0.1444709448283269,0.0001520361842178,-0.0002005524554494,0.0,0.0,0.0,0,0,1,1.0
crossover_11_05_02_fps30.mp4,733,0.157632514834404,0.1665174394340838,-0.0176856405851317,0.0955651700496673,-0.0461756885051727,0.9131693243980408,-0.0464998483657836,-0.0408990681171417,0.9938992261886596,0.1392144858837127,0.0142523944377899,-0.5018365383148193,0.7666407823562622,0.0221530497074127,-0.0136016309261322,-0.6526044011116028,0.9929122924804688,0.1346235573291778,0.2581582367420196,0.9879941344261168,-0.1352690160274505,0.2541544735431671,0.9942098259925842,0.0420177266602929,0.144422145656575,-4.335569172375653e-05,-2.537228293342242e-05,0.0,0.0,0.0,0,0,1,1.0
crossover_11_05_02_fps30.mp4,734,0.1579777747392654,0.1664697911779759,-0.0178469723317681,0.0955560207366943,-0.0463325679302215,0.9112691283226012,-0.0466116368770599,-0.0412750840187072,0.993874967098236,0.1391773819923401,0.0141741335391998,-0.500507652759552,0.7618348002433777,0.0222241878509521,-0.0133918821811676,-0.6501144170761108,0.9929122924804688,0.1346151828765869,0.257870465517044,0.9881022572517396,-0.1352800130844116,0.2538721859455108,0.99429053068161,0.0420740635113357,0.1443143856565486,-0.0001613317466363,-4.764825610792389e-05,0.0,0.0,0.0,0,0,1,1.0
crossover_11_05_02_fps30.mp4,735,0.1584374159574508,0.1664095809904195,-0.0179386817827457,0.0955786108970642,-0.0466361045837402,0.9091660976409912,-0.0467962026596069,-0.0419341921806335,0.9938023686408995,0.139119803905487,0.0138970911502838,-0.4995148777961731,0.7551471590995789,0.0218040943145751,-0.0129105150699615,-0.6463901400566101,0.99285888671875,0.1346341371536255,0.257475882768631,0.9880568981170654,-0.1352613568305969,0.2535057365894317,0.9942862391471864,0.0419314723279391,0.1446928790136175,-9.170945097758398e-05,-6.02101875563088e-05,0.0,0.0,0.0,0,0,1,1.0
crossover_11_05_02_fps30.mp4,736,0.1590776592493057,0.1663193809784064,-0.0178136443219534,0.0955857634544372,-0.0471027791500091,0.9078643321990968,-0.0469604134559631,-0.0427230596542358,0.993732452392578,0.1390911936759948,0.0135113298892974,-0.4994758665561676,0.7502230405807495,0.0214295983314514,-0.012721449136734,-0.644473135471344,0.9927962422370912,0.134631335735321,0.2569602429866791,0.9880152344703674,-0.1352746486663818,0.2530053555965423,0.9942795038223268,0.0415045562933847,0.1449792384008353,0.0001250374607922,-9.020001201309746e-05,0.0,0.0,0.0,0,0,1,1.0
crossover_11_05_02_fps30.mp4,737,0.1593695729970932,0.1662577459367654,-0.0173669285890533,0.0955845713615417,-0.0473274886608123,0.9077392220497132,-0.0470858812332153,-0.043207049369812,0.9937244057655334,0.1388637423515319,0.0135143995285034,-0.4993599057197571,0.7492687106132507,0.0215829610824584,-0.0124348998069763,-0.6452857851982117,0.992824137210846,0.1346191167831421,0.2566984295845032,0.9880377650260924,-0.1352909803390503,0.2527601718902588,0.994302213191986,0.0412805990597518,0.1447588279883035,0.0004467157329001,-6.163504164102829e-05,0.0,0.0,0.0,0,0,1,1.0
crossover_11_05_02_fps30.mp4,738,0.1595975756645202,0.1662522339214712,-0.0175561598161372,0.0955835282802581,-0.0475096702575683,0.9076130986213684,-0.0471807122230529,-0.0435200035572052,0.9937261939048768,0.1387070715427398,0.0134753286838531,-0.4992437958717346,0.7485762238502502,0.0216607153415679,-0.0123445093631744,-0.6473019123077393,0.9928591251373292,0.1346071064472198,0.2565007507801056,0.9880560040473938,-0.1353010237216949,0.2525699436664581,0.9943159818649292,0.0414932434137862,0.1446854123458421,-0.0001892312270839,-5.512015294195649e-06,0.0,0.0,0.0,0,0,1,1.0
crossover_11_05_02_fps30.mp4,739,0.1597014367580413,0.1661218434067095,-0.017193388357395,0.0955852568149566,-0.0475718080997467,0.908414661884308,-0.0472518801689147,-0.0436907112598419,0.9937431216239928,0.1386729776859283,0.0135154724121093,-0.4984865486621856,0.7519028186798096,0.0217231810092926,-0.0122674703598022,-0.6532227396965027,0.9929021596908568,0.1345990002155304,0.256411612033844,0.9880921244621276,-0.1353062391281128,0.2524784207344055,0.9943423867225648,0.0411882793901163,0.1444826576800212,0.0003627714587421,-0.0001303905147617,0.0,0.0,0.0,0,0,1,1.0
crossover_11_05_02_fps30.mp4,740,0.1597786843776703,0.1657471656799316,-0.017304439370225,0.0955806970596313,-0.0475864112377166,0.9095027446746826,-0.0473065078258514,-0.0437932610511779,0.9937829375267028,0.1386223435401916,0.0138241648674011,-0.4984798729419708,0.7560600638389587,0.0218191742897033,-0.012138545513153,-0.6553593873977661,0.9929724335670472,0.1345968246459961,0.2563672065734863,0.9882012605667114,-0.1353103220462799,0.2524259090423584,0.9943954348564148,0.041288569579186,0.1440206692283026,-0.00011105101283,-0.0003746777267779,0.0,0.0,0.0,0,0,1,1.0
crossover_11_05_02_fps30.mp4,741,0.1599531173706054,0.1654909091480707,-0.0165998873187274,0.0955485105514526,-0.0476613342761993,0.909819483757019,-0.0473420023918151,-0.0439977645874023,0.9937463998794556,0.1385802030563354,0.0138169825077056,-0.4998491704463959,0.7575488686561584,0.0217289328575134,-0.0122093856334686,-0.6551875472068787,0.9929397106170654,0.1345974206924438,0.2562476098537445,0.988270342350006,-0.1353120803833007,0.2522966563701629,0.9943986535072328,0.0406124620331485,0.1438290037927504,0.0007045520514976,-0.0002562565318608,0.0,0.0,0.0,0,0,1,1.0
crossover_11_05_02_fps30.mp4,742,0.1600306928157806,0.1652847303172289,-0.0159471363556094,0.0954838097095489,-0.0476557612419128,0.9094406366348268,-0.0473682582378387,-0.0441397130489349,0.9936422109603882,0.138545423746109,0.0137989521026611,-0.5012710094451904,0.7571375370025635,0.0216124355792999,-0.0122755169868469,-0.6544320583343506,0.9928352236747742,0.1345954239368438,0.2562124133110046,0.9882754683494568,-0.1353152692317962,0.2522496581077575,0.994373619556427,0.0399977536178169,0.1437192021410201,0.000652750963118,-0.0002061788308418,0.0,0.0,0.0,0,0,1,1.0
crossover_11_05_02_fps30.mp4,743,0.1600968390703201,0.1652760847140166,-0.0159729774405316,0.0954222083091735,-0.0476538240909576,0.9091377854347228,-0.04739311337471,-0.0442755818367004,0.9935497045516968,0.1385196447372436,0.013770580291748,-0.5020061135292053,0.7569425106048584,0.0215367674827575,-0.0123316049575805,-0.6534909009933472,0.9927491545677184,0.1345934271812439,0.2561854124069214,0.9883027076721193,-0.1353186964988708,0.2522156238555908,0.994363248348236,0.0400073281637765,0.1437854335865359,-2.5841084922206825e-05,-8.645603212231734e-06,0.0,0.0,0.0,0,0,1,1.0
crossover_11_05_02_fps30.mp4,744,0.160132959485054,0.1649071518647469,-0.0151778075753188,0.0952968299388885,-0.0476548373699188,0.9079105257987976,-0.0474149286746978,-0.0443535149097442,0.9934665560722352,0.1383983194828033,0.0137626528739929,-0.5050497651100159,0.7538118958473206,0.0214736759662628,-0.0123807787895202,-0.6530102491378784,0.9926714301109314,0.134590595960617,0.2561802864074707,0.9882771372795104,-0.1353209912776947,0.2521968483924866,0.9943304657936096,0.0392462539011325,0.1434607450780512,0.0007951698652127,-0.0003689328492697,0.0,0.0,0.0,0,0,1,1.0
crossover_11_05_02_fps30.mp4,745,0.1601396203041076,0.1647267831584155,-0.0143515672625564,0.0950758159160614,-0.0476244688034057,0.905711591243744,-0.0474474132061004,-0.0443803668022155,0.9933841228485109,0.1380862295627594,0.013766199350357,-0.5059773921966553,0.7483245134353638,0.0214175283908844,-0.0124249160289764,-0.6508708000183105,0.9925919771194458,0.1345815956592559,0.2562178671360016,0.9882622957229614,-0.1353306174278259,0.2522068917751312,0.9943055510520936,0.0387340663393517,0.1433222051428214,0.0008262403127623,-0.0001803687063314,0.0,0.0,0.0,0,0,1,1.0
crossover_11_05_02_fps30.mp4,746,0.1601600646972656,0.1646013726622371,-0.0136648298763647,0.0947288870811462,-0.0476535260677337,0.9026118516921996,-0.0474615097045898,-0.0444336235523223,0.993317723274231,0.1368226408958435,0.0137692391872406,-0.505821168422699,0.7386886477470398,0.0213832855224609,-0.0124414265155792,-0.6486021280288696,0.9925490617752076,0.1345812678337097,0.2562269270420074,0.9881697297096252,-0.1353317201137542,0.2521918714046478,0.9942445755004884,0.0390421065509523,0.1432233123473958,0.0006867373861917,-0.0001254104961783,0.0,0.0,0.0,0,0,1,1.0
crossover_11_05_02_fps30.mp4,747,0.1602187901735305,0.1643748576358213,-0.0129689613493477,0.0944319367408752,-0.0477417707443237,0.898671567440033,-0.0474681258201599,-0.044573426246643,0.9933896660804749,0.1354255676269531,0.0137485563755035,-0.5040582418441772,0.7286748886108398,0.0213542580604553,-0.0125873982906341,-0.6421241760253906,0.9926869869232178,0.1345870494842529,0.2561933696269989,0.988052785396576,-0.1353260278701782,0.2521441876888275,0.9942023158073424,0.039393998850019,0.1430211085583697,0.0006958685270169,-0.0002265150264157,0.0,0.0,0.0,0,0,1,1.0
crossover_11_05_02_fps30.mp4,748,0.1602728962898254,0.1643894516815573,-0.0130225087084421,0.094209611415863,-0.0478148460388183,0.8944754004478455,-0.0474823415279388,-0.0446893274784088,0.9934408664703368,0.1347256898880005,0.0137512385845184,-0.5028862357139587,0.7179000377655029,0.0213322639465332,-0.0126939117908477,-0.6370190978050232,0.9927957653999328,0.1345933675765991,0.2561674416065216,0.9879186749458312,-0.1353197991847992,0.2520898282527923,0.9941484928131104,0.0399596334799532,0.1430575651218355,-5.354735909435249e-05,1.459404573600498e-05,0.0,0.0,0.0,0,0,1,1.0
crossover_11_05_02_fps30.mp4,749,0.160488873720169,0.1640800013380535,-0.0125113687864164,0.0941258072853088,-0.0480032861232757,0.8924479484558105,-0.0474908649921417,-0.0449370145797729,0.9935672879219056,0.1344224214553833,0.0136661529541015,-0.4964187443256378,0.7149476408958435,0.0212747454643249,-0.0129668712615966,-0.6330721378326416,0.9929891228675842,0.1345990896224975,0.2559621334075928,0.9879486560821532,-0.1353141367435455,0.2518404722213745,0.9941893219947816,0.0395579914678723,0.142805982324502,0.0005111399220256,-0.0003094503435038,0.0,0.0,0.0,0,0,1,1.0
crossover_11_05_02_fps30.mp4,750,0.1608618050813675,0.1637811235452102,-0.0121313720214657,0.0940564572811126,-0.0483611822128295,0.8930408358573914,-0.0476151704788208,-0.0453048050403595,0.9937645196914672,0.1344137489795684,0.0137692689895629,-0.4929519295692444,0.7190739512443542,0.0210023820400238,-0.0131650567054748,-0.6360759139060974,0.9932818412780762,0.13460174202919,0.2556396126747131,0.9881277680397034,-0.1353188455104828,0.2514674663543701,0.9942495226860046,0.0391571946602522,0.1427824832737924,0.0003799967649507,-0.0002988777928433,0.0,0.0,0.0,0,0,1,1.0
crossover_11_05_02_fps30.mp4,751,0.1610167473554611,0.1629306967985831,-0.0116226225364498,0.0938887298107147,-0.0487926602363586,0.8941739797592163,-0.0478962659835815,-0.0454251170158386,0.9940033555030824,0.1340571939945221,0.0136310458183288,-0.490874320268631,0.726993203163147,0.0208304822444915,-0.013132631778717,-0.646898627281189,0.9936167001724244,0.1345843374729156,0.2555465698242187,0.9884327054023744,-0.1353475153446197,0.2513272762298584,0.9943699240684508,0.0383591831188996,0.1421082372849322,0.0005087494850158,-0.000850426746627,0.0,0.0,0.0,0,0,1,1.0
crossover_11_05_02_fps30.mp4,752,0.1609674096107483,0.1614240346318584,-0.0121652312395049,0.0938467681407928,-0.0487042665481567,0.8921990394592285,-0.0482063889503479,-0.04526287317276,0.9941820502281188,0.134116917848587,0.0136611461639404,-0.5008432865142822,0.728198230266571,0.0206523835659027,-0.0125578045845031,-0.6622930765151978,0.9938543438911438,0.1345894038677215,0.255772054195404,0.9889068007469176,-0.1353600025177002,0.2514902353286743,0.994545876979828,0.0375856408326426,0.1407721984543339,-0.0005426087030551,-0.0015066621667247,0.0,0.0,0.0,0,0,1,1.0
crossover_11_05_02_fps30.mp4,753,0.1609298437833786,0.1614138978012537,-0.0120667960585617,0.0938138663768768,-0.0486629605293273,0.8908791542053223,-0.0484265685081481,-0.0451693534851074,0.9943471550941468,0.134162038564682,0.0136702060699462,-0.5041905045509338,0.730265736579895,0.0205306112766265,-0.0121799111366271,-0.6647224426269531,0.9940782189369202,0.1345970928668975,0.2559320330619812,0.9893288612365724,-0.1353710889816284,0.2515825033187866,0.9946989417076112,0.037484091431069,0.1408833319346226,9.843518094321269e-05,-1.013683060469006e-05,0.0,0.0,0.0,0,0,1,1.0
crossover_11_05_02_fps30.mp4,754,0.1606566309928894,0.1601047293614532,-0.0131401332413277,0.0937618017196655,-0.0484659671783447,0.8902483582496643,-0.0486219525337219,-0.0444463789463043,0.9944921135902404,0.1341487765312194,0.0134305953979492,-0.5029633045196533,0.7340680360794067,0.0203045606613159,-0.010918378829956,-0.6611794829368591,0.994300901889801,0.1345711350440979,0.2563866972923279,0.9898504614830016,-0.1354208290576934,0.2519644498825073,0.9949145317077636,0.0371445165232691,0.1398178220444422,-0.001073337182766,-0.0013091684398004,0.0,0.0,0.0,0,0,1,1.0
crossover_11_05_02_fps30.mp4,755,0.1601221710443496,0.1591675633091037,-0.0165225122033095,0.0938224792480468,-0.0480128228664398,0.8888746500015259,-0.0490519106388092,-0.0436014533042907,0.9946043491363524,0.1354901790618896,0.0112814307212829,-0.5046780109405518,0.737531304359436,0.019135296344757,-0.0079221129417419,-0.6485722661018372,0.9944819808006288,0.1345671415328979,0.2568971514701843,0.9903153777122498,-0.1354420185089111,0.2524148821830749,0.9951022267341614,0.0365195532139184,0.1402961248881537,-0.0033823789619817,-0.0009371660523495,0.0,0.0,0.0,0,0,1,1.0
crossover_11_05_02_fps30.mp4,756,0.1598308235406875,0.1584829398130967,-0.0242119161094107,0.0942047536373138,-0.0482780635356903,0.8835643529891968,-0.0493718683719635,-0.0433109402656555,0.9946256279945374,0.1415136158466339,0.0021370649337768,-0.5086442232131958,0.733484148979187,0.0179221928119659,-0.005467414855957,-0.6125485897064209,0.9945709109306335,0.1345958411693573,0.2570207118988037,0.990623414516449,-0.1354407370090484,0.252508282661438,0.995264172554016,0.0313404970907136,0.1418050772178366,-0.0076894039061011,-0.000684623496007,0.0,0.0,0.0,0,0,1,1.0
crossover_11_05_02_fps30.mp4,757,0.1588941067457199,0.1579286679372948,-0.0332303028281142,0.0947652161121368,-0.0490024983882904,0.8816283941268921,-0.050229400396347,-0.0425498187541961,0.994540512561798,0.1463299095630645,-0.0098951756954193,-0.5075780153274536,0.7371604442596436,0.0160603821277618,-0.00264772772789,-0.5930343270301819,0.9945328831672668,0.1345269978046417,0.2574198544025421,0.990851879119873,-0.1355458199977874,0.2528814375400543,0.9954129457473756,0.0260587673177917,0.1451272008215421,-0.0090183867187034,-0.0005542718758018,0.0,0.0,0.0,0,0,1,1.0
crossover_11_05_02_fps30.mp4,758,0.1583210527896881,0.1578318341303679,-0.0330241680145263,0.0949966311454773,-0.0496659874916076,0.8795990943908691,-0.0507753193378448,-0.0420545935630798,0.9944584965705872,0.1476511359214782,-0.0128384232521057,-0.5071009993553162,0.7405028939247131,0.015060544013977,-0.0012409090995788,-0.5898404717445374,0.9944917559623718,0.1344524621963501,0.2576385140419006,0.9910401105880736,-0.1356412768363952,0.2530648112297058,0.9955402612686156,0.0226077621102594,0.1462662532122609,0.0002061348135878,-9.683380692693257e-05,0.0,0.0,0.0,0,0,1,1.0
crossover_11_05_02_fps30.mp4,759,0.1570784002542495,0.157959639723018,-0.0437538542398592,0.0955983698368072,-0.0503728091716766,0.8762597441673279,-0.0521233081817626,-0.0411028861999511,0.9944324493408204,0.1472447216510772,-0.0171550512313842,-0.5041444301605225,0.7410650253295898,0.0135171711444854,0.0023435354232788,-0.5903376936912537,0.9945471286773682,0.1345012485980987,0.2579689621925354,0.9912323355674744,-0.1356127262115478,0.2533787488937378,0.9956729412078856,0.0286758747167729,0.1516199065519286,-0.0107296862253328,0.0001278055926501,0.0,0.0,0.0,0,0,1,1.0
crossover_11_05_02_fps30.mp4,760,0.1558468788862228,0.1564925169540664,-0.053742335918473,0.0959970355033874,-0.0522361397743225,0.8641709089279175,-0.0537543594837188,-0.0403821170330047,0.9943575263023376,0.1463034152984619,-0.0303935110569,-0.5555020570755005,0.7166609764099121,0.0098806023597717,0.0073591768741607,-0.6020548939704895,0.994397222995758,0.1346021294593811,0.2584255635738373,0.9913265705108644,-0.1355969309806823,0.2538250386714935,0.995741367340088,0.0254751921477474,0.1588346573218614,-0.0099884816786138,-0.0014671227689516,0.0,0.0,0.0,0,0,1,1.0
crossover_11_05_02_fps30.mp4,761,0.1524672955274582,0.1550121140682091,-0.0596843623533481,0.0947239100933075,-0.0536636114120483,0.8305761814117432,-0.0551720261573791,-0.0384784936904907,0.994213044643402,0.1405243575572967,-0.0471210181713104,-0.6385534405708313,0.6666239500045776,0.0078259408473968,0.0129821300506591,-0.6082853078842163,0.993998885154724,0.1346197426319122,0.2603631615638733,0.9908515214920044,-0.135764867067337,0.2557953596115112,0.9956443309783936,0.0191763579898745,0.1641468510379916,-0.0059420264348751,-0.0014804028858572,0.0,0.0,0.0,0,0,1,1.0
crossover_11_05_02_fps30.mp4,762,0.1497672945261001,0.1531112895173542,-0.0608271197574894,0.0927356481552124,-0.0559586286544799,0.7801015973091125,-0.0568046867847442,-0.0375754833221435,0.9939239025115968,0.1344115734100341,-0.0543746948242187,-0.6640762090682983,0.6086331605911255,0.0061532855033874,0.0169883370399475,-0.6237905621528625,0.9933039546012878,0.1346567273139953,0.2614046335220337,0.9898989796638488,-0.1361061930656433,0.2567585706710815,0.9953486919403076,0.0197816371924534,0.1662886053232837,-0.0011427574041412,-0.0019008245508549,0.0,0.0,0.0,0,0,1,1.0
crossover_11_05_02_fps30.mp4,763,0.1480921357870102,0.1530832777589054,-0.0607042135261907,0.0914646983146667,-0.0566090941429138,0.738741934299469,-0.0572506487369537,-0.0374859869480133,0.9936951398849488,0.1333032846450805,-0.0545256435871124,-0.6690781712532043,0.5594263672828674,0.0053313970565795,0.0177243947982788,-0.6307291388511658,0.9928094148635864,0.1346324682235717,0.261529803276062,0.9892210960388184,-0.136191040277481,0.2568838000297546,0.995084285736084,0.0207225204566201,0.1672772096096398,0.0001229062312986,-2.801175844879822e-05,0.0,0.0,0.0,0,0,1,1.0
crossover_11_05_02_fps30.mp4,764,0.14481021463871,0.1507796364315485,-0.0558986602759942,0.0894879102706909,-0.0564160346984863,0.7044634819030762,-0.0576847493648529,-0.0364575386047363,0.9936314821243286,0.1278124451637268,-0.0540143847465515,-0.6674119234085083,0.5167632102966309,0.0033451914787292,0.020844280719757,-0.6380122303962708,0.9925618767738342,0.1342909932136535,0.2619572877883911,0.9880090355873108,-0.1364927291870117,0.2579149007797241,0.9948424696922302,0.0230443565543402,0.1662118965393972,0.0048055532501964,-0.0023036413273568,0.0,0.0,0.0,0,0,1,1.0
crossover_11_05_02_fps30.mp4,765,0.1428758054971695,0.1484744905415228,-0.0438455397036017,0.0868401825428009,-0.0562163889408111,0.6874983310699463,-0.0581315159797668,-0.0363062024116516,0.9936688542366028,0.1266978085041046,-0.048463225364685,-0.604880690574646,0.4998235702514648,0.0012657344341278,0.0228021442890167,-0.6042974591255188,0.9925885200500488,0.1337915956974029,0.2607925236225128,0.9867866635322572,-0.1372409164905548,0.2580154836177826,0.994762361049652,0.0222608827637941,0.1615931052250263,0.0120531205723925,-0.0023051458900257,0.0,0.0,0.0,0,0,1,1.0
crossover_11_05_02_fps30.mp4,766,0.1387423723936081,0.1463333373352632,-0.0236902481172143,0.0841839611530304,-0.0546221137046813,0.6812252402305603,-0.0588230490684509,-0.0347215831279754,0.9938048720359802,0.1206404268741607,-0.0429472029209136,-0.6001173853874207,0.4936362504959106,-0.0017437040805816,0.0260974764823913,-0.6100333333015442,0.9926421642303468,0.1330321729183197,0.262076199054718,0.9856160283088684,-0.1382234394550323,0.2594406604766845,0.994657814502716,0.0321085028656576,0.1562230063571816,0.0201552915863874,-0.0021411532062596,0.0,0.0,0.0,0,0,1,1.0
crossover_11_05_02_fps30.mp4,767,0.134674921631813,0.1455407884161351,0.0078302489548194,0.0834137797355651,-0.0470378696918487,0.6966513395309448,-0.0596372187137603,-0.0321838855743408,0.9940457940101624,0.1166747212409973,-0.0145909488201141,-0.6055577397346497,0.5158264636993408,-0.0033314824104309,0.030118852853775,-0.6008764505386353,0.9928041696548462,0.1320864558219909,0.2639808356761932,0.9855406880378724,-0.1392175555229187,0.2616138160228729,0.9948421120643616,0.0365507858167544,0.1505315079470838,0.0315204970720337,-0.000792548919128,0.0,0.0,0.0,0,0,1,1.0
crossover_11_05_02_fps30.mp4,768,0.13241508603096,0.1454787140175447,0.0087030591034307,0.0831175744533538,-0.0433391630649566,0.7005136609077454,-0.0596126616001129,-0.0297623872756958,0.9940659403800964,0.114632099866867,-0.0063483715057373,-0.6133276224136353,0.5186481475830078,-0.003479391336441,0.0315197706222534,-0.6085476279258728,0.99266916513443,0.1320298016071319,0.2648804783821106,0.9852190613746644,-0.1391756534576416,0.2626601457595825,0.9948164820671082,0.0343228665461291,0.1506954527355829,0.0008728101486112,-6.207439859040598e-05,0.0,0.0,0.0,0,0,1,1.0
crossover_11_05_02_fps30.mp4,769,0.1293854564428329,0.1456441663079343,0.0516269403259929,0.0833165049552917,-0.0351565182209014,0.717735767364502,-0.0596953630447387,-0.0270552933216094,0.993936002254486,0.112200915813446,0.0294170677661895,-0.3878897428512573,0.5461605191230774,-0.0029744505882263,0.0336847603321075,-0.5409161448478699,0.9926645159721376,0.1319044828414917,0.2664319574832916,0.9852442741394044,-0.139116108417511,0.2639506161212921,0.9949843883514404,0.0401463503043526,0.149697745844955,0.0429238812225621,0.0001654522903895,0.0,0.0,0.0,0,0,1,1.0
crossover_11_05_02_fps30.mp4,770,0.1263720095157623,0.149836360600035,0.1275732946105119,0.0865020155906677,-0.0172807276248931,0.7437328696250916,-0.0598577857017517,-0.0257391035556793,0.9940900802612304,0.1135758757591247,0.0659035146236419,-0.4207085072994232,0.5890955924987793,-0.0028687119483947,0.0360000431537628,-0.5458812117576599,0.9929280281066896,0.1317315101623535,0.2662908732891083,0.9849376082420348,-0.1391523778438568,0.2636920511722564,0.9951447248458862,0.0715400903307147,0.1780575737349642,0.075946354284519,0.0041921942921007,0.0,0.0,0.0,0,0,0,1.0
crossover_11_05_02_fps30.mp4,771,0.1242415457963943,0.1544671849679139,0.2188882467223376,0.0942886769771575,-0.0115521550178527,0.7676906585693359,-0.0597549974918365,-0.0229538083076477,0.994268000125885,0.1162830889225006,0.0902434587478637,-0.442850261926651,0.6282857656478882,-0.001133769750595,0.0373033881187438,-0.5572454929351807,0.9932994842529296,0.1312096416950225,0.2644976377487182,0.980882465839386,-0.1391328871250152,0.2635649442672729,0.9946451187133788,0.1341920514181174,0.2391332640671276,0.0913149521118257,0.0046308243678788,0.0,0.0,0.0,0,0,0,1.0
crossover_11_05_02_fps30.mp4,772,0.1243767887353897,0.1539727248377719,0.2938161890681197,0.0987990796566009,-0.0123930573463439,0.7893779873847961,-0.0597210824489593,-0.0211718678474426,0.9943937659263612,0.1220640838146209,0.0986950397491455,-0.470878005027771,0.6635556221008301,0.0009913146495819,0.037089467048645,-0.5591774582862854,0.9935768246650696,0.1311958134174347,0.2627463936805725,0.9757832288742064,-0.1391201019287109,0.2623836994171142,0.9930546283721924,0.1977129846102722,0.2988510024444152,0.074927942345782,-0.0004944601301419,0.0,0.0,0.0,1,0,0,1.0
crossover_11_05_02_fps30.mp4,773,0.1243915110826492,0.1539971872911615,0.2932831464744195,0.1000978350639343,-0.0128902196884155,0.808192789554596,-0.0596773326396942,-0.0202557444572448,0.9944655895233154,0.1245206594467163,0.0994312167167663,-0.4714719653129577,0.6942771673202515,0.0023416280746459,0.0367059111595153,-0.5663473010063171,0.9937658309936525,0.1311944723129272,0.262269377708435,0.9713258147239684,-0.1391019225120544,0.2618036866188049,0.9910967350006104,0.1960801784080442,0.2980457789050429,-0.0005330425937001,2.446245338960651e-05,0.0,0.0,0.0,0,0,0,1.0
crossover_11_05_02_fps30.mp4,774,0.1247827857732772,0.1537000556113356,0.216770787064622,0.0997125208377838,-0.0130283832550048,0.825790524482727,-0.0596499443054199,-0.0207390785217285,0.9945973753929138,0.1260612905025482,0.090436041355133,-0.4720862805843353,0.7227593064308167,0.0028062164783477,0.0353628993034362,-0.5895411968231201,0.9939993619918824,0.1307205855846405,0.2610729932785034,0.9700745940208436,-0.139196902513504,0.2604602575302124,0.9910421967506408,0.1293227331532239,0.2359613791074017,-0.0765123594097975,-0.0002971316798259,0.0,0.0,0.0,0,0,0,1.0
crossover_11_05_02_fps30.mp4,775,0.123363971710205,0.1506673873481103,0.1546892187944273,0.0988692641258239,-0.0136187374591827,0.8419864177703857,-0.0597217679023742,-0.0206728875637054,0.9948068857192992,0.1275563240051269,0.0798468291759491,-0.465456485748291,0.7490735650062561,0.0030428171157836,0.0356415808200836,-0.5891643762588501,0.9943110346794128,0.1308090090751648,0.2606594264507293,0.969640612602234,-0.1394466161727905,0.2601712048053741,0.9913334250450134,0.0783294614602161,0.1896453369939518,-0.0620815682701947,-0.0030326682632252,0.0,0.0,0.0,0,0,0,1.0
crossover_11_05_02_fps30.mp4,776,0.1226146966218948,0.1488366402811923,0.1009464566300555,0.0984919965267181,-0.0145162343978881,0.8541532754898071,-0.0596896708011627,-0.0209525227546691,0.9949642419815063,0.1272498071193695,0.0720961689949035,-0.4722190201282501,0.7697888612747192,0.0029533207416534,0.0351070165634155,-0.589533805847168,0.9945197105407716,0.131155639886856,0.2604534029960632,0.9700918793678284,-0.1395168304443359,0.2600101828575134,0.9917084574699402,0.0360323529982067,0.1600524126283758,-0.0537427621643717,-0.0018307470669179,0.0,0.0,0.0,0,0,1,1.0
crossover_11_05_02_fps30.mp4,777,0.1211862564086914,0.1460385461985054,0.0763029783237271,0.0940603613853454,-0.0159094035625457,0.8593088388442993,-0.0596020221710205,-0.0209825932979583,0.9948606491088868,0.1241087913513183,0.0453456342220306,-0.4711173772811889,0.7817947864532471,0.0015231966972351,0.0349512994289398,-0.5601751208305359,0.994453191757202,0.1315064430236816,0.2606101930141449,0.9703902006149292,-0.1394627094268798,0.2601034939289093,0.9919400811195374,0.0379377292611005,0.1503151608750491,-0.0246434783063284,-0.0027980940826869,0.0,0.0,0.0,0,0,1,1.0
crossover_11_05_02_fps30.mp4,778,0.1208045929670333,0.1460811051271729,0.076000215367573,0.0919321179389953,-0.0170538425445556,0.8641490936279297,-0.0595285296440124,-0.0209819078445434,0.9947413206100464,0.1219948530197143,0.0384585857391357,-0.4819713532924652,0.7922248244285583,0.0012089610099792,0.0347834825515747,-0.5645460486412048,0.994319498538971,0.1318078637123108,0.2610517740249634,0.9710439443588256,-0.1394041776657104,0.2598951458930969,0.9921877384185792,0.0446040524587488,0.1506212375634271,-0.000302762956154,4.2558928667557616e-05,0.0,0.0,0.0,0,0,1,1.0
crossover_11_05_02_fps30.mp4,779,0.1199070066213607,0.1441929764666799,0.0741317029406384,0.0914974212646484,-0.0167297422885894,0.8681557178497314,-0.0595588684082031,-0.021043449640274,0.9946253299713136,0.1196726560592651,0.0394813120365142,-0.5163144469261169,0.8005854487419128,0.0003284215927124,0.0354104340076446,-0.5665403008460999,0.9940500259399414,0.1319707632064819,0.2612345516681671,0.9714730381965636,-0.1394031345844268,0.2598870098590851,0.9923510551452636,0.0424487420625263,0.148984384473226,-0.0018685124269346,-0.001888128660493,0.0,0.0,0.0,0,0,1,1.0
crossover_11_05_02_fps30.mp4,780,0.1192774772644043,0.1482589098356538,0.1074509095854875,0.0928864777088165,-0.0161866247653961,0.8777194619178772,-0.0598297417163848,-0.0192520916461944,0.9947166442871094,0.119391530752182,0.058858722448349,-0.4416425228118896,0.8164029717445374,-5.635619163513184e-05,0.0382773578166961,-0.543578565120697,0.994193196296692,0.1316586434841156,0.2615982592105865,0.9716249704360962,-0.1395740807056427,0.2599020898342132,0.9927379488945008,0.0565201400026535,0.1636532871684988,0.0333192066448491,0.0040659333689738,0.0,0.0,0.0,0,0,1,1.0
crossover_11_05_02_fps30.mp4,781,0.1168414056301117,0.156735645007279,0.1816497818725865,0.099833458662033,-0.0097030103206634,0.888548731803894,-0.0601513385772705,-0.0164958536624908,0.9944347739219666,0.126620203256607,0.0865464508533477,-0.4587374925613403,0.8333271145820618,-0.0001294314861297,0.0433693826198577,-0.529437780380249,0.9937106370925904,0.1310302913188934,0.2626023590564728,0.9679768681526184,-0.1400761306285858,0.2609687149524688,0.992441177368164,0.0997576232815969,0.2091126993770991,0.0741988722870989,0.0084767351716251,0.0,0.0,0.0,0,0,0,1.0
crossover_11_05_02_fps30.mp4,782,0.1162276118993759,0.1649627796674179,0.2685447471897776,0.1042680740356445,-0.0041231513023376,0.8976521492004395,-0.0592740774154663,-0.0156396627426147,0.9939773082733154,0.1314099431037902,0.1016236543655395,-0.5092402696609497,0.8464493751525879,9.739398956298828e-05,0.0459885597229003,-0.5792823433876038,0.992860734462738,0.1301419734954834,0.2625805735588074,0.9667560458183287,-0.1401589512825012,0.2608802318572998,0.9921808242797852,0.1702599309030266,0.2769690451557712,0.0868949653171911,0.0082271346601389,0.0,0.0,0.0,1,0,0,1.0
crossover_11_05_02_fps30.mp4,783,0.1162237375974655,0.1646978734913519,0.2685838588854161,0.1064260303974151,-0.0031250715255737,0.9062000513076782,-0.0585401654243469,-0.0146024227142333,0.9938154220581056,0.1331689059734344,0.1034967899322509,-0.5074320435523987,0.858756959438324,0.0004719197750091,0.0475183725357055,-0.5772984623908997,0.9923734664916992,0.1291413009166717,0.2621134519577026,0.9663292169570924,-0.1404319107532501,0.2609160542488098,0.9921883344650269,0.1680708663876431,0.2753908370463266,3.9111695638527344e-05,-0.000264906176066,0.0,0.0,0.0,0,0,0,1.0
crossover_11_05_02_fps30.mp4,784,0.1158760488033294,0.1711300622608702,0.262981966501329,0.107759028673172,-0.0003085434436798,0.9130810499191284,-0.0570558309555053,-0.0139819085597991,0.9934196472167968,0.1380458176136016,0.1067012846469879,-0.5348244309425354,0.8677231669425964,0.0006349980831146,0.0489671528339386,-0.6137752532958984,0.991388499736786,0.1291739046573639,0.2632479965686798,0.9650068879127502,-0.140424370765686,0.2607990205287933,0.9918819665908812,0.1597442292063725,0.2736254874423521,-0.0056018923840871,0.0064321887695183,0.0,0.0,0.0,0,0,0,1.0
crossover_11_05_02_fps30.mp4,785,0.1153977662324905,0.1750716879206189,0.1975086802389564,0.1088248193264007,0.0011399388313293,0.9191848635673524,-0.055282175540924,-0.0116101503372192,0.9929671883583068,0.1454854905605316,0.1027032732963562,-0.5197978019714355,0.8768302202224731,0.0003239214420318,0.0523362159729003,-0.6000620722770691,0.9910643696784972,0.1298862993717193,0.2631090879440307,0.9602012634277344,-0.1406367421150207,0.2608354687690735,0.991223931312561,0.0993146930709754,0.2271823634667402,-0.0654732862623725,0.0039416256597486,0.0,0.0,0.0,0,0,0,1.0
crossover_11_05_02_fps30.mp4,786,0.1146787703037262,0.1789733147217055,0.1515830499369923,0.1108093857765197,-0.0001817345619201,0.9234626293182372,-0.0527155697345733,-0.007853627204895,0.9926314353942872,0.1509062051773071,0.1019983887672424,-0.5046470761299133,0.8835456371307373,0.0002248287200927,0.0576199293136596,-0.5914218425750732,0.99090838432312,0.1304206848144531,0.2628210186958313,0.9554338455200196,-0.1408142149448394,0.2609391212463379,0.990826427936554,0.0569771994880071,0.2019408063892578,-0.045925630301964,0.0039016268010866,0.0,0.0,0.0,0,0,1,1.0
crossover_11_05_02_fps30.mp4,787,0.1149959415197372,0.1801684582637528,0.1277817297272565,0.1116514503955841,-0.0019181072711944,0.9268169403076172,-0.0504062175750732,-0.0059817135334014,0.9916619062423706,0.162181943655014,0.072940319776535,-0.494072288274765,0.888505756855011,0.0008576214313507,0.0617036521434783,-0.570476233959198,0.9896392226219176,0.1309963166713714,0.2624464929103851,0.9531570672988892,-0.1407511234283447,0.2602419555187225,0.9904465079307556,0.0577156387225634,0.1910986356379975,-0.0238013202097358,0.0011951435420473,0.0,0.0,0.0,0,0,1,1.0
crossover_11_05_02_fps30.mp4,788,0.1153170466423034,0.1801104372840817,0.1270677230707029,0.111668974161148,-0.003506451845169,0.9273900985717772,-0.0494156181812286,-0.0055371224880218,0.9903798699378968,0.1642505824565887,0.0643307864665985,-0.4985074698925018,0.8894829154014587,0.0012612640857696,0.0623197853565216,-0.5783407092094421,0.9876932501792908,0.1310391128063202,0.262274295091629,0.9507941007614136,-0.1408089697360992,0.2595137059688568,0.989984095096588,0.0647105726262452,0.1902086280691791,-0.0007140066565536,-5.802097967111397e-05,0.0,0.0,0.0,0,0,1,1.0
crossover_11_05_02_fps30.mp4,789,0.1151290535926818,0.1775252770569364,0.1150593866662281,0.1179054975509643,-0.0115896761417388,0.9299830794334412,-0.0475410223007202,-0.0046855509281158,0.9898581504821776,0.1683951616287231,0.0513041913509368,-0.4618663787841797,0.8950290679931641,0.0013402104377746,0.0639158189296722,-0.5516883730888367,0.9874598979949952,0.1309729814529419,0.2621502578258514,0.9463773965835572,-0.1408310830593109,0.2587916553020477,0.9890881180763244,0.0644056203869152,0.1834580121456192,-0.0120083364044747,-0.0025851602271452,0.0,0.0,0.0,0,0,1,1.0
crossover_11_05_02_fps30.mp4,790,0.1179471164941787,0.1720554359888626,0.1093109343110061,0.1197741031646728,-0.0225694179534912,0.933444619178772,-0.0469397902488708,-0.0063185095787048,0.9899460077285768,0.1690433025360107,0.0399880409240722,-0.4484876692295074,0.9011755585670472,0.0010101795196533,0.0661057233810424,-0.5423562526702881,0.9876970052719116,0.1306528449058532,0.2592210173606872,0.9454895853996276,-0.1410792469978332,0.2556659579277038,0.9891079664230348,0.0693883022956606,0.1764176011970467,-0.005748452355222,-0.0054698410680738,0.0,0.0,0.0,0,0,1,1.0
crossover_11_05_02_fps30.mp4,791,0.118312269449234,0.1615147896742417,0.1131986670377778,0.1205205023288726,-0.0233738422393798,0.9381859302520752,-0.0462820827960968,-0.0049124956130981,0.9904048442840576,0.1664880216121673,0.0444244146347045,-0.4391609728336334,0.9088550806045532,2.2858381271362305e-05,0.0684778690338134,-0.524238109588623,0.9885305762290956,0.130720168352127,0.2590961456298828,0.945250928401947,-0.1410993933677673,0.2553783059120178,0.9893072247505188,0.0689538311445421,0.1675696680394302,0.0038877327267716,-0.0105406463146209,0.0,0.0,0.0,0,0,1,1.0
crossover_11_05_02_fps30.mp4,792,0.1213048249483108,0.1464219974259198,0.1217170511803975,0.1159854531288147,-0.0254561305046081,0.9401006102561952,-0.0452569425106048,-0.004842460155487,0.9910902380943298,0.1483871936798095,0.0432260036468505,-0.4493356347084045,0.9117391109466552,-0.000905692577362,0.0731130242347717,-0.5344627499580383,0.989443063735962,0.1310054659843444,0.2566331624984741,0.945557415485382,-0.1411155462265014,0.2527567744255066,0.9896240830421448,0.0785156451876301,0.1551380020402295,0.0085183841426197,-0.0150927922483218,0.0,0.0,0.0,0,0,1,1.0
crossover_11_05_02_fps30.mp4,793,0.1224830895662307,0.1464259622460705,0.1206954012556773,0.1142902970314025,-0.0261445939540863,0.9404639601707458,-0.0448219180107116,-0.0048634111881256,0.9916690587997437,0.1429330706596374,0.0428020060062408,-0.4560160040855407,0.9118691682815552,-0.0011444091796875,0.0737976729869842,-0.5389497876167297,0.9902268052101136,0.1313025951385498,0.2556094229221344,0.9432827234268188,-0.1409681141376495,0.2517209351062774,0.9896318316459656,0.0779716699521019,0.1548431833808009,-0.0010216499247202,3.964820150637038e-06,0.0,0.0,0.0,0,0,1,1.0
crossover_11_05_02_fps30.mp4,794,0.1236995160579681,0.1149963485992561,0.1472423192931384,0.0985265374183654,-0.0226677656173706,0.9446291923522948,-0.0444843173027038,-0.0047183632850646,0.9924245476722716,0.1172453165054321,0.0655624270439148,-0.4073971807956695,0.9190280437469482,-0.0024337172508239,0.0830532312393188,-0.5122827291488647,0.9911625385284424,0.1316168308258056,0.254311740398407,0.9466291666030884,-0.1405660510063171,0.249661386013031,0.9903977513313292,0.0817108478385079,0.1338284700306147,0.0265469180374611,-0.0314296136468144,0.0,0.0,0.0,0,0,1,1.0
crossover_11_05_02_fps30.mp4,795,0.1227374672889709,0.0680651037369743,0.1930665622397167,0.0879397690296173,-0.0152367055416107,0.9495345950126648,-0.0462076663970947,-0.0039552152156829,0.9930802583694458,0.086180180311203,0.0883727371692657,-0.4265934824943542,0.9264559745788574,-0.0156290233135223,0.0912573635578155,-0.5179603099822998,0.9919846057891846,0.1318566501140594,0.254997044801712,0.9504406452178956,-0.1403471231460571,0.2500679194927215,0.9911187291145324,0.1062494847383852,0.1317946123291674,0.0458242429465782,-0.0469312448622817,0.0,0.0,0.0,0,0,0,1.0
crossover_11_05_02_fps30.mp4,796,0.1215730607509613,0.0104103761204218,0.2483564895827595,0.0755999088287353,-0.0004973113536834,0.9541298747062684,-0.0506215691566467,-0.0035865604877471,0.9935343265533448,0.0555759668350219,0.1094761788845062,-0.4895075857639313,0.9333097338676452,-0.028681457042694,0.1127330958843231,-0.5244807600975037,0.9924517273902892,0.1327594518661499,0.2548294961452484,0.9522786140441896,-0.1396292746067047,0.2494339048862457,0.9911028742790222,0.1460399646817341,0.1411448771239466,0.0552899273430428,-0.0576547276165525,0.0,0.0,0.0,0,0,0,1.0
crossover_11_05_02_fps30.mp4,797,0.1218410283327102,-0.0463941164946152,0.2676809466466671,0.0633381903171539,0.006857544183731,0.9584398865699768,-0.056330531835556,-0.0062346756458282,0.9937951564788818,0.0345822274684906,0.1223739683628082,-0.4795314967632293,0.939763069152832,-0.0591688156127929,0.0972029268741607,-0.4756880402565002,0.9927747249603271,0.1359004080295562,0.2530134618282318,0.955141305923462,-0.1373879611492157,0.2473550736904144,0.9910857677459716,0.1663468852116475,0.1709559831158741,0.0193244570639075,-0.056804492615037,0.0,0.0,0.0,1,1,0,1.0
crossover_11_05_02_fps30.mp4,798,0.1235927194356918,-0.0456445141363952,0.2649939241932659,0.0621531903743743,0.006730705499649,0.9620121121406556,-0.0573411285877227,-0.0093750059604644,0.9935926795005798,0.032751053571701,0.1198209226131439,-0.4930532276630401,0.9449506402015686,-0.0583698749542236,0.0929528176784515,-0.4960215985774994,0.9921393990516664,0.1362137496471405,0.2499568164348602,0.9584380388259888,-0.1367248296737671,0.2444470822811126,0.9910040497779846,0.1649880766117867,0.1725110927992331,-0.0026870224534011,0.00074960235822,0.0,0.0,0.0,0,0,0,1.0
crossover_11_05_02_fps30.mp4,799,0.1245155781507492,-0.0812839319140223,0.2091770678031735,0.0502040088176727,0.0029353499412536,0.9650254249572754,-0.0643552243709564,-0.0111225843429565,0.9850907325744628,0.0171681344509124,0.1155382990837097,-0.485418438911438,0.9492245316505432,-0.0758759081363678,0.0941584706306457,-0.4882372915744781,0.963264524936676,0.1386145055294037,0.2454284429550171,0.9615675806999208,-0.1334959268569946,0.2398205399513244,0.9890881180763244,0.1358713670308162,0.1151456660787365,-0.0558168563900923,-0.0356394177776271,0.0,0.0,0.0,0,0,0,1.0
crossover_11_05_02_fps30.mp4,800,0.1195923089981079,-0.1179657305701304,0.1704580792566624,0.0433661341667175,0.0054965615272521,0.964853584766388,-0.0798101723194122,-0.002468466758728,0.9702879786491394,0.0030765533447265,0.1159468293190002,-0.5082319974899292,0.9472798109054564,-0.1026417315006256,0.1092751622200012,-0.4928822219371795,0.9263799786567688,0.1405090689659118,0.2451935410499572,0.9601292014122008,-0.1318417489528656,0.2396301031112671,0.9706897139549256,0.1327505588127263,0.0630727697552371,-0.0387189885465111,-0.036681798656108,0.0,0.0,0.0,0,0,1,1.0
crossover_11_05_02_fps30.mp4,801,0.1152616143226623,-0.1429379888510299,0.144341704612825,0.0371486842632293,0.0120657086372375,0.9651618599891664,-0.0978129506111145,-0.0024353265762329,0.962774932384491,-0.0078719556331634,0.114489734172821,-0.5399168133735657,0.9488164782524108,-0.1431885361671447,0.0934586524963378,-0.5336430668830872,0.9143626689910888,0.1405508816242218,0.2458061575889587,0.9612380266189576,-0.1315377056598663,0.2399718761444091,0.9568071961402892,0.1383256066979671,0.0508836689581908,-0.0261163746438374,-0.0249722582808995,0.0,0.0,0.0,0,0,1,1.0
crossover_11_05_02_fps30.mp4,802,0.1125592142343521,-0.158618760260485,0.1301875405195283,0.0342054814100265,0.017422616481781,0.967076063156128,-0.1086832731962204,-0.0122105479240417,0.9607866406440736,-0.0124134570360183,0.114108920097351,-0.5610275864601135,0.9520868062973022,-0.1597309857606887,0.0728698372840881,-0.5557076930999756,0.9065729379653932,0.1412775963544845,0.2481276988983154,0.963872730731964,-0.1310973614454269,0.2424681186676025,0.955689549446106,0.1470867523798071,0.0573284933497235,-0.0141541640932967,-0.015680771409455,0.0,0.0,0.0,0,0,1,1.0
crossover_11_05_02_fps30.mp4,803,0.1102684140205383,-0.1583893085940409,0.1318678290378756,0.0330636203289032,0.0222515165805816,0.9689711332321168,-0.1092517375946044,-0.0151417553424835,0.9581812024116516,-0.0126264989376068,0.1152079999446868,-0.5543541312217712,0.9552857875823976,-0.1596956551074981,0.0670429766178131,-0.5571506023406982,0.9018256664276124,0.1415044367313385,0.2498115599155426,0.9666414856910706,-0.1315394639968872,0.2449975907802581,0.9558595418930054,0.1467117806597415,0.0648380137920349,0.0016802885183473,0.000229451666444,0.0,0.0,0.0,0,0,1,1.0
crossover_11_05_02_fps30.mp4,804,0.1097941398620605,-0.1604459130157858,0.1213060300524642,0.0326384305953979,0.0240226984024047,0.9713624119758606,-0.1114205121994018,-0.0184571146965026,0.9597190022468568,-0.014682114124298,0.1151027083396911,-0.544518232345581,0.9592466354370116,-0.1649901270866394,0.059084415435791,-0.5495417714118958,0.9083916544914246,0.1421444416046142,0.2497943639755249,0.969474732875824,-0.1308262646198272,0.2451766729354858,0.9577014446258544,0.1458957376606673,0.0623873321037816,-0.0105617989854114,-0.0020566044217449,0.0,0.0,0.0,0,0,1,1.0
crossover_11_05_02_fps30.mp4,805,0.1093918979167938,-0.1519074844606852,0.1225344996626783,0.0330263525247573,0.0223921239376068,0.9727055430412292,-0.1072457581758499,-0.0180016458034515,0.9553488492965698,-0.0129542797803878,0.1154498159885406,-0.5521273612976074,0.9618901610374452,-0.1568193882703781,0.0586327016353607,-0.5464261174201965,0.9051449298858644,0.142048493027687,0.2491677701473236,0.971254587173462,-0.1303532868623733,0.2457143366336822,0.9565460681915284,0.1391336976928565,0.064090300281398,0.0012284696102141,0.0085384285551006,0.0,0.0,0.0,0,0,1,1.0
crossover_11_05_02_fps30.mp4,806,0.1092079877853393,-0.1328543009394306,0.1382445303405203,0.0333601534366607,0.0199548006057739,0.973583459854126,-0.0985429883003234,-0.0152158141136169,0.9417631030082704,-0.0092007219791412,0.1166645288467407,-0.5660433173179626,0.96371191740036,-0.138154000043869,0.0604953169822692,-0.5347990393638611,0.8931691646575928,0.1411978304386139,0.248498797416687,0.9721718430519104,-0.1308314204216003,0.2452110052108764,0.9491104483604432,0.1255225240909377,0.077929628437613,0.0157100306778419,0.0190531835212545,0.0,0.0,0.0,0,0,1,1.0
crossover_11_05_02_fps30.mp4,807,0.1103111505508422,-0.0994634041341684,0.1683839889561257,0.0363765656948089,0.0171646773815155,0.9733930826187134,-0.0876252651214599,-0.0025169551372528,0.9349011778831482,-0.0031621158123016,0.1178491413593292,-0.54962158203125,0.9620215892791748,-0.1068063676357269,0.1013721525669097,-0.514377236366272,0.8652323484420776,0.1404630243778228,0.2468228042125702,0.9721691012382508,-0.1313523352146148,0.243156224489212,0.946776807308197,0.1087552709255178,0.0674129463029191,0.0301394586156054,0.0333908968052621,0.0,0.0,0.0,0,0,1,1.0
crossover_11_05_02_fps30.mp4,808,0.1118639707565307,-0.1003772709329249,0.1669595388377585,0.0368021726608276,0.0148727595806121,0.9732314348220824,-0.0836019515991211,-0.0005581676959991,0.931454062461853,-0.0024937391281127,0.1178615391254425,-0.5459551811218262,0.9609201550483704,-0.099817931652069,0.1044287383556366,-0.5087093710899353,0.851887583732605,0.139535367488861,0.2452899515628814,0.9725044369697572,-0.1322915852069854,0.2420202791690826,0.9458731412887572,0.1095070745401147,0.0625333020826986,-0.0014244501183672,-0.0009138667987564,0.0,0.0,0.0,0,0,1,1.0
crossover_11_05_02_fps30.mp4,809,0.1145660132169723,-0.0481296792878943,0.2190010921257298,0.0349738299846649,0.0142666399478912,0.9738590717315674,-0.0720542073249816,-0.0022225677967071,0.9359328746795654,0.004765897989273,0.119949072599411,-0.5234566926956177,0.9619866609573364,-0.0704170167446136,0.0965552031993866,-0.4950055181980133,0.8625515699386597,0.1371245086193084,0.2450359165668487,0.9738830327987672,-0.1345796287059784,0.2419809997081756,0.9495732188224792,0.1122908930756498,0.124457708181824,0.0520415532879713,0.0522475916450306,0.0,0.0,0.0,0,0,0,1.0
crossover_11_05_02_fps30.mp4,810,0.1146980077028274,0.0083275536359366,0.2821975581529664,0.0497327446937561,0.0064379870891571,0.9740199446678162,-0.0581904649734497,-0.002066820859909,0.9419028759002686,0.0342912673950195,0.120098739862442,-0.4512869715690613,0.9615415334701538,-0.0405537486076355,0.1094675362110138,-0.5022153258323669,0.8742238879203796,0.1358286142349243,0.2465763390064239,0.9737144708633424,-0.1357551515102386,0.2435036599636078,0.9527725577354432,0.164164982025242,0.1795133482198326,0.0631964660272366,0.0564572329238309,0.0,0.0,0.0,1,1,0,1.0
crossover_11_05_02_fps30.mp4,811,0.1150968670845031,0.0473551540051476,0.2411107777095422,0.0651860833168029,0.0026379525661468,0.9728092551231384,-0.0466023683547973,0.0036887228488922,0.9475816488265992,0.0645141005516052,0.1055822074413299,-0.4649637639522552,0.9573770761489868,-0.0218768715858459,0.1171869933605194,-0.549480140209198,0.8865110278129578,0.1353580355644226,0.2465949356555938,0.9747135639190674,-0.1353314518928527,0.2429908215999603,0.9563458561897278,0.1366104783884821,0.1419513215676948,-0.0410867804434241,0.039027600369211,0.0,0.0,0.0,0,0,0,1.0
crossover_11_05_02_fps30.mp4,812,0.1160439699888229,0.0469776752641645,0.2409387193075041,0.06733039021492,-0.001963198184967,0.9737424850463868,-0.0470740795135498,0.0061869621276855,0.9527227878570556,0.0668416321277618,0.099437415599823,-0.4488481879234314,0.9575051665306092,-0.0208421051502227,0.1182946562767028,-0.540104866027832,0.8976091742515564,0.134987860918045,0.2461326718330383,0.975367546081543,-0.1356728672981262,0.2428042292594909,0.959828555583954,0.1428887529977509,0.1401466689299423,-0.0001720584020381,-0.0003774787409831,0.0,0.0,0.0,0,0,0,1.0
crossover_11_05_02_fps30.mp4,813,0.1155925840139389,0.0801313043650934,0.1995293128781202,0.077742725610733,-0.0031744241714477,0.974431037902832,-0.0448770821094512,0.0082254409790039,0.957314431667328,0.0891704857349395,0.1003366708755493,-0.4725663959980011,0.9564225077629088,-0.0113572776317596,0.1159200072288513,-0.5435632467269897,0.9075798392295836,0.1286483108997345,0.2464330196380615,0.9723225235939026,-0.1412154138088226,0.2435860633850097,0.9617989659309388,0.0996036496685095,0.1239381968036802,-0.0414094064293838,0.0331536291009288,0.0,0.0,0.0,0,0,0,1.0
crossover_11_05_02_fps30.mp4,814,0.1141645163297653,0.1068418663437084,0.1676672298733781,0.0909924209117889,-0.0051701068878173,0.967053234577179,-0.0423517525196075,0.0118798613548278,0.9612496495246888,0.1145350635051727,0.0978308916091919,-0.4992370009422302,0.9404054284095764,-0.0034503042697906,0.1167328953742981,-0.5653993487358093,0.9161591529846193,0.1258598268032074,0.2467204332351684,0.948671281337738,-0.1441282331943512,0.2461856007575988,0.9534267783164978,0.0702588031830531,0.1214852638368183,-0.0318620830047421,0.0267105619786149,0.0,0.0,0.0,0,0,1,1.0
crossover_11_05_02_fps30.mp4,815,0.1148815900087356,0.1279279455290002,0.1414762533292537,0.1029519140720367,-0.0087528526782989,0.966902196407318,-0.0437805354595184,0.0118564665317535,0.9649820327758788,0.1411230862140655,0.0789463818073272,-0.5115213394165039,0.9373054504394532,0.0003799498081207,0.1178628504276275,-0.5859897136688232,0.9243606328964232,0.1237306296825409,0.2480561435222625,0.9488966464996338,-0.1461916863918304,0.2475161254405975,0.9563690423965454,0.0639069367928654,0.1297153961910767,-0.0261909765441243,0.0210860791852918,0.0,0.0,0.0,0,0,1,1.0
crossover_11_05_02_fps30.mp4,816,0.1181977987289428,0.1387257573968273,0.1164582019898949,0.1135346889495849,-0.0187596678733825,0.9688509702682496,-0.0450143814086914,0.0120168328285217,0.9682811498641968,0.1607162356376648,0.0730134844779968,-0.5440439581871033,0.938803732395172,-0.001940906047821,0.1077698469161987,-0.5698778033256531,0.9316779971122742,0.1220922470092773,0.2490832209587097,0.9442147612571716,-0.1481732726097107,0.2485218048095703,0.958497941493988,0.0486931680315562,0.1409347285750982,-0.0250180513393587,0.0107978118678271,0.0,0.0,0.0,0,0,1,1.0
crossover_11_05_02_fps30.mp4,817,0.1191654056310653,0.1376181584293559,0.1170075941376569,0.1129381656646728,-0.020671397447586,0.9689297080039978,-0.0459532737731933,0.0123209059238433,0.9710366129875184,0.1590954065322876,0.0742199122905731,-0.5761930346488953,0.9320856332778932,-0.002476155757904,0.1034446060657501,-0.5922662615776062,0.9378254413604736,0.1211408376693725,0.2497168481349945,0.9371918439865112,-0.1492204070091247,0.2494080960750579,0.9594157338142396,0.0478754415532864,0.1407493215366859,0.0005493921477619,-0.0011075989674713,0.0,0.0,0.0,0,0,1,1.0
crossover_11_05_02_fps30.mp4,818,0.1222847700119018,0.1455804816747116,0.0941195057659614,0.1179507970809936,-0.0267316102981567,0.969550848007202,-0.0466877818107605,0.0090008974075317,0.9736263751983644,0.1649419665336609,0.0496433973312377,-0.5468757152557373,0.9294623136520386,-0.0025367736816406,0.0982179641723632,-0.5770703554153442,0.9436633586883544,0.1208763718605041,0.2499521374702453,0.9368966817855836,-0.1494237780570984,0.2499474883079528,0.9622936248779296,0.0485076418458021,0.1481739474253414,-0.0228880883716955,0.0079623232453556,0.0,0.0,0.0,0,0,1,1.0
crossover_11_05_02_fps30.mp4,819,0.1240070313215255,0.1498885074914512,0.0740950393967512,0.1199878752231597,-0.0331330597400665,0.9705041646957396,-0.0453743040561676,0.0075316727161407,0.975966453552246,0.1651684343814849,0.0367635190486907,-0.4888149499893188,0.928994596004486,-0.0011868774890899,0.0935035645961761,-0.5552982091903687,0.9490521550178528,0.1223281919956207,0.2521300613880157,0.938079595565796,-0.1484143733978271,0.2514648139476776,0.9651451706886292,0.0403375578990898,0.1523169813167115,-0.0200244663692101,0.0043080258167396,0.0,0.0,0.0,0,0,1,1.0
crossover_11_05_02_fps30.mp4,820,0.1247684061527252,0.1495797859410108,0.0610718683498662,0.1174215376377105,-0.0377619266510009,0.9687345027923584,-0.0444217026233673,0.0069057345390319,0.9779797792434692,0.1586796939373016,0.0315185785293579,-0.4779514074325561,0.9209697246551514,-0.0006110966205596,0.0913717746734619,-0.5490496754646301,0.9536941647529602,0.1230538785457611,0.2558143138885498,0.9321776032447816,-0.1477675437927246,0.2526396512985229,0.9664002656936646,0.0309225688576469,0.1532167925778442,-0.0130231710468849,-0.0003087215504403,0.0,0.0,0.0,0,0,1,1.0
crossover_11_05_02_fps30.mp4,821,0.1255608648061752,0.1480902932458004,0.0482577456206809,0.1155796647071838,-0.0390280485153198,0.9688724875450134,-0.0439690947532653,0.0048817694187164,0.9797431826591492,0.1561186909675598,0.0217327773571014,-0.470855712890625,0.9226197600364684,-0.001002013683319,0.0852148830890655,-0.5306342244148254,0.9578871130943298,0.12336927652359,0.2572936117649078,0.928893268108368,-0.1476038694381714,0.2540874183177948,0.9682857394218444,0.027713338149033,0.1536045116372037,-0.0128141227291852,-0.0014894926952103,0.0,0.0,0.0,0,0,1,1.0
crossover_11_05_02_fps30.mp4,822,0.1264026314020156,0.1483937915098869,0.0483766932313035,0.115328699350357,-0.0399198830127716,0.9691758751869202,-0.0439641773700714,0.0029964745044708,0.9813098311424256,0.1554366648197174,0.0210219919681549,-0.4624043107032776,0.9249256253242492,-0.0009655654430389,0.0830009281635284,-0.5258153676986694,0.9616711735725404,0.1235948503017425,0.2573942840099334,0.9274118542671204,-0.1474778354167938,0.254453033208847,0.9702267050743104,0.028246800626875,0.1533201068158819,0.0001189476106225,0.0003034982640864,0.0,0.0,0.0,0,0,1,1.0
crossover_11_05_02_fps30.mp4,823,0.1276708245277404,0.1465525891821263,0.038991947290374,0.1133486628532409,-0.0404970049858093,0.9690282940864564,-0.0437697172164917,0.0007452964782714,0.9826271533966064,0.1540414690971374,0.0180424451828002,-0.4684614241123199,0.9262454509735109,-0.0003105401992797,0.0787631869316101,-0.5207846760749817,0.964859664440155,0.1245979666709899,0.2576520442962646,0.9254231452941896,-0.1465998291969299,0.2546874284744262,0.9717533588409424,0.0222478080029627,0.1521529831265238,-0.0093847459409295,-0.0018412023277606,0.0,0.0,0.0,0,0,1,1.0
crossover_11_05_02_fps30.mp4,824,0.1307916492223739,0.1446629300966101,0.0306948616737272,0.1126677095890045,-0.043447345495224,0.9547463655471802,-0.0434862673282623,-0.0024325549602508,0.9838868379592896,0.1489400565624237,0.0155214369297027,-0.4333049654960632,0.8909617066383362,-0.0002177655696868,0.074985533952713,-0.5110306739807129,0.9678579568862916,0.1256646811962127,0.2577147185802459,0.9265950322151184,-0.1459301114082336,0.2545486390590668,0.9736852645874025,0.0157647273768732,0.1514994377140545,-0.0082970856166467,-0.0018896590855161,0.0,0.0,0.0,0,0,1,1.0
crossover_11_05_02_fps30.mp4,825,0.1322656124830246,0.1430977745581481,0.0267022915002775,0.1107071340084075,-0.0410000383853912,0.927590310573578,-0.0426442921161651,-0.0048646330833435,0.9848885536193848,0.1465475261211395,0.0180631279945373,-0.4195071756839752,0.8299862742424011,0.0002523958683013,0.0721926093101501,-0.507057785987854,0.9703726768493652,0.1267878115177154,0.258000910282135,0.9275551438331604,-0.1450903713703155,0.2544782161712646,0.9754089117050172,0.0093024691305736,0.1499138793690861,-0.0039925701734496,-0.001565155538462,0.0,0.0,0.0,0,0,1,1.0
crossover_11_05_02_fps30.mp4,826,0.1336089521646499,0.1418514828560716,0.0231224929414144,0.1055288612842559,-0.0396640598773956,0.9018612504005432,-0.042386919260025,-0.0072277784347534,0.9858522415161132,0.137047678232193,0.0231463313102722,-0.4534367322921753,0.774703323841095,0.0007712543010711,0.0703867673873901,-0.5123128294944763,0.972575306892395,0.1279878914356231,0.2579513788223266,0.9272639751434326,-0.1441247463226318,0.2541612982749939,0.9766309857368468,0.0048038637711978,0.1487869030796584,-0.0035797985588631,-0.0012462917020764,0.0,0.0,0.0,0,0,1,1.0
crossover_11_05_02_fps30.mp4,827,0.134215697646141,0.1424556420011035,0.0229176311958126,0.1033943593502044,-0.0386341512203216,0.8815121054649353,-0.0423239767551422,-0.008569061756134,0.9865611791610718,0.1349509060382843,0.024341881275177,-0.4992647469043731,0.7290422320365906,0.0010215938091278,0.0696902275085449,-0.5382288098335266,0.9743192195892334,0.1286041438579559,0.2578401565551758,0.9272271990776062,-0.1436097025871276,0.2538719773292541,0.9775696992874146,0.0076386877250088,0.1489673311629228,-0.0002048617456017,0.0006041591450318,0.0,0.0,0.0,0,0,1,1.0
crossover_11_05_02_fps30.mp4,828,0.1353212296962738,0.1412340141959109,0.0221050886119283,0.0993370413780212,-0.0363824069499969,0.8563403487205505,-0.0429463982582092,-0.0095224678516387,0.987285315990448,0.1296752095222473,0.0261856019496917,-0.5209724307060242,0.6810707449913025,0.0015352964401245,0.0683837831020355,-0.5587038993835449,0.9759541749954224,0.1291651725769043,0.2575935423374176,0.9260023832321168,-0.1432014107704162,0.2535052001476288,0.9780929684638976,0.0122579180362561,0.1471647012918504,-0.0008125425838843,-0.0012216278051925,0.0,0.0,0.0,0,0,1,1.0
crossover_11_05_02_fps30.mp4,829,0.1361677497625351,0.1403720933502003,0.0223898460225361,0.0966724455356597,-0.0327042043209075,0.8462098240852356,-0.0437701046466827,-0.0114182829856872,0.9879392981529236,0.1275674402713775,0.031453788280487,-0.5110949277877808,0.6552270650863647,0.0025379359722137,0.0656302571296691,-0.5521923899650574,0.9773349761962892,0.1298420131206512,0.2577211856842041,0.926575779914856,-0.14252969622612,0.2535905241966247,0.979036509990692,0.0156880269544794,0.14445756502452,0.0002847574106077,-0.0008619208457106,0.0,0.0,0.0,0,0,1,1.0
crossover_11_05_02_fps30.mp4,830,0.136752188205719,0.1387828074269376,0.0232076739392629,0.0941761434078216,-0.0302086770534515,0.8373454809188843,-0.0457835793495178,-0.0134777128696441,0.9883453845977784,0.1249888837337493,0.0381134450435638,-0.4793305397033691,0.6319662928581238,0.0040197074413299,0.0610880553722381,-0.5496641397476196,0.9781561493873596,0.1302852928638458,0.2581070959568023,0.929201066493988,-0.1421861052513122,0.2540330588817596,0.9803118705749512,0.0203089719845025,0.1399857721885998,0.0008178279167267,-0.0015892859232626,0.0,0.0,0.0,0,0,1,1.0
crossover_11_05_02_fps30.mp4,831,0.1351471990346908,0.1370445408053316,0.025608153168748,0.0923103988170623,-0.0252472162246704,0.8239549994468689,-0.0476881265640258,-0.0127188563346862,0.9885159730911256,0.1242401301860809,0.0437427163124084,-0.4991581737995147,0.6077923774719238,0.0074810087680816,0.0509447455406188,-0.589461088180542,0.9788347482681274,0.1304025948047638,0.2603723406791687,0.9306789636611938,-0.1423195600509643,0.2560639381408691,0.9810160994529724,0.022199443950644,0.1320176190778558,0.0024004792294851,-0.0017382666216059,0.0,0.0,0.0,0,0,1,1.0
crossover_11_05_02_fps30.mp4,832,0.1345797181129455,0.1372428807161622,0.0260565027958009,0.091971218585968,-0.0227006077766418,0.8027529716491699,-0.0482217371463775,-0.0129873752593994,0.98814195394516,0.1234350800514221,0.0460147261619567,-0.5053850412368774,0.5730504393577576,0.0087067484855651,0.0487843751907348,-0.5918232798576355,0.9787294268608092,0.1306045055389404,0.260966956615448,0.9338410496711732,-0.142132431268692,0.256321370601654,0.981740415096283,0.024269034573517,0.1305300481590423,0.0004483496270528,0.0001983399108305,0.0,0.0,0.0,0,0,1,1.0
crossover_11_05_02_fps30.mp4,833,0.1347305476665496,0.135979725546756,0.0255299815317479,0.0900953412055969,-0.0223603844642639,0.80296790599823,-0.0491402745246887,-0.0158177018165588,0.9883365631103516,0.1200184226036071,0.0473532080650329,-0.5314606428146362,0.5710192322731018,0.0108637809753417,0.0353708863258361,-0.6578860282897949,0.97978013753891,0.1306922435760498,0.261335015296936,0.9380389451980592,-0.1420947015285492,0.2562474012374878,0.982832968235016,0.0270373151027621,0.1255023625003271,-0.000526521264053,-0.0012631551694061,0.0,0.0,0.0,0,0,1,1.0
crossover_11_05_02_fps30.mp4,834,0.1367563605308532,0.1362350448713464,0.0232980255673571,0.0889435112476348,-0.0244128406047821,0.8035060167312622,-0.0490195453166961,-0.0205276906490325,0.988667905330658,0.1165229380130767,0.0458856523036956,-0.5378075838088989,0.569675862789154,0.0144225060939788,0.0154537260532379,-0.6953287124633789,0.9809367656707764,0.1316374838352203,0.2604911029338836,0.9424304366111756,-0.1412365436553955,0.2549957931041717,0.983912706375122,0.0299794602748614,0.1220648501340778,-0.0022319559643907,0.0002553193245903,0.0,0.0,0.0,0,0,1,1.0
crossover_11_05_02_fps30.mp4,835,0.1392170786857605,0.1367731834872294,0.0212953682352856,0.0887406766414642,-0.027233213186264,0.8056597113609314,-0.0483291149139404,-0.0233388841152191,0.989214301109314,0.1165647804737091,0.0433755218982696,-0.5342689752578735,0.5760396122932434,0.0174023807048797,-0.0011607110500335,-0.6986860036849976,0.9823814630508424,0.1322087943553924,0.2588489949703216,0.946294903755188,-0.1406932175159454,0.2533572614192962,0.9848755598068236,0.0299318014515973,0.1214646617488855,-0.0020026573320715,0.000538138615883,0.0,0.0,0.0,0,0,1,1.0
crossover_11_05_02_fps30.mp4,836,0.1455132961273193,0.1375577559915639,0.0151576652759458,0.0893407762050628,-0.0326026678085327,0.8055741786956787,-0.0472080111503601,-0.0318794250488281,0.9899244904518129,0.1172990500926971,0.0379335284233093,-0.4875665307044983,0.5820317268371582,0.0213768184185028,-0.0165421962738037,-0.6654731631278992,0.9838491678237916,0.1330956518650055,0.2535290718078613,0.9487910866737366,-0.1398525238037109,0.2480846643447876,0.9856770038604736,0.0304820456466459,0.120427951396795,-0.0061377029593397,0.0007845725043345,0.0,0.0,0.0,0,0,1,1.0
crossover_11_05_02_fps30.mp4,837,0.1485112905502319,0.1379161993325767,0.01268667898527,0.0896455347537994,-0.0352855622768402,0.8039407730102539,-0.0467304587364196,-0.0347542464733123,0.9905114769935608,0.1172866523265838,0.0353231728076934,-0.4753257632255554,0.5822467803955078,0.0228126347064971,-0.0199394524097442,-0.6527012586593628,0.9851226210594176,0.1335261762142181,0.2509872615337372,0.9511290788650512,-0.1395716369152069,0.2456254661083221,0.9864581227302552,0.0306266070965276,0.1196381838688418,-0.0024709862906757,0.0003584433410127,0.0,0.0,0.0,0,0,1,1.0
crossover_11_05_02_fps30.mp4,838,0.1514861434698104,0.1379369730666532,0.0104237813775132,0.090327113866806,-0.0363003313541412,0.8054373264312744,-0.0462390482425689,-0.0383032262325286,0.9909278750419616,0.1172914803028106,0.033723384141922,-0.4788906872272491,0.5823333263397217,0.0258432328701019,-0.0236341059207916,-0.6546550393104553,0.9860095977783204,0.1334904134273529,0.2488032281398773,0.9531512260437012,-0.1396093666553497,0.2442465126514434,0.9871052503585817,0.0311304972726283,0.117153515860498,-0.0022628976077568,2.0773734076495742e-05,0.0,0.0,0.0,0,0,1,1.0
crossover_11_05_02_fps30.mp4,839,0.1525919884443283,0.1378980066816685,0.0103271320098783,0.0907493233680725,-0.0352483093738555,0.809633731842041,-0.0445967018604278,-0.0387460887432098,0.9913558959960938,0.1180319190025329,0.0331994593143463,-0.4833402931690216,0.5880619883537292,0.0301650762557983,-0.0226726233959198,-0.6546708345413208,0.986874222755432,0.1334246397018432,0.2479160726070404,0.955331325531006,-0.139693796634674,0.2442782819271087,0.9877445697784424,0.0302952932977684,0.1126737243326406,-9.66493676348712e-05,-3.896638498468441e-05,0.0,0.0,0.0,0,0,1,1.0
crossover_11_05_02_fps30.mp4,840,0.1530646681785583,0.137824753482463,0.0110244775690683,0.0909637510776519,-0.0345654189586639,0.8109100461006165,-0.0405658483505249,-0.0381002128124237,0.9917205572128296,0.1182368695735931,0.0328672230243682,-0.4880496859550476,0.5899249911308289,0.0393324792385101,-0.0146310627460479,-0.6035332083702087,0.9874836206436156,0.1334051191806793,0.2472432553768158,0.9570562243461608,-0.1397162079811096,0.2443333566188812,0.9882553815841676,0.0293392352499582,0.1017788525903421,0.0006973455591899,-7.325319920548079e-05,0.0,0.0,0.0,0,0,1,1.0
crossover_11_05_02_fps30.mp4,841,0.1529989391565323,0.1377072075666007,0.0118287053050064,0.091031014919281,-0.0332415997982025,0.8176743388175964,-0.0355796217918396,-0.0373367369174957,0.9920266270637512,0.1186848878860473,0.034376710653305,-0.4969807267189026,0.6023992896080017,0.040231704711914,-0.0026021897792816,-0.595832109451294,0.9880790114402772,0.1333563327789306,0.2471713125705719,0.9593684077262878,-0.1396731734275818,0.2444916069507599,0.9888511300086976,0.0295001896810184,0.0985379337600893,0.0008042277359381,-0.0001175459158623,0.0,0.0,0.0,0,0,1,1.0
crossover_11_05_02_fps30.mp4,842,0.1530334800481796,0.1377185122441437,0.0119328229892544,0.091025710105896,-0.0326447784900665,0.8247544169425964,-0.0340789556503295,-0.0368483960628509,0.9922792315483092,0.1189526915550232,0.0353098213672637,-0.4989190101623535,0.6153115034103394,0.0404805541038513,0.0026802122592926,-0.5932947993278503,0.9885833263397216,0.1333110332489013,0.2471506893634796,0.9615318179130554,-0.1396377086639404,0.2445638477802276,0.9893635511398317,0.0299773260865887,0.0976771790574107,0.000104117684248,1.1304677543066964e-05,0.0,0.0,0.0,0,0,1,1.0
crossover_11_05_02_fps30.mp4,843,0.1509456038475036,0.1375256570719056,0.015280874764047,0.0908819437026977,-0.0304118394851684,0.8293827772140503,-0.0314222574234008,-0.0345988273620605,0.992497742176056,0.1190839409828186,0.0381646752357482,-0.511510968208313,0.6226672530174255,0.039641797542572,0.0131796002388,-0.5972896218299866,0.9890409111976624,0.1332432031631469,0.2490935921669006,0.9631369709968568,-0.1396338045597076,0.2466973066329956,0.9898942708969116,0.0293898828908712,0.097906410980021,0.0033480517747925,-0.0001928551722381,0.0,0.0,0.0,0,0,1,1.0
crossover_11_05_02_fps30.mp4,844,0.1506675630807876,0.1372092834973739,0.0165009356126553,0.0908520221710205,-0.0297464728355407,0.8288139700889587,-0.0316913723945617,-0.0338300466537475,0.9926905035972596,0.1192391514778137,0.0398939847946167,-0.5143890976905823,0.6208578944206238,0.0385955572128295,0.0167203545570373,-0.5921167135238647,0.9894168972969056,0.1332083940505981,0.2490817308425903,0.9645230174064636,-0.1396310925483703,0.2468487024307251,0.990323007106781,0.0294984812292105,0.0986139703916041,0.0012200608486082,-0.0003163735745317,0.0,0.0,0.0,0,0,1,1.0
crossover_11_05_02_fps30.mp4,845,0.1502602398395538,0.1370241947093252,0.0174347695780963,0.0909449458122253,-0.0289295613765716,0.8251914381980896,-0.0326385498046875,-0.0329090058803558,0.9926603436470032,0.1191169619560241,0.0402770340442657,-0.5157672762870789,0.6134768724441528,0.0373393297195434,0.0170053541660308,-0.5880079865455627,0.989208161830902,0.1332196593284607,0.2490405142307281,0.9648903012275696,-0.1395826637744903,0.246950477361679,0.9904263615608216,0.0290247830452412,0.0996857898881638,0.000933833965441,-0.0001850887880486,0.0,0.0,0.0,0,0,1,1.0
crossover_11_05_02_fps30.mp4,846,0.150869682431221,0.1367518818984597,0.0169919153539145,0.0909730792045593,-0.0295426845550537,0.8169088363647461,-0.0337034463882446,-0.0336880087852478,0.99251526594162,0.1192408204078674,0.0397439002990722,-0.5148538947105408,0.5991263389587402,0.0370040535926818,0.0157393813133239,-0.5751028060913086,0.9885429739952089,0.1331872940063476,0.2480682730674743,0.965497612953186,-0.1395036876201629,0.2460918426513672,0.9905091524124146,0.0287104526866434,0.0997556920342983,-0.0004428542241817,-0.0002723128108654,0.0,0.0,0.0,0,0,1,1.0
crossover_11_05_02_fps30.mp4,847,0.151037111878395,0.1367864813845036,0.0166716800957191,0.0908068716526031,-0.029865950345993,0.8082248568534851,-0.0349291265010833,-0.033964067697525,0.9923481941223145,0.1191994249820709,0.0394718348979949,-0.5161190629005432,0.5840021967887878,0.0366935431957244,0.0151787102222442,-0.5755171179771423,0.987783133983612,0.1331758201122284,0.2474642097949981,0.9657580256462096,-0.1394668221473693,0.2459032833576202,0.9905127286911012,0.028794992827054,0.1001040720166061,-0.0003202352581953,3.4599486043895844e-05,0.0,0.0,0.0,0,0,1,1.0
crossover_11_05_02_fps30.mp4,848,0.1510360985994339,0.1365047390178099,0.0166969898270397,0.0906323194503784,-0.0300413966178894,0.8031553030014038,-0.036672294139862,-0.034006655216217,0.992151379585266,0.1192556619644165,0.0392584204673767,-0.5146763920783997,0.5755701065063477,0.0348984599113464,0.0146957635879516,-0.5706371068954468,0.9870100021362304,0.1331989765167236,0.2471831440925598,0.9663689136505128,-0.1394486129283905,0.246236503124237,0.9906432032585144,0.0283998030227788,0.1016259851628537,2.5309731320533047e-05,-0.0002817423666937,0.0,0.0,0.0,0,0,1,1.0
crossover_11_05_02_fps30.mp4,849,0.1507065296173095,0.1358316374027123,0.0168397557444688,0.0904906094074249,-0.0300387144088745,0.8038804531097412,-0.0378523766994476,-0.0340056419372558,0.9921443462371826,0.1195175349712371,0.0392665863037109,-0.5017445683479309,0.5790292620658875,0.0322591960430145,0.0145865678787231,-0.5664452910423279,0.9870936274528505,0.1331261694431305,0.2469225525856018,0.9667139053344728,-0.139536440372467,0.2465793490409851,0.9907931685447692,0.0277328806126882,0.1035969471787966,0.0001427659174291,-0.0006731016150975,0.0,0.0,0.0,0,0,1,1.0
crossover_11_05_02_fps30.mp4,850,0.1494594365358352,0.135185624482268,0.0179783738240962,0.0902024805545806,-0.0289349853992462,0.8063343167304993,-0.0385583341121673,-0.0332514941692352,0.9921518564224244,0.1197604238986969,0.0403530895709991,-0.5012578368186951,0.5880837440490723,0.0297496020793914,0.0167060196399688,-0.568828284740448,0.9873959422111512,0.1330465972423553,0.2479660809040069,0.966653048992157,-0.1396031379699707,0.247774451971054,0.9909546375274658,0.0271765472015505,0.1054436992205307,0.0011386180796274,-0.0006460129204443,0.0,0.0,0.0,0,0,1,1.0
crossover_11_05_02_fps30.mp4,851,0.1480994373559951,0.1346580710451481,0.0192988167448742,0.089540809392929,-0.0281459391117095,0.808722972869873,-0.0390626490116119,-0.032429963350296,0.992149829864502,0.1195842921733856,0.041713148355484,-0.4926900565624237,0.5955637097358704,0.0279066264629364,0.0183824002742767,-0.5707366466522217,0.9875895977020264,0.1329727470874786,0.2492664754390716,0.966620922088623,-0.1396283507347107,0.249364823102951,0.9911192059516908,0.0270114988666896,0.1067553780356596,0.0013204429207779,-0.0005275534371198,0.0,0.0,0.0,0,0,1,1.0
crossover_11_05_02_fps30.mp4,852,0.1472542583942413,0.1346425245373935,0.0200999592862478,0.0892706215381622,-0.0274604260921478,0.8047404885292053,-0.0393480360507965,-0.0317649543285369,0.9920743107795716,0.119427353143692,0.0424899756908416,-0.4943075478076935,0.5917822122573853,0.027612954378128,0.0194961130619049,-0.573860764503479,0.9873823523521424,0.1328541934490203,0.2498966753482818,0.9655067920684814,-0.1396324038505554,0.2503601014614105,0.9910202026367188,0.0270705425719118,0.1070312735546942,0.0008011425413736,-1.554650775459354e-05,0.0,0.0,0.0,0,0,1,1.0
crossover_11_05_02_fps30.mp4,853,0.1470812410116195,0.1341866261878256,0.0198889527379012,0.089228481054306,-0.027283102273941,0.8048505187034607,-0.0395453572273254,-0.0318217575550079,0.9921151995658876,0.1192128360271453,0.0426591336727142,-0.5031266808509827,0.5954402089118958,0.0274812281131744,0.0197930634021759,-0.5747538805007935,0.9874057769775392,0.1327984035015106,0.249698132276535,0.9650049805641174,-0.1396528482437133,0.2505722343921661,0.991014838218689,0.0272524408371104,0.1067054411594576,-0.0002110065483466,-0.0004558983495679,0.0,0.0,0.0,0,0,1,1.0
crossover_11_05_02_fps30.mp4,854,0.1469527781009674,0.1339857141850358,0.0197827281021489,0.0892177820205688,-0.0270935893058776,0.8083821535110474,-0.0396910011768341,-0.0320585370063781,0.992314636707306,0.1191741824150085,0.0429182052612304,-0.4970279633998871,0.6041123270988464,0.0273752212524414,0.0199947357177734,-0.5719766020774841,0.9879006743431092,0.1328046917915344,0.2497339248657226,0.9654083847999572,-0.1396790146827697,0.2508617639541626,0.9912526607513428,0.0274705620028587,0.1066107037335362,-0.0001062246357522,-0.0002009120027898,0.0,0.0,0.0,0,0,1,1.0
crossover_11_05_02_fps30.mp4,855,0.1467670947313308,0.1338977897571305,0.0200082537604541,0.0891819298267364,-0.0267941951751709,0.8125995397567749,-0.0397978723049163,-0.0321131944656372,0.9924205541610718,0.1191359460353851,0.043252408504486,-0.4937438070774078,0.6119986772537231,0.0272563397884368,0.0202846527099609,-0.5666373372077942,0.988251268863678,0.1327514946460724,0.2500656247138977,0.9660114645957948,-0.1397177278995514,0.2512660622596741,0.9915147423744202,0.0275354818339853,0.106641808160799,0.0002255256583051,-8.792442790528376e-05,0.0,0.0,0.0,0,0,1,1.0
crossover_11_05_02_fps30.mp4,856,0.1468430310487747,0.133975053439706,0.0200240801020366,0.0891602635383606,-0.0268207192420959,0.8122835159301758,-0.0398269593715667,-0.0323588252067565,0.992458701133728,0.1188423633575439,0.0432270169258117,-0.4979495704174042,0.6111137270927429,0.0272938013076782,0.0202220678329467,-0.5687519311904907,0.9884636402130128,0.1327305436134338,0.2500704526901245,0.9664400815963744,-0.1397292017936706,0.2513703107833862,0.9916491508483888,0.0277015267877218,0.106681435852724,1.5826341582481085e-05,7.726368257554572e-05,0.0,0.0,0.0,0,0,1,1.0
crossover_11_05_02_fps30.mp4,857,0.1468667089939117,0.133962248846636,0.0200343796392766,0.0891257226467132,-0.0269031226634979,0.8123950362205505,-0.0398449897766113,-0.0324659645557403,0.9924569129943848,0.1184277236461639,0.0431928932666778,-0.5120034217834473,0.6091752648353577,0.0273375809192657,0.0201641023159027,-0.5693447589874268,0.988548755645752,0.1327197849750518,0.2500698268413543,0.9670051336288452,-0.1397217214107513,0.2513927519321441,0.9917618632316588,0.0278861655061183,0.1066247468395344,1.029953724007715e-05,-1.2804593070070425e-05,0.0,0.0,0.0,0,0,1,1.0
crossover_11_05_02_fps30.mp4,858,0.1467806994915008,0.1340721307164532,0.020086952098986,0.0891037881374359,-0.0269905030727386,0.8138553500175476,-0.0398527681827545,-0.0325024425983428,0.9924561381340028,0.1181207597255706,0.0430357158184051,-0.5177963972091675,0.609336256980896,0.0273521244525909,0.0200918018817901,-0.5733793377876282,0.9885662198066713,0.1327424943447113,0.2501085102558136,0.9677610397338868,-0.1397263705730438,0.2513661086559295,0.991913378238678,0.0279480230559962,0.1067200063740589,5.2572459709354646e-05,0.0001098818698171,0.0,0.0,0.0,0,0,1,1.0
crossover_11_05_02_fps30.mp4,859,0.1470972299575805,0.1341951343972803,0.0197728745821045,0.0890589952468872,-0.027608186006546,0.816220760345459,-0.039885938167572,-0.0330522954463958,0.992547869682312,0.1180368661880493,0.0424533784389495,-0.5183823704719543,0.6113244295120239,0.0273569822311401,0.0194972455501556,-0.573111355304718,0.9888412356376648,0.1327261924743652,0.2495715320110321,0.968456506729126,-0.1397581994533538,0.2508105337619781,0.9920319318771362,0.0278477088235605,0.1068385077097138,-0.0003140775168815,0.0001230036808271,0.0,0.0,0.0,0,0,1,1.0
crossover_11_05_02_fps30.mp4,860,0.1473396569490432,0.1343327706143007,0.0196656667604678,0.0890217423439025,-0.0280700623989105,0.8211306929588318,-0.0399196147918701,-0.0334691703319549,0.9926558136940002,0.1180064678192138,0.0419692695140838,-0.5171654224395752,0.6188334226608276,0.0273537039756774,0.019060879945755,-0.5714662671089172,0.9891898036003112,0.1327317357063293,0.2491632401943206,0.9697102904319764,-0.139795035123825,0.2503605186939239,0.9923073053359984,0.027640529277638,0.1069807761514293,-0.0001072078216366,0.0001376362170203,0.0,0.0,0.0,0,0,1,1.0
crossover_11_05_02_fps30.mp4,861,0.1477589756250381,0.1344251712500038,0.0197221979862306,0.0889414846897125,-0.0286271572113037,0.8254143595695496,-0.0399452745914459,-0.0340260863304138,0.9927932620048524,0.1180010735988617,0.0414024591445922,-0.5160872340202332,0.6251655220985413,0.0272123515605926,0.0186006426811218,-0.5694894790649414,0.9895137548446656,0.1327436864376068,0.2486042380332946,0.9709262847900392,-0.1398039162158966,0.2497873902320861,0.9925707578659058,0.0271989835756599,0.1072186858344039,5.653122576276815e-05,9.240063570314928e-05,0.0,0.0,0.0,0,0,1,1.0
crossover_11_05_02_fps30.mp4,862,0.1479748636484146,0.1344251056848946,0.0193644549788498,0.088897168636322,-0.0289645195007324,0.828288733959198,-0.0399577021598815,-0.0343557000160217,0.9929105639457704,0.1180000901222229,0.041056752204895,-0.5146587491035461,0.629255473613739,0.0271075367927551,0.0183126926422119,-0.5660592913627625,0.9897925853729248,0.1327654719352722,0.2482606768608093,0.9718608856201172,-0.1398104429244995,0.2494351863861084,0.9927877187728882,0.0272091325693616,0.1073227226496415,-0.0003577430073807,-6.556510923072524e-08,0.0,0.0,0.0,0,0,1,1.0
crossover_11_05_02_fps30.mp4,863,0.1480876803398132,0.1342524010246083,0.0198490276569273,0.0887401401996612,-0.0291347503662109,0.8314165472984314,-0.0400284230709075,-0.0344727039337158,0.9930282235145568,0.1177265346050262,0.0408887863159179,-0.5088318586349487,0.6322830319404602,0.0270129740238189,0.0185390710830688,-0.5654032826423645,0.9899100065231324,0.1327528655529022,0.2480923533439636,0.9728348255157472,-0.1398287415504455,0.2492706775665283,0.9930155873298644,0.0267539848498582,0.1072474274268759,0.0004845726780774,-0.0001727046602862,0.0,0.0,0.0,0,0,1,1.0
crossover_11_05_02_fps30.mp4,864,0.1483519077301025,0.1341648046242989,0.0206495901433433,0.088539034128189,-0.0294237732887268,0.8367659449577332,-0.0404370129108428,-0.0347511768341064,0.993184208869934,0.117356926202774,0.0406184792518615,-0.5068609118461609,0.6434823870658875,0.0268591344356536,0.0189961194992065,-0.5794476866722107,0.9900974035263062,0.1327532827854156,0.2478138208389282,0.9744843244552612,-0.1398342549800872,0.2489808201789856,0.9933838844299316,0.0261009829175274,0.1073184085784229,0.000800562486416,-8.759640030941984e-05,0.0,0.0,0.0,0,0,1,1.0
crossover_11_05_02_fps30.mp4,865,0.1484832316637039,0.1341268210087792,0.0209886683196556,0.0883814096450805,-0.0294773280620574,0.8330026865005493,-0.0409079790115356,-0.034495323896408,0.9933450818061828,0.1167167425155639,0.0409534275531768,-0.4923805296421051,0.6414100527763367,0.0263783335685729,0.0199675261974334,-0.5789875984191895,0.9901747107505798,0.1327310800552368,0.2478446066379547,0.9757617712020874,-0.1398611068725586,0.2489207088947296,0.9937148094177246,0.026489666747477,0.1077533260595053,0.0003390781763122,-3.798361551965446e-05,0.0,0.0,0.0,0,0,1,1.0
crossover_11_05_02_fps30.mp4,866,0.148500770330429,0.1344255118046776,0.0195878694697124,0.0881808400154113,-0.0298147797584533,0.8326846361160278,-0.0420828461647033,-0.0340762734413147,0.993411123752594,0.1155497431755065,0.0415579676628112,-0.4809353053569793,0.6464583277702332,0.0247210264205932,0.0214316844940185,-0.5788192749023438,0.9902016520500184,0.1326605677604675,0.2481759190559387,0.9774710536003112,-0.1399328410625457,0.249092161655426,0.9941350221633912,0.0289651489890247,0.1097199788882163,-0.0014007988499431,0.0002986907958983,0.0,0.0,0.0,0,0,1,1.0
crossover_11_05_02_fps30.mp4,867,0.1484148204326629,0.1343955454179796,0.0198230491905677,0.0880802273750305,-0.0300283133983612,0.8333013653755188,-0.0427127480506897,-0.0336797535419464,0.9934450387954712,0.1149272918701171,0.0419531166553497,-0.4803437292575836,0.6526356339454651,0.0238838195800781,0.0223499238491058,-0.5780912637710571,0.9901817440986632,0.1326287388801574,0.2484999001026153,0.9790179133415222,-0.1399626433849334,0.2493330538272857,0.994511067867279,0.0294746125029602,0.1105406108324513,0.0002351797208552,-2.9966386698054848e-05,0.0,0.0,0.0,0,0,1,1.0
crossover_11_05_02_fps30.mp4,868,0.148149311542511,0.135110331187814,0.0158904837398994,0.0879935026168823,-0.0301774144172668,0.8373993039131165,-0.0435639917850494,-0.0329530239105224,0.993492305278778,0.1148681640625,0.0418448448181152,-0.4790709018707275,0.6663872003555298,0.0217335820198059,0.0240882039070129,-0.5794058442115784,0.9904179573059082,0.1325486898422241,0.2491737604141235,0.980599045753479,-0.1400419771671295,0.2499353289604187,0.994894802570343,0.0329146500650933,0.113672731417186,-0.0039325654506683,0.0007147857698344,0.0,0.0,0.0,0,0,1,1.0
crossover_11_05_02_fps30.mp4,869,0.1465760320425033,0.136087991423526,0.0085309376076954,0.0880484580993652,-0.0297529995441436,0.8234493732452393,-0.0453606843948364,-0.0300938785076141,0.99355810880661,0.1155753135681152,0.0356031358242034,-0.4799928367137909,0.6443291306495667,0.0195688605308532,0.0264007747173309,-0.584288477897644,0.9906893968582152,0.1322847604751587,0.2506862580776214,0.9815319776535034,-0.1402641832828521,0.2513878643512726,0.9951034188270568,0.0339657749664829,0.117881461402159,-0.007359546132204,0.0009776602357119,0.0,0.0,0.0,0,0,1,1.0
crossover_11_05_02_fps30.mp4,870,0.1450979262590408,0.1371778678085844,-0.0008360920882806,0.0884556770324707,-0.0318444967269897,0.7969464063644409,-0.0470565557479858,-0.0274017453193664,0.9935374855995178,0.1171838641166687,0.0202307701110839,-0.5211058259010315,0.5998049974441528,0.0162389874458313,0.0291531682014465,-0.5855620503425598,0.9906578660011292,0.1322186589241027,0.2523269653320312,0.9820242524147034,-0.1402814090251922,0.2528958916664123,0.9951659440994264,0.0290443258926654,0.1246016392994944,-0.009367029695976,0.0010898763850584,0.0,0.0,0.0,0,0,1,1.0
crossover_11_05_02_fps30.mp4,871,0.143899455666542,0.1376146725678848,-0.0103263702334427,0.0885093510150909,-0.0376772284507751,0.7671006321907043,-0.048915684223175,-0.026263803243637,0.9935756921768188,0.1170434653759002,0.0019977390766143,-0.5656665563583374,0.5532397627830505,0.0131245553493499,0.0329561531543731,-0.5894036889076233,0.990454375743866,0.1321211755275726,0.2537150084972381,0.9824367165565492,-0.1404511630535125,0.2537067234516144,0.9952189922332764,0.0239803718824749,0.1317997197110122,-0.0094902781451621,0.0004368047593004,0.0,0.0,0.0,0,0,1,1.0
crossover_11_05_02_fps30.mp4,872,0.1428990066051483,0.1375064583147986,-0.0096105438906971,0.0884861946105957,-0.0392023921012878,0.7380402684211731,-0.0496043264865875,-0.0252522826194763,0.9935604333877563,0.1170202493667602,-0.0002699494361877,-0.5551090836524963,0.5100918412208557,0.0121026039123535,0.0349811315536499,-0.5909531116485596,0.9902626276016236,0.1320175528526306,0.254750907421112,0.9825506806373596,-0.1406112611293792,0.2544232606887817,0.9952158331871032,0.0225151385033781,0.1330959962505396,0.0007158263427455,-0.0001082142530861,0.0,0.0,0.0,0,0,1,1.0
crossover_11_05_02_fps30.mp4,873,0.1414685994386673,0.1369038257558467,-0.0154231978625786,0.0879945456981659,-0.042275071144104,0.7039228677749634,-0.0508610606193542,-0.024802803993225,0.99362313747406,0.1139620244503021,0.0022704601287841,-0.5538735389709473,0.4675293564796448,0.0095246136188507,0.037565529346466,-0.5912704467773438,0.9903109073638916,0.1318514049053192,0.2552166581153869,0.9825166463851928,-0.1407794058322906,0.2549003958702087,0.9951762557029724,0.0289722588049051,0.1379611137091766,-0.0058126539718814,-0.0006026325589519,0.0,0.0,0.0,0,0,1,1.0
crossover_11_05_02_fps30.mp4,874,0.1390964984893798,0.1361595194218522,-0.0134706856274022,0.0866656303405761,-0.0437555015087127,0.6609863638877869,-0.0534675419330596,-0.0248586237430572,0.9935858249664308,0.1102633476257324,-0.0125239193439483,-0.5635284185409546,0.4267997145652771,0.0063323378562927,0.0400052964687347,-0.5935560464859009,0.9900829792022704,0.1313036680221557,0.2551873624324798,0.981933295726776,-0.1413541138172149,0.2548500001430511,0.995050013065338,0.0259134729453548,0.1404093221064866,0.0019525122351763,-0.0007443063339944,0.0,0.0,0.0,0,0,1,1.0
crossover_11_05_02_fps30.mp4,875,0.1355393379926681,0.1360831810256182,-0.003516523430987,0.0862720608711242,-0.0422698259353637,0.6344212293624878,-0.0553261339664459,-0.0247884392738342,0.993788242340088,0.1097829341888427,-0.0087010860443115,-0.6088525652885437,0.3954746425151825,0.0020146965980529,0.0424709916114807,-0.5851810574531555,0.9903837442398072,0.1309567093849182,0.2551425099372864,0.9817278385162354,-0.1417146027088165,0.2549144625663757,0.9951028227806092,0.0268063923937332,0.1417364104825768,0.0099541621964152,-7.633839623399918e-05,0.0,0.0,0.0,0,0,1,1.0
crossover_11_05_02_fps30.mp4,876,0.133026048541069,0.1360494182271472,0.0137515360262335,0.0869317948818206,-0.0374711155891418,0.6248826384544373,-0.0565856099128723,-0.0251246392726898,0.9938815236091614,0.1146005094051361,-0.0045032203197479,-0.5741955041885376,0.3766378462314605,-0.0021823346614837,0.0449537336826324,-0.5788622498512268,0.9904754757881165,0.1307027041912078,0.2544383704662323,0.9815340638160706,-0.142078012228012,0.2539688050746918,0.9951065182685852,0.0281654366006653,0.1417095432398697,0.0172680594572206,-3.3762798471004274e-05,0.0,0.0,0.0,0,0,1,1.0
crossover_11_05_02_fps30.mp4,877,0.1318787038326263,0.1359557673082513,0.0136122636678742,0.0876414775848388,-0.033719778060913,0.627633810043335,-0.0567297339439392,-0.0250505208969116,0.9940922856330872,0.1175276637077331,-0.0028033852577209,-0.5708213448524475,0.3664910197257995,-0.0032339692115783,0.0460416078567504,-0.572965681552887,0.9906823039054872,0.1308640241622924,0.2544519305229187,0.9814981818199158,-0.1423473060131073,0.2537501454353332,0.9952518343925476,0.0246793138470222,0.1429176165382708,-0.0001392723583593,-9.365091889590448e-05,0.0,0.0,0.0,0,0,1,1.0
crossover_11_05_02_fps30.mp4,878,0.1293350309133529,0.1377497377031941,0.0439560206924997,0.0875698626041412,-0.0285425186157226,0.6486713290214539,-0.057000994682312,-0.024199903011322,0.9942195415496826,0.1161672174930572,0.0196680426597595,-0.4862418472766876,0.4066724777221679,-0.0039516985416412,0.0475137829780578,-0.5455632209777832,0.9909014701843262,0.1308619081974029,0.2544432282447815,0.9809280633926392,-0.1424876749515533,0.2534315586090088,0.9953287839889526,0.0324917074888322,0.1417460923846921,0.0303437570246254,0.0017939703949427,0.0,0.0,0.0,0,0,1,1.0
crossover_11_05_02_fps30.mp4,879,0.1285927295684814,0.141565451783649,0.0986984367777661,0.0881456136703491,-0.0268925726413726,0.678994357585907,-0.0571378469467163,-0.0222565829753875,0.9945880770683287,0.1157585978507995,0.0493448674678802,-0.3985999822616577,0.4609168171882629,-0.0034707784652709,0.0506030023097991,-0.5084927082061768,0.9916013479232788,0.130874216556549,0.2544834315776825,0.9802756309509276,-0.1427977681159973,0.2527903020381927,0.995450794696808,0.0556935230842612,0.1528027450718089,0.0547424160852664,0.0038157140804548,0.0,0.0,0.0,0,0,1,1.0
crossover_11_05_02_fps30.mp4,880,0.1272061020135879,0.1455931438227831,0.1889107787027591,0.0950639545917511,-0.0168263614177703,0.7092932462692261,-0.0571412444114685,-0.0203777849674224,0.994831085205078,0.1217829883098602,0.0825145542621612,-0.4393412470817566,0.5125482082366943,-0.0024897754192352,0.0532006919384002,-0.5222618579864502,0.992177665233612,0.1296698749065399,0.2523240149021148,0.9780762195587158,-0.1430061161518097,0.2521599233150482,0.9952097535133362,0.1090278867114448,0.2008625864137668,0.090212341924993,0.0040276920391341,0.0,0.0,0.0,0,0,0,1.0
crossover_11_05_02_fps30.mp4,881,0.1267617791891098,0.1475684983245396,0.2863771951780086,0.0998993217945098,-0.0128988921642303,0.7372172474861145,-0.0570889413356781,-0.0187112987041473,0.995039701461792,0.1247849762439727,0.0988291800022125,-0.4677162170410156,0.5596750378608704,-0.0020132958889007,0.0548066198825836,-0.5243123173713684,0.9927435517311096,0.1294905841350555,0.2524501383304596,0.9718676209449768,-0.1431027948856353,0.2517575919628143,0.9929016828536988,0.1889268294202184,0.2756803302790501,0.0974664164752494,0.0019753545017565,0.0,0.0,0.0,1,0,0,1.0
crossover_11_05_02_fps30.mp4,882,0.1266626417636871,0.1474973560389826,0.2861347907926977,0.1012241542339325,-0.0118781328201293,0.7624716758728027,-0.0570466518402099,-0.0180427432060241,0.9952501058578492,0.1257464587688446,0.1003105044364929,-0.4719804525375366,0.6022871136665344,-0.0016861855983734,0.0552809834480285,-0.5233162641525269,0.9932684302330016,0.1293624937534332,0.2522590160369873,0.9672349691390992,-0.1431655883789062,0.2515284419059753,0.9911640882492064,0.1870929366166689,0.2748621644770236,-0.0002424043853108,-7.114228555704649e-05,0.0,0.0,0.0,0,0,0,1.0
crossover_11_05_02_fps30.mp4,883,0.1264122277498245,0.1494277950060569,0.2383877459095745,0.1009581089019775,-0.0111770331859588,0.7843888998031616,-0.0569356977939605,-0.0176301896572113,0.9954540133476256,0.1276077628135681,0.0909151136875152,-0.4600934684276581,0.6399425268173218,-0.0011652112007141,0.0547642409801483,-0.5226942896842957,0.993749737739563,0.1287178993225097,0.2461558282375335,0.9661225080490112,-0.1431285142898559,0.2512349784374237,0.9908442497253418,0.1490781374292824,0.2374780938970153,-0.0477470448831232,0.0019304389670743,0.0,0.0,0.0,0,0,0,1.0
crossover_11_05_02_fps30.mp4,884,0.1254376769065857,0.1492940611758474,0.1689864831726725,0.1001748442649841,-0.0122223198413848,0.8040244579315186,-0.0567908883094787,-0.0172934234142303,0.9956286549568176,0.1294411420822143,0.0817529261112213,-0.4470008313655853,0.6736978888511658,-0.0008221864700317,0.0542196929454803,-0.5267874598503113,0.9941132068634032,0.1289018392562866,0.2473432719707489,0.9662180542945862,-0.1432537734508514,0.2512059509754181,0.9911803007125854,0.0894641373631457,0.1889611175515514,-0.069401262736902,-0.0001337338302095,0.0,0.0,0.0,0,0,0,1.0
crossover_11_05_02_fps30.mp4,885,0.1240201592445373,0.1484634013499244,0.1124646342382198,0.0993701815605163,-0.0135014951229095,0.8208873867988586,-0.0567012727260589,-0.0173298418521881,0.9957789182662964,0.1287682652473449,0.0794752538204193,-0.4360588490962982,0.7029382586479187,-0.0006313920021057,0.0538325011730194,-0.5237149596214294,0.994392454624176,0.1295642852783203,0.2480538785457611,0.9655532836914062,-0.1434120535850525,0.2510711848735809,0.9914458394050598,0.0384213170837425,0.1602091896005342,-0.0565218489344526,-0.000830659825923,0.0,0.0,0.0,0,0,1,1.0
crossover_11_05_02_fps30.mp4,886,0.1222221851348877,0.1453412866188308,0.0780067696803953,0.0983003973960876,-0.0142126083374023,0.829016387462616,-0.0566349625587463,-0.0171592831611633,0.9957742094993592,0.1280426979064941,0.0448462963104248,-0.4443877637386322,0.7201358079910278,-0.0009160637855529,0.0533926486968994,-0.518397331237793,0.9945671558380128,0.1307618618011474,0.252280056476593,0.9645117521286012,-0.1435136795043945,0.2509592771530151,0.9914188385009766,0.0374013123507599,0.1483140839539552,-0.0344578645578245,-0.0031221147310935,0.0,0.0,0.0,0,0,1,1.0
crossover_11_05_02_fps30.mp4,887,0.121661365032196,0.1454248395006535,0.0780455880048798,0.0969871580600738,-0.0145434737205505,0.8330568671226501,-0.0565678477287292,-0.0166162252426147,0.9956575036048888,0.1276943981647491,0.0359537005424499,-0.4817675054073334,0.7324326038360596,-0.0010433495044708,0.0531636476516723,-0.5224717855453491,0.99459046125412,0.1312202513217926,0.2535852193832397,0.96241295337677,-0.1434663832187652,0.2509732246398926,0.991151750087738,0.0456737948950578,0.1485666225845543,3.881832448449085e-05,8.35528818227127e-05,0.0,0.0,0.0,0,0,1,1.0
crossover_11_05_02_fps30.mp4,888,0.1207818388938903,0.1403400637335696,0.0581445791372439,0.0928611755371093,-0.0156874954700469,0.8372915983200073,-0.0565394759178161,-0.0163894593715667,0.9956454038619996,0.1237028837203979,0.0227695405483245,-0.5382203459739685,0.7420251369476318,-0.0015032887458801,0.0529158413410186,-0.5402100086212158,0.9946908950805664,0.1312388181686401,0.2552966773509979,0.9635456204414368,-0.1434683799743652,0.2508128583431244,0.991448163986206,0.0390920594745046,0.1419396926217297,-0.0199010088676359,-0.0050847757670838,0.0,0.0,0.0,0,0,1,1.0
crossover_11_05_02_fps30.mp4,889,0.120392307639122,0.1367703706531201,0.0532295775122758,0.0913872718811035,-0.0165192186832427,0.8262620568275452,-0.0566771924495697,-0.0162520706653594,0.9956304430961608,0.118310272693634,0.0278986394405365,-0.5309492945671082,0.7168570756912231,-0.0018736124038696,0.0529296696186065,-0.5497190356254578,0.9947928786277772,0.1311054825782776,0.2559168636798858,0.9641259908676147,-0.1436449587345123,0.2502312362194061,0.9916508197784424,0.0313437655725683,0.1386443074296653,-0.004915001624968,-0.0035696930804495,0.0,0.0,0.0,0,0,1,1.0
crossover_11_05_02_fps30.mp4,890,0.1208679527044296,0.1356410664016917,0.0699149028557103,0.0898284614086151,-0.017771691083908,0.83051997423172,-0.0563135147094726,-0.0165387690067291,0.9957786798477172,0.1138754785060882,0.0285150706768035,-0.5161709785461426,0.7289288640022278,-0.0019990503787994,0.0532989203929901,-0.548011064529419,0.9950361847877502,0.1312426626682281,0.254865437746048,0.96477210521698,-0.1437563598155975,0.2493228018283844,0.9919466376304626,0.0467727155602802,0.1386394338582954,0.0166853253434344,-0.0011293042514284,0.0,0.0,0.0,0,0,1,1.0
crossover_11_05_02_fps30.mp4,891,0.1210973858833313,0.1373864737607665,0.1225807296066749,0.0908995270729065,-0.0165859162807464,0.8434984087944031,-0.056058257818222,-0.0163247883319854,0.9959936141967772,0.1135045886039733,0.063229888677597,-0.4597115218639374,0.7515018582344055,-0.0020831227302551,0.05270317196846,-0.5469041466712952,0.9953552484512328,0.1307967901229858,0.2535331547260284,0.9634655714035034,-0.1442853808403015,0.2480368316173553,0.9920392632484436,0.0639755168609911,0.1559956454740017,0.0526658267509646,0.0017454073590748,0.0,0.0,0.0,0,0,1,1.0
crossover_11_05_02_fps30.mp4,892,0.1220473200082779,0.1369242672192848,0.1217492599312851,0.0912614464759826,-0.0171935260295867,0.8549882769584656,-0.0558837354183197,-0.0164889395236969,0.9961357712745668,0.1133228540420532,0.0697924792766571,-0.4495521783828735,0.7713758945465088,-0.0022767782211303,0.0522423684597015,-0.5462462306022644,0.9955856800079346,0.1305875778198242,0.2527303397655487,0.9625930786132812,-0.144661009311676,0.2472003996372223,0.9921072721481324,0.0570660473482747,0.1555896494428438,-0.0008314696753898,-0.0004622065414816,0.0,0.0,0.0,0,0,1,1.0
crossover_11_05_02_fps30.mp4,893,0.1218717098236084,0.1379513499090227,0.2011170394536925,0.0961039960384368,-0.0055495798587799,0.8627285361289978,-0.0549701750278472,-0.0144560635089874,0.9950351119041444,0.1183017790317535,0.0958451926708221,-0.4688133597373962,0.7854593992233276,-0.0005870759487152,0.0524483025074005,-0.5418122410774231,0.994257390499115,0.1240794956684112,0.2288921773433685,0.9310530424118042,-0.1446116864681244,0.2469517886638641,0.9834978580474854,0.1070899965484029,0.2032124228100873,0.0793677795224073,0.0010270826897378,0.0,0.0,0.0,0,0,0,1.0
crossover_11_05_02_fps30.mp4,894,0.1209562122821807,0.1403194193112648,0.2882230377778774,0.0986527800559997,-0.0011593103408813,0.8724474906921387,-0.0540934205055236,-0.0120854377746582,0.9945411086082458,0.1217968463897705,0.1056426763534545,-0.4715631604194641,0.8004683256149292,0.0017709136009216,0.053348422050476,-0.5396305918693542,0.9939332008361816,0.1248894333839416,0.2313909530639648,0.9061680436134338,-0.1445141434669494,0.2478445768356323,0.9730377197265624,0.1835175034853758,0.2726935524497479,0.0871059983241848,0.0023680694022421,0.0,0.0,0.0,1,0,0,1.0
crossover_11_05_02_fps30.mp4,895,0.1200572401285171,0.1429896489038306,0.2361481902075977,0.0996120870113372,0.0021657347679138,0.8818742632865906,-0.0533040165901184,-0.0118350982666015,0.9940068125724792,0.1232313811779022,0.1014202237129211,-0.4828840494155884,0.8161839842796326,0.0033826529979705,0.0531168580055236,-0.5438076257705688,0.9935240149497986,0.1233283579349517,0.230574369430542,0.8987054228782654,-0.1443868279457092,0.2477067708969116,0.9718568921089172,0.1361690643990776,0.2301968328920378,-0.0520748475702796,0.0026702295925657,0.0,0.0,0.0,0,0,0,1.0
crossover_11_05_02_fps30.mp4,896,0.1186098903417587,0.1451180230762998,0.1714428984537357,0.0993911325931549,0.0018084347248077,0.8901888132095337,-0.0527844429016113,-0.0113414824008941,0.9939339756965636,0.1244658529758453,0.0946235358715057,-0.4734901487827301,0.8306041359901428,0.0039600431919097,0.0531524717807769,-0.5536473989486694,0.9935407638549804,0.1237187087535858,0.2360551655292511,0.9012927412986756,-0.1444128453731537,0.2478532493114471,0.9734671711921692,0.0795470087269045,0.1841689450681425,-0.0647052917538619,0.0021283741724692,0.0,0.0,0.0,0,0,0,1.0
crossover_11_05_02_fps30.mp4,897,0.1180293709039688,0.1451514420873028,0.1715262415932446,0.0991717875003814,0.0017882585525512,0.8978933691978455,-0.0524233877658844,-0.0109589099884033,0.9939587116241456,0.1251199543476104,0.092658519744873,-0.4734645485877991,0.8438520431518555,0.0042275488376617,0.053148329257965,-0.560015857219696,0.9936420917510986,0.123801440000534,0.2411102056503296,0.9050876498222352,-0.1443798542022705,0.2479470372200012,0.9751304388046264,0.0813718504804797,0.1840458470531061,8.334313950886241e-05,3.34190110029553e-05,0.0,0.0,0.0,0,0,0,1.0
crossover_11_05_02_fps30.mp4,898,0.1174622923135757,0.1454327608569193,0.1245680172268937,0.0981641709804534,0.0007176995277404,0.9028294682502748,-0.0521921515464782,-0.0104792714118957,0.9941383600234984,0.1251247823238372,0.0895978212356567,-0.4460197389125824,0.8527288436889648,0.004294604063034,0.0529807806015014,-0.5576345920562744,0.993950605392456,0.1267242729663849,0.2462940216064453,0.9094868302345276,-0.1442545652389526,0.2482112050056457,0.976852297782898,0.0404391963293739,0.1582552108173227,-0.0469582243663508,0.0002813187696165,0.0,0.0,0.0,0,0,1,1.0
crossover_11_05_02_fps30.mp4,899,0.1160560399293899,0.1444903927334284,0.0987844106627673,0.0939843654632568,0.0005350112915039,0.9053838849067688,-0.0521390736103057,-0.0100589990615844,0.994316041469574,0.1219324469566345,0.0628147721290588,-0.4508736431598663,0.8598427772521973,0.0041537284851074,0.0532264113426208,-0.5509185791015625,0.9941701292991638,0.128513216972351,0.2511612772941589,0.9157508611679076,-0.1443022787570953,0.2486940622329712,0.9786595702171326,0.0424579299296894,0.1475462999685199,-0.0257836065641263,-0.0009423681234909,0.0,0.0,0.0,0,0,1,1.0
crossover_11_05_02_fps30.mp4,900,0.1159261614084243,0.1435866804446204,0.0930018121149481,0.0916256308555603,-0.0038778483867645,0.9046301245689392,-0.0517090559005737,-0.0096149146556854,0.994461953639984,0.119533360004425,0.060127168893814,-0.4344450235366821,0.8605493903160095,0.0041756033897399,0.0537919104099273,-0.5492465496063232,0.9943748712539672,0.1292431950569152,0.2524891793727875,0.92177551984787,-0.1443365216255188,0.2488402426242828,0.980359673500061,0.040734560156157,0.1448201118537035,-0.0057825985478191,-0.000903712288808,0.0,0.0,0.0,0,0,1,1.0
crossover_11_05_02_fps30.mp4,901,0.1164768934249877,0.1463463086192891,0.1254199965697963,0.0914366245269775,-0.0047241747379302,0.9080565571784972,-0.0520761013031005,-0.0091826021671295,0.9945315718650818,0.1190690994262695,0.0691145360469818,-0.4320809841156006,0.8674524426460266,0.0035546422004699,0.0541563928127288,-0.5470801591873169,0.9944226145744324,0.1290579438209533,0.2517985999584198,0.9244424104690552,-0.1450535058975219,0.2484939396381378,0.981760323047638,0.0625647746423334,0.1595868453824049,0.0324181844548481,0.0027596281746686,0.0,0.0,0.0,0,0,1,1.0
crossover_11_05_02_fps30.mp4,902,0.1168764382600784,0.1461892606848377,0.1248431989332524,0.0916793942451477,-0.0054621994495391,0.9103851318359376,-0.0521194040775299,-0.0092698633670806,0.994560480117798,0.1189455986022949,0.0726271569728851,-0.4356840550899505,0.8717387914657593,0.0035316348075866,0.0542029440402984,-0.5473576188087463,0.9943777918815612,0.1291936039924621,0.2512334883213043,0.9276435971260072,-0.1450230777263641,0.2480127513408661,0.9830338358879088,0.0588959435078055,0.1591893332867351,-0.0005767976365438,-0.0001570479344513,0.0,0.0,0.0,0,0,1,1.0
crossover_11_05_02_fps30.mp4,903,0.1167333275079727,0.1539688724582478,0.198372316651228,0.0970217585563659,-0.0056402087211608,0.914997935295105,-0.0512566566467285,-0.0087236166000366,0.9941433668136596,0.1235948204994201,0.0853952169418335,-0.4522846341133117,0.8788728713989258,0.0042008757591247,0.0568790435791015,-0.5569100975990295,0.9935904741287231,0.128002643585205,0.2485697865486145,0.9264400005340576,-0.1450183093547821,0.2479111552238464,0.9834245443344116,0.1169889229420633,0.206035917159926,0.0735291177179755,0.0077796117734101,0.0,0.0,0.0,0,0,0,1.0
crossover_11_05_02_fps30.mp4,904,0.1161590963602066,0.1586623537338386,0.2826506816759342,0.1042055487632751,-0.0016436874866485,0.9203776717185974,-0.0483149886131286,-0.007036954164505,0.9932239651679992,0.1300384402275085,0.0995838344097137,-0.4882908761501312,0.8854044079780579,0.006673514842987,0.0594138205051422,-0.5589086413383484,0.9920620322227478,0.1278737187385559,0.2514326274394989,0.9228766560554504,-0.1450905203819275,0.2483741343021392,0.9825856685638428,0.1852911195724489,0.2700653686291093,0.0842783650247062,0.0046934812755907,0.0,0.0,0.0,1,0,0,1.0
crossover_11_05_02_fps30.mp4,905,0.1157599687576294,0.1622325854786371,0.2324726674614883,0.1082026362419128,0.001377522945404,0.9217035174369812,-0.0454781651496887,-0.0063081979751586,0.9921762943267822,0.1405134797096252,0.0994742512702941,-0.4948111772537231,0.8847910165786743,0.008085012435913,0.0621237158775329,-0.5680208802223206,0.9898002743721008,0.1278325915336609,0.2510586380958557,0.9163221120834352,-0.1450186371803283,0.2485448122024536,0.9822012782096864,0.1347601508784092,0.2297395037443816,-0.0501780142144459,0.0035702317447985,0.0,0.0,0.0,0,0,0,1.0
crossover_11_05_02_fps30.mp4,906,0.1152516156435012,0.1641450337434219,0.169821766091556,0.1102848351001739,0.0012454688549041,0.9233112335205078,-0.0436664521694183,-0.0052089989185333,0.9914143681526184,0.1500592529773712,0.0956694185733795,-0.4892729818820953,0.8837285041809082,0.0084069073200225,0.0629784762859344,-0.5640736818313599,0.9881700277328492,0.1285152733325958,0.2512911856174469,0.9074958562850952,-0.1451364457607269,0.2486889660358429,0.981850802898407,0.0754783403516907,0.1888646409425511,-0.0626509013699322,0.0019124482647847,0.0,0.0,0.0,0,0,0,1.0
crossover_11_05_02_fps30.mp4,907,0.1148401796817779,0.1637874635599427,0.170100408210987,0.111147403717041,0.0015338957309722,0.9224664568901062,-0.0432929992675781,-0.0045269429683685,0.9900373816490172,0.1529526114463806,0.0948115885257721,-0.5166536569595337,0.8762064576148987,0.0084982514381408,0.0635862648487091,-0.5800387859344482,0.9848048090934752,0.1285823583602905,0.2514627873897552,0.8999818563461304,-0.1454270780086517,0.248884230852127,0.9814046621322632,0.07606444892271,0.1883082635935287,0.0002786421194309,-0.0003575701834791,0.0,0.0,0.0,0,0,0,1.0
crossover_11_05_02_fps30.mp4,908,0.1146215349435806,0.1659192951048834,0.1332583389631132,0.1135389506816864,-0.0010823607444763,0.9200487732887268,-0.0425173938274383,-0.0035756826400756,0.9893190860748292,0.1560934484004974,0.0779339075088501,-0.4747341275215149,0.867546021938324,0.0084345638751983,0.0642020106315612,-0.5570032000541687,0.984092116355896,0.1292440593242645,0.2515270709991455,0.896300733089447,-0.1454024612903595,0.2488980889320373,0.98159521818161,0.0561902124857661,0.1719599286261809,-0.0368420692478738,0.0021318315449406,0.0,0.0,0.0,0,0,1,1.0
crossover_11_05_02_fps30.mp4,909,0.1140779703855514,0.1642394944772882,0.1150137313982335,0.1165827512741088,-0.0071234107017517,0.924630641937256,-0.0424855947494506,-0.0026298761367797,0.9891118407249452,0.1665459871292114,0.05836683511734,-0.4631550014019012,0.8761365413665771,0.0082169771194458,0.0653375387191772,-0.5374391078948975,0.9842582941055298,0.1293835043907165,0.2516950368881225,0.8975003957748413,-0.1454891562461853,0.2488918900489807,0.9822834730148317,0.0566938335854233,0.1637398853113222,-0.0182446075648796,-0.0016798006275952,0.0,0.0,0.0,0,0,1,1.0
crossover_11_05_02_fps30.mp4,910,0.1155483126640319,0.1592759754698155,0.1026259439747507,0.1185718178749084,-0.015906274318695,0.9286494255065918,-0.0430572032928466,-0.00352144241333,0.9894703030586244,0.1668082475662231,0.0446580648422241,-0.4330106377601623,0.8841192722320557,0.0064620375633239,0.0644527077674865,-0.5162025690078735,0.9851321578025818,0.1294707655906677,0.2509104013442993,0.8987616896629333,-0.1456256210803985,0.247670829296112,0.9830685257911682,0.0584551976650283,0.1575096682144453,-0.0123877874234827,-0.0049635190074727,0.0,0.0,0.0,0,0,1,1.0
crossover_11_05_02_fps30.mp4,911,0.1161221116781234,0.150135908086421,0.101724883695928,0.1178994178771972,-0.0196961760520935,0.932357907295227,-0.0436348319053649,-0.0035284161567687,0.9899246692657472,0.1612653136253357,0.0409850478172302,-0.4092695116996765,0.8920087218284607,0.0029805898666381,0.0646267533302307,-0.5117881894111633,0.9862068891525269,0.1296003460884094,0.2511065006256103,0.9011392593383788,-0.1456630825996399,0.2473185062408447,0.9838714599609376,0.0617510431508712,0.1517595432155613,-0.0009010602788227,-0.0091400673833944,0.0,0.0,0.0,0,0,1,1.0
crossover_11_05_02_fps30.mp4,912,0.116317331790924,0.1500923809358629,0.1014579512724062,0.1173242330551147,-0.0215750634670257,0.93630713224411,-0.0439077019691467,-0.003251701593399,0.9903580546379088,0.1595977544784546,0.0403250157833099,-0.3994808793067932,0.8996984958648682,0.0015110969543457,0.0647036135196685,-0.5012813806533813,0.987221360206604,0.129808247089386,0.2514435946941376,0.9041039943695068,-0.1456662118434906,0.2472089231014251,0.9847338795661926,0.0618675030019654,0.1530597245954617,-0.0002669324235218,-4.3527150558109184e-05,0.0,0.0,0.0,0,0,1,1.0
crossover_11_05_02_fps30.mp4,913,0.115549236536026,0.1338301795013879,0.1117365614670079,0.1106680333614349,-0.019861489534378,0.9368079900741576,-0.0456722974777221,-0.0024566352367401,0.99087655544281,0.1460232436656952,0.0439471304416656,-0.3879807889461517,0.9033477902412416,-0.0028513967990875,0.0680112540721893,-0.4826889336109161,0.988253116607666,0.1305057108402252,0.2527714073657989,0.9075024127960204,-0.145275592803955,0.2480635941028595,0.9855416417121888,0.0688772660059511,0.1435052466175159,0.0102786101946017,-0.0162622014344749,0.0,0.0,0.0,0,0,1,1.0
crossover_11_05_02_fps30.mp4,914,0.1157100945711135,0.1077329653804585,0.1357798801689613,0.0935114622116088,-0.018982857465744,0.929912567138672,-0.0500592589378356,-0.0024642050266265,0.991522490978241,0.114736795425415,0.0553487241268157,-0.3921210169792175,0.8942998051643372,-0.0087500810623168,0.0741246044635772,-0.4858808517456054,0.9892784357070924,0.1321693658828735,0.2527864277362823,0.9131282567977904,-0.1435868144035339,0.2480124533176422,0.9864698052406312,0.0807355219068695,0.1317940557494787,0.0240433187019534,-0.0260972141209294,0.0,0.0,0.0,0,0,1,1.0
crossover_11_05_02_fps30.mp4,915,0.1174263656139373,0.0656875257774934,0.1761242123638711,0.080032080411911,-0.0190998017787933,0.9364134669303894,-0.0536611974239349,-0.002380758523941,0.9922882318496704,0.0809021890163421,0.0793322622776031,-0.4158377051353454,0.9043216705322266,-0.0196079909801483,0.0832208693027496,-0.4951850473880768,0.990290105342865,0.1351440846920013,0.2506498396396637,0.9207440614700316,-0.1406570076942443,0.2457073628902435,0.987576961517334,0.0979804448804666,0.126120404102134,0.0403443321949097,-0.042045439602965,0.0,0.0,0.0,0,0,0,1.0
crossover_11_05_02_fps30.mp4,916,0.1246673464775085,0.0092152778374946,0.2230608438573232,0.0649345219135284,-0.0084507763385772,0.9426264762878418,-0.0556806623935699,-0.0102054178714752,0.9929030537605286,0.0498704016208648,0.1002404391765594,-0.4392845928668976,0.9138215184211732,-0.0396271646022796,0.0776791870594024,-0.4803714454174042,0.9911803603172302,0.1368996798992157,0.2422816455364227,0.927344560623169,-0.1378121674060821,0.2380197942256927,0.988185167312622,0.12937422809736,0.1533669140225202,0.0469366314934521,-0.0564722479399988,0.0,0.0,0.0,0,0,0,1.0
crossover_11_05_02_fps30.mp4,917,0.1252311319112777,0.0091950780254299,0.2217959816862896,0.0643487572669982,-0.0049978494644165,0.9482070207595824,-0.0567157566547393,-0.0115694999694824,0.993389904499054,0.0476972460746765,0.1023421287536621,-0.4421072602272033,0.9223327040672302,-0.0429178178310394,0.0765485167503357,-0.4600461721420288,0.9918959140777588,0.1369025707244873,0.241233229637146,0.9337334036827089,-0.1378184258937835,0.2368031144142151,0.9888078570365906,0.1255055374274069,0.1543132527842907,-0.0012648621710336,-2.019981206469179e-05,0.0,0.0,0.0,0,0,0,1.0
crossover_11_05_02_fps30.mp4,918,0.1227594017982482,-0.060695035477816,0.2647145322183283,0.0476718246936798,0.0029029548168182,0.9520060420036316,-0.0639063715934753,-0.0102270543575286,0.9924792051315308,0.0198689401149749,0.1142860352993011,-0.4586509466171264,0.927719235420227,-0.0669936537742614,0.0845451056957244,-0.4627532958984375,0.9896044135093688,0.1376720368862152,0.2418477833271026,0.9380194544792176,-0.1370332241058349,0.237508624792099,0.9865610599517822,0.1706437424830854,0.1802794909187627,0.0429185505320386,-0.069890113503246,0.0,0.0,0.0,1,1,0,1.0
crossover_11_05_02_fps30.mp4,919,0.1192400008440017,-0.1051257616382534,0.2065649664983516,0.0370277166366577,0.0043902099132537,0.9529870748519896,-0.0773293077945709,-0.0024693310260772,0.9750937819480896,-0.000631034374237,0.1187454760074615,-0.4807554185390472,0.9279859662055968,-0.0927472710609436,0.1060097515583038,-0.4754479229450226,0.9345731735229492,0.1400595903396606,0.2407226264476776,0.9417639374732972,-0.1343680620193481,0.2370738089084625,0.9788488149642944,0.136496926471114,0.1013142550710992,-0.0581495657199766,-0.0444307261604373,0.0,0.0,0.0,0,0,0,1.0
crossover_11_05_02_fps30.mp4,920,0.110778659582138,-0.1363691614846051,0.1716263853922123,0.0257297158241271,0.0239383876323699,0.9559540748596193,-0.0944336652755737,0.0040226280689239,0.9682241678237916,-0.0157305598258972,0.1220084726810455,-0.5359674692153931,0.9323692917823792,-0.1275195479393005,0.1130678355693817,-0.55678391456604,0.9070371985435486,0.1395598649978637,0.2450996339321136,0.9457435607910156,-0.1355068385601043,0.2414519488811493,0.9714019894599916,0.1304438939620455,0.0592234701554558,-0.0349385811061393,-0.0312433998463517,0.0,0.0,0.0,0,0,1,1.0
crossover_11_05_02_fps30.mp4,921,0.1038439869880676,-0.1570499642420623,0.1507460845679771,0.0231769680976867,0.0390999615192413,0.9592528343200684,-0.1066182553768158,0.0037987530231475,0.9650878310203552,-0.0220314860343933,0.1255737841129303,-0.5729199051856995,0.9376834630966188,-0.1532086730003357,0.0953991115093231,-0.5469608306884766,0.9029405117034912,0.1406225562095642,0.2504290044307709,0.9492027163505554,-0.1344359815120697,0.246438592672348,0.9653268456459044,0.1373449459125232,0.0554801130600788,-0.0208803008242352,-0.0206808027574571,0.0,0.0,0.0,0,0,1,1.0
crossover_11_05_02_fps30.mp4,922,0.1016138345003128,-0.1565391104100114,0.1522112205261137,0.0230090618133544,0.0418618619441986,0.9625189900398254,-0.1074059903621673,0.0011300146579742,0.962358057498932,-0.020997405052185,0.1255234777927398,-0.5687215328216553,0.943095862865448,-0.1545072793960571,0.0876693427562713,-0.5345953106880188,0.9020050168037416,0.1408218741416931,0.2518593966960907,0.9529264569282532,-0.1339393556118011,0.2478809058666229,0.9606950879096984,0.1381440896437866,0.0645738516996356,0.0014651359581365,0.0005108538320509,0.0,0.0,0.0,0,0,1,1.0
crossover_11_05_02_fps30.mp4,923,0.1014408767223358,-0.1601518359224675,0.1329724259492827,0.024577111005783,0.0419904589653015,0.96567964553833,-0.1119357943534851,-0.006014347076416,0.9633169174194336,-0.0198766887187957,0.1268587112426757,-0.5664486289024353,0.9483867287635804,-0.1665568947792053,0.0776401758193969,-0.5628479719161987,0.908515214920044,0.1407577693462371,0.2520917654037475,0.9565785527229308,-0.1333475112915039,0.2477499842643737,0.9589447379112244,0.1404083132529038,0.055701729626597,-0.0192387945768309,-0.0036127255124561,0.0,0.0,0.0,0,0,1,1.0
crossover_11_05_02_fps30.mp4,924,0.1017907410860061,-0.1509153974258293,0.1311007028672753,0.0261141657829284,0.0385990738868713,0.9678348898887634,-0.1065180301666259,-0.008096158504486,0.9602615237236024,-0.0157660841941833,0.12772798538208,-0.5574969053268433,0.9524392485618592,-0.1525788307189941,0.0716751813888549,-0.5011425614356995,0.9118465185165404,0.1405850648880005,0.2519171237945556,0.9597429037094116,-0.1336086988449096,0.2473883032798767,0.9576548933982848,0.1351913905920806,0.0594487982494432,-0.0018717230820073,0.0092364384966381,0.0,0.0,0.0,0,0,1,1.0
crossover_11_05_02_fps30.mp4,925,0.104144662618637,-0.1240814791897595,0.1527491005455575,0.0301751196384429,0.0326793193817138,0.9675838351249696,-0.0984842181205749,-0.0101662278175354,0.9473625421524048,-0.0077824890613555,0.1315410137176513,-0.5718085169792175,0.9522724151611328,-0.1311803758144378,0.0794936418533325,-0.5177977085113525,0.893897294998169,0.1402948200702667,0.2495766282081604,0.9595618844032288,-0.1340037584304809,0.2451257109642028,0.9460682272911072,0.1182169110228592,0.0735986179319704,0.0216483976782821,0.0268339182360697,0.0,0.0,0.0,0,0,1,1.0
crossover_11_05_02_fps30.mp4,926,0.1063366383314132,-0.0658667228989682,0.1970285374943803,0.034815490245819,0.0233582258224487,0.9670249819755554,-0.0817650258541107,-0.0108101367950439,0.9366620779037476,0.0023198723793029,0.1322986483573913,-0.4795580208301544,0.9500628113746644,-0.0851273536682128,0.0902059078216552,-0.4511318802833557,0.870747983455658,0.1399059891700744,0.2468292117118835,0.9617960453033448,-0.1341856718063354,0.2426697611808776,0.9481169581413268,0.0940179255425774,0.1085451339665916,0.0442794369488227,0.0582147562907913,0.0,0.0,0.0,0,0,0,1.0
crossover_11_05_02_fps30.mp4,927,0.1076507121324539,-0.0662020268076557,0.1955737667839702,0.0366844236850738,0.0191390216350555,0.9661446213722228,-0.0769537389278411,-0.0107451975345611,0.9267998337745668,0.0057626068592071,0.1312850415706634,-0.4756998419761657,0.9474914073944092,-0.079184889793396,0.0934306681156158,-0.4597730636596679,0.8497816324234009,0.1394824087619781,0.2451958954334259,0.9637131094932556,-0.1343663334846496,0.241174966096878,0.9494637250900269,0.0964984387871526,0.1029648839987676,-0.0014547707104101,-0.0003353039086875,0.0,0.0,0.0,0,0,0,1.0
crossover_11_05_02_fps30.mp4,928,0.1081745028495788,-0.0004715423462754,0.2577576166245995,0.0426966845989227,0.0173982381820678,0.9684869647026062,-0.064899742603302,-0.0105021595954895,0.9320987462997437,0.0303687155246734,0.1308668851852417,-0.4778305292129516,0.9513003826141356,-0.0532659292221069,0.0946484804153442,-0.477755069732666,0.8576652407646179,0.1376718580722808,0.245202898979187,0.9657962918281556,-0.1357163786888122,0.2400997281074524,0.9529424905776978,0.1305847587996465,0.1714404783023086,0.0621838498406293,0.0657304844613803,0.0,0.0,0.0,1,1,0,1.0
crossover_11_05_02_fps30.mp4,929,0.1113396883010864,0.052494282237554,0.2489264715008619,0.0580516457557678,0.001030683517456,0.9698795676231384,-0.0518218874931335,5.638599395751953e-05,0.93872731924057,0.0585755109786987,0.0966426134109497,-0.466015875339508,0.95404052734375,-0.0203486680984497,0.1133508086204528,-0.5448914170265198,0.8715871572494507,0.1349617838859558,0.2428212165832519,0.9674803018569946,-0.1374551057815551,0.2381874918937683,0.956461787223816,0.1524052321206546,0.1539053468178276,-0.0088311451237376,0.0529658245838294,0.0,0.0,0.0,0,0,0,1.0
crossover_11_05_02_fps30.mp4,930,0.1124154925346374,0.0958975157495272,0.1992442397082724,0.0769274234771728,-0.0014003217220306,0.971240758895874,-0.0416128635406494,0.0109554231166839,0.9446799755096436,0.089231789112091,0.1013618409633636,-0.4996436536312103,0.955415427684784,-0.0015974640846252,0.1184040606021881,-0.5799989104270935,0.8841634392738342,0.1281015276908874,0.2410594522953033,0.963013231754303,-0.1428581178188324,0.2383739650249481,0.9578515291213988,0.0981091020021197,0.1266507230566236,-0.0496822317925894,0.0434032335119731,0.0,0.0,0.0,0,0,0,1.0
crossover_11_05_02_fps30.mp4,931,0.1125174909830093,0.1300579799433886,0.1673298220808913,0.0916310846805572,-0.0077541172504425,0.9667933583259584,-0.0351563990116119,0.016826719045639,0.9498525261878968,0.1221443712711334,0.084495335817337,-0.5043646693229675,0.9408202767372132,0.0111321508884429,0.1177779138088226,-0.5572175979614258,0.8952523469924927,0.1272254884243011,0.2400080263614654,0.9487217664718628,-0.1446540057659149,0.239685446023941,0.9544422030448914,0.0832116417141529,0.1288361146177952,-0.0319144176273811,0.0341604641938614,0.0,0.0,0.0,0,0,1,1.0
crossover_11_05_02_fps30.mp4,932,0.1126652806997299,0.1301584103349912,0.1670650261204417,0.0933959782123565,-0.008821964263916,0.9646106362342834,-0.0330801904201507,0.020098328590393,0.9546313285827636,0.1228262484073638,0.082402765750885,-0.5043873190879822,0.9336122870445251,0.0129785239696502,0.1173648238182067,-0.5570669174194336,0.9054210782051086,0.1274459064006805,0.2387461066246032,0.9432210326194764,-0.1445272564888,0.2393925189971923,0.9534801244735718,0.0849791676201618,0.1272840755062364,-0.0002647959604495,0.0001004303916025,0.0,0.0,0.0,0,0,1,1.0
crossover_11_05_02_fps30.mp4,933,0.1114285439252853,0.15564288284819,0.1429161877166934,0.1049050688743591,-0.0094091296195983,0.9647979140281676,-0.0323759913444519,0.0226891636848449,0.9588854908943176,0.1528124809265136,0.0777660608291626,-0.5592650175094604,0.9316233396530152,0.0172239542007446,0.1167766451835632,-0.6114825010299683,0.9144927859306335,0.1277449131011963,0.2398141026496887,0.9391785264015198,-0.1451691091060638,0.2403224110603332,0.9524911642074584,0.0652115803251201,0.1408654517323105,-0.0241488384037482,0.0254844725131988,0.0,0.0,0.0,0,0,1,1.0
crossover_11_05_02_fps30.mp4,934,0.1078419238328933,0.1566881946587967,0.1364198238384433,0.109119564294815,-0.0087629258632659,0.9674878716468812,-0.0338793098926544,0.0263084471225738,0.9628028869628906,0.1596623957157135,0.0748515427112579,-0.5380493998527527,0.9372267127037048,0.0148999392986297,0.1186670958995819,-0.595757246017456,0.9227907657623292,0.1271893084049224,0.243635207414627,0.9417635202407836,-0.1459611654281616,0.2440270483493805,0.9559829235076904,0.0616400771648048,0.1428953068065957,-0.0064963638782501,0.0010453118106066,0.0,0.0,0.0,0,0,1,1.0
crossover_11_05_02_fps30.mp4,935,0.1084048151969909,0.14092922978482,0.1423285945159632,0.1019083857536315,-0.0134237706661224,0.963215470314026,-0.0372825860977172,0.0232907831668853,0.966342031955719,0.1366229653358459,0.0669540464878082,-0.4682696461677551,0.9299727082252502,0.0077118277549743,0.1165430843830108,-0.5765191316604614,0.9303418397903442,0.1273308992385864,0.244937926530838,0.9414937496185304,-0.1456325948238372,0.2435643970966339,0.958866536617279,0.075497459586089,0.1356899728660821,0.0059087706775199,-0.0157589648739766,0.0,0.0,0.0,0,0,1,1.0
crossover_11_05_02_fps30.mp4,936,0.1116185188293457,0.1070620949995719,0.1657890990013029,0.0938432514667511,-0.0151154696941375,0.9655311107635498,-0.0389911234378814,0.0190292298793792,0.9695555567741394,0.1156084239482879,0.0840555727481842,-0.4833055436611175,0.9349128007888794,-0.0001270473003387,0.1134662926197052,-0.5600031018257141,0.9371397495269777,0.1275406181812286,0.2413936555385589,0.9441303014755248,-0.1457160413265228,0.240616887807846,0.962431013584137,0.0821791278383319,0.1192777778743243,0.0234605044853396,-0.033867134785248,0.0,0.0,0.0,0,0,1,1.0
crossover_11_05_02_fps30.mp4,937,0.1127615422010421,0.1070951097092386,0.1647083536880772,0.0911236107349395,-0.0152332484722137,0.968234121799469,-0.0392458140850067,0.017529934644699,0.972496211528778,0.1092172563076019,0.0923382937908172,-0.4792882800102234,0.9402634501457214,-0.0015431940555572,0.1126101315021514,-0.5592692494392395,0.94333153963089,0.1276546418666839,0.2400531470775604,0.9474256038665771,-0.1456947922706604,0.2396218478679657,0.9657731652259828,0.0724011676405701,0.1204844628980274,-0.0010807453132256,3.301470966665665e-05,0.0,0.0,0.0,0,0,1,1.0
crossover_11_05_02_fps30.mp4,938,0.113196924328804,0.0512624204158782,0.2167430345605059,0.0844024121761322,-0.0120928883552551,0.9707879424095154,-0.0401963889598846,0.0166660547256469,0.9751753807067872,0.0784992277622222,0.0909669399261474,-0.4590019583702087,0.9452696442604064,-0.0095217525959014,0.1119768023490905,-0.5100412964820862,0.9489077925682068,0.127687007188797,0.2394729256629943,0.951890468597412,-0.1455235183238983,0.2389837503433227,0.9689925312995912,0.1286913736654207,0.1211225788220436,0.0520346808724286,-0.0558326892933603,0.0,0.0,0.0,0,0,0,1.0
crossover_11_05_02_fps30.mp4,939,0.1148032844066619,-0.019942748142501,0.2766344364096479,0.0688843727111816,-0.0061131119728088,0.9734533429145812,-0.0510524213314056,-0.0006825327873229,0.9772204756736756,0.0450522303581237,0.1036702394485473,-0.4600622653961181,0.9505019187927246,-0.0445451140403747,0.0881761908531189,-0.474516361951828,0.953363835811615,0.1292587518692016,0.2391924262046814,0.9554471969604492,-0.1443719267845153,0.2382850646972656,0.9716648459434508,0.1847727270478386,0.1900573248417904,0.0598914018491419,-0.0712051685583793,0.0,0.0,0.0,1,1,0,1.0
crossover_11_05_02_fps30.mp4,940,0.1153543293476104,-0.0606911091481224,0.2231035968152488,0.0580015182495117,-0.0028149485588073,0.9756726622581482,-0.0648388564586639,-0.0028290748596191,0.9778192043304444,0.0220193266868591,0.1080944538116455,-0.4564754664897918,0.9549270868301392,-0.0702449083328247,0.0916717052459716,-0.4620447754859924,0.9544612169265748,0.1318019032478332,0.2393637895584106,0.9579454064369202,-0.1425198316574096,0.238443911075592,0.972621500492096,0.1416619891517689,0.1317786674706488,-0.053530839594399,-0.0407483610056214,0.0,0.0,0.0,0,0,0,1.0
crossover_11_05_02_fps30.mp4,941,0.1204331666231155,-0.0958162228939896,0.1688719944256108,0.0535059571266174,-0.0022228956222534,0.9773128628730774,-0.0732117593288421,-0.0073172450065612,0.97324401140213,0.010052740573883,0.1016387343406677,-0.4711394608020782,0.9580715298652648,-0.0922273993492126,0.0933283567428588,-0.4834338724613189,0.9284622073173524,0.1380777955055236,0.2352192997932434,0.9591070413589478,-0.1372206211090088,0.2334415912628173,0.968121349811554,0.1254135107849683,0.0756288360929774,-0.0542316023896379,-0.0351251137458671,0.0,0.0,0.0,0,0,1,1.0
crossover_11_05_02_fps30.mp4,942,0.1201417744159698,-0.0951201217659449,0.1694471013255235,0.0542201101779937,-0.001648724079132,0.97858989238739,-0.0750307738780975,-0.0065394639968872,0.9718213081359864,0.0099539458751678,0.1008996367454528,-0.4716039001941681,0.9604172110557556,-0.0932879745960235,0.100587248802185,-0.4945885241031647,0.912987232208252,0.138816088438034,0.2358018159866333,0.9561699628829956,-0.136765569448471,0.2337574362754821,0.9586409330368042,0.1254564250686475,0.0688842220888657,0.0005751068999126,0.0006961011280447,0.0,0.0,0.0,0,0,1,1.0
crossover_11_05_02_fps30.mp4,943,0.1205223500728607,-0.1138828592785334,0.1379244583409007,0.0500016808509826,-0.0012909173965454,0.9776445627212524,-0.0838237106800079,-0.0104904770851135,0.9628868103027344,0.0052027106285095,0.0988968014717102,-0.5139936804771423,0.9590776562690736,-0.1198170185089111,0.0890572071075439,-0.5062834024429321,0.8862777948379517,0.1403077244758606,0.2369906902313232,0.9455373883247375,-0.1352422833442688,0.2329411506652832,0.9203577637672424,0.1253177200589944,0.04922623780948,-0.0315226429846228,-0.0187627375125885,0.0,0.0,0.0,0,0,1,1.0
crossover_11_05_02_fps30.mp4,944,0.1205963492393493,-0.1224129603070727,0.1139834136497683,0.0479044020175933,-8.040666580200195e-05,0.9776713252067566,-0.0893567204475402,-0.0241920948028564,0.9634301662445068,-0.0017938911914825,0.0986035466194152,-0.5440335869789124,0.9603996872901917,-0.1283131241798401,0.0583730936050415,-0.5069852471351624,0.8928528428077698,0.1417876183986663,0.2404010891914367,0.9437465667724608,-0.1343309581279754,0.2364716529846191,0.9120460748672484,0.1215956419621314,0.0559224429831392,-0.0239410446911323,-0.0085301010285393,0.0,0.0,0.0,0,0,1,1.0
crossover_11_05_02_fps30.mp4,945,0.1180247366428375,-0.1220898880796917,0.0973206288930846,0.0463114380836486,0.0031528174877166,0.9778655767440796,-0.0920260250568389,-0.0249305665493011,0.9623444080352784,-0.0039136409759521,0.0992351472377777,-0.5301575660705566,0.961905002593994,-0.1311427354812622,0.0492314994335174,-0.5050467252731323,0.8954371809959412,0.1428273916244506,0.2456907927989959,0.9444679617881776,-0.1331196427345276,0.242565244436264,0.9106016159057616,0.1181917541963748,0.04893381671457,-0.0166627847566837,0.000323072227381,0.0,0.0,0.0,0,0,1,1.0
crossover_11_05_02_fps30.mp4,946,0.1197352707386016,-0.1182290915210368,0.0832753912704746,0.046442374587059,0.003135472536087,0.9787282347679138,-0.0914960950613021,-0.0286929905414581,0.9590116739273072,-0.0065359622240066,0.0934923589229583,-0.5242176055908203,0.9641265869140624,-0.1278155297040939,0.0403832495212554,-0.5072591304779053,0.8964899182319641,0.1437644213438034,0.2473460137844085,0.9481450915336608,-0.1322073191404342,0.2446561157703399,0.9128513932228088,0.11215944703936,0.0439503768001218,-0.01404523762261,0.0038607965586549,0.0,0.0,0.0,0,0,1,1.0
crossover_11_05_02_fps30.mp4,947,0.1209026575088501,-0.1175820219314704,0.083755503195088,0.0465326905250549,0.0024509727954864,0.9792640805244446,-0.0907273292541503,-0.0276725590229034,0.9550719261169434,-0.0061256885528564,0.0926320850849151,-0.5258965492248535,0.9659834504127502,-0.1287685632705688,0.0428438484668731,-0.5224024057388306,0.8951079845428467,0.1439371705055236,0.2476139366626739,0.951280415058136,-0.1319385766983032,0.2453393042087555,0.9147014617919922,0.1118092480801635,0.0424134671977194,0.0004801119246133,0.0006470695895663,0.0,0.0,0.0,0,0,1,1.0
crossover_11_05_02_fps30.mp4,948,0.1198869049549102,-0.111542190434569,0.073954002304775,0.0471280515193939,0.0012624561786651,0.9789049625396729,-0.0899865925312042,-0.0240557491779327,0.9419685006141664,-0.0068728029727935,0.0897261798381805,-0.5362826585769653,0.9656056761741638,-0.1222888827323913,0.0441414415836334,-0.5688502192497253,0.8617230653762817,0.1437743604183197,0.2498495280742645,0.954590380191803,-0.132185161113739,0.2476451098918914,0.9180890321731568,0.1058510380476664,0.0316903798035906,-0.009801500890313,0.0060398314969014,0.0,0.0,0.0,0,0,1,1.0
crossover_11_05_02_fps30.mp4,949,0.1216830313205719,-0.1061112233642804,0.0646990536189661,0.0472227782011032,-0.0016710460186004,0.9792447090148926,-0.0861393362283706,-0.0230821669101715,0.9330859184265136,-0.0053150802850723,0.0803253352642059,-0.5411413908004761,0.966780722141266,-0.1124405115842819,0.0414663255214691,-0.629534125328064,0.8396774530410767,0.1436882466077804,0.249577134847641,0.957574188709259,-0.1321469992399215,0.2472685277462005,0.9216924905776978,0.1020002114590972,0.0240794423569998,-0.0092549486858088,0.0054309670702886,0.0,0.0,0.0,0,0,1,1.0
crossover_11_05_02_fps30.mp4,950,0.1218755543231964,-0.1006693800627175,0.0567414670455747,0.0477430522441864,-0.002588152885437,0.9778953790664672,-0.0829119980335235,-0.0218580961227417,0.9114335179328918,-0.0072818100452423,0.0715798735618591,-0.5307270884513855,0.963592290878296,-0.1068173944950103,0.046802282333374,-0.5876991748809814,0.794008731842041,0.14431032538414,0.2508062720298767,0.9596394896507264,-0.1314374506473541,0.2477875351905822,0.92373389005661,0.0945590637734498,0.0116869788312859,-0.0079575865733914,0.0054418433015628,0.0,0.0,0.0,0,0,1,1.0
crossover_11_05_02_fps30.mp4,951,0.1230579912662506,-0.0960468590764676,0.0495825055168895,0.0467027276754379,-0.0049428939819335,0.9769688844680786,-0.082596555352211,-0.0209454298019409,0.9019197821617126,-0.0105883032083511,0.0624264478683471,-0.5318328142166138,0.9603585600852966,-0.0962798148393631,0.0478838086128234,-0.5687426328659058,0.7536027431488037,0.1441615670919418,0.2516498565673828,0.961423635482788,-0.1313862055540084,0.2475138306617736,0.9270477294921876,0.0864183523691093,0.0017145960338662,-0.0071589615286851,0.0046225209862499,0.0,0.0,0.0,0,0,1,1.0
crossover_11_05_02_fps30.mp4,952,0.1251268535852432,-0.0962225264411861,0.0494323902013825,0.046188861131668,-0.0064365267753601,0.9750750064849854,-0.082144409418106,-0.0222741365432739,0.8898097276687622,-0.0113492906093597,0.0611686706542968,-0.5284374356269836,0.9541374444961548,-0.0953081846237182,0.049393355846405,-0.5612759590148926,0.7150195240974426,0.1439959108829498,0.2514074444770813,0.963128924369812,-0.1314966678619384,0.2472016811370849,0.9305564761161804,0.0856808405621366,0.0009151746500198,-0.000150115315507,-0.0001756673647185,0.0,0.0,0.0,0,0,1,1.0
crossover_11_05_02_fps30.mp4,953,0.127053365111351,-0.0940206464569447,0.0414927943450648,0.0439827889204025,-0.007136732339859,0.9756965637207032,-0.0782973617315292,-0.0220513641834259,0.8891527652740479,-0.015927031636238,0.0607654154300689,-0.5220921635627747,0.9550105333328248,-0.0899433046579361,0.0493161380290985,-0.5587424635887146,0.7060114145278931,0.1436220854520797,0.2511063516139984,0.9646631479263306,-0.1317767947912216,0.2471461594104766,0.9345538020133972,0.0804365998737579,0.008822098534048,-0.0079395958563177,0.0022018799842414,0.0,0.0,0.0,0,0,1,1.0
crossover_11_05_02_fps30.mp4,954,0.1295861452817917,-0.0906807418091822,0.0341384445748678,0.0425492376089096,-0.0087234377861022,0.976325511932373,-0.0734819024801254,-0.023289144039154,0.8899360299110413,-0.0180906802415847,0.0552942752838134,-0.5220211148262024,0.9557289481163024,-0.0870134085416793,0.043816328048706,-0.5581625699996948,0.7020314931869507,0.1435224264860153,0.2506382465362549,0.9651867747306824,-0.1318687051534652,0.2469822764396667,0.9378889203071594,0.0756100933167864,0.0103494329230216,-0.0073543497701969,0.0033399046477625,0.0,0.0,0.0,0,0,1,1.0
crossover_11_05_02_fps30.mp4,955,0.1310421079397201,-0.0901155572826579,0.026035480528343,0.0393926501274108,-0.0104216635227203,0.97653728723526,-0.0705512166023254,-0.0262112915515899,0.8832014799118042,-0.0207520723342895,0.0505180060863494,-0.5092909932136536,0.9550521969795228,-0.0777259469032287,0.0379510819911956,-0.556224524974823,0.6783169507980347,0.1423561573028564,0.2504959404468536,0.9651737809181212,-0.1330438256263733,0.2468824088573455,0.9404494166374208,0.0735573728587486,0.0171896481515939,-0.0081029640465247,0.0005651845265242,0.0,0.0,0.0,0,0,1,1.0
crossover_11_05_02_fps30.mp4,956,0.1341101378202438,-0.0913584536415035,0.0188462442014275,0.032545119524002,-0.0142224729061126,0.9761679768562316,-0.0699469149112701,-0.0306997001171112,0.8750062584877014,-0.0269951522350311,0.0460691750049591,-0.5038053393363953,0.9516816139221193,-0.073037713766098,0.0347431600093841,-0.5208805799484253,0.6475123167037964,0.1399904191493988,0.2494615018367767,0.9638683199882508,-0.1352745294570922,0.2458422482013702,0.9419947862625122,0.0698836356343477,0.0242561629650596,-0.0071892363269154,-0.0012428963588455,0.0,0.0,0.0,0,0,1,1.0
crossover_11_05_02_fps30.mp4,957,0.135310024023056,-0.0922384504544532,0.018539027469914,0.030289351940155,-0.0156964063644409,0.9758662581443788,-0.0698286592960357,-0.0324425101280212,0.8681168556213379,-0.0283622145652771,0.0453076958656311,-0.5023908019065857,0.9484928846359252,-0.0725122094154357,0.0324170589447021,-0.5213345289230347,0.6204656958580017,0.1391104459762573,0.2491592764854431,0.9629124999046326,-0.1361455619335174,0.2456284165382385,0.943873405456543,0.0692584660460332,0.024118962314839,-0.0003072167315134,-0.0008799968129497,0.0,0.0,0.0,0,0,1,1.0
crossover_11_05_02_fps30.mp4,958,0.1363943964242935,-0.0914015178963289,0.013881004002036,0.0280270874500274,-0.0176995694637298,0.9755244255065918,-0.0684062242507934,-0.0330617725849151,0.862902820110321,-0.029615432024002,0.0456749498844146,-0.5111522674560547,0.9446361660957336,-0.0695727169513702,0.0362646281719207,-0.5484294891357422,0.5967821478843689,0.1389400660991668,0.2499493658542633,0.9627546072006226,-0.1362747848033905,0.2464724481105804,0.9459049105644226,0.0694865123761019,0.0312653671283942,-0.004658023467878,0.0008369325581243,0.0,0.0,0.0,0,0,1,1.0
crossover_11_05_02_fps30.mp4,959,0.1375804394483566,-0.0921467132487539,0.0103744159384471,0.0274673104286193,-0.0198930203914642,0.9755640625953674,-0.0681432783603668,-0.0339896380901336,0.8644513487815857,-0.0299850106239318,0.0441369712352752,-0.516518771648407,0.9428058862686156,-0.0687550902366638,0.0380603373050689,-0.5623133182525635,0.5885416865348816,0.1384387016296386,0.250360757112503,0.962948739528656,-0.1366450786590576,0.246899276971817,0.9480700492858888,0.0707388677700469,0.0362446998754095,-0.0035065880635889,-0.000745195352425,0.0,0.0,0.0,0,0,1,1.0
crossover_11_05_02_fps30.mp4,960,0.1381276100873947,-0.0939292694552469,0.0072845685772779,0.0283038914203643,-0.0202759504318237,0.975588858127594,-0.0680381655693054,-0.0341285467147827,0.8693645596504211,-0.029281347990036,0.0399661660194397,-0.522734522819519,0.9414647221565248,-0.0709074437618255,0.0331678986549377,-0.5804427266120911,0.5934907793998718,0.13780078291893,0.250348687171936,0.963003396987915,-0.13723224401474,0.246904969215393,0.950181007385254,0.0724392197717755,0.0346403122700613,-0.0030898473611691,-0.001782556206493,0.0,0.0,0.0,0,0,1,1.0
crossover_11_05_02_fps30.mp4,961,0.1389290988445282,-0.0952535462581505,0.0016290187835693,0.0290553867816925,-0.0209361314773559,0.9761382341384888,-0.0681740641593933,-0.0358529090881347,0.8757525682449341,-0.0291471183300018,0.0347079038619995,-0.5553353428840637,0.9418668150901794,-0.0718980431556701,0.0184969902038574,-0.6496239900588989,0.6043586134910583,0.1373670399188995,0.2503378987312317,0.9630666375160216,-0.1376062929630279,0.2468608617782592,0.9519855976104736,0.0739207173358829,0.0288098591632382,-0.0056555497937086,-0.0013242768029035,0.0,0.0,0.0,0,0,1,1.0
crossover_11_05_02_fps30.mp4,962,0.1392493396997451,-0.0954450943712461,0.0016105321849264,0.0297843515872955,-0.0212492644786834,0.976834237575531,-0.0684573054313659,-0.0363942682743072,0.882820725440979,-0.0289341509342193,0.0333184897899627,-0.5642049312591553,0.9430506229400636,-0.0726342797279357,0.0156936347484588,-0.6596300005912781,0.620215892791748,0.1372008025646209,0.2502321302890777,0.963272511959076,-0.1376498937606811,0.2465539872646331,0.9537691473960876,0.0736824278397919,0.0268079660270307,-1.8486598642897256e-05,-0.0001915481130955,0.0,0.0,0.0,0,0,1,1.0
crossover_11_05_02_fps30.mp4,963,0.1392433941364288,-0.0968818497859825,-0.0027192344025868,0.031854897737503,-0.0216080248355865,0.977281391620636,-0.0675113797187805,-0.0355407297611236,0.8855589032173157,-0.0284483730792999,0.0319366157054901,-0.5654119849205017,0.9438677430152892,-0.0733161270618438,0.0185655653476715,-0.6492248177528381,0.6244432330131531,0.1371361315250396,0.2502466142177582,0.9624963998794556,-0.1374916732311248,0.2464105784893036,0.9542261958122252,0.0767083351460424,0.0317550938893208,-0.0043297665875132,-0.0014367554147364,0.0,0.0,0.0,0,0,1,1.0
crossover_11_05_02_fps30.mp4,964,0.1391536593437194,-0.0977462021981255,-0.0072774352096929,0.0332937538623809,-0.0219887495040893,0.9771154522895812,-0.0657113194465637,-0.0349335670471191,0.8848662972450256,-0.0280560553073883,0.0330867767333984,-0.5575743913650513,0.9434693455696106,-0.0727454125881195,0.0203821063041687,-0.6287136673927307,0.617114245891571,0.1371825039386749,0.2502965331077575,0.9604538679122924,-0.1372836828231811,0.2464621663093567,0.9530768990516664,0.0805356205628251,0.0372839069556936,-0.0045582008071061,-0.0008643524121429,0.0,0.0,0.0,0,0,1,1.0
crossover_11_05_02_fps30.mp4,965,0.1395013183355331,-0.0984575329190593,-0.011052027272015,0.0346953570842742,-0.022795557975769,0.9765002727508544,-0.0646199584007263,-0.0347723364830017,0.87626713514328,-0.027992159128189,0.0338329076766967,-0.5516846776008606,0.9425148367881776,-0.0732963681221008,0.0218180418014526,-0.6201332807540894,0.5927634835243225,0.1372228562831878,0.2499432563781738,0.9568896889686584,-0.1372422277927398,0.2460826635360717,0.949974000453949,0.0835465516274439,0.0413947539530583,-0.0037745920623221,-0.0007113307209337,0.0,0.0,0.0,0,0,1,1.0
crossover_11_05_02_fps30.mp4,966,0.1393462419509887,-0.1001447990789252,-0.0120330739312055,0.0356656908988952,-0.0226423442363739,0.976390540599823,-0.0639062225818634,-0.034045785665512,0.8737387657165527,-0.027407944202423,0.0348406136035919,-0.5353990197181702,0.9413495659828186,-0.0704642236232757,0.0295635163784027,-0.590745747089386,0.5745415687561035,0.1372685432434082,0.2501929104328155,0.9565041065216064,-0.1372072994709015,0.2463491857051849,0.950549066066742,0.0865320324529313,0.0511000282266448,-0.0009810466591905,-0.0016872661598658,0.0,0.0,0.0,0,0,1,1.0
crossover_11_05_02_fps30.mp4,967,0.1392765343189239,-0.1001040337449413,-0.0119754698218368,0.0363097786903381,-0.0225349068641662,0.9763911366462708,-0.0638441741466522,-0.0332497358322143,0.8724607825279236,-0.0271006822586059,0.0354142785072326,-0.5212731957435608,0.9407047033309937,-0.0701956748962402,0.0342956781387329,-0.5790354609489441,0.5584743022918701,0.1373454332351684,0.2503910064697265,0.9563782811164856,-0.1371515691280365,0.2464564442634582,0.9512274861335754,0.0870360705393457,0.0550956356040259,5.7604109368725176e-05,4.076533398389426e-05,0.0,0.0,0.0,0,0,1,1.0
crossover_11_05_02_fps30.mp4,968,0.1392274051904678,-0.1012702318571381,-0.0118092206920065,0.0368615090847015,-0.0225010812282562,0.9765878319740297,-0.0635317862033844,-0.0326406061649322,0.8784815073013306,-0.0266843140125274,0.0348714888095855,-0.518382728099823,0.9409967064857484,-0.0679061412811279,0.0354763567447662,-0.5783412456512451,0.5683760643005371,0.137359470129013,0.2504744231700897,0.9565300941467284,-0.1371185183525085,0.2465445101261139,0.9521636962890624,0.0879894753950439,0.0578713087245592,0.0001662491298303,-0.0011661981121968,0.0,0.0,0.0,0,0,1,1.0
crossover_11_05_02_fps30.mp4,969,0.1391834020614624,-0.1019018826848369,-0.0116162622847207,0.0372956693172454,-0.0225585103034973,0.9761517643928528,-0.0635758936405181,-0.0323585867881774,0.8806704878807068,-0.0259419977664947,0.0344069004058837,-0.5230874419212341,0.9406498670578004,-0.0684791803359985,0.0337111949920654,-0.5974501967430115,0.5755796432495117,0.1373932063579559,0.2504870295524597,0.9556722044944764,-0.1370361745357513,0.2465532422065735,0.9517062306404114,0.0888146137797921,0.0563174521394383,0.0001929584072857,-0.0006316508276987,0.0,0.0,0.0,0,0,1,1.0
crossover_11_05_02_fps30.mp4,970,0.1392225325107574,-0.1022420918537398,-0.0114223942524049,0.0375705063343048,-0.0226131677627563,0.9756667017936708,-0.0635258853435516,-0.0317053198814392,0.8839277029037476,-0.0253234207630157,0.0337159037590026,-0.5299587249755859,0.9393047094345092,-0.0689795911312103,0.0345038175582885,-0.5952061414718628,0.5801849961280823,0.1374780833721161,0.2504045367240906,0.9547103047370912,-0.1369245052337646,0.2464860081672668,0.9515288472175598,0.0891849085312624,0.0567063566595224,0.0001938680323158,-0.0003402091689028,0.0,0.0,0.0,0,0,1,1.0
crossover_11_05_02_fps30.mp4,971,0.1392886489629745,-0.1021459174358238,-0.0117931408126179,0.0379374325275421,-0.0227176249027252,0.9751825928688048,-0.0633957684040069,-0.0315869748592376,0.8841232657432556,-0.0246101319789886,0.0328606069087982,-0.5505203604698181,0.9387900233268738,-0.0692691206932067,0.0309787690639495,-0.6382532119750977,0.5911765694618225,0.1377287209033966,0.2503145039081573,0.9536992907524108,-0.1367055475711822,0.2464295327663421,0.9510317444801332,0.089474885928825,0.0539473821287425,-0.0003707465602129,9.617441791598402e-05,0.0,0.0,0.0,0,0,1,1.0
crossover_11_05_02_fps30.mp4,972,0.1393642723560333,-0.1020977636515084,-0.0118724000163195,0.0380822420120239,-0.0228397250175476,0.9749258160591124,-0.0633154511451721,-0.0314887762069702,0.8858181238174438,-0.0242344737052917,0.0322773456573486,-0.5529361367225647,0.93887597322464,-0.0694930851459503,0.0295974612236022,-0.6363416314125061,0.6026343703269958,0.1378431916236877,0.2502370476722717,0.953715682029724,-0.1366512179374694,0.2463932037353515,0.9515443444252014,0.0895091725148779,0.0527523881138017,-7.925920370155382e-05,4.815378431544115e-05,0.0,0.0,0.0,0,0,1,1.0
crossover_11_05_02_fps30.mp4,973,0.1395713537931442,-0.10203937857838,-0.0128470659255981,0.0379889011383056,-0.023036241531372,0.9751784801483154,-0.0634984672069549,-0.0318449735641479,0.8889344930648804,-0.0243341326713562,0.032282531261444,-0.5477816462516785,0.9411816000938416,-0.073324978351593,0.0131426453590393,-0.6857102513313293,0.6301177740097046,0.1377850174903869,0.2500301003456116,0.9539119005203248,-0.136755883693695,0.2461589574813842,0.9521604180336,0.0898598118389735,0.0387295994433574,-0.0009746659092786,5.838507312838637e-05,0.0,0.0,0.0,0,0,1,1.0
crossover_11_05_02_fps30.mp4,974,0.1400211602449417,-0.1022579974037105,-0.0139686828706322,0.037889689207077,-0.0234825611114501,0.9748169779777528,-0.0636501610279083,-0.0329359173774719,0.892123818397522,-0.0244026482105255,0.0316237807273864,-0.5480414628982544,0.94278085231781,-0.0749361813068389,0.0121248364448547,-0.6863263845443726,0.656164824962616,0.1376958787441253,0.2496140003204345,0.953426718711853,-0.1368419229984283,0.2456406950950622,0.9517971277236938,0.0902226586558467,0.0377803306642353,-0.001121616945034,-0.0002186188253305,0.0,0.0,0.0,0,0,1,1.0
crossover_11_05_02_fps30.mp4,975,0.1400430798530578,-0.1028191606877214,-0.0144137679076776,0.0378329157829284,-0.0235099792480468,0.9743322730064392,-0.0637504458427429,-0.0329307317733764,0.8938015699386597,-0.0244041681289672,0.0314317345619201,-0.5489760041236877,0.943202257156372,-0.0750417411327362,0.0121951699256896,-0.6838412284851074,0.6726495027542114,0.13764488697052,0.2496141195297241,0.9524490237236024,-0.1368932425975799,0.24559086561203,0.9514249563217164,0.0908334803620304,0.0384658369173697,-0.0004450850370454,-0.0005611632840108,0.0,0.0,0.0,0,0,1,1.0
crossover_11_05_02_fps30.mp4,976,0.1398902088403701,-0.1038621957019224,-0.0100846469402313,0.0378226041793823,-0.0233577191829681,0.9740179777145386,-0.0637895166873931,-0.0324962437152862,0.8925063610076904,-0.0244823098182678,0.0315937101840972,-0.5478432178497314,0.9438753724098206,-0.0757275223731994,0.0077151954174041,-0.7023090720176697,0.6828850507736206,0.1376510858535766,0.2498089373111724,0.952363908290863,-0.1368950605392456,0.2457294762134552,0.9513113498687744,0.0896562978015772,0.033292555192875,0.0043291209674463,-0.0010430350142009,0.0,0.0,0.0,0,0,1,1.0
crossover_11_05_02_fps30.mp4,977,0.1398145854473114,-0.1038570202003091,-0.0100111913390276,0.0378164649009704,-0.0232873260974884,0.9739930629730223,-0.0638237595558166,-0.0321922600269317,0.8915277719497681,-0.0245462656021118,0.0316885411739349,-0.545359194278717,0.944608747959137,-0.0760336220264434,0.0069479644298553,-0.6998109221458435,0.6914756298065186,0.1376592516899109,0.249930590391159,0.952358901500702,-0.1368938386440277,0.2457988560199737,0.951355278491974,0.0896050416359933,0.0325845738093151,7.34556012037535e-05,5.175501613274847e-06,0.0,0.0,0.0,0,0,1,1.0
crossover_11_05_02_fps30.mp4,978,0.1400084495544433,-0.1050867335271027,-0.0056511406491442,0.037728726863861,-0.0235207974910736,0.973739743232727,-0.0637139081954956,-0.0307947695255279,0.8864274024963379,-0.0247748494148254,0.0314774215221405,-0.546327531337738,0.9443455338478088,-0.0773866474628448,0.0060877501964569,-0.698866069316864,0.6907419562339783,0.1375904083251953,0.249745100736618,0.9510878324508668,-0.1369740664958953,0.2455809414386749,0.9499017596244812,0.0884789741044211,0.0300848188668676,0.0043600506898833,-0.0012297133267936,0.0,0.0,0.0,0,0,1,1.0
crossover_11_05_02_fps30.mp4,979,0.1401221454143524,-0.1057877067792213,-0.0011191911813689,0.0377328395843505,-0.0236856341361999,0.9727497696876526,-0.0637625157833099,-0.0307809710502624,0.8789754509925842,-0.0247447490692138,0.0314550995826721,-0.5495792627334595,0.9417102336883544,-0.0773850083351135,0.0066826343536376,-0.6993717551231384,0.6826224327087402,0.1376209855079651,0.249720811843872,0.9495815634727478,-0.1369719505310058,0.2455229759216308,0.948545515537262,0.0873444068796986,0.0294547408847133,0.0045319494677753,-0.0007009732521185,0.0,0.0,0.0,0,0,1,1.0
crossover_11_05_02_fps30.mp4,980,0.1401783227920532,-0.1068898453550823,0.0004752813315973,0.037735104560852,-0.023719310760498,0.9718389511108398,-0.0645113289356231,-0.0310348868370056,0.8712834715843201,-0.0247432589530944,0.0314876437187194,-0.5495259761810303,0.9397781491279602,-0.0779434442520141,0.0073515176773071,-0.6931338310241699,0.6725892424583435,0.1376688480377197,0.2497289180755615,0.9479949474334716,-0.1369603872299194,0.245521068572998,0.9474790692329408,0.0878056278283428,0.0297519203262876,0.0015944725129662,-0.001102138575861,0.0,0.0,0.0,0,0,1,1.0
crossover_11_05_02_fps30.mp4,981,0.1402768194675445,-0.1092247865967831,2.3166580897959758e-05,0.0376838445663452,-0.023632138967514,0.9713070392608644,-0.0655475258827209,-0.0314733684062957,0.8625730276107788,-0.0249283909797668,0.0317606031894683,-0.534542977809906,0.9380455017089844,-0.0786499679088592,0.0030421912670135,-0.6873037815093994,0.6666187644004822,0.1376685500144958,0.2497515976428985,0.946570873260498,-0.1369898915290832,0.2455363571643829,0.9464855194091796,0.0900730103666106,0.0307235096929825,-0.0004521147506993,-0.0023349412417007,0.0,0.0,0.0,0,0,1,1.0
crossover_11_05_02_fps30.mp4,982,0.1403540819883346,-0.1092271455263687,2.766382403485146e-05,0.0376638770103454,-0.023625910282135,0.9708635807037354,-0.0661344528198242,-0.0316752195358276,0.8547629117965698,-0.0250210762023925,0.0319879651069641,-0.5269051194190979,0.9361903667449952,-0.079008549451828,0.0020231008529663,-0.6794587969779968,0.6603294610977173,0.1376715302467346,0.2497543692588806,0.944762885570526,-0.1370132863521576,0.2455840110778808,0.9454644918441772,0.090067324647121,0.0302844071702366,4.497243136891704e-06,-2.358929585610792e-06,0.0,0.0,0.0,0,0,1,1.0
crossover_11_05_02_fps30.mp4,983,0.1403340995311737,-0.1134752062417693,-0.0023579581481654,0.0376024544239044,-0.0235287845134735,0.970370352268219,-0.0675280392169952,-0.0328669846057891,0.8540400266647339,-0.0251064002513885,0.0320121943950653,-0.5294740200042725,0.9345482587814332,-0.080746591091156,0.0031124055385589,-0.6517465114593506,0.6643686294555664,0.1375937759876251,0.249765008687973,0.944208562374115,-0.137136161327362,0.2456569969654083,0.9455277919769288,0.0948174733791747,0.0331826329356485,-0.0023856219722002,-0.0042480607154005,0.0,0.0,0.0,0,0,1,1.0
crossover_11_05_02_fps30.mp4,984,0.1399154514074325,-0.117033437045954,-0.0082042576336278,0.0381189882755279,-0.0226950943470001,0.970251202583313,-0.0701037645339965,-0.0374847650527954,0.857843279838562,-0.0251793563365936,0.0328946411609649,-0.5567533373832703,0.9346426129341124,-0.084400475025177,0.0037797391414642,-0.6868776082992554,0.6766451597213745,0.1374600231647491,0.2506262362003326,0.9451308846473694,-0.137258380651474,0.2465468943119049,0.9463134407997132,0.1006294769194885,0.0347638661393535,-0.0058462994854624,-0.0035582308041847,0.0,0.0,0.0,0,0,1,1.0
crossover_11_05_02_fps30.mp4,985,0.1388964802026748,-0.1215457053507788,-0.0172618352785343,0.0396726131439209,-0.0216637551784515,0.9698570370674132,-0.0721750855445861,-0.0365764498710632,0.8518384099006653,-0.0245763063430786,0.0334818661212921,-0.5586692094802856,0.9349035620689392,-0.0914268195629119,-0.0082067549228668,-0.736156165599823,0.6778377294540405,0.1374463438987732,0.2514713704586029,0.946192741394043,-0.13726806640625,0.2475859820842743,0.9471122622489928,0.1094439928715565,0.031450624180613,-0.0090575776449064,-0.0045122683048248,0.0,0.0,0.0,0,0,1,1.0
crossover_11_05_02_fps30.mp4,986,0.138771966099739,-0.1253996858152292,-0.0296637766244934,0.0416167080402374,-0.0213269889354705,0.9695224165916444,-0.0755087733268737,-0.0374391674995422,0.8454079031944275,-0.0243531763553619,0.0328957140445709,-0.5644910931587219,0.934796929359436,-0.101741075515747,-0.0228796899318695,-0.7577670216560364,0.6778134107589722,0.1375024020671844,0.2516535818576813,0.9478186964988708,-0.1372912228107452,0.2477200925350189,0.9482711553573608,0.1188448019342697,0.024612063577762,-0.0124019413459591,-0.0038539804644504,0.0,0.0,0.0,0,0,1,1.0
crossover_11_05_02_fps30.mp4,987,0.1386763602495193,-0.1254163864305463,-0.0295877865174921,0.0426066219806671,-0.0211667120456695,0.967926263809204,-0.0767149925231933,-0.0373449027538299,0.834240734577179,-0.0241678059101104,0.0325734913349151,-0.5643497705459595,0.932997226715088,-0.1039638221263885,-0.0250189006328582,-0.7580766081809998,0.6724711060523987,0.1375574171543121,0.2517443597316742,0.9483319520950316,-0.1372724771499633,0.2477781474590301,0.9482420086860656,0.1188078260117883,0.0219337008607948,7.599010700132247e-05,-1.67006153171112e-05,0.0,0.0,0.0,0,0,1,1.0
crossover_11_05_02_fps30.mp4,988,0.1369049400091171,-0.1289909997228848,-0.0400383809717689,0.0440821051597595,-0.0193831920623779,0.965326726436615,-0.0789611637592315,-0.0394301414489746,0.8233113884925842,-0.0235387086868286,0.0326340794563293,-0.5727529525756836,0.9278860688209534,-0.104898989200592,-0.0357012450695037,-0.7712161540985107,0.66325443983078,0.1377362608909607,0.2531912326812744,0.9496444463729858,-0.1370689272880554,0.249208390712738,0.9493052363395692,0.1280682325536923,0.0244792916327451,-0.0104505944542768,-0.0035746132923384,0.0,0.0,0.0,0,0,1,1.0
crossover_11_05_02_fps30.mp4,989,0.1347183734178543,-0.1305164817026106,-0.0468104717208118,0.0468269288539886,-0.0181637406349182,0.9643583297729492,-0.07993945479393,-0.0424750447273254,0.8155430555343628,-0.0199263393878936,0.0328134894371032,-0.5784773826599121,0.9246888756752014,-0.1070024073123931,-0.0424171388149261,-0.7751830816268921,0.6532354354858398,0.138394147157669,0.2540118098258972,0.9523450136184692,-0.1364295482635498,0.2501135468482971,0.9517762064933776,0.1362723551116165,0.0239209754912005,-0.0067720907490428,-0.0015254819797257,0.0,0.0,0.0,0,0,1,1.0
crossover_11_05_02_fps30.mp4,990,0.1325504183769226,-0.1301837239225032,-0.047488841341763,0.0496552884578704,-0.0169918239116668,0.962748408317566,-0.0800877809524536,-0.0445430278778076,0.8002210259437561,-0.0157209932804107,0.0327193439006805,-0.5807160139083862,0.9209102988243104,-0.1108316481113433,-0.0483084917068481,-0.7751126289367676,0.6359225511550903,0.1393182575702667,0.254578560590744,0.9541831612586976,-0.1355655491352081,0.2506298124790191,0.9530839920043944,0.1397679136494866,0.0193694260349103,-0.0006783696209511,0.0003327577801073,0.0,0.0,0.0,0,0,1,1.0
crossover_11_05_02_fps30.mp4,991,0.1303591132164001,-0.1300304248171337,-0.0396515402852035,0.0505132377147674,-0.0161928832530975,0.9604160785675048,-0.0804614424705505,-0.0443171858787536,0.7941203713417053,-0.0139048993587493,0.033221036195755,-0.6045773029327393,0.9154482483863832,-0.1147286891937255,-0.04533451795578,-0.8086170554161072,0.6341593861579895,0.1396327316761016,0.2549165785312652,0.954443097114563,-0.1352302134037017,0.2511497437953949,0.9526930451393129,0.1370968638078896,0.0163229699593226,0.0078373010565594,0.0001532991053694,0.0,0.0,0.0,0,0,1,1.0
crossover_11_05_02_fps30.mp4,992,0.1288575232028961,-0.1292067172163624,-0.0388687343132205,0.0517799854278564,-0.0152817368507385,0.9583619236946106,-0.0804178416728973,-0.0438674092292785,0.7890799045562744,-0.0122497677803039,0.0340338945388793,-0.6282657384872437,0.910007894039154,-0.1140899956226348,-0.043429672718048,-0.8241995573043823,0.6282283663749695,0.1404401659965515,0.2553713321685791,0.9535088539123536,-0.1344642043113708,0.2518541216850281,0.9504916667938232,0.1378177104545557,0.0157897888166656,0.0007828059719829,0.0008237076007713,0.0,0.0,0.0,0,0,1,1.0
crossover_11_05_02_fps30.mp4,993,0.1264708191156387,-0.1286302286689564,-0.020506858389552,0.0529477298259735,-0.013237327337265,0.9565438032150269,-0.0787920355796814,-0.0417965650558471,0.7816078066825867,-0.0101004540920257,0.0370385944843292,-0.6118596196174622,0.9053533673286438,-0.1095090806484222,-0.0370301902294158,-0.8049497008323669,0.6205525398254395,0.1413719356060028,0.2567678391933441,0.9534943699836732,-0.1335563659667968,0.2533896863460541,0.9496185183525084,0.1317603377641318,0.0252713038190244,0.0183618759236685,0.0005764885474059,0.0,0.0,0.0,0,0,1,1.0
crossover_11_05_02_fps30.mp4,994,0.1229441314935684,-0.1281195137460353,0.0082924188637152,0.0547359585762023,-0.011630892753601,0.9551472663879396,-0.0780946314334869,-0.0358037054538726,0.7938612699508667,-0.0068306326866149,0.0403719544410705,-0.6055178642272949,0.9002985954284668,-0.1006380915641784,-0.0210421085357666,-0.7991012334823608,0.6453304886817932,0.1431098580360412,0.2569139003753662,0.9546193480491638,-0.1317834556102752,0.2534684538841247,0.9505024552345276,0.1254595124791461,0.040196306582675,0.0287992772532672,0.0005107149229211,0.0,0.0,0.0,0,0,1,1.0
crossover_11_05_02_fps30.mp4,995,0.1191981434822082,-0.1281611962843749,0.0548748802847978,0.0561356842517852,-0.0094009339809417,0.9548312425613404,-0.0796922445297241,-0.0225777328014373,0.7999237179756165,-0.0053870379924774,0.0439008176326751,-0.6041491627693176,0.8979244232177734,-0.1055791079998016,0.0354245007038116,-0.7455509901046753,0.6431711912155151,0.1447069346904754,0.2565902769565582,0.9558335542678832,-0.130116194486618,0.252904862165451,0.9497113227844238,0.1232636361437412,0.0298038248742792,0.0465824614210825,-4.1682538339637976e-05,0.0,0.0,0.0,0,0,1,1.0
crossover_11_05_02_fps30.mp4,996,0.1184769421815872,-0.12912185419414,0.1416082767451681,0.0572427660226821,-0.0093304216861724,0.954416573047638,-0.0800803750753402,-0.0136237442493438,0.8146395683288574,-0.0045484155416488,0.0458914339542388,-0.5427138209342957,0.9010061621665956,-0.1101300865411758,0.0698814094066619,-0.4944700598716736,0.6756820678710938,0.1458916217088699,0.2549614012241363,0.9521106481552124,-0.1293845027685165,0.2527326643466949,0.9398047924041748,0.1570995086293062,0.0741985898570845,0.0867333964603703,-0.000960657909765,0.0,0.0,0.0,0,0,0,1.0
crossover_11_05_02_fps30.mp4,997,0.1183091402053833,-0.1285327873492645,0.1411249742275331,0.05780591070652,-0.0090040564537048,0.953803539276123,-0.0804701894521713,-0.0118736624717712,0.8265747427940369,-0.0043377727270126,0.0467171669006347,-0.5315588116645813,0.903536856174469,-0.1110142618417739,0.0728939771652221,-0.4873425960540771,0.703728973865509,0.1463964134454727,0.2544289827346802,0.9489272832870485,-0.1293481141328811,0.2527714371681213,0.930203914642334,0.1560039606589977,0.0704440749536373,-0.000483302517635,0.0005890668448755,0.0,0.0,0.0,0,0,0,1.0
crossover_11_05_02_fps30.mp4,998,0.1174018681049346,-0.1281960097915035,0.2423878588327547,0.0573025494813919,-0.007559597492218,0.9532800912857056,-0.0842424184083938,-0.0061813592910766,0.8336895108222961,-0.0053160637617111,0.0471823215484619,-0.5171624422073364,0.9044806957244872,-0.1114532798528671,0.0914604067802429,-0.5223116874694824,0.7170554995536804,0.145746961236,0.253763198852539,0.9483624696731568,-0.1260258704423904,0.2364850640296936,0.9203657507896424,0.2306614031925023,0.1518532672972872,0.1012628846052215,0.0003367775577609,0.0,0.0,0.0,0,0,0,1.0
crossover_11_05_02_fps30.mp4,999,0.1182868778705596,-0.126590213028051,0.2605374014959103,0.0559010207653045,-0.0083560645580291,0.9544101357460022,-0.0865715742111206,-0.0046011507511138,0.8452619910240173,-0.006373256444931,0.0453734695911407,-0.5103800892829895,0.9098938703536988,-0.1117261946201324,0.0956913530826568,-0.510347843170166,0.7406273484230042,0.1446480453014373,0.2515344321727752,0.945550501346588,-0.1251350939273834,0.2358580529689788,0.9142721891403198,0.2464703516507169,0.1655148293075144,0.0181495426631556,0.0016057967634524,0.0,0.0,0.0,1,0,0,1.0
crossover_11_05_02_fps30.mp4,1000,0.1171637773513794,-0.1259158966904979,0.1844220196328512,0.0557367801666259,-0.0054795145988464,0.9563085436820984,-0.0857322514057159,-0.0061937570571899,0.857619047164917,-0.006667137145996,0.0465138554573059,-0.5302650332450867,0.9160171747207642,-0.1112365126609802,0.0842877626419067,-0.5049225091934204,0.7648704051971436,0.1445537805557251,0.2512342929840088,0.94413161277771,-0.1264556646347046,0.2423826456069946,0.9073396325111388,0.1823154639606075,0.1012045144181551,-0.0761153818630591,0.0006743163375531,0.0,0.0,0.0,0,0,0,1.0
crossover_11_05_02_fps30.mp4,1001,0.1157338619232177,-0.1251036191390732,0.1193159556970363,0.0555177927017211,-0.0026479363441467,0.9567734599113464,-0.0852319002151489,-0.0076691508293151,0.8657022714614868,-0.0069747567176818,0.0475744009017944,-0.5443482995033264,0.918237566947937,-0.1107650399208068,0.0717623829841613,-0.5254469513893127,0.7802673578262329,0.1444879174232483,0.2513955235481262,0.9431159496307372,-0.1281491219997406,0.2481230497360229,0.9052389860153198,0.1382073761469,0.0496682708754511,-0.0651060639358148,0.0008122775514247,0.0,0.0,0.0,0,0,1,1.0
crossover_11_05_02_fps30.mp4,1002,0.115075334906578,-0.1254397537748692,0.1193203210830688,0.0551130175590515,-0.0015414953231811,0.9575175046920776,-0.0852185785770416,-0.0084491372108459,0.8718967437744141,-0.0073869228363037,0.0483331084251403,-0.5451358556747437,0.9210494756698608,-0.1107150912284851,0.0678181648254394,-0.5170888304710388,0.793517529964447,0.1442174315452575,0.2514318227767944,0.9427380561828612,-0.1296228468418121,0.2503907680511474,0.9030614495277404,0.1377521515387382,0.0535657333216877,4.365386032545437e-06,-0.000336134635796,0.0,0.0,0.0,0,0,1,1.0
crossover_11_05_02_fps30.mp4,1003,0.1134562641382217,-0.1215723052873449,0.0876429823840536,0.0549068748950958,-0.0002064406871795,0.9600636959075928,-0.084716647863388,-0.0087994039058685,0.8816139101982117,-0.0073586404323577,0.0504698455333709,-0.6088012456893921,0.925803244113922,-0.1070529222488403,0.0618161857128143,-0.7636074423789978,0.8090547323226929,0.1438212692737579,0.2515364587306976,0.9459712505340576,-0.1300869584083557,0.2506309449672699,0.9071362018585204,0.1201107961131176,0.0296282957680045,-0.0316773386990152,0.0038674484875242,0.0,0.0,0.0,0,0,1,1.0
crossover_11_05_02_fps30.mp4,1004,0.1121033281087875,-0.1197382838039075,0.0795631529354468,0.0544272661209106,0.000556081533432,0.9624958634376526,-0.0836637616157531,-0.0078515708446502,0.8905661106109619,-0.006715178489685,0.052952617406845,-0.6186681985855103,0.9307494163513184,-0.1030294299125671,0.0595606863498687,-0.7827820777893066,0.8243216872215271,0.1431500911712646,0.2514054477214813,0.9482738375663756,-0.1309129297733307,0.2506920993328094,0.9091230034828186,0.1161134916191429,0.0260630863074449,-0.0080798294486068,0.0018340214834374,0.0,0.0,0.0,0,0,1,1.0
crossover_11_05_02_fps30.mp4,1005,0.1142392456531524,-0.1193950712680816,0.1054822414386563,0.0548682510852813,-0.0024618208408355,0.961333394050598,-0.0831041038036346,-0.0067355334758758,0.8847148418426514,-0.0033238232135772,0.050849050283432,-0.5505901575088501,0.9294756054878236,-0.1029052734375,0.069910854101181,-0.5549207925796509,0.8106329441070557,0.1432324349880218,0.2486329972743988,0.949459671974182,-0.1313930749893188,0.2488646805286407,0.9093337655067444,0.1282860873233476,0.0392076144340121,0.0259190885032095,0.0003432125358258,0.0,0.0,0.0,0,0,1,1.0
crossover_11_05_02_fps30.mp4,1006,0.1162582039833068,-0.1183066384266998,0.1828887333230274,0.0554932355880737,-0.0048832595348358,0.961988627910614,-0.0827270746231079,-0.0043889582157135,0.8944021463394165,-0.0011714696884155,0.0487670004367828,-0.5315678119659424,0.933468222618103,-0.1026255786418914,0.0841845571994781,-0.5105592012405396,0.8286834359169006,0.1435183882713318,0.2466000616550445,0.9504711627960204,-0.131554365158081,0.2465726435184478,0.9073582291603088,0.1780710166977082,0.0999420333003255,0.0774064918843711,0.0010884328413818,0.0,0.0,0.0,0,0,0,1.0
crossover_11_05_02_fps30.mp4,1007,0.1171588450670242,-0.1181172434556282,0.1816086680423922,0.0560957491397857,-0.0064156353473663,0.9613481760025024,-0.0824619531631469,-0.0039582550525665,0.9023404121398926,0.0003093779087066,0.0473478734493255,-0.5136126279830933,0.93511563539505,-0.102498710155487,0.0856311619281768,-0.4884158372879028,0.8445380330085754,0.1437862813472747,0.2455140650272369,0.9471079707145692,-0.1315704584121704,0.2454321086406707,0.8973310589790344,0.1790274437412689,0.0972400136895911,-0.0012800652806351,0.0001893949710716,0.0,0.0,0.0,0,0,0,1.0
crossover_11_05_02_fps30.mp4,1008,0.1173298507928848,-0.1172833044650191,0.2733766997732767,0.0560595393180847,-0.0067977309226989,0.9611082077026368,-0.0828299820423126,0.0005472302436828,0.9102550745010376,0.0008522868156433,0.0467903017997741,-0.4977932274341583,0.9360108971595764,-0.1013815402984619,0.0977131128311157,-0.5060421824455261,0.858214795589447,0.1441513299942016,0.2457125186920166,0.9450121521949768,-0.129061758518219,0.2417791485786438,0.8931911587715149,0.2555335861953144,0.1763818638097323,0.0917680317308844,0.0008339389906091,0.0,0.0,0.0,1,0,0,1.0
crossover_11_05_02_fps30.mp4,1009,0.1171507239341735,-0.1167490648011029,0.2446043963839368,0.0561199188232421,-0.0068432986736297,0.9606819152832032,-0.0828885734081268,0.0023597180843353,0.9165062308311462,0.0001976490020751,0.0467599928379058,-0.502894937992096,0.9373565316200256,-0.1006096005439758,0.0996388494968414,-0.5166831612586975,0.8699098825454712,0.1442747116088867,0.2459802329540252,0.9466241598129272,-0.1264057159423828,0.2376652657985687,0.8938037157058716,0.2298237191498023,0.1458612083138684,-0.0287723033893398,0.0005342396639161,0.0,0.0,0.0,0,0,0,1.0
crossover_11_05_02_fps30.mp4,1010,0.1168087273836135,-0.1153418912725933,0.1775318696731473,0.0562584996223449,-0.0066789090633392,0.9626404047012328,-0.0818669497966766,0.0005720555782318,0.921318292617798,-0.0002864599227905,0.0459872782230377,-0.5219874978065491,0.941672682762146,-0.1008173823356628,0.0914888083934784,-0.5059647560119629,0.8810803890228271,0.1441969871520996,0.2463391125202179,0.9480288624763488,-0.1280969977378845,0.239839881658554,0.8907533884048462,0.1747619289858791,0.087260356143187,-0.0670725267107894,0.0014071735285096,0.0,0.0,0.0,0,0,0,1.0
crossover_11_05_02_fps30.mp4,1011,0.1165297478437423,-0.1160435699810416,0.1257776091738445,0.0568780004978179,-0.0064048767089843,0.9640899300575256,-0.080637902021408,0.0001817941665649,0.923465132713318,0.0002859532833099,0.0461090803146362,-0.5367515087127686,0.9445649981498718,-0.1000721454620361,0.0910872220993042,-0.53017657995224,0.8854802846908569,0.1444091498851776,0.2467190027236938,0.9507057070732116,-0.1288500726222992,0.2416974306106567,0.8944617509841919,0.1409951505318598,0.0381904354066266,-0.0517542604993028,-0.0007016787084482,0.0,0.0,0.0,0,0,1,1.0
crossover_11_05_02_fps30.mp4,1012,0.1156507283449173,-0.1159652000766689,0.1267225009639089,0.0572705268859863,-0.0055220127105712,0.9649178385734558,-0.079967975616455,0.0002117156982421,0.9238243699073792,0.0007292628288269,0.046723186969757,-0.5515092611312866,0.9459779858589172,-0.0996543765068054,0.089497685432434,-0.5379424691200256,0.8863568305969238,0.1446198225021362,0.2476901412010193,0.953056573867798,-0.1293040215969085,0.2437739968299865,0.8981114625930786,0.1414831718344519,0.0406414795114492,0.0009448917900644,7.83699043726549e-05,0.0,0.0,0.0,0,0,1,1.0
crossover_11_05_02_fps30.mp4,1013,0.1136451363563537,-0.1139003592022394,0.1008886873722076,0.0574378371238708,-0.0035714209079742,0.9672020673751832,-0.0793410241603851,0.0017813146114349,0.9283715486526488,0.0014830827713012,0.048561543226242,-0.6463832259178162,0.949179470539093,-0.0998030304908752,0.066948264837265,-0.7570739388465881,0.8911309242248535,0.1447021961212158,0.2497438490390777,0.9556403160095216,-0.1297070086002349,0.2462331354618072,0.9029622673988342,0.1266943909418807,0.0367516932759117,-0.0258338135917012,0.0020648408744294,0.0,0.0,0.0,0,0,1,1.0
crossover_11_05_02_fps30.mp4,1014,0.1132915467023849,-0.1134100459389767,0.1016606197124574,0.0575652718544006,-0.0031917691230773,0.9694099426269532,-0.0783894956111908,0.0011019110679626,0.9332301020622252,0.0024519562721252,0.0489128232002258,-0.6236407160758972,0.9526382088661194,-0.097342312335968,0.065990149974823,-0.7201042175292969,0.8976800441741943,0.1448589563369751,0.250220775604248,0.9584370255470276,-0.1304545700550079,0.2479426860809326,0.908592402935028,0.1273040988863327,0.0391223014972374,0.0007719323402497,0.0004903132632627,0.0,0.0,0.0,0,0,1,1.0
crossover_11_05_02_fps30.mp4,1015,0.1143232285976409,-0.1138870715084722,0.1363755714602587,0.0579010546207428,-0.0043890476226806,0.9699163436889648,-0.0779678523540496,0.0018076300621032,0.9326068162918092,0.0029747188091278,0.0479398965835571,-0.5543527603149414,0.9540913701057434,-0.0953460037708282,0.0907034873962402,-0.5419250726699829,0.897470235824585,0.1451905667781829,0.2492589950561523,0.9602644443511964,-0.1310367286205291,0.2480725049972534,0.9098603129386902,0.1465521976195935,0.0492920932361638,0.0347149517478012,-0.0004770255694955,0.0,0.0,0.0,0,0,1,1.0
crossover_11_05_02_fps30.mp4,1016,0.116265669465065,-0.1166045712212384,0.204514629521021,0.0577480792999267,-0.0068571865558624,0.9693723917007446,-0.0786868035793304,0.0049338042736053,0.9341102242469788,0.0028049349784851,0.0454648435115814,-0.5192834138870239,0.9551347494125366,-0.0957851707935333,0.1031491458415985,-0.4959903061389923,0.9026997089385986,0.1451084017753601,0.2471753060817718,0.9495749473571776,-0.1309418976306915,0.2459565103054046,0.8823733329772949,0.198885556540716,0.1034814414072997,0.0681390580607623,-0.0027174997127661,0.0,0.0,0.0,0,0,0,1.0
crossover_11_05_02_fps30.mp4,1017,0.1168868541717529,-0.1165968134241589,0.203733775673843,0.0575701892375946,-0.007852554321289,0.9690238833427428,-0.0792182087898254,0.006187617778778,0.9358356595039368,0.0026717483997344,0.0444375276565551,-0.5175485610961914,0.9562779068946838,-0.0960873067378997,0.1052609086036682,-0.493022084236145,0.907574474811554,0.1450891196727752,0.2464537620544433,0.941084623336792,-0.1309617459774017,0.2452679872512817,0.8614115715026855,0.1989982021826457,0.1005860100289002,-0.000780853847178,7.757797079566142e-06,0.0,0.0,0.0,0,0,0,1.0
crossover_11_05_02_fps30.mp4,1018,0.1164439022541046,-0.1184602960691613,0.2891134065825764,0.0571444928646087,-0.008491426706314,0.9670595526695251,-0.0797092914581298,0.0093710720539093,0.9389161467552184,0.0021352469921112,0.0438522398471832,-0.5172839164733887,0.9538680911064148,-0.0960497856140136,0.1173722445964813,-0.5285035371780396,0.9126960635185242,0.1450907886028289,0.2464714348316192,0.9239566326141356,-0.1299118995666504,0.2467477619647979,0.8340533971786499,0.2733062840745701,0.1731971642354298,0.0853796309087334,-0.0018634826450024,0.0,0.0,0.0,1,0,0,1.0
crossover_11_05_02_fps30.mp4,1019,0.1182639151811599,-0.1182213508981769,0.2284612834453583,0.0566100031137466,-0.0102952420711517,0.967149555683136,-0.0796257108449935,0.0074564516544342,0.9406359195709229,0.0005208998918533,0.0414871275424957,-0.5231935381889343,0.954240083694458,-0.096011534333229,0.1115488708019256,-0.5005022883415222,0.916982650756836,0.1452686339616775,0.2447015345096588,0.927674114704132,-0.1300614923238754,0.2450904548168182,0.8406017422676086,0.2214927924296192,0.1190033116428148,-0.0606521231372181,0.0002389451709844,0.0,0.0,0.0,0,0,0,1.0
crossover_11_05_02_fps30.mp4,1020,0.1175724267959594,-0.1178532404919802,0.1711746375735213,0.0558890849351882,-0.0095970034599304,0.9664657711982728,-0.0795001536607742,0.0071275234222412,0.9415584206581116,-0.0008222311735153,0.04241943359375,-0.523820698261261,0.9531943798065186,-0.0955035537481308,0.1066369414329528,-0.5024014711380005,0.9213997721672058,0.1454797536134719,0.2454222440719604,0.9304402470588684,-0.13054059445858,0.2458380460739135,0.8440607786178589,0.173994711683922,0.0682980433151678,-0.0572866458718369,0.0003681104061967,0.0,0.0,0.0,0,0,0,1.0
crossover_11_05_02_fps30.mp4,1021,0.1170803159475326,-0.1193143805204811,0.1303380293090169,0.0547007024288177,-0.009169191122055,0.9658986330032348,-0.0794497728347778,0.0069998204708099,0.933160960674286,-0.0020245611667633,0.0429760515689849,-0.5286046266555786,0.9513329267501832,-0.095543771982193,0.103483110666275,-0.5060721635818481,0.9094825983047484,0.1455068290233612,0.2458671033382415,0.932655930519104,-0.1310654878616333,0.2462756931781768,0.8462750315666199,0.1462498440295838,0.0358640277379552,-0.0408366082645044,-0.0014611400285009,0.0,0.0,0.0,0,0,1,1.0
crossover_11_05_02_fps30.mp4,1022,0.1167865544557571,-0.1192612364635629,0.1305686456401174,0.0541683882474899,-0.0089418292045593,0.9658427238464355,-0.0793325155973434,0.0065686702728271,0.9285901188850404,-0.0025351792573928,0.0433689951896667,-0.5308724045753479,0.950318157672882,-0.0955195277929306,0.1003473401069641,-0.5020239353179932,0.902029037475586,0.1455606073141098,0.2461081743240356,0.9351717233657836,-0.1313153654336929,0.2465028166770935,0.8513849973678589,0.1457008972847417,0.0384317061646939,0.0002306163311004,5.314405691825286e-05,0.0,0.0,0.0,0,0,1,1.0
crossover_11_05_02_fps30.mp4,1023,0.1163284927606582,-0.1202978434198993,0.1177203829695539,0.0531232059001922,-0.0086917281150817,0.964979887008667,-0.0791142284870147,0.004923939704895,0.9180316925048828,-0.0062726438045501,0.0471085309982299,-0.532001793384552,0.9478693008422852,-0.0953013002872467,0.0891052484512329,-0.509526252746582,0.8798861503601074,0.1457594931125641,0.2460542321205139,0.9348577260971068,-0.1314092874526977,0.2465429902076721,0.8536767363548279,0.1341185288695801,0.0379954351479775,-0.0128482626705634,-0.0010366069563364,0.0,0.0,0.0,0,0,1,1.0
crossover_11_05_02_fps30.mp4,1024,0.1145065128803253,-0.1259127069832915,0.1445127923314164,0.0502945333719253,-0.0067184567451477,0.9630983471870422,-0.0790375024080276,0.0053396224975585,0.9175834059715272,-0.0100675076246261,0.0513418316841125,-0.5155174136161804,0.944430410861969,-0.0976313203573226,0.0911697149276733,-0.4907265901565552,0.886433482170105,0.1464694291353225,0.2464866042137146,0.9378910064697266,-0.1306420713663101,0.2466251850128173,0.8572770357131958,0.1486638426867487,0.060376491587283,0.0267924093618625,-0.0056148635633921,0.0,0.0,0.0,0,0,1,1.0
crossover_11_05_02_fps30.mp4,1025,0.1168726682662963,-0.134877041184296,0.2195168013979749,0.0464021414518356,-0.0089474022388458,0.9569947123527528,-0.083396628499031,0.0044948160648345,0.9187279343605042,-0.0109504610300064,0.0489695966243743,-0.5087534189224243,0.9354692697525024,-0.1049179583787918,0.0991550981998443,-0.5027142763137817,0.8917034268379211,0.1465716809034347,0.243897944688797,0.9340452551841736,-0.1306068450212478,0.242558866739273,0.8491365909576416,0.2108178036239492,0.1240342139867138,0.0750040090665584,-0.0089643342010045,0.0,0.0,0.0,0,0,0,1.0
crossover_11_05_02_fps30.mp4,1026,0.116499975323677,-0.1445398180161492,0.277992557607046,0.0418119728565216,-0.0080382227897644,0.950106680393219,-0.0905855298042297,0.008379578590393,0.9199089407920836,-0.0138289630413055,0.0513214468955993,-0.5137338638305664,0.9227905869483948,-0.1167815625667572,0.1148731112480163,-0.5467308163642883,0.8940296769142151,0.1461922228336334,0.2436470985412597,0.9139598608016968,-0.129461795091629,0.2403395771980285,0.8123827576637268,0.2616584033418677,0.1654644207256353,0.058475756209071,-0.0096627768318531,0.0,0.0,0.0,1,0,0,1.0
crossover_11_05_02_fps30.mp4,1027,0.1171729266643524,-0.1445765630673554,0.2770765298750343,0.0406033992767334,-0.008502185344696,0.9454715847969056,-0.0921460092067718,0.00736004114151,0.9196815490722656,-0.0144064426422119,0.0519733428955078,-0.515084981918335,0.9149187803268432,-0.1185191869735717,0.1172261238098144,-0.540230393409729,0.8933106660842896,0.1461287140846252,0.2426075935363769,0.8788922429084778,-0.1299376487731933,0.2428616881370544,0.7664368152618408,0.260030200245733,0.1619603012102304,-0.0009160277320117,-3.674505120615512e-05,0.0,0.0,0.0,0,0,0,1.0
crossover_11_05_02_fps30.mp4,1028,0.1171369403600692,-0.1510246776928336,0.2103611793459915,0.0365791022777557,-0.0056307613849639,0.9418067932128906,-0.0935907065868377,0.0071811378002166,0.9083184599876404,-0.0212219655513763,0.0557632744312286,-0.5285351276397705,0.9078673124313354,-0.1269814372062683,0.1127454340457916,-0.5403592586517334,0.8795257806777954,0.1462381184101104,0.2425867617130279,0.8836681842803955,-0.1297759711742401,0.2417865693569183,0.7613996267318726,0.2018644502712453,0.1005331345557687,-0.0667153505290427,-0.0064481146254782,0.0,0.0,0.0,0,0,0,1.0
crossover_11_05_02_fps30.mp4,1029,0.1160139739513397,-0.158886111489797,0.1523389425219559,0.0343193113803863,-0.0028510391712188,0.9415419697761536,-0.0950278043746948,-0.0006762444972991,0.9103409051895142,-0.0244121849536895,0.0568797290325164,-0.5520337224006653,0.9101330041885376,-0.1339325606822967,0.0888678133487701,-0.5159245133399963,0.8887543082237244,0.1463933289051056,0.2431625425815582,0.890204131603241,-0.1296383738517761,0.2423135340213775,0.7695218920707703,0.164911183241346,0.068200175486737,-0.0580222368240356,-0.0078614337969634,0.0,0.0,0.0,0,0,1,1.0
crossover_11_05_02_fps30.mp4,1030,0.1153291165828704,-0.1618131509776842,0.1145569455332872,0.0324883311986923,0.0003373026847839,0.93857604265213,-0.0953381210565567,-0.0057904124259948,0.8981106877326965,-0.026304617524147,0.0600066781044006,-0.5756399631500244,0.9080368280410768,-0.1416534036397934,0.0716572403907775,-0.5134272575378418,0.8844496607780457,0.1465018838644027,0.2440544962882995,0.8953338265419006,-0.1299042552709579,0.2430893778800964,0.7738126516342163,0.1460763304416272,0.0474004231420128,-0.0377819969886686,-0.0029270394878872,0.0,0.0,0.0,0,0,1,1.0
crossover_11_05_02_fps30.mp4,1031,0.1141294836997985,-0.1604943624492419,0.0973285334866221,0.0286332219839096,0.0046389698982238,0.9330920577049256,-0.0955120772123336,-0.0119228363037109,0.8826176524162292,-0.0291553884744644,0.0680239796638488,-0.580650806427002,0.9038376808166504,-0.1435835212469101,0.0440534353256225,-0.4936204850673675,0.882882297039032,0.1464751213788986,0.2451902031898498,0.9006732106208801,-0.1300208121538162,0.2442620396614074,0.7790201306343079,0.1345685065663549,0.0558946565803443,-0.017228412046665,0.0013187885284423,0.0,0.0,0.0,0,0,1,1.0
crossover_11_05_02_fps30.mp4,1032,0.1137387752532959,-0.1604870975017547,0.0976089394674069,0.0279906094074249,0.0060237944126129,0.929594874382019,-0.0957066714763641,-0.0131603181362152,0.872666597366333,-0.0295696258544921,0.0698969066143035,-0.5802907943725586,0.9018922448158264,-0.1436097919940948,0.0404019057750701,-0.4896136820316314,0.8857338428497314,0.1464932262897491,0.2453984916210174,0.9065895080566406,-0.1300967931747436,0.2440474927425384,0.7884772419929504,0.1338183139460488,0.0596446824543063,0.0002804059807847,7.264947487151119e-06,0.0,0.0,0.0,0,0,1,1.0
crossover_11_05_02_fps30.mp4,1033,0.1135502457618713,-0.1552290135520999,0.0890465451449882,0.0288141071796417,0.0067282319068908,0.9227603077888488,-0.0961968302726745,-0.0137133598327636,0.8551684617996216,-0.0287721455097198,0.0709877014160156,-0.5782839059829712,0.894047200679779,-0.1438307762145996,0.0341480374336242,-0.5352808833122253,0.87812739610672,0.146548181772232,0.2458681464195251,0.9112741351127625,-0.1302829086780548,0.2439735531806945,0.7940202355384827,0.1277398188190174,0.0560692960838342,-0.0085623943224186,0.0052580839496548,0.0,0.0,0.0,0,0,1,1.0
crossover_11_05_02_fps30.mp4,1034,0.1137011647224426,-0.1450380501605696,0.0902558524434159,0.0291048437356948,0.0065360069274902,0.9224339127540588,-0.0962304025888443,-0.0120936632156372,0.810893714427948,-0.0279563516378402,0.0838342905044555,-0.573150098323822,0.8944445252418518,-0.1404944807291031,0.0391275286674499,-0.5153020620346069,0.8244262337684631,0.1455769091844558,0.2459463477134704,0.9104645848274232,-0.1312804669141769,0.2439354062080383,0.7932794094085693,0.1172576674964294,0.0513298111755592,0.0012093072984277,0.0101909633915303,0.0,0.0,0.0,0,0,1,1.0
crossover_11_05_02_fps30.mp4,1035,0.1136092543601989,-0.1286258928856607,0.105026253549064,0.0291328728199005,0.0060099363327026,0.9245043396949768,-0.0889129638671875,-0.0116618275642395,0.7724453210830688,-0.0134131610393524,0.0908469557762146,-0.5504370331764221,0.8971860408782959,-0.1298165619373321,0.0466213822364807,-0.5096067786216736,0.7608345150947571,0.1433617174625396,0.2457001805305481,0.9131474494934082,-0.1335830390453338,0.2436290383338928,0.7999858260154724,0.1160819799315142,0.0584170068201891,0.014770401105648,0.0164121572749089,0.0,0.0,0.0,0,0,1,1.0
crossover_11_05_02_fps30.mp4,1036,0.1198257207870483,-0.0998805690619905,0.1278040499221987,0.033566415309906,0.0008966922760009,0.9285154342651368,-0.0776691436767578,-0.01542329788208,0.7788025736808777,-0.0030276179313659,0.0946605205535888,-0.5505118370056152,0.902334213256836,-0.09783536195755,0.0770837068557739,-0.479880690574646,0.7499042749404907,0.1411440968513488,0.2398980259895324,0.9172248244285583,-0.1362977921962738,0.2386506795883178,0.8110136985778809,0.1023669266986122,0.0507615609775337,0.0227777963731347,0.0287453238236702,0.0,0.0,0.0,0,0,1,1.0
crossover_11_05_02_fps30.mp4,1037,0.1235574930906295,-0.1004028459726754,0.1243694990146451,0.0358085632324218,-0.0022133290767669,0.9291731119155884,-0.0760126709938049,-0.0161603987216949,0.7773401141166687,-0.0011439323425292,0.091541439294815,-0.5295454859733582,0.90114027261734,-0.0942969918251037,0.0824390947818756,-0.4739020466804504,0.714485228061676,0.1406066417694091,0.2366982400417328,0.920169234275818,-0.136848896741867,0.2365882694721222,0.8198447227478027,0.1045467045870195,0.0423726356743933,-0.0034345509075536,-0.0005222769106849,0.0,0.0,0.0,0,0,1,1.0
crossover_11_05_02_fps30.mp4,1038,0.1240330040454864,-0.0513664421388658,0.17415445708647,0.039196491241455,-0.0039853155612945,0.9343701601028442,-0.0674462616443634,-0.0161488950252532,0.7917629480361938,0.0165649056434631,0.0976558029651641,-0.4955502152442932,0.9086886644363404,-0.0720197558403015,0.0854984819889068,-0.4767970740795135,0.7178609371185303,0.1361268162727356,0.2364496290683746,0.9238768219947816,-0.1411325931549072,0.2363698780536651,0.8337164521217346,0.1023069503694392,0.0910298922736353,0.0497849580718249,0.0490364038338095,0.0,0.0,0.0,0,0,0,1.0
crossover_11_05_02_fps30.mp4,1039,0.1225913614034652,0.0072028784428612,0.2386823492806132,0.0519320964813232,-0.0053729116916656,0.937831699848175,-0.0568900406360626,-0.0141124427318573,0.8113111257553101,0.0401875972747802,0.0999233424663543,-0.4339421093463897,0.9128665328025818,-0.0449139177799224,0.0976348221302032,-0.4842318296432495,0.7403083443641663,0.1348543167114257,0.2383305728435516,0.928324580192566,-0.1423024237155914,0.237756997346878,0.8489885330200195,0.1426255715098113,0.1503680995549681,0.0645278921941432,0.058569320581727,0.0,0.0,0.0,0,0,0,1.0
crossover_11_05_02_fps30.mp4,1040,0.1222986578941345,0.0612170385102094,0.2558943547853609,0.0663302540779113,-0.0067420601844787,0.9357754588127136,-0.0467612445354461,-0.0069106221199035,0.8297255635261536,0.0654342770576477,0.0975170731544494,-0.4862009882926941,0.9011021852493286,-0.0240264534950256,0.1055985689163208,-0.5520225167274475,0.7651009559631348,0.134253442287445,0.2387758493423462,0.9311965107917786,-0.1426277756690979,0.2378118634223938,0.8614491820335388,0.1584334195735326,0.1727867939954872,0.0172120055047476,0.0540141600673481,0.0,0.0,0.0,1,1,0,1.0
crossover_11_05_02_fps30.mp4,1041,0.1213623732328414,0.0967987428277226,0.2053934872150421,0.0814953446388244,-0.0072065293788909,0.93919175863266,-0.0391639471054077,0.0023025572299957,0.8465594053268433,0.0893719792366027,0.0955590307712555,-0.4618268013000488,0.9025581479072572,-0.0056761503219604,0.1153132617473602,-0.5224642157554626,0.7882985472679138,0.1299302577972412,0.2377969920635223,0.9262718558311462,-0.1464059054851532,0.2385518252849578,0.8713542222976685,0.1100852607742764,0.136438816860699,-0.0505008675703188,0.0355817043175131,0.0,0.0,0.0,0,0,0,1.0
crossover_11_05_02_fps30.mp4,1042,0.1211389154195785,0.0956419341644998,0.2054094029635917,0.081487089395523,-0.0093467235565185,0.9433529376983644,-0.0400493443012237,0.005116581916809,0.8617590069770813,0.0897137224674224,0.0941101312637329,-0.4531973600387573,0.907545268535614,-0.0053492486476898,0.1175788640975952,-0.5062279105186462,0.8092142939567566,0.1285416781902313,0.2372174263000488,0.9245550632476808,-0.147418588399887,0.2385326027870178,0.8814637064933777,0.1114570391444361,0.1338410346765761,1.591574854964417e-05,-0.0011568086632227,0.0,0.0,0.0,0,0,0,1.0
crossover_11_05_02_fps30.mp4,1043,0.1208694726228714,0.1284985982765585,0.1638618322407327,0.091226577758789,-0.012359470129013,0.9436172842979432,-0.0331262350082397,0.0085765421390533,0.8754130005836487,0.1156937479972839,0.0869461596012115,-0.4421546459197998,0.9061279892921448,0.0058158040046691,0.1140366494655609,-0.5124635696411133,0.8281220197677612,0.1274690628051757,0.2340622246265411,0.9113773703575134,-0.1483782827854156,0.2383979856967926,0.8860206604003906,0.0779742578564529,0.1324145643384367,-0.041547570722859,0.0328566641120586,0.0,0.0,0.0,0,0,1,1.0
crossover_11_05_02_fps30.mp4,1044,0.1198821514844894,0.1506669891082634,0.1375485247228204,0.1044368147850036,-0.0136244595050811,0.9463091492652892,-0.0293715000152587,0.0136308372020721,0.8877317905426025,0.148179292678833,0.0645967423915863,-0.4547946155071258,0.9102219343185424,0.0163426399230957,0.116210788488388,-0.5845531821250916,0.8450945615768433,0.1276623606681823,0.2349791824817657,0.9103572964668274,-0.1503337919712066,0.2397758662700653,0.895179808139801,0.0729941859248307,0.1360085650671643,-0.0263133075179122,0.0221683908317049,0.0,0.0,0.0,0,0,1,1.0
crossover_11_05_02_fps30.mp4,1045,0.1194723844528198,0.1633967919874999,0.1184811064382879,0.1158704459667205,-0.0197114646434783,0.9476990699768066,-0.0277541577816009,0.0175730288028717,0.8985324501991272,0.1670964062213897,0.055565983057022,-0.5102865695953369,0.9066511392593384,0.0194902122020721,0.1139040887355804,-0.57122403383255,0.8598410487174988,0.1282135546207428,0.2367406189441681,0.9083988070487976,-0.1506015062332153,0.2413752973079681,0.9033244848251344,0.0630238041977751,0.143979348507314,-0.0190674182845325,0.0127298028792364,0.0,0.0,0.0,0,0,1,1.0
crossover_11_05_02_fps30.mp4,1046,0.1190337538719177,0.1636682891239553,0.1185215487712767,0.1174282729625701,-0.0217488408088684,0.951473593711853,-0.0281328856945037,0.0182346701622009,0.908346712589264,0.169917494058609,0.0554697513580322,-0.5141817331314087,0.9121395349502563,0.0190036594867706,0.1126258969306945,-0.570734977722168,0.8734158873558044,0.128687709569931,0.2372368574142456,0.91059410572052,-0.150343120098114,0.2415562272071838,0.9118983149528505,0.0633607269478194,0.1447847152799258,4.04423329888326e-05,0.0002714971364554,0.0,0.0,0.0,0,0,1,1.0
crossover_11_05_02_fps30.mp4,1047,0.1183964014053344,0.1632349677005056,0.1076853148820923,0.1192176342010498,-0.0249032080173492,0.9539372324943542,-0.0299403071403503,0.018564373254776,0.9172291159629822,0.1690621376037597,0.0469248592853546,-0.4525724649429321,0.9160820245742798,0.0185880661010742,0.1114508807659149,-0.5540491342544556,0.885770857334137,0.1292917132377624,0.2378915250301361,0.9133392572402954,-0.149717092514038,0.2416823208332061,0.9196796417236328,0.0610392404392823,0.1446959074360467,-0.0108362338891844,-0.0004333214234497,0.0,0.0,0.0,0,0,1,1.0
crossover_11_05_02_fps30.mp4,1048,0.1184002459049224,0.1520970240487891,0.1109374168442516,0.1136114299297332,-0.0262312293052673,0.9531540870666504,-0.0327277481555938,0.0171225070953369,0.9252846240997314,0.1566854417324066,0.0464768409729003,-0.4451169669628143,0.9123260378837584,0.0117696225643157,0.1081863641738891,-0.541606605052948,0.8970823884010315,0.1303248703479766,0.2389440536499023,0.916429877281189,-0.1493196189403534,0.2418216466903686,0.9268038868904114,0.0646236753713804,0.1403543654404082,0.0032521019621593,-0.0111379436517164,0.0,0.0,0.0,0,0,1,1.0
crossover_11_05_02_fps30.mp4,1049,0.1183847188949585,0.1288240240792096,0.1287610327325216,0.1048643589019775,-0.0248242020606994,0.952032506465912,-0.0355513095855712,0.0167222023010253,0.9326736927032472,0.1363126635551452,0.0521553754806518,-0.354839950799942,0.9138725399971008,0.0054354667663574,0.1041921973228454,-0.5042981505393982,0.9073364734649658,0.130591869354248,0.2408822178840637,0.922856628894806,-0.1489734649658203,0.2418314218521118,0.9338732361793518,0.0769708155354448,0.1258108252462195,0.0178236158882699,-0.0232729999695794,0.0,0.0,0.0,0,0,1,1.0
crossover_11_05_02_fps30.mp4,1050,0.1188382357358932,0.091549396817967,0.1622152377919452,0.0915504992008209,-0.024414837360382,0.9548819065093994,-0.0398614704608917,0.0140318870544433,0.9393417835235596,0.0939700901508331,0.0682284235954284,-0.3967159986495971,0.9196380972862244,0.0047201216220855,0.1034855842590332,-0.5055485367774963,0.916568160057068,0.1325285136699676,0.2411168813705444,0.9279552102088928,-0.1470175087451934,0.2416260242462158,0.9401509761810304,0.094017982317333,0.1048260236541385,0.0334542050594236,-0.0372746272612426,0.0,0.0,0.0,0,0,0,1.0
crossover_11_05_02_fps30.mp4,1051,0.1201043426990509,0.0926948855488987,0.1613028071275571,0.0878659784793853,-0.0244204103946685,0.957576334476471,-0.0409594476222991,0.0121722519397735,0.9453181028366088,0.0891070067882537,0.0710282623767852,-0.4219553172588348,0.9239832162857056,0.003724843263626,0.1024229228496551,-0.5117863416671753,0.9248582124710084,0.1336869299411773,0.2402756512165069,0.9325110912322998,-0.1459755301475525,0.240700751543045,0.9457507729530334,0.0903458150882497,0.1066888428881967,-0.000912430664388,0.0011454887309316,0.0,0.0,0.0,0,0,0,1.0
crossover_11_05_02_fps30.mp4,1052,0.1242745518684387,0.0360729608495357,0.2166328152505362,0.0768708884716034,-0.0238634645938873,0.961597979068756,-0.0481351315975189,0.003242939710617,0.9507200121879578,0.0651719272136688,0.0762920081615448,-0.4292488098144531,0.9314051270484924,-0.0196075737476348,0.0995314419269561,-0.5002289414405823,0.932296872138977,0.1358661949634552,0.2374724447727203,0.938163995742798,-0.1445048749446869,0.2369056642055511,0.9509156942367554,0.1433258245322539,0.1296651594195417,0.055330008122979,-0.056621924699363,0.0,0.0,0.0,0,0,0,1.0
crossover_11_05_02_fps30.mp4,1053,0.1256629228591919,-0.0261419262926457,0.2757285769392804,0.0634791553020477,-0.0095366239547729,0.9650826454162598,-0.0541427731513977,-0.0099977254867553,0.9552527070045472,0.0369344055652618,0.1026816368103027,-0.466336578130722,0.9378584027290344,-0.0467846989631652,0.0839659571647644,-0.4957421123981476,0.9387654662132264,0.1386988461017608,0.2373231649398803,0.940796434879303,-0.1422789096832275,0.2360909581184387,0.9531728625297546,0.1841843292157367,0.1928704912792839,0.0590957616887442,-0.0622148871421814,0.0,0.0,0.0,1,1,0,1.0
crossover_11_05_02_fps30.mp4,1054,0.1272208988666534,-0.0693484908443386,0.2257606791286933,0.0485696196556091,-0.0079858899116516,0.9682064652442932,-0.0648504197597503,-0.0135979056358337,0.9580287933349608,0.0143588185310363,0.0987393856048584,-0.4784017205238342,0.9435157179832458,-0.0690545439720153,0.0829606056213378,-0.4812195301055908,0.9385585188865662,0.1418831944465637,0.2357876300811767,0.9461778402328492,-0.1391039192676544,0.2346174120903015,0.9570322036743164,0.1521227223373713,0.1428003760445674,-0.049967897810587,-0.0432065645516928,0.0,0.0,0.0,0,0,0,1.0
crossover_11_05_02_fps30.mp4,1055,0.125558540225029,-0.1093319675679934,0.1787494669600231,0.0384224951267242,-0.0028077065944671,0.9693304300308228,-0.0785347819328308,-0.0109253823757171,0.9586039185523988,-0.0041115581989288,0.1022524535655975,-0.4823335409164428,0.9456517696380616,-0.0941590666770935,0.0967378914356231,-0.4846279323101043,0.9317536950111388,0.1448402106761932,0.2365375459194183,0.9487683773040771,-0.1360625326633453,0.2344677746295929,0.952667474746704,0.1300889219190491,0.0834033299181719,-0.0470112121686702,-0.0399834767236547,0.0,0.0,0.0,0,0,0,1.0
crossover_11_05_02_fps30.mp4,1056,0.1251875758171081,-0.1089395083613314,0.1790473580360412,0.0379094183444976,-0.0025784373283386,0.9689987301826476,-0.0793522596359252,-0.0095457434654235,0.9583127498626708,-0.0058944523334503,0.1030767560005188,-0.4833068251609802,0.9456003308296204,-0.0954480469226837,0.1040845513343811,-0.4945879876613617,0.9168631434440612,0.1444175541400909,0.2360779643058776,0.9482315182685852,-0.1358683109283447,0.2349215745925903,0.9419772028923036,0.128022716521049,0.0761671971411642,0.000297891076018,0.0003924592066619,0.0,0.0,0.0,0,0,0,1.0
crossover_11_05_02_fps30.mp4,1057,0.1239969730377197,-0.139230847661778,0.1491693194319562,0.0292979776859283,0.0029743909835815,0.9692102074623108,-0.0880262553691864,-0.0142053961753845,0.954304337501526,-0.0163870155811309,0.1022090911865234,-0.5168329477310181,0.9467950463294984,-0.1259772479534149,0.0798158049583435,-0.4989140927791595,0.9074366688728333,0.1442376673221588,0.237063467502594,0.9476464986801147,-0.1357267200946808,0.2350165247917175,0.9241141676902772,0.1315137639835517,0.0706085538378398,-0.029878038604085,-0.0302913393004465,0.0,0.0,0.0,0,0,1,1.0
crossover_11_05_02_fps30.mp4,1058,0.121014803647995,-0.1580821283793045,0.1244909881091699,0.0265449285507202,0.0077916085720062,0.9702417850494384,-0.0974728763103485,-0.0198229253292083,0.9447507858276368,-0.0223148465156555,0.1027490198612213,-0.5227693915367126,0.9494543075561525,-0.1438942849636078,0.0594942867755889,-0.4828636050224304,0.8850597739219666,0.1449976563453674,0.2409344613552093,0.948279857635498,-0.1351698040962219,0.2380276024341583,0.9119969606399536,0.1374971563630983,0.0665271830535086,-0.0246783313227862,-0.0188512807175264,0.0,0.0,0.0,0,0,1,1.0
crossover_11_05_02_fps30.mp4,1059,0.1200189888477325,-0.1645315516803224,0.1078269263593162,0.0256901681423187,0.0102087259292602,0.972255289554596,-0.1047771871089935,-0.0247107148170471,0.9402342438697816,-0.0225298702716827,0.1021702289581298,-0.5467914938926697,0.9536526203155518,-0.1550103724002838,0.0481539964675903,-0.4647515118122101,0.8749953508377075,0.1450575292110443,0.2420251369476318,0.9508667588233948,-0.1348771750926971,0.239403486251831,0.911081850528717,0.142114305220725,0.0604277371473189,-0.0166640617498536,-0.0064494233010178,0.0,0.0,0.0,0,0,1,1.0
crossover_11_05_02_fps30.mp4,1060,0.1182940006256103,-0.1625146418304766,0.1020258230407064,0.0280777513980865,0.0105176270008087,0.9735992550849916,-0.1062104105949401,-0.0238958299160003,0.9358120560646056,-0.0198303759098052,0.102800577878952,-0.5435663461685181,0.9569154381752014,-0.1594927906990051,0.0456698834896087,-0.4700686037540436,0.8690721392631531,0.1452236473560333,0.2438587248325348,0.9528142213821412,-0.1342103779315948,0.24117973446846,0.9071159362792968,0.1426863693082848,0.0564368984525881,-0.0058011033186098,0.0020169098498457,0.0,0.0,0.0,0,0,1,1.0
crossover_11_05_02_fps30.mp4,1061,0.1182416379451751,-0.1624014134124173,0.1024519094606725,0.0280394852161407,0.0103981494903564,0.9749384522438048,-0.1054537892341613,-0.0242754817008972,0.9329947233200072,-0.0198631584644317,0.1028501987457275,-0.5378405451774597,0.9601329565048218,-0.1582599282264709,0.0437675714492797,-0.4733948707580566,0.8707854151725769,0.1453603208065033,0.2442688345909118,0.9549989104270936,-0.1340898275375366,0.2415438890457153,0.9052689075469972,0.1425388114092843,0.0588302934497254,0.0004260864199661,0.0001132284180592,0.0,0.0,0.0,0,0,1,1.0
crossover_11_05_02_fps30.mp4,1062,0.1186057180166244,-0.1521498441696167,0.1061331527989085,0.0295325517654418,0.0093560218811035,0.976063072681427,-0.0997496247291565,-0.0214990377426147,0.908317506313324,-0.0177398324012756,0.1029350757598877,-0.5366562008857727,0.9626511931419371,-0.1472647786140442,0.0500138401985168,-0.4665309488773346,0.8324723243713379,0.1450392007827758,0.2440971136093139,0.9569589495658876,-0.134466290473938,0.2412726283073425,0.9044931530952454,0.1344480530179336,0.0563315285805624,0.003681243338236,0.0102515692428006,0.0,0.0,0.0,0,0,1,1.0
crossover_11_05_02_fps30.mp4,1063,0.1214616000652313,-0.1260020746012865,0.1279179772225821,0.0324983298778533,0.0060583651065826,0.9765490293502808,-0.0995156168937683,-0.0213723480701446,0.908055305480957,-0.0123253166675567,0.1021403968334198,-0.5388606786727905,0.9641267657279968,-0.1315370202064514,0.0619546473026275,-0.4648000001907348,0.8311648964881897,0.1448711454868316,0.241342157125473,0.9583650231361388,-0.1349893510341644,0.2400551736354828,0.9079267978668212,0.1165628111579483,0.0661951396779318,0.0217848244236735,0.0261477695683301,0.0,0.0,0.0,0,0,1,1.0
crossover_11_05_02_fps30.mp4,1064,0.126272514462471,-0.0787416696548461,0.1698698042369471,0.0327540636062622,0.0018865168094635,0.9774938225746156,-0.0827464163303375,-0.0213629305362701,0.9027230739593506,-0.0054021477699279,0.1015675365924835,-0.5387274026870728,0.9652276039123536,-0.0895742774009704,0.0901294648647308,-0.4832649827003479,0.7842407822608948,0.1448877453804016,0.2378611862659454,0.957144260406494,-0.1353597640991211,0.2367862164974212,0.907500147819519,0.1002191859659832,0.0804727724996325,0.0419518270143649,0.0472604049464403,0.0,0.0,0.0,0,0,0,1.0
crossover_11_05_02_fps30.mp4,1065,0.1293966174125671,-0.0116420643814539,0.2345347446639363,0.0426901280879974,-0.0075251162052154,0.9769644141197203,-0.0687521994113922,-0.0241852700710296,0.9118294715881348,0.026408165693283,0.0971411168575286,-0.4329507946968078,0.9639092087745668,-0.0655457377433776,0.0819230377674102,-0.4541817903518677,0.8047386407852173,0.1429220139980316,0.2356068789958953,0.959849774837494,-0.1370665431022644,0.2337166965007782,0.9151387810707092,0.1425651744660879,0.1618515958641747,0.0646649404269892,0.0670996052733922,0.0,0.0,0.0,0,0,0,1.0
crossover_11_05_02_fps30.mp4,1066,0.1302493810653686,-0.0127377648474806,0.2343923344844725,0.0454953610897064,-0.0119315385818481,0.975827932357788,-0.0666559636592865,-0.0245241522789001,0.9199121594429016,0.0295358598232269,0.0956740975379943,-0.442166805267334,0.9614655375480652,-0.0640283524990081,0.0786154270172119,-0.4528452754020691,0.822888970375061,0.141714721918106,0.2346422672271728,0.9620566964149476,-0.1379530727863311,0.2333450317382812,0.92153400182724,0.1450165804463031,0.164003564844495,-0.0001424101794638,-0.0010957004660266,0.0,0.0,0.0,0,0,0,1.0
crossover_11_05_02_fps30.mp4,1067,0.1330106109380722,0.0433583506083083,0.2530049092885924,0.0577712059020996,-0.0189020931720733,0.9774766564369202,-0.054995834827423,-0.0217945873737335,0.9277653098106384,0.0510560870170593,0.0887279212474823,-0.4657362997531891,0.9638505578041076,-0.0306839942932128,0.0911281406879425,-0.5249736905097961,0.8401206731796265,0.1403680443763733,0.2333481609821319,0.9645140767097472,-0.1388290524482727,0.2309716045856475,0.9280752539634703,0.1644572404781183,0.1780066208069357,0.0186125748041199,0.056096115455789,0.0,0.0,0.0,1,1,0,1.0
crossover_11_05_02_fps30.mp4,1068,0.134095013141632,0.0808289671348313,0.2031604417940465,0.0725594758987426,-0.0236951112747192,0.9724972248077391,-0.0434724390506744,-0.0122009515762329,0.9347841143608092,0.0786613225936889,0.0834257006645202,-0.4729575514793396,0.9405349493026732,-0.0111713409423828,0.0935944318771362,-0.5268369913101196,0.8555476069450378,0.1395002603530883,0.2324139475822448,0.9590494632720948,-0.139957845211029,0.2300983667373657,0.9303181171417236,0.1197543607398554,0.1430690994429433,-0.0498444674945458,0.0374706165265229,0.0,0.0,0.0,0,0,0,1.0
crossover_11_05_02_fps30.mp4,1069,0.1338617205619812,0.1126034135535611,0.1565529648850604,0.0863720476627349,-0.0274075269699096,0.9717632532119752,-0.0373424589633941,-0.005740463733673,0.941169798374176,0.1090989410877227,0.0767560601234436,-0.4584724009037018,0.9372796416282654,0.0051541030406951,0.0979731082916259,-0.5109950304031372,0.8696730732917786,0.1348774135112762,0.2273218035697937,0.9310652017593384,-0.1444613933563232,0.2305535674095153,0.9296303391456604,0.079873821348414,0.1223803657789828,-0.0466074769089861,0.0317744464187298,0.0,0.0,0.0,0,0,1,1.0
crossover_11_05_02_fps30.mp4,1070,0.1299077272415161,0.14085829025608,0.1291283813918509,0.0981633961200714,-0.0287520885467529,0.9695436954498292,-0.0344941914081573,0.0019612908363342,0.9468845725059508,0.1360503733158111,0.0528031587600708,-0.4823119044303894,0.9288625717163086,0.0131218135356903,0.0994254946708679,-0.5382324457168579,0.8822840452194214,0.1313359439373016,0.2309318780899047,0.8999397158622742,-0.1477221846580505,0.2338513731956482,0.924987256526947,0.0764765040721352,0.1311444583827246,-0.0274245834932095,0.0282548767025188,0.0,0.0,0.0,0,0,1,1.0
crossover_11_05_02_fps30.mp4,1071,0.1277800500392913,0.1403090510327936,0.130554404927463,0.0995818674564361,-0.0274998247623443,0.9701346158981324,-0.0345500409603118,0.0051082670688629,0.9520302414894104,0.1381624042987823,0.0523068606853485,-0.469123363494873,0.9284853339195251,0.0134515464305877,0.1000528037548065,-0.5190104246139526,0.8937394618988037,0.1315676867961883,0.2324232757091522,0.8821958303451538,-0.1482212543487548,0.2355352342128753,0.9256311655044556,0.0782769843065144,0.1304728866393109,0.0014260235356121,-0.0005492392232863,0.0,0.0,0.0,0,0,1,1.0
crossover_11_05_02_fps30.mp4,1072,0.1274852454662323,0.1621363599421614,0.1080252484577458,0.1141984462738037,-0.0346090197563171,0.969092845916748,-0.0330581068992614,0.0065699815750122,0.9565684199333192,0.1638069152832031,0.0366613864898681,-0.4830571711063385,0.9225962162017822,0.017164409160614,0.0981220602989196,-0.5446596741676331,0.9038979411125184,0.1315286755561828,0.2334021925926208,0.875784158706665,-0.1485719084739685,0.235832929611206,0.929498553276062,0.0713834122896754,0.1453098057569293,-0.0225291564697172,0.0218273089093677,0.0,0.0,0.0,0,0,1,1.0
crossover_11_05_02_fps30.mp4,1073,0.1283933967351913,0.1758893660569594,0.0907952682274143,0.1213221848011016,-0.0451858937740325,0.9690651893615724,-0.032901257276535,0.0058446824550628,0.960677444934845,0.1786777675151825,0.0210265219211578,-0.4933008253574371,0.9186545014381408,0.016143649816513,0.0966039597988128,-0.5587162375450134,0.9131115674972534,0.1315383613109588,0.2353847324848175,0.8792827129364014,-0.1489443182945251,0.2357721626758575,0.93484765291214,0.0698244451738716,0.159851289500413,-0.0172299802303315,0.013753006114798,0.0,0.0,0.0,0,0,1,1.0
crossover_11_05_02_fps30.mp4,1074,0.1296636760234832,0.1744582483323954,0.0828924695166145,0.1212038993835449,-0.0483401119709014,0.9704886078834534,-0.0350232720375061,0.0045462548732757,0.964390218257904,0.1777909398078918,0.0204716026782989,-0.4917374849319458,0.9217227101325988,0.0124661922454833,0.0941521823406219,-0.5410234928131104,0.921498715877533,0.1307420134544372,0.2376256883144378,0.8872703313827515,-0.1501316130161285,0.2358845770359039,0.9404944777488708,0.0625097708307875,0.1623829035586701,-0.0079027987107997,-0.001431117724564,0.0,0.0,0.0,0,0,1,1.0
crossover_11_05_02_fps30.mp4,1075,0.1309020072221756,0.1616137194431434,0.090471800798323,0.1154290735721588,-0.046377032995224,0.9717154502868652,-0.038407951593399,0.0033096969127655,0.9678468704223632,0.1617030203342437,0.0229351222515106,-0.4414298236370086,0.9247936010360718,0.0051827132701873,0.0886959731578826,-0.5197781324386597,0.9292314052581788,0.1306330263614654,0.2376267611980438,0.8968460559844971,-0.1504422724246978,0.2360322177410125,0.946143627166748,0.0675367375861806,0.1564410855756631,0.0075793312817085,-0.012844528889252,0.0,0.0,0.0,0,0,1,1.0
crossover_11_05_02_fps30.mp4,1076,0.1310766637325287,0.1613679101911641,0.090601120053268,0.113921046257019,-0.0460477471351623,0.9723550081253052,-0.0396603941917419,0.0028684139251708,0.970938801765442,0.1588075160980224,0.0223029851913452,-0.437383770942688,0.9263575077056884,0.0034748911857604,0.0845257639884948,-0.5142906308174133,0.9361611604690552,0.1304270029067993,0.2377309203147888,0.9051499366760254,-0.1506698131561279,0.2362147569656372,0.9511752724647522,0.0683461106686371,0.1580098585593776,0.0001293192549449,-0.0002458092519792,0.0,0.0,0.0,0,0,1,1.0
crossover_11_05_02_fps30.mp4,1077,0.1287387460470199,0.1377131725771953,0.1140185388123117,0.1062841713428497,-0.0406686067581176,0.9706180095672609,-0.0415002405643463,0.0035910010337829,0.9737546443939208,0.1512574255466461,0.0297632813453674,-0.4235081374645233,0.9214367270469666,-0.0019715726375579,0.0858765840530395,-0.507085382938385,0.9424360394477844,0.1306935250759124,0.2404521107673645,0.9134622812271118,-0.150283396244049,0.2389436364173889,0.9558241963386536,0.0853369509610083,0.1424913950503098,0.0234174187590436,-0.0236547376139688,0.0,0.0,0.0,0,0,1,1.0
crossover_11_05_02_fps30.mp4,1078,0.1298975199460983,0.1009833622786958,0.146559999774142,0.0947670936584472,-0.0319843590259552,0.9679284691810608,-0.0445076823234558,-0.0023955404758453,0.9762505888938904,0.1060850620269775,0.0596609413623809,-0.461989164352417,0.8992259502410889,-0.0086714029312133,0.085490733385086,-0.5155092477798462,0.9479015469551086,0.1310369968414306,0.2399992644786834,0.9197311401367188,-0.1496683061122894,0.2385318577289581,0.9597070813179016,0.0870486857636131,0.125513436852545,0.0325414609618303,-0.0367298102984994,0.0,0.0,0.0,0,0,0,1.0
crossover_11_05_02_fps30.mp4,1079,0.1312086284160614,0.0456941199504723,0.198482463708738,0.0767283141613006,-0.0267056822776794,0.9707865118980408,-0.0512974262237548,-0.0054405927658081,0.9785805344581604,0.0721039474010467,0.0667992234230041,-0.4559260606765747,0.9087188839912416,-0.0263218581676483,0.0859597325325012,-0.4932906925678253,0.9530200362205504,0.1317140161991119,0.239377737045288,0.9273757934570312,-0.1488474607467651,0.2374464869499206,0.9636075496673584,0.1343054531957635,0.1335951576056156,0.0519224639345959,-0.0552892423282235,0.0,0.0,0.0,0,0,0,1.0
crossover_11_05_02_fps30.mp4,1080,0.1322906911373138,-0.008590047642336,0.2529713450408564,0.0630853176116943,-0.0147006511688232,0.973560869693756,-0.0566543936729431,-0.0116903781890869,0.9804317951202391,0.044890284538269,0.0933082103729248,-0.4558261632919311,0.917664647102356,-0.0438876748085022,0.0866039991378784,-0.4901310801506042,0.956594705581665,0.1357181668281555,0.2379894256591797,0.9335739612579346,-0.1451738178730011,0.2359353303909301,0.9666717648506165,0.1683818948169247,0.1700706214087629,0.0544888813321183,-0.0542841675928084,0.0,0.0,0.0,1,1,0,1.0
crossover_11_05_02_fps30.mp4,1081,0.1334455013275146,-0.0078519014988915,0.2527106045222864,0.0612695813179016,-0.0108714401721954,0.9759342074394226,-0.0579457879066467,-0.0146048963069915,0.9820014238357544,0.043218970298767,0.0974722206592559,-0.4665007591247558,0.925431191921234,-0.0461098253726959,0.0861954391002655,-0.4932418465614319,0.9588021039962769,0.13644540309906,0.2384182512760162,0.937936782836914,-0.1449132263660431,0.2356695830821991,0.9688066244125366,0.163423345243507,0.1708536480577948,-0.0002607405185699,0.0007381461434444,0.0,0.0,0.0,0,0,0,1.0
crossover_11_05_02_fps30.mp4,1082,0.1343058794736862,-0.0584211402020212,0.2360800400012876,0.0499072074890136,-0.0137808322906494,0.976708173751831,-0.065275490283966,-0.017459213733673,0.9822012186050416,0.0278403759002685,0.0850096940994262,-0.4520559906959533,0.9286903142929076,-0.0696108937263488,0.0809835195541381,-0.4671559035778045,0.9558361172676086,0.1382163166999817,0.2379149794578552,0.942962110042572,-0.1429528594017028,0.2347496747970581,0.9704303741455078,0.1739634978125401,0.1554996502849709,-0.0166305645209987,-0.0505692387031296,0.0,0.0,0.0,0,0,0,1.0
crossover_11_05_02_fps30.mp4,1083,0.1337207108736038,-0.0977012945433794,0.1878387990521222,0.045068085193634,-0.0151061117649078,0.978175163269043,-0.0766259133815765,-0.0165011584758758,0.97864031791687,0.0037116408348083,0.0864870250225067,-0.4961069822311401,0.934258759021759,-0.0898900926113128,0.0974466502666473,-0.4930860698223114,0.9216849207878112,0.142298936843872,0.2373568713665008,0.945331335067749,-0.1377594172954559,0.2348637878894806,0.9634040594100952,0.1433763075301171,0.0907290220253637,-0.0482412409491654,-0.0392801543413582,0.0,0.0,0.0,0,0,0,1.0
crossover_11_05_02_fps30.mp4,1084,0.1303961426019668,-0.1253244008048106,0.1552482206646989,0.0407080054283142,-0.0111479759216308,0.9773893356323242,-0.0874575674533844,-0.0124732255935668,0.971580445766449,-0.0046485066413879,0.0855041146278381,-0.510453462600708,0.9348395466804504,-0.1192354261875152,0.0993245244026184,-0.534959077835083,0.8871706128120422,0.1433258056640625,0.240262746810913,0.9450798034667968,-0.1359100043773651,0.2377617359161377,0.9463829398155212,0.1393804568762151,0.0562542035363003,-0.0325905783874233,-0.0276231062614311,0.0,0.0,0.0,0,0,1,1.0
crossover_11_05_02_fps30.mp4,1085,0.1279576420783996,-0.1369546814995297,0.133057027182928,0.0406351536512374,-0.0083193480968475,0.9778869152069092,-0.0976118892431259,-0.0179639756679534,0.9703193306922911,-0.0079192668199539,0.0823146998882293,-0.5331656336784363,0.9395147562026978,-0.1423859149217605,0.0721136033535003,-0.519709587097168,0.890415608882904,0.1453162878751754,0.2425027191638946,0.9467346668243408,-0.1334256678819656,0.240387886762619,0.938893973827362,0.1386539650381928,0.0611849589731006,-0.0221911934817709,-0.0116302806947191,0.0,0.0,0.0,0,0,1,1.0
crossover_11_05_02_fps30.mp4,1086,0.1273240596055984,-0.1358470588417376,0.1337910015408585,0.0418863594532012,-0.0070822834968566,0.978447198867798,-0.0980646908283233,-0.0187084078788757,0.969528317451477,-0.0075855553150177,0.0811488628387451,-0.5384081602096558,0.9440593123435974,-0.1421599686145782,0.0685925483703613,-0.5111833214759827,0.8962768912315369,0.1454419195652008,0.2428719997406005,0.949646532535553,-0.1326701939105987,0.2413859963417053,0.9352393746376038,0.1386441778585287,0.0655033672846331,0.0007339743579305,0.001107622657792,0.0,0.0,0.0,0,0,1,1.0
crossover_11_05_02_fps30.mp4,1087,0.1245075911283493,-0.1434758774809918,0.112148508647593,0.0408759266138076,-0.0033802688121795,0.977523922920227,-0.1053165048360824,-0.0231921374797821,0.9694172143936156,-0.0091053694486618,0.0781056582927703,-0.5160925388336182,0.9462054967880248,-0.1507627516984939,0.0577196180820465,-0.5110272169113159,0.90303772687912,0.1444569379091262,0.2467056214809417,0.9529821872711182,-0.1318990141153335,0.245498389005661,0.9355676770210266,0.138615832750618,0.0549145032214436,-0.0216424928932654,-0.0076288186392541,0.0,0.0,0.0,0,0,1,1.0
crossover_11_05_02_fps30.mp4,1088,0.123803973197937,-0.1448482403815802,0.091865119265347,0.0407672971487045,-0.0017451345920562,0.9754865765571594,-0.108020469546318,-0.0273257791996002,0.963836431503296,-0.0079474598169326,0.0743870437145233,-0.510351836681366,0.946422040462494,-0.1566854566335678,0.0490961372852325,-0.5188042521476746,0.8976027965545654,0.14517442882061,0.2488209903240203,0.956217348575592,-0.1308345049619674,0.2475732266902923,0.9353760480880736,0.138011980799386,0.0443768578001155,-0.020283389382246,-0.0013723629005884,0.0,0.0,0.0,0,0,1,1.0
crossover_11_05_02_fps30.mp4,1089,0.1255902647972107,-0.1432007883059776,0.0747025643906942,0.0411657840013504,-0.0026993751525878,0.9735904335975648,-0.1041402369737625,-0.0341668128967285,0.943353533744812,-0.0117429345846176,0.0688089728355407,-0.5086384415626526,0.9466379880905152,-0.1480086892843246,0.0375495553016662,-0.5084475874900818,0.8638249039649963,0.1456949263811111,0.248943030834198,0.9592881798744202,-0.1296349614858627,0.2474228143692016,0.9347813725471495,0.1315898997888723,0.0374628081727329,-0.0171625548746527,0.0016474520756026,0.0,0.0,0.0,0,0,1,1.0
crossover_11_05_02_fps30.mp4,1090,0.1251055896282196,-0.1380868176787586,0.0626915854651753,0.0441715866327285,-0.0064720809459686,0.9658807516098022,-0.10049869120121,-0.0326680839061737,0.9108293056488036,-0.0092639774084091,0.0517404377460479,-0.5077380537986755,0.9345717430114746,-0.137202575802803,0.0382992327213287,-0.5079047083854675,0.8159000277519226,0.1467825919389724,0.2515481412410736,0.9612618088722228,-0.1279368847608566,0.2495626509189605,0.9343210458755492,0.1292874773970245,0.0244083747118778,-0.0120109789255188,0.005113970627219,0.0,0.0,0.0,0,0,1,1.0
crossover_11_05_02_fps30.mp4,1091,0.1240622997283935,-0.1374274084123514,0.0643703110334349,0.0449312925338745,-0.006731241941452,0.9530617594718932,-0.0991299152374267,-0.0315726697444915,0.8805090188980103,-0.0068923234939575,0.0485711991786956,-0.5117151141166687,0.9141364693641664,-0.1352145075798034,0.0369845926761627,-0.5287571549415588,0.7736205458641052,0.1470870375633239,0.2528602182865143,0.9616779088974,-0.1272455751895904,0.2512243688106537,0.9310694932937622,0.1314877193126828,0.0274749795275361,0.0016787255682595,0.0006594092664071,0.0,0.0,0.0,0,0,1,1.0
crossover_11_05_02_fps30.mp4,1092,0.1253963261842727,-0.1340331871630781,0.0550485285317025,0.0454812049865722,-0.0098203420639038,0.9536207318305968,-0.0957156419754028,-0.0332061052322387,0.8722493648529053,-0.0146872997283935,0.035398244857788,-0.5543288588523865,0.9155445098876952,-0.1269552111625671,0.0299354195594787,-0.6436319351196289,0.7538692355155945,0.1458891034126281,0.2533079981803894,0.9631239771842957,-0.1278811693191528,0.2520759105682373,0.9327740669250488,0.1209527779591594,0.0260914926080244,-0.0093217825017324,0.0033942212492732,0.0,0.0,0.0,0,0,1,1.0
crossover_11_05_02_fps30.mp4,1093,0.1286090761423111,-0.1306961382344617,0.0466672770860718,0.0447258204221725,-0.0118615925312042,0.9540992975234984,-0.096571609377861,-0.0337257087230682,0.8707123398780823,-0.0173342376947402,0.0168199241161346,-0.6240565180778503,0.9177980422973632,-0.1286088079214096,0.0284672081470489,-0.6539485454559326,0.7453866600990295,0.1438112109899521,0.2522169649600982,0.9639657735824584,-0.1294615715742111,0.2505253255367279,0.9344589114189148,0.1172253597703573,0.0183193738217487,-0.0083812514456306,0.0033370489286164,0.0,0.0,0.0,0,0,1,1.0
crossover_11_05_02_fps30.mp4,1094,0.1311070322990417,-0.1281609205876366,0.0411841087225006,0.0423941612243652,-0.0162645578384399,0.9559348821640016,-0.0909760296344757,-0.0318034291267395,0.8749130964279175,-0.0184756517410278,0.0062217712402343,-0.6442471742630005,0.9225149154663086,-0.1185015738010406,0.0297122001647949,-0.6802338361740112,0.7507531046867371,0.1405554413795471,0.2523704171180725,0.9648249745368958,-0.1323050856590271,0.2500893473625183,0.9362816214561462,0.1151226443588607,0.0149969218941783,-0.0054831683635712,0.002535217646825,0.0,0.0,0.0,0,0,1,1.0
crossover_11_05_02_fps30.mp4,1095,0.1342981904745102,-0.1264077945280883,0.0376758383541572,0.0385150611400604,-0.0194794535636901,0.956710696220398,-0.0857456624507904,-0.0313339233398437,0.8757177591323853,-0.0227392613887786,0.0042510628700256,-0.6376617550849915,0.9254584908485411,-0.1114910840988159,0.0325273871421813,-0.6292449235916138,0.7423460483551025,0.1364234387874603,0.2521559596061706,0.9646968841552734,-0.1360068917274475,0.2497763037681579,0.9362369775772096,0.1089237365289161,0.0157802027842755,-0.0035082703683434,0.0017531260595483,0.0,0.0,0.0,0,0,1,1.0
crossover_11_05_02_fps30.mp4,1096,0.1355344951152801,-0.1280559731742083,0.0373222362704392,0.0372785925865173,-0.0201417803764343,0.9582211375236512,-0.0844935476779937,-0.0307458639144897,0.8788869380950928,-0.0233761072158813,0.0029775500297546,-0.6568421125411987,0.9291946887969972,-0.1102306544780731,0.0309407711029052,-0.6553308963775635,0.7428853511810303,0.1348025798797607,0.2515503764152527,0.9638791084289552,-0.1372118294239044,0.2492931485176086,0.9365007877349854,0.1101700132069719,0.0189331741740057,-0.0003536020837179,-0.0016481786461199,0.0,0.0,0.0,0,0,1,1.0
crossover_11_05_02_fps30.mp4,1097,0.1372921615839004,-0.1245097156298362,0.0341111545155687,0.0361493229866027,-0.0222431123256683,0.9602482318878174,-0.0801587998867034,-0.0322009623050689,0.8815221190452576,-0.0250028371810913,0.0029666125774383,-0.6331983208656311,0.9331369400024414,-0.0997498035430908,0.0297448933124542,-0.6273078918457031,0.7382996082305908,0.1331809759140014,0.2494639456272125,0.9607725143432616,-0.1388981342315673,0.2472138106822967,0.935774564743042,0.104266971525739,0.0251419466914792,-0.0032110817548705,0.003546257544372,0.0,0.0,0.0,0,0,1,1.0
crossover_11_05_02_fps30.mp4,1098,0.1431857645511627,-0.1198190047579296,0.027411009044182,0.0381668508052825,-0.0292892456054687,0.9616082310676576,-0.0757810473442077,-0.038238525390625,0.8853800892829895,-0.0242122709751129,-0.0035622715950012,-0.6155266165733337,0.936640441417694,-0.0945657193660736,0.0236247181892395,-0.5739288926124573,0.7442625761032104,0.1329428851604461,0.2431728243827819,0.9561139941215516,-0.1392938494682312,0.2408874034881591,0.935623288154602,0.1004987147090548,0.025535552109182,-0.0067001454713867,0.0046907108719065,0.0,0.0,0.0,0,0,1,1.0
crossover_11_05_02_fps30.mp4,1099,0.1457593888044357,-0.1154490698192079,0.0248386159175779,0.0414164960384368,-0.0351862907409668,0.962490975856781,-0.0729230344295501,-0.03961843252182,0.8830475211143494,-0.0215483605861663,-0.0064483880996704,-0.5513119697570801,0.9395001530647278,-0.0862531661987304,0.0221210122108459,-0.5095791220664978,0.7316124439239502,0.1329425871372223,0.2405401468276977,0.9510053992271424,-0.139603316783905,0.2382489442825317,0.9358447194099426,0.0989758547063046,0.0293221103968157,-0.002572393126604,0.0043699349387217,0.0,0.0,0.0,0,0,1,1.0
crossover_11_05_02_fps30.mp4,1100,0.1488731801509857,-0.111421749753467,0.0213580349596534,0.0441417694091796,-0.0405546426773071,0.963937282562256,-0.070846289396286,-0.0393072366714477,0.8784802556037903,-0.0174393653869628,-0.0092999339103698,-0.5271440148353577,0.9415246844291688,-0.0811051130294799,0.0282349586486816,-0.4755404591560364,0.7093037962913513,0.1332427859306335,0.2375621795654297,0.9473147392272948,-0.1396676003932953,0.2350993752479553,0.9353981614112854,0.0988564597102721,0.0310868226372352,-0.0034805809579244,0.0040273200657408,0.0,0.0,0.0,0,0,1,1.0
crossover_11_05_02_fps30.mp4,1101,0.1493228375911712,-0.1111046345557196,0.0207918119139787,0.0453889667987823,-0.042074829339981,0.9652973413467408,-0.0697532892227172,-0.0388664305210113,0.878703236579895,-0.0144533216953277,-0.0100303590297698,-0.5253832340240479,0.9436852335929872,-0.0814450979232788,0.0317586362361907,-0.4849250018596649,0.6982100009918213,0.1344126164913177,0.2376972138881683,0.94816392660141,-0.1393399834632873,0.2345623075962066,0.9374560713768004,0.1014469442581836,0.031622133845858,-0.0005662230456747,0.0003171151977474,0.0,0.0,0.0,0,0,1,1.0
crossover_11_05_02_fps30.mp4,1102,0.1498675644397735,-0.1078367046380447,0.0195659948558342,0.0466903746128082,-0.0434319376945495,0.966587483882904,-0.0686911940574646,-0.0368344783782959,0.8813067078590393,-0.0120124518871307,-0.0097948312759399,-0.506786584854126,0.9447478652000428,-0.078824371099472,0.0390847325325012,-0.4627460539340973,0.6798974275588989,0.1346621811389923,0.2372846007347107,0.9492833614349364,-0.1393048167228698,0.2340940237045288,0.9400928020477296,0.1002214823598779,0.0349670790579357,-0.0012258170581445,0.0032679299176749,0.0,0.0,0.0,0,0,1,1.0
crossover_11_05_02_fps30.mp4,1103,0.150580495595932,-0.1060871719303777,0.0175738171833317,0.0476602017879486,-0.0444275736808776,0.966964066028595,-0.0674321055412292,-0.0369260907173156,0.8829171061515808,-0.0100719630718231,-0.0094596743583679,-0.5135994553565979,0.943260908126831,-0.0770895183086395,0.0412793159484863,-0.4662927091121673,0.6582493782043457,0.1347405016422271,0.2365614771842956,0.9491603970527648,-0.139337420463562,0.2334086894989013,0.9418755769729614,0.0997483333048077,0.0374541664874691,-0.0019921776725024,0.0017495327076669,0.0,0.0,0.0,0,0,1,1.0
crossover_11_05_02_fps30.mp4,1104,0.1508545279502868,-0.1054405487189858,0.0162289383934765,0.0478924512863159,-0.0443240404129028,0.966848075389862,-0.0670855939388275,-0.0373611450195312,0.8840911388397217,-0.0096820592880249,-0.0089513659477233,-0.5142733454704285,0.940605878829956,-0.0789507329463958,0.0405061244964599,-0.476209431886673,0.6340633630752563,0.1346312761306762,0.2362802028656005,0.9488925933837892,-0.1395760774612426,0.2334524393081665,0.9434252977371216,0.0990138173429088,0.0359317701309669,-0.0013448787898552,0.0006466232113919,0.0,0.0,0.0,0,0,1,1.0
crossover_11_05_02_fps30.mp4,1105,0.1511771231889724,-0.1052662129119291,0.0137690182139234,0.0483197271823883,-0.0444713532924652,0.9676383137702942,-0.0671073496341705,-0.0363673865795135,0.8831114768981934,-0.0092105567455291,-0.0086072981357574,-0.5073232650756836,0.9404336214065552,-0.0780575573444366,0.042914479970932,-0.476134181022644,0.6067412495613098,0.1346431672573089,0.2360582649707794,0.9484854340553284,-0.1395620107650756,0.2332281768321991,0.9444721341133118,0.0986275246315076,0.039871905883964,-0.002459920179553,0.0001743358070567,0.0,0.0,0.0,0,0,1,1.0
crossover_11_05_02_fps30.mp4,1106,0.1516648083925247,-0.1052640621945009,0.0132339221675221,0.0484731197357177,-0.0447598099708557,0.9675254821777344,-0.0672395229339599,-0.0365070104598999,0.8846176862716675,-0.0093607902526855,-0.008840799331665,-0.4989175498485565,0.9374361038208008,-0.0768314599990844,0.0435271859169006,-0.4655619859695434,0.5877979397773743,0.1346399784088134,0.2353893518447876,0.9462999105453492,-0.1398282051086425,0.2328914403915405,0.9445714950561525,0.0984110303696312,0.0415462958179451,-0.0005350960464012,2.1507174281509837e-06,0.0,0.0,0.0,0,0,1,1.0
crossover_11_05_02_fps30.mp4,1107,0.152824729681015,-0.1056354305501711,0.0096121046601271,0.0485168993473053,-0.0457782745361328,0.9670227766036988,-0.0673824250698089,-0.0378783345222473,0.8844583034515381,-0.0093291699886322,-0.0097824931144714,-0.507738471031189,0.9318472146987916,-0.0763557851314544,0.0428438782691955,-0.4808402955532074,0.56595778465271,0.1346453726291656,0.2342265248298645,0.946160078048706,-0.1401711106300354,0.2320137023925781,0.945623219013214,0.0982397386304824,0.0442905002573932,-0.0036218175073949,-0.0003713683556701,0.0,0.0,0.0,0,0,1,1.0
crossover_11_05_02_fps30.mp4,1108,0.1528835147619247,-0.1062172996795783,0.0077482710524303,0.0485746264457702,-0.0458584129810333,0.965481698513031,-0.0679379105567932,-0.0395918786525726,0.8813305497169495,-0.0093941092491149,-0.0096228420734405,-0.511709988117218,0.9226918816566468,-0.077119767665863,0.0413915812969207,-0.4948272109031677,0.5394632816314697,0.1347761750221252,0.2340267598628997,0.9455955624580384,-0.140273630619049,0.2322401702404022,0.9459712505340576,0.0983691302003102,0.0444807676810576,-0.0018638336076968,-0.0005818691294072,0.0,0.0,0.0,0,0,1,1.0
crossover_11_05_02_fps30.mp4,1109,0.1518193483352661,-0.1065817234879833,0.0074467759306837,0.0485957264900207,-0.0444386899471282,0.9638767838478088,-0.0681842565536499,-0.0394259393215179,0.8781036138534546,-0.0091215372085571,-0.0079686343669891,-0.5276190042495728,0.9120312333106996,-0.0764552354812622,0.0415417850017547,-0.5314610004425049,0.514090359210968,0.1349707841873169,0.2354878485202789,0.9460989832878112,-0.1402527093887329,0.2341096699237823,0.9464617967605592,0.0986717932555502,0.0454980760381746,-0.0003014951217465,-0.0003644238084049,0.0,0.0,0.0,0,0,1,1.0
crossover_11_05_02_fps30.mp4,1110,0.1519338637590408,-0.1069978985746027,0.0073756632281513,0.0487211644649505,-0.0443068444728851,0.9612271785736084,-0.0680598616600036,-0.0400192439556121,0.875676691532135,-0.008446842432022,-0.0077092945575714,-0.5278580188751221,0.9006890058517456,-0.0754213631153106,0.0397714674472808,-0.5244057178497314,0.4926881194114685,0.1353159844875335,0.235716313123703,0.9466113448143004,-0.1400855779647827,0.2343159019947052,0.946900486946106,0.0996988797239724,0.0452389845444844,-7.111270253246094e-05,-0.0004161750866194,0.0,0.0,0.0,0,0,1,1.0
crossover_11_05_02_fps30.mp4,1111,0.1519453972578048,-0.106837449336456,0.0075609115565695,0.0488654673099517,-0.0441631972789764,0.9593451619148254,-0.0680800080299377,-0.0400095283985137,0.8722093105316162,-0.0080297291278839,-0.0075273811817169,-0.5277896523475647,0.8901890516281128,-0.074643462896347,0.0383420884609222,-0.5212607979774475,0.4689266383647918,0.1358930170536041,0.2361532151699066,0.9463582634925842,-0.1399581134319305,0.2345753014087677,0.9468057155609132,0.0999530997546934,0.0445413696974282,0.0001852483284182,0.0001604492381467,0.0,0.0,0.0,0,0,1,1.0
crossover_11_05_02_fps30.mp4,1112,0.1518172174692154,-0.1071479749881615,0.0078068228756509,0.0493121445178985,-0.0439505875110626,0.9575992822647096,-0.0678112804889679,-0.0401201546192169,0.8691232204437256,-0.0072133243083953,-0.0072813332080841,-0.5251278281211853,0.8802646398544312,-0.0734374225139617,0.0385229289531707,-0.5197988748550415,0.445133626461029,0.1365108788013458,0.2367104589939117,0.946797788143158,-0.1396480500698089,0.2350564301013946,0.9474185109138488,0.1010672393038121,0.045605707106471,0.0002459113190813,-0.0003105256517054,0.0,0.0,0.0,0,0,1,1.0
crossover_11_05_02_fps30.mp4,1113,0.1517302244901657,-0.107841754363755,0.0076410953591509,0.0503461956977844,-0.0438116192817688,0.9560657739639282,-0.0673952996730804,-0.041124403476715,0.8684921264648438,-0.0056686997413635,-0.0073388218879699,-0.5286511778831482,0.8709954619407654,-0.0730706453323364,0.0380699038505554,-0.5173587203025818,0.4315428435802459,0.137447714805603,0.2371609210968017,0.9476161003112792,-0.1390943527221679,0.2352312803268432,0.9479262828826904,0.1032653427418937,0.0462054370121241,-0.0001657275165,-0.0006937793755935,0.0,0.0,0.0,0,0,1,1.0
crossover_11_05_02_fps30.mp4,1114,0.1523462533950805,-0.1091862248162091,0.0018553637876743,0.0514886975288391,-0.044318675994873,0.9568482041358948,-0.0671694278717041,-0.0439019203186035,0.8662657737731934,-0.0035386681556701,-0.0104766488075256,-0.53119295835495,0.8755800724029541,-0.075279414653778,0.015602171421051,-0.5286746025085449,0.4353417754173279,0.1380730271339416,0.2369406223297119,0.9468706250190736,-0.1387878656387329,0.2348049879074096,0.9469960331916808,0.1063648662058575,0.0365875183020139,-0.0057857315714765,-0.0013444704524541,0.0,0.0,0.0,0,0,1,1.0
crossover_11_05_02_fps30.mp4,1115,0.1549695134162902,-0.1083926367557654,-0.0070673922213112,0.0540659725666046,-0.044899046421051,0.9585925936698914,-0.0665688514709472,-0.0521479547023773,0.8656846284866333,-0.0016174018383026,-0.0171624422073364,-0.5237569212913513,0.8826597929000854,-0.074863463640213,-0.0064939260482788,-0.5469068884849548,0.4588088393211365,0.1394247710704803,0.2368247509002685,0.9452161192893982,-0.1382425129413604,0.2348681688308715,0.9465617537498474,0.1072513907877176,0.0335340768959621,-0.0089227560089856,0.0007935880604436,0.0,0.0,0.0,0,0,1,1.0
crossover_11_05_02_fps30.mp4,1116,0.1558070182800293,-0.1080873387344812,-0.0070217885622163,0.0550926625728607,-0.0456148982048034,0.9601086974143982,-0.0662963986396789,-0.0546977221965789,0.8633801341056824,-0.0005188286304473,-0.0193454623222351,-0.5242620706558228,0.8882634043693542,-0.0748579502105712,-0.0058209300041198,-0.5530674457550049,0.4708360135555267,0.1399448812007904,0.2373796701431274,0.9455639123916626,-0.1383030116558075,0.2357314825057983,0.9468506574630736,0.1082721446215277,0.0332510800268128,4.5603659094894944e-05,0.0003052980212842,0.0,0.0,0.0,0,0,1,1.0
crossover_11_05_02_fps30.mp4,1117,0.1610317379236221,-0.1087496342295307,-0.0184917445589856,0.0571816861629486,-0.0498221814632415,0.962240755558014,-0.0660984218120575,-0.0618245005607605,0.8666197657585144,0.0016604959964752,-0.0236080586910247,-0.5181316137313843,0.8959572315216064,-0.0747939050197601,-0.0123040974140167,-0.541409432888031,0.5002312064170837,0.1403276622295379,0.2384672462940216,0.9466142654418944,-0.1383622884750366,0.2370117604732513,0.9484059810638428,0.1105286095398892,0.0345149029168257,-0.0114699559967692,-0.0006622954950494,0.0,0.0,0.0,0,0,1,1.0
crossover_11_05_02_fps30.mp4,1118,0.1621852219104766,-0.1084362999867584,-0.0275564682192919,0.059626817703247,-0.0540673732757568,0.9644778966903688,-0.0670209527015686,-0.0625445842742919,0.8735363483428955,0.0070344805717468,-0.0222269296646118,-0.5238284468650818,0.9039767384529114,-0.075676292181015,-0.0106001496315002,-0.5374064445495605,0.5393297672271729,0.1404634118080139,0.2468963861465454,0.9490633606910706,-0.1385577023029327,0.2452461123466491,0.950754463672638,0.1155937071989487,0.0368881397129627,-0.0090647236603063,0.0003133342427722,0.0,0.0,0.0,0,0,1,1.0
crossover_11_05_02_fps30.mp4,1119,0.1608150005340576,-0.1095565769631983,-0.0244664423349426,0.0610244870185852,-0.0550905466079711,0.966343641281128,-0.0674549341201782,-0.05783611536026,0.8816368579864502,0.0090821385383605,-0.0167961418628692,-0.5336313247680664,0.911035180091858,-0.0772666037082672,-0.0006079971790313,-0.5223369002342224,0.5777794122695923,0.1396477222442627,0.2580040395259857,0.9516362547874452,-0.1387781798839569,0.2537928521633148,0.953328251838684,0.1188864093376183,0.0401480731550319,0.0030900258843492,-0.0011202769764399,0.0,0.0,0.0,0,0,1,1.0
crossover_11_05_02_fps30.mp4,1120,0.1537126153707504,-0.1109603117078037,-0.017683041386488,0.0617676675319671,-0.0494654476642608,0.9681318402290344,-0.0681440532207489,-0.0517275929450988,0.8890605568885803,0.0110680162906646,-0.0078839063644409,-0.5780191421508789,0.9175027012825012,-0.0809910595417022,0.0093889832496643,-0.536773145198822,0.6130435466766357,0.1364428102970123,0.2647131681442261,0.9543102979660034,-0.1364015042781829,0.2584754228591919,0.9554850459098816,0.122421141480065,0.0403862673850383,0.0067834009484546,-0.0014037347446053,0.0,0.0,0.0,0,0,1,1.0
crossover_11_05_02_fps30.mp4,1121,0.1525087207555771,-0.1111851241629002,-0.0130100756156735,0.062478482723236,-0.0458391010761261,0.9698871374130248,-0.0683921873569488,-0.0517080128192901,0.896076500415802,0.0105857849121093,-0.0020872950553894,-0.5901522040367126,0.9230337142944336,-0.0818279981613159,0.0133053064346313,-0.5396232008934021,0.6441311240196228,0.1346871256828308,0.2674635648727417,0.9571189880371094,-0.1354564428329467,0.2612508535385132,0.9580323696136476,0.1222598111896235,0.0394251211732622,0.0046729657708144,-0.0002248124550965,0.0,0.0,0.0,0,0,1,1.0
crossover_11_05_02_fps30.mp4,1122,0.1524409800767898,-0.1114746004848156,-0.008976477966076,0.0629118680953979,-0.0439691543579101,0.9709683656692504,-0.0683549046516418,-0.0480315089225769,0.8918116688728333,0.0108922719955444,7.143616676330566e-05,-0.583666980266571,0.9273632764816284,-0.0831766426563263,0.0119828879833221,-0.5453760027885437,0.6545343399047852,0.1307490468025207,0.2662002742290497,0.958154797554016,-0.1310955286026001,0.2609167993068695,0.9587147831916808,0.1227009218823556,0.0352146196666065,0.0040335976495975,-0.0002894763219153,0.0,0.0,0.0,0,0,1,1.0
crossover_11_05_02_fps30.mp4,1123,0.1531179994344711,-0.1128304403717235,-0.0024349100706053,0.063191682100296,-0.0445210635662078,0.9722565412521362,-0.0676769316196441,-0.04987633228302,0.890515923500061,0.0104221999645233,0.0008818209171295,-0.5876040458679199,0.9311677813529968,-0.0829674899578094,0.0022065937519073,-0.6299377083778381,0.6743284463882446,0.1290396749973297,0.2624224722385406,0.9586323499679564,-0.1290795803070068,0.2576309740543365,0.9588924050331116,0.1232972589083034,0.0302215050114697,0.0065415678954706,-0.0013558398869078,0.0,0.0,0.0,0,0,1,1.0
crossover_11_05_02_fps30.mp4,1124,0.1506233513355255,-0.1146481555397227,0.0059308703352765,0.0627160370349884,-0.0419609248638153,0.9724810719490052,-0.0673149824142456,-0.0486973822116851,0.8826645016670227,0.0099965035915374,0.010520577430725,-0.5536953806877136,0.9324136972427368,-0.0842998623847961,0.004775047302246,-0.5866380333900452,0.6852037310600281,0.1283819377422332,0.262529969215393,0.9557013511657716,-0.1294766664505005,0.2588211297988891,0.9564907550811768,0.124729132367583,0.0303702950973652,0.0083657804058818,-0.0018177151679992,0.0,0.0,0.0,0,0,1,1.0
crossover_11_05_02_fps30.mp4,1125,0.1483638286590576,-0.1170923499737756,0.0070699944728758,0.0618276000022888,-0.0387334525585174,0.9732851386070251,-0.0681928694248199,-0.0451835691928863,0.8739107847213745,0.011396586894989,0.0179957151412963,-0.5768370628356934,0.9354206323623656,-0.0910333693027496,0.0029975771903991,-0.6076655983924866,0.6863584518432617,0.1277062892913818,0.2578168511390686,0.95361328125,-0.1301805973052978,0.2559773921966553,0.9552660584449768,0.128952620251741,0.0263752735746099,0.0011391241375993,-0.0024441944340528,0.0,0.0,0.0,0,0,1,1.0
crossover_11_05_02_fps30.mp4,1126,0.147253468632698,-0.1173970359866902,0.0044400856262299,0.0613011717796325,-0.0376999676227569,0.9737778902053832,-0.0686842203140258,-0.0437063574790954,0.8686145544052124,0.012013554573059,0.0177534520626068,-0.572087287902832,0.9378381967544556,-0.0932822823524475,0.0049234330654144,-0.5866836309432983,0.6906499862670898,0.1275082230567932,0.2557618916034698,0.9523524641990662,-0.1306504607200622,0.2544121444225311,0.954159677028656,0.1300936073559816,0.0241195971688415,-0.0026299088466458,-0.0003046860129146,0.0,0.0,0.0,0,0,1,1.0
crossover_11_05_02_fps30.mp4,1127,0.1445773839950561,-0.1199450876753209,0.0022167855646552,0.0606623888015747,-0.034694880247116,0.975223958492279,-0.0696223378181457,-0.0417504608631134,0.8744639158248901,0.0122726559638977,0.0208908021450042,-0.5938414931297302,0.9422510862350464,-0.0949142575263977,0.0031331479549407,-0.6714332699775696,0.7143334150314331,0.127304196357727,0.2539427578449249,0.9532347917556764,-0.1309430301189422,0.2542118728160858,0.9543822407722472,0.133529961537811,0.0250475982476279,-0.0022233000615747,-0.0025480516886307,0.0,0.0,0.0,0,0,1,1.0
crossover_11_05_02_fps30.mp4,1128,0.1421857923269271,-0.1220269606275073,-0.0065813400396486,0.0602855384349823,-0.0319017767906188,0.9762227535247804,-0.0730101466178894,-0.0420030951499938,0.8741514682769775,0.0120438635349273,0.0226611196994781,-0.5976192951202393,0.9457639455795288,-0.0972639620304107,-0.0077241361141204,-0.7127833962440491,0.7256129384040833,0.1272391974925995,0.2527706921100616,0.9553497433662416,-0.1307668983936309,0.2531520426273346,0.9555017352104188,0.1372228382711454,0.0247893542148163,-0.0087981256043038,-0.0020818729521864,0.0,0.0,0.0,0,0,1,1.0
crossover_11_05_02_fps30.mp4,1129,0.1403003185987472,-0.1241477733951503,-0.0176064436028643,0.0598347783088684,-0.0296428799629211,0.9771894812583924,-0.077286422252655,-0.0423640608787536,0.8761034607887268,0.0114443302154541,0.0225303173065185,-0.6148606538772583,0.9489136934280396,-0.101242572069168,-0.0184485912322998,-0.7380706071853638,0.7350159287452698,0.1270442605018615,0.2529970407485962,0.9575924873352052,-0.1309548318386078,0.2531658411026001,0.9566338062286376,0.1414078432684901,0.0229206775731771,-0.0110251035632157,-0.002120812767643,0.0,0.0,0.0,0,0,1,1.0
crossover_11_05_02_fps30.mp4,1130,0.1377346515655517,-0.1242300374022984,-0.0238826776423105,0.0598851144313812,-0.0270956456661224,0.9774383306503296,-0.0788885056972503,-0.0440872609615325,0.8774270415306091,0.0112331211566925,0.023155003786087,-0.6465925574302673,0.9504141807556152,-0.1033019721508026,-0.0330184400081634,-0.779832661151886,0.7442589402198792,0.1271093785762787,0.2531984746456146,0.9583669304847716,-0.1307447254657745,0.2533959448337555,0.955318808555603,0.1433973877061146,0.0228351936531355,-0.0062762340394462,-8.2264007148114e-05,0.0,0.0,0.0,0,0,1,1.0
crossover_11_05_02_fps30.mp4,1131,0.137034609913826,-0.1242339851492542,-0.0237151903350179,0.0599151849746704,-0.0261135995388031,0.9775230884552002,-0.0795221924781799,-0.0441219508647918,0.8805184960365295,0.0110741257667541,0.0234366357326507,-0.6370179653167725,0.9518384337425232,-0.1033705472946167,-0.0359882712364196,-0.7747500538825989,0.7575755715370178,0.1271765232086181,0.2536499202251434,0.9597196578979492,-0.1304795145988464,0.2535679638385772,0.9550833702087402,0.1432884488755967,0.0242056099680771,0.0001674873072926,-3.947746955723641e-06,0.0,0.0,0.0,0,0,1,1.0
crossover_11_05_02_fps30.mp4,1132,0.136156752705574,-0.1236077246019395,-0.0220312915197232,0.060236632823944,-0.0256054997444152,0.9781538248062134,-0.0801594853401184,-0.0447059273719787,0.8829848170280457,0.0112342834472656,0.024955928325653,-0.6472291350364685,0.9538144469261168,-0.1026070415973663,-0.0344240069389343,-0.7874573469161987,0.7650666236877441,0.127572476863861,0.2544743418693542,0.9613759517669678,-0.1303905248641967,0.2537071704864502,0.9548485279083252,0.1427941384074978,0.0243845869786659,0.0016838988152946,0.0006262605473146,0.0,0.0,0.0,0,0,1,1.0
crossover_11_05_02_fps30.mp4,1133,0.1321668028831482,-0.1224102724406678,-0.0061865459128124,0.0604253709316253,-0.0238833129405975,0.9788434505462646,-0.0804572999477386,-0.0425749123096466,0.8890640735626221,0.0113958418369293,0.0271882116794586,-0.6278017163276672,0.955223798751831,-0.0977271795272827,-0.0288070738315582,-0.7574227452278137,0.777253270149231,0.1278586089611053,0.2550766170024872,0.9634380340576172,-0.1302195191383361,0.2540355026721954,0.9562599062919616,0.1379055860449904,0.0334804922170144,0.0158447456069108,0.0011974521612717,0.0,0.0,0.0,0,0,1,1.0
crossover_11_05_02_fps30.mp4,1134,0.1298390328884124,-0.1202418463715052,0.0272233339344583,0.0613519847393035,-0.0223208963871002,0.9803308248519896,-0.0806304812431335,-0.0378223061561584,0.8962848782539368,0.0122871696949005,0.0291714966297149,-0.6110578179359436,0.9586074352264404,-0.0965952277183532,-0.0040620267391204,-0.7297998070716858,0.7914111614227295,0.1289076507091522,0.2553193867206573,0.9655688405036926,-0.1292692720890045,0.2538770139217376,0.9577170014381408,0.1325433341870379,0.0392165317972344,0.0334098798472707,0.0021684260691626,0.0,0.0,0.0,0,0,1,1.0
crossover_11_05_02_fps30.mp4,1135,0.1287347674369812,-0.1184631290072101,0.0846685781711484,0.0623096525669097,-0.0212172865867614,0.9812904596328736,-0.0804969370365142,-0.0284570455551147,0.903292715549469,0.0135311782360076,0.032284140586853,-0.5154001116752625,0.961556077003479,-0.1015218496322631,0.0459038019180297,-0.4623766243457794,0.8085408806800842,0.1303491294384002,0.2550598978996277,0.9670135378837584,-0.1278847455978393,0.2538890838623047,0.9585056900978088,0.1420092477468983,0.0423050212718816,0.0574452442366901,0.001778717364295,0.0,0.0,0.0,0,0,0,1.0
crossover_11_05_02_fps30.mp4,1136,0.1278410106897354,-0.1176549239683959,0.0843529047035589,0.0627184212207794,-0.0208381414413452,0.9823554158210754,-0.0801180303096771,-0.0254706740379333,0.9098885655403136,0.0141796171665191,0.0330315828323364,-0.5098938941955566,0.9645217657089232,-0.1020421981811523,0.0513762235641479,-0.4503960013389587,0.8245956301689148,0.1311782896518707,0.2548382878303528,0.9686985611915588,-0.1271451413631439,0.2538315057754516,0.959809958934784,0.1414716378461182,0.0364858699427332,-0.0003156734675895,0.0008082050388142,0.0,0.0,0.0,0,0,0,1.0
crossover_11_05_02_fps30.mp4,1137,0.1248461455106735,-0.1184663203813262,0.1898981310972353,0.062814325094223,-0.0202933847904205,0.9827852249145508,-0.0818924605846405,-0.0092794597148895,0.9171438813209534,0.0135460197925567,0.0343553125858306,-0.5089707374572754,0.9667274355888368,-0.107341468334198,0.0880091488361358,-0.4911771714687347,0.8403888940811157,0.1317674219608307,0.2547110617160797,0.9695767760276794,-0.1265594363212585,0.2533729970455169,0.9582903385162354,0.2040118289429726,0.1024945219964127,0.1055452263936763,-0.0008113964129302,0.0,0.0,0.0,0,0,0,1.0
crossover_11_05_02_fps30.mp4,1138,0.1242925971746444,-0.1165304635540913,0.2960776866936102,0.0624774396419525,-0.0185598731040954,0.9838570952415466,-0.0837022960186004,-0.0055730938911437,0.9249180555343628,0.0115034878253936,0.0348591804504394,-0.5346242785453796,0.9695907831192015,-0.105944812297821,0.1014604568481445,-0.5268247723579407,0.8557640314102173,0.1316911280155182,0.2549473643302917,0.9670081734657288,-0.1263637840747833,0.2535768747329712,0.9511614441871644,0.2909085779239894,0.1949049054417107,0.1061795555963749,0.0019358568272348,0.0,0.0,0.0,1,0,0,1.0
crossover_11_05_02_fps30.mp4,1139,0.1233830600976944,-0.1179061758316169,0.2162704610243075,0.0623520016670227,-0.0173345208168029,0.9836190342903136,-0.0831954479217529,-0.0063306093215942,0.9306302666664124,0.0096127986907958,0.0354247689247131,-0.5099416971206665,0.9707807898521424,-0.1046603918075561,0.0916160345077514,-0.4981892108917236,0.8683458566665649,0.1317590475082397,0.2545216679573059,0.966999053955078,-0.1256719827651977,0.2511767745018005,0.9466132521629332,0.2212831968637227,0.125356199864959,-0.0798072256693026,-0.0013757122775255,0.0,0.0,0.0,0,0,0,1.0
crossover_11_05_02_fps30.mp4,1140,0.1227419227361679,-0.1175548882807715,0.143658223384764,0.0626478791236877,-0.0145538449287414,0.9841577410697936,-0.082314908504486,-0.0081386566162109,0.9363973140716552,0.009891927242279,0.0358749032020568,-0.5280872583389282,0.9728956818580629,-0.103737473487854,0.0801353454589843,-0.4973537027835846,0.8805171251296997,0.1321730017662048,0.25385183095932,0.9672126173973083,-0.1258861124515533,0.2512688636779785,0.9442347884178162,0.1669129560476791,0.0650082838685428,-0.0726122376395435,0.0003512875508454,0.0,0.0,0.0,0,0,0,1.0
crossover_11_05_02_fps30.mp4,1141,0.1221014559268951,-0.1174350126314971,0.1435183010450224,0.0627661943435669,-0.0132014751434326,0.9843995571136476,-0.0817947685718536,-0.0086737871170043,0.941491961479187,0.0099477171897888,0.0368177890777587,-0.5339069366455078,0.9745544195175172,-0.1032643616199493,0.0781145691871643,-0.5022733807563782,0.8913463950157166,0.1323962211608886,0.2537515163421631,0.9667810797691344,-0.125991404056549,0.2520467638969421,0.9408547282218932,0.1661666606476729,0.0669212633699161,-0.0001399223397416,0.0001198756492744,0.0,0.0,0.0,0,0,1,1.0
crossover_11_05_02_fps30.mp4,1142,0.1192289143800735,-0.1167487155582945,0.1005652247405634,0.0628081262111663,-0.0104865431785583,0.9848614931106568,-0.0809703767299652,-0.0116127133369445,0.9425996541976928,0.0100156366825103,0.0385619401931762,-0.5813931226730347,0.975920021533966,-0.1024411022663116,0.0760517120361328,-0.5614191889762878,0.8937302827835083,0.1324824392795562,0.2526934742927551,0.9671530723571776,-0.1258605122566223,0.2509300112724304,0.9383948445320128,0.1411155848717465,0.0283834476979665,-0.0429530763044589,0.0006862970732026,0.0,0.0,0.0,0,0,1,1.0
crossover_11_05_02_fps30.mp4,1143,0.1160964965820312,-0.1141101259296223,0.0894221047075783,0.0630897283554077,-0.0082125067710876,0.9859799146652222,-0.0802085697650909,-0.0112315416336059,0.9462449550628662,0.0103183388710021,0.0417200922966003,-0.6194878816604614,0.9776971340179444,-0.1010333895683288,0.0600836873054504,-0.7115541696548462,0.9004718065261841,0.1327602267265319,0.2520674467086792,0.968551218509674,-0.1254706084728241,0.2502988576889038,0.939543843269348,0.1332588640229886,0.0321207685076845,-0.011143120032985,0.0026385896286721,0.0,0.0,0.0,0,0,1,1.0
crossover_11_05_02_fps30.mp4,1144,0.1182512193918228,-0.1124600848909151,0.1196423507318263,0.0640116930007934,-0.0102831125259399,0.9866335391998292,-0.0792841017246246,-0.0087596178054809,0.9503366947174072,0.0116928219795227,0.0417133569717407,-0.5497667789459229,0.9792067408561708,-0.0989687740802764,0.0713452696800232,-0.5228539705276489,0.909179151058197,0.1340132355690002,0.2479637861251831,0.969097912311554,-0.1248193681240081,0.2468443512916565,0.9367072582244872,0.1465840112455621,0.0501460218313846,0.030220246024248,0.0016500410387071,0.0,0.0,0.0,0,0,1,1.0
crossover_11_05_02_fps30.mp4,1145,0.117063969373703,-0.109866563243381,0.1990164926866205,0.0643635094165802,-0.0093428790569305,0.9821536540985109,-0.0801483988761901,0.0006697475910186,0.9525421261787416,0.0123503506183624,0.0444037020206451,-0.5380879044532776,0.9729918241500854,-0.0988197028636932,0.0996003448963165,-0.5164546966552734,0.915808081626892,0.1347119510173797,0.2474815547466278,0.9651101231575012,-0.0887598395347595,0.1907671988010406,0.8823973536491394,0.1970839645212404,0.1000280139046652,0.0793741419547942,0.0025935216475341,0.0,0.0,0.0,0,0,0,1.0
crossover_11_05_02_fps30.mp4,1146,0.1182136237621307,-0.1096698007341158,0.197141593840064,0.0644402503967285,-0.0099134445190429,0.9766143560409546,-0.0807959735393524,0.0013101696968078,0.9537088871002196,0.0125870704650878,0.0431462526321411,-0.5381835699081421,0.9649758338928224,-0.098893404006958,0.1010941863059997,-0.518764317035675,0.9208605885505676,0.1348828077316284,0.2455975413322448,0.959753155708313,-0.0852478146553039,0.1782957315444946,0.8290873169898987,0.1966247890505246,0.0966500658066807,-0.0018748988465565,0.0001967625092652,0.0,0.0,0.0,0,0,0,1.0
crossover_11_05_02_fps30.mp4,1147,0.1177015602588653,-0.1060566670813802,0.2870248643363394,0.064602643251419,-0.0089492201805114,0.9778360724449158,-0.0808578431606292,0.0045815110206604,0.95712548494339,0.0129364430904388,0.0439085364341735,-0.5488008856773376,0.9671387672424316,-0.0984332561492919,0.1155687570571899,-0.5270528793334961,0.9269428253173828,0.135280579328537,0.2454257011413574,0.9570083618164062,-0.1138092875480651,0.2323676347732544,0.8279514908790588,0.2706749141701094,0.1716255025267477,0.0898832704962754,0.0036131336527355,0.0,0.0,0.0,1,0,0,1.0
crossover_11_05_02_fps30.mp4,1148,0.1180507689714431,-0.1054936768644947,0.2217380727209695,0.0647909045219421,-0.0089980363845825,0.9774766564369202,-0.0802010297775268,0.003964364528656,0.957435429096222,0.0133520364761352,0.0434034466743469,-0.5384750962257385,0.966646373271942,-0.0981769561767578,0.1130808591842651,-0.5129263401031494,0.9284237623214722,0.1356603503227234,0.2442542314529419,0.9555675387382508,-0.1209910809993743,0.2389270663261413,0.8251356482505798,0.2143071217356808,0.1089032802774248,-0.0652867916153698,0.0005629902168855,0.0,0.0,0.0,0,0,0,1.0
crossover_11_05_02_fps30.mp4,1149,0.1160645186901092,-0.1044745557389016,0.1612210045500499,0.0647534430027008,-0.0080318748950958,0.9783293604850768,-0.0800689160823822,0.0046963989734649,0.9584342241287231,0.0133737027645111,0.0447044670581817,-0.5376596450805664,0.96809583902359,-0.0982322692871093,0.1008841693401336,-0.5102710127830505,0.9308151602745056,0.1356832087039947,0.2444442808628082,0.957112729549408,-0.1220024228096008,0.239835113286972,0.8314228057861328,0.1657236119006013,0.0606588808279119,-0.0605170681709196,0.001019121125593,0.0,0.0,0.0,0,0,0,1.0
crossover_11_05_02_fps30.mp4,1150,0.1133182495832443,-0.1048276617365368,0.1210685250235766,0.0646727383136749,-0.00672048330307,0.9796830415725708,-0.0798172652721405,0.0024781227111816,0.9601057767868042,0.0135628283023834,0.0463066697120666,-0.5425541996955872,0.9704484343528748,-0.0979098379611969,0.0848689675331115,-0.5383291840553284,0.9358723759651184,0.1358928382396698,0.2443608045578003,0.9601151943206788,-0.1222633123397827,0.2410645484924316,0.8421303629875183,0.1400201526255233,0.0368546367271765,-0.0401524795264732,-0.0003531059976351,0.0,0.0,0.0,0,0,1,1.0
crossover_11_05_02_fps30.mp4,1151,0.1125018000602722,-0.1048781140375945,0.1209050383509658,0.0646130442619323,-0.0061205923557281,0.9806532263755798,-0.0795699954032898,0.0012882053852081,0.9613503217697144,0.0136719346046447,0.0467018187046051,-0.5455251336097717,0.9722396731376648,-0.0978083312511444,0.0782478153705596,-0.5387368202209473,0.940398335456848,0.1359789371490478,0.2442450821399688,0.9627545475959778,-0.1222414970397949,0.2410870492458343,0.8510615825653076,0.139857898736408,0.0432391084673086,-0.0001634866726107,-5.045230105771292e-05,0.0,0.0,0.0,0,0,1,1.0
crossover_11_05_02_fps30.mp4,1152,0.1155623495578765,-0.1040044067269664,0.0991322055095579,0.0644068121910095,-0.0096420645713806,0.9810487031936646,-0.0767479538917541,-0.0045571327209472,0.9565082788467408,0.0139710903167724,0.0446338653564453,-0.5448096990585327,0.9726300239562988,-0.0931353271007537,0.0611963272094726,-0.5620750188827515,0.9282318949699402,0.1362454891204834,0.2399948835372924,0.9638923406600952,-0.1219205856323242,0.2358823418617248,0.8585398197174072,0.129954942122882,0.0394622319987077,-0.0217728328414079,0.000873707310628,0.0,0.0,0.0,0,0,1,1.0
crossover_11_05_02_fps30.mp4,1153,0.116380751132965,-0.1051090670844255,0.114695935278404,0.0639233589172363,-0.0102021992206573,0.9820005297660828,-0.0759490430355072,-0.0045146048069,0.9561302065849304,0.0140487551689147,0.0452294647693634,-0.5349460244178772,0.9742893576622008,-0.0907835066318512,0.0689640343189239,-0.5410838723182678,0.9296014308929444,0.1363760828971862,0.2384715974330902,0.965969443321228,-0.1224059462547302,0.2349253594875335,0.8658279776573181,0.1379281593045527,0.0479231514786753,0.0155637297688461,-0.001104660357459,0.0,0.0,0.0,0,0,1,1.0
crossover_11_05_02_fps30.mp4,1154,0.1154141873121261,-0.1056572717125132,0.1806448040938959,0.0635580718517303,-0.0093021392822265,0.9804797768592834,-0.0760767459869384,0.0013629794120788,0.9550885558128356,0.0139469802379608,0.0463415384292602,-0.5089526772499084,0.9716613292694092,-0.0912352800369262,0.0895282626152038,-0.5043233633041382,0.9297718405723572,0.1367295086383819,0.238904595375061,0.964042901992798,-0.12283855676651,0.2364611029624939,0.8631863594055176,0.1798403298840896,0.0922508426786927,0.0659488688154918,-0.0005482046280876,0.0,0.0,0.0,0,0,0,1.0
crossover_11_05_02_fps30.mp4,1155,0.1156958937644958,-0.1048431811696392,0.2690761704270432,0.0633700191974639,-0.0081572234630584,0.9805850982666016,-0.0766122341156005,0.0049607455730438,0.9579424858093262,0.0134718120098114,0.0467849671840667,-0.5077724456787109,0.9710410833358764,-0.0914319455623626,0.1134355366230011,-0.5141611695289612,0.9334079027175904,0.1367957293987274,0.2392178475856781,0.960892915725708,-0.1227069199085235,0.2384385764598846,0.8575628995895386,0.2518170301037317,0.1562173746144705,0.0884313663331473,0.000814090542874,0.0,0.0,0.0,0,0,0,1.0
crossover_11_05_02_fps30.mp4,1156,0.1158992648124694,-0.1048641193721254,0.2690609722602658,0.0632589757442474,-0.0077635049819946,0.9808794260025024,-0.0769699811935424,0.0061983466148376,0.9604317545890808,0.0131113827228546,0.0467952489852905,-0.5101274847984314,0.9712072014808656,-0.0915174186229705,0.1170002818107605,-0.5207885503768921,0.936490535736084,0.1368155777454376,0.2391155362129211,0.960096836090088,-0.1226890087127685,0.2382093667984008,0.8569797277450562,0.2516351939564705,0.1526453012734678,-1.5198166777419251e-05,-2.093820248622036e-05,0.0,0.0,0.0,1,0,0,1.0
crossover_11_05_02_fps30.mp4,1157,0.1173936128616333,-0.1065359674267849,0.2312713134579542,0.0632073581218719,-0.0091508626937866,0.9786540269851683,-0.0770028531551361,0.0039286017417907,0.9567031860351562,0.0129459798336029,0.0449185371398925,-0.5032562017440796,0.9678813815116882,-0.0916748642921447,0.1133123636245727,-0.5204668641090393,0.9294523000717164,0.1368042528629303,0.2377994060516357,0.952985405921936,-0.1213504374027252,0.2348418235778808,0.84416264295578,0.2213668741311211,0.1188914052073261,-0.0377896588023115,-0.0016718480546595,0.0,0.0,0.0,0,0,0,1.0
crossover_11_05_02_fps30.mp4,1158,0.118696391582489,-0.1057559367963823,0.1647279233467288,0.0626445114612579,-0.0100377202033996,0.9795994758605956,-0.0774341523647308,0.0017949938774108,0.959580898284912,0.012292057275772,0.0436068177223205,-0.5056280493736267,0.9697359800338744,-0.0923429727554321,0.1082557439804077,-0.4889169931411743,0.9345855116844176,0.1363469660282135,0.236882209777832,0.9556130766868592,-0.1231047511100769,0.2339439988136291,0.853634774684906,0.1691320523500453,0.0580432136149073,-0.0665433901112254,0.0007800306304026,0.0,0.0,0.0,0,0,0,1.0
crossover_11_05_02_fps30.mp4,1159,0.1196249425411224,-0.1056162631107588,0.1246419474845978,0.0620926320552825,-0.0107829272747039,0.9800450205802916,-0.0764479041099548,0.0008200109004974,0.9584529399871826,0.0119446218013763,0.0424953401088714,-0.5147280693054199,0.9705223441123962,-0.0923693180084228,0.0915065705776214,-0.4980120658874511,0.9317160248756408,0.1359757483005523,0.2361619770526886,0.9565064907073976,-0.1244578063488006,0.2330322563648224,0.8554907441139221,0.1434176654553617,0.0356852176301573,-0.0400859758621309,0.0001396736856234,0.0,0.0,0.0,0,0,1,1.0
crossover_11_05_02_fps30.mp4,1160,0.1201959103345871,-0.1059402448646092,0.1074420049423124,0.0616883337497711,-0.011322945356369,0.9809086918830872,-0.0737718045711517,-0.0066049396991729,0.9576667547225952,0.0120065510272979,0.0418069660663604,-0.5163269639015198,0.9719947576522828,-0.0904602110385894,0.0627587139606475,-0.5261889100074768,0.932960569858551,0.1358133852481842,0.2356573641300201,0.957598865032196,-0.1253924369812011,0.2323681414127349,0.860590934753418,0.1349792761479145,0.0472887718196069,-0.0171999425422854,-0.0003239817538503,0.0,0.0,0.0,0,0,1,1.0
crossover_11_05_02_fps30.mp4,1161,0.1207056939601898,-0.1063090357740046,0.1067671002411261,0.0612886846065521,-0.0118613243103027,0.9816006422042848,-0.0727600157260894,-0.0114200115203857,0.9575732946395874,0.0120151340961456,0.041092574596405,-0.5156646966934204,0.9733083248138428,-0.0898752212524414,0.0562328100204467,-0.5257599353790283,0.9354640245437622,0.1357746422290802,0.2351101636886596,0.9576400518417358,-0.1261413097381591,0.2319508790969848,0.8638242483139038,0.135328313719337,0.0531392957032457,-0.0006749047011863,-0.0003687909093953,0.0,0.0,0.0,0,0,1,1.0
crossover_11_05_02_fps30.mp4,1162,0.1206576377153396,-0.1058913078348515,0.1247604194210796,0.0608134567737579,-0.0124079287052154,0.9813336133956908,-0.0736545026302337,-0.0101573765277862,0.9556299448013306,0.0118351876735687,0.0411368906497955,-0.4984251856803894,0.9725058078765868,-0.0902600884437561,0.0658213198184967,-0.4764041304588318,0.9302822351455688,0.135515421628952,0.2344246804714203,0.9587311148643494,-0.1268750131130218,0.2316056787967682,0.8680267333984375,0.1444036783079152,0.0609766552183353,0.0179933191799535,0.000417727939153,0.0,0.0,0.0,0,0,1,1.0
crossover_11_05_02_fps30.mp4,1163,0.1206930130720138,-0.1064750912836042,0.1819112308141661,0.0606915652751922,-0.0123614966869354,0.9805473685264589,-0.0742811262607574,-0.0035386979579925,0.9530304670333862,0.011823147535324,0.0412392318248748,-0.4967919886112213,0.9717000126838684,-0.09059539437294,0.0909519493579864,-0.485444962978363,0.9243096709251404,0.1357552707195282,0.2342092096805572,0.9503471255302428,-0.1252388656139373,0.2313529551029205,0.8435294032096863,0.1838017535479555,0.0923350185844952,0.0571508113930865,-0.0005837834487527,0.0,0.0,0.0,0,0,0,1.0
crossover_11_05_02_fps30.mp4,1164,0.120871677994728,-0.1055075596954863,0.2636440008151822,0.0605077743530273,-0.0121996104717254,0.981556475162506,-0.0752820968627929,0.0002225339412689,0.956309735774994,0.0118383765220642,0.0411325395107269,-0.5062695741653442,0.9731472134590148,-0.0907753109931945,0.1121233999729156,-0.5098307728767395,0.9286094903945924,0.1360208988189697,0.2342154681682586,0.9513887763023376,-0.1257690489292144,0.2326846420764923,0.847801685333252,0.251557983690873,0.1522351195730724,0.081732770001016,0.0009675315881179,0.0,0.0,0.0,1,0,0,1.0
crossover_11_05_02_fps30.mp4,1165,0.1215037107467651,-0.104912649776976,0.2337135008195551,0.0606698393821716,-0.0121326744556427,0.9809171557426452,-0.0756609141826629,0.0010773241519927,0.9557178020477296,0.0118403434753417,0.0405919849872589,-0.502226710319519,0.9722532629966736,-0.0905871093273162,0.1132060587406158,-0.5082651376724243,0.9272971749305724,0.1364318132400512,0.2343967854976654,0.9459075331687928,-0.1206710636615753,0.2326707541942596,0.8402656316757202,0.2256705149343608,0.1213559421931358,-0.0299304999956271,0.0005949099185103,0.0,0.0,0.0,0,0,0,1.0
crossover_11_05_02_fps30.mp4,1166,0.1217827498912811,-0.1047643280635445,0.2338065917898969,0.0607372224330902,-0.0120713710784912,0.9803030490875244,-0.0760294795036315,0.0016394853591918,0.9551265239715576,0.0118315517902374,0.0402126908302307,-0.5025046467781067,0.9712932705879213,-0.0904713571071624,0.1138052940368652,-0.5084818601608276,0.925887167453766,0.1366837918758392,0.2346159219741821,0.9414077401161194,-0.1185798048973083,0.2326670885086059,0.8342456221580505,0.2259938001088937,0.1208494951630819,9.30909703418248e-05,0.0001483217134314,0.0,0.0,0.0,0,0,0,1.0
crossover_11_05_02_fps30.mp4,1167,0.1220802664756774,-0.1043527887029163,0.1768252808873246,0.0606848895549774,-0.0123965144157409,0.9801101684570312,-0.0760561823844909,0.0011034607887268,0.9563669562339784,0.011844128370285,0.039518117904663,-0.4989505708217621,0.971127152442932,-0.0906171202659607,0.1084492206573486,-0.4925859272480011,0.9292023181915284,0.1368186175823211,0.2344468832015991,0.9436990022659302,-0.1213894784450531,0.2322949171066284,0.837002158164978,0.1798749024840975,0.0697420547444888,-0.0569813109025723,0.0004115393606282,0.0,0.0,0.0,0,0,0,1.0
crossover_11_05_02_fps30.mp4,1168,0.1223982721567154,-0.1047895825515359,0.1404436166693524,0.0605890750885009,-0.0132290720939636,0.9804645776748656,-0.076024442911148,-0.0005239248275756,0.9578624367713928,0.0119677782058715,0.0391095280647277,-0.5051282048225403,0.971302330493927,-0.0891958773136138,0.0875022411346435,-0.4958645701408386,0.932585060596466,0.1370406746864318,0.2340812683105468,0.9471031427383424,-0.1242945492267608,0.2329559326171875,0.8452807664871216,0.1545990905677175,0.0551901520794631,-0.0363816642179721,-0.0004367938486196,0.0,0.0,0.0,0,0,1,1.0
crossover_11_05_02_fps30.mp4,1169,0.1214831471443176,-0.1046247505535513,0.1248743159015004,0.060260385274887,-0.0135389566421508,0.9809750914573668,-0.075914591550827,-0.0035248398780822,0.95780211687088,0.0120477974414825,0.0391021966934204,-0.4945737719535827,0.9719737768173218,-0.08798149228096,0.0733641386032104,-0.4841865599155426,0.9347713589668274,0.1372556388378143,0.234124481678009,0.9500336050987244,-0.12562096118927,0.2329997420310974,0.8524607419967651,0.1448079413882352,0.0541322123252823,-0.015569300767852,0.0001648319979845,0.0,0.0,0.0,0,0,1,1.0
crossover_11_05_02_fps30.mp4,1170,0.1219236403703689,-0.1093447740805351,0.1385390114493486,0.060226947069168,-0.0143729150295257,0.9814165830612184,-0.0761745572090148,-0.0040747225284576,0.958241641521454,0.0123199522495269,0.0403052270412445,-0.4976449310779571,0.9723547101020812,-0.0868977606296539,0.0760640203952789,-0.4830379784107208,0.9338287711143494,0.138602465391159,0.2335933148860931,0.9526914358139038,-0.125203937292099,0.2324034869670868,0.8581619262695312,0.1563719349247389,0.0663851859986106,0.0136646955478482,-0.0047200235269837,0.0,0.0,0.0,0,0,1,1.0
crossover_11_05_02_fps30.mp4,1171,0.1219573318958282,-0.1086754723120543,0.138356956039987,0.0602147877216339,-0.0146916508674621,0.9821942448616028,-0.0766785144805908,-0.0043009519577026,0.9599021077156068,0.0123389661312103,0.0405474305152893,-0.4982919096946716,0.9737266898155212,-0.0863122940063476,0.0788308382034301,-0.4819605350494385,0.936660647392273,0.1393027007579803,0.2334539890289306,0.955260932445526,-0.1250753402709961,0.2325468063354492,0.8645718693733215,0.1555994781324962,0.0635882886121688,-0.0001820554093616,0.0006693017684807,0.0,0.0,0.0,0,0,1,1.0
crossover_11_05_02_fps30.mp4,1172,0.1182926446199417,-0.1188631158764079,0.2006960652223447,0.0590351223945617,-0.0122848451137542,0.98303484916687,-0.0788582563400268,0.001855581998825,0.9620295763015748,0.0125188827514648,0.045229822397232,-0.4893149733543396,0.9752330780029296,-0.0956530272960662,0.0975908935070037,-0.4901805222034454,0.9401679039001464,0.1405765414237976,0.2365594804286956,0.9571135640144348,-0.1250934302806854,0.2368954718112945,0.8717226982116699,0.203546019911005,0.105685309510628,0.0623391091823577,-0.0101876435643535,0.0,0.0,0.0,0,0,0,1.0
crossover_11_05_02_fps30.mp4,1173,0.1177758872509002,-0.1325248013613587,0.2699397991343242,0.0555668026208877,-0.0118112564086914,0.9819979071617126,-0.0839067548513412,0.0059475898742675,0.9596282839775084,0.0069722682237625,0.0510114431381225,-0.4929820299148559,0.9738211631774902,-0.1109153777360916,0.1156939268112182,-0.529723048210144,0.9267069697380066,0.1408525854349136,0.2366485595703125,0.9547248482704164,-0.1237339228391647,0.2370365858078003,0.8676921725273132,0.2595940243573333,0.1557522273296024,0.0692437339119794,-0.0136616854849507,0.0,0.0,0.0,1,0,0,1.0
crossover_11_05_02_fps30.mp4,1174,0.1163902878761291,-0.1419420299893719,0.2197247579330351,0.0533340275287628,-0.0104077160358428,0.9794546961784364,-0.0883844792842865,0.0069105923175811,0.9502418637275696,0.0037855207920074,0.0545742809772491,-0.5025141835212708,0.9710592031478882,-0.1241688728332519,0.1151923835277557,-0.5392128229141235,0.8999406695365906,0.1412404477596283,0.2380153834819793,0.9540594220161438,-0.1226764023303985,0.2342102825641632,0.8649275302886963,0.2202525802243031,0.1060325535583372,-0.050215041201289,-0.0094172286280131,0.0,0.0,0.0,0,0,0,1.0
crossover_11_05_02_fps30.mp4,1175,0.1157632172107696,-0.1508040293798608,0.1629622947878953,0.048627883195877,-0.0066324472427368,0.9797090291976928,-0.090598851442337,0.000431478023529,0.9515446424484252,-0.0021468698978424,0.0572445392608642,-0.5037976503372192,0.9724870920181274,-0.1336426138877868,0.0974950790405273,-0.5270997285842896,0.9059590697288512,0.1411224901676178,0.2385720014572143,0.9580821990966796,-0.1220742762088775,0.2353764772415161,0.8758374452590942,0.1824148976891289,0.0676791734539069,-0.0567624631451397,-0.0088619993904889,0.0,0.0,0.0,0,0,1,1.0
crossover_11_05_02_fps30.mp4,1176,0.1157077848911285,-0.1501658958903813,0.1636931076282408,0.0477898120880126,-0.0048403143882751,0.9801777005195618,-0.0903536677360534,-0.0033465027809143,0.9514178037643432,-0.002952218055725,0.0586320757865905,-0.5176344513893127,0.973983347415924,-0.1316693723201751,0.0865988731384277,-0.5235446095466614,0.9100394248962402,0.1411728858947754,0.2393032908439636,0.9614084362983704,-0.1215802729129791,0.2361236810684204,0.8837936520576477,0.1808581968096503,0.0792820432112687,0.0007308128403454,0.0006381334894794,0.0,0.0,0.0,0,0,1,1.0
crossover_11_05_02_fps30.mp4,1177,0.1152579635381698,-0.1561988997762486,0.1270289547559692,0.0455213040113449,-0.0026260316371917,0.9806033968925476,-0.0923601537942886,-0.0101670324802398,0.952464520931244,-0.0031362324953079,0.0592581927776336,-0.5170299410820007,0.9754703640937804,-0.1385374516248703,0.0715990364551544,-0.5129533410072327,0.916345238685608,0.1412301510572433,0.2406299412250518,0.9641713500022888,-0.1212192326784133,0.2376756370067596,0.8907871842384338,0.1673949111958907,0.0581756185496882,-0.0366641528722716,-0.0060330038858672,0.0,0.0,0.0,0,0,1,1.0
crossover_11_05_02_fps30.mp4,1178,0.1153327524662017,-0.1582736498218471,0.1058483231358411,0.0432853102684021,0.0005013942718505,0.9813769459724426,-0.0974374413490295,-0.0135904550552368,0.954494297504425,-0.0061104297637939,0.0627238750457763,-0.5174984335899353,0.9771031737327576,-0.1505408883094787,0.0603119134902954,-0.5152878165245056,0.9228856563568116,0.1415051221847534,0.2427817583084106,0.9670274257659912,-0.1209380030632019,0.2396076917648315,0.897961437702179,0.158156136654599,0.0461883124179062,-0.021180631620128,-0.0020747500455985,0.0,0.0,0.0,0,0,1,1.0
crossover_11_05_02_fps30.mp4,1179,0.116617351770401,-0.1554006076970343,0.0888730760027722,0.0409664362668991,0.0031526386737823,0.9814088940620422,-0.0997665077447891,-0.0207923352718353,0.9541496634483336,-0.0128611475229263,0.0693662464618682,-0.5234549641609192,0.9780082106590272,-0.1527004688978195,0.0400024354457855,-0.5195004343986511,0.9266364574432372,0.1413500159978866,0.2433718740940094,0.9691805839538574,-0.1209334880113601,0.2397868931293487,0.9036682844161988,0.1438680440732548,0.0489451760440722,-0.0169752471330688,0.0028730421248128,0.0,0.0,0.0,0,0,1,1.0
crossover_11_05_02_fps30.mp4,1180,0.117226555943489,-0.1495434831259614,0.0801577506995783,0.0392942875623703,0.004419982433319,0.9806286692619324,-0.0997054129838943,-0.0247572064399719,0.9461401104927064,-0.0133722573518753,0.073984682559967,-0.5286461114883423,0.9780393242836,-0.1481421142816543,0.028874397277832,-0.5156081914901733,0.9179931282997132,0.1405631154775619,0.2432817816734314,0.970207929611206,-0.1214246898889541,0.2399517893791198,0.9060815572738647,0.1363110762156671,0.0513024967503291,-0.0087153253031939,0.0058571245710728,0.0,0.0,0.0,0,0,1,1.0
crossover_11_05_02_fps30.mp4,1181,0.1172751188278198,-0.1500253365201465,0.0802525159789294,0.0382679402828216,0.0050826072692871,0.979116141796112,-0.1001252830028534,-0.0249300599098205,0.9360415935516356,-0.0146680176258087,0.0770707726478576,-0.5349920392036438,0.977387309074402,-0.1479957103729248,0.0277370810508728,-0.5135276913642883,0.9058996438980104,0.1399935185909271,0.2431497573852539,0.9706207513809204,-0.1218887865543365,0.2399559617042541,0.9063541293144226,0.1353947091613563,0.0525546409747078,9.476527935114998e-05,-0.000481853394185,0.0,0.0,0.0,0,0,1,1.0
crossover_11_05_02_fps30.mp4,1182,0.1171774119138717,-0.1394816170809632,0.0795369446277618,0.0392871648073196,0.0048228204250335,0.9772685170173644,-0.0987252444028854,-0.0242596566677093,0.9124069809913636,-0.0123172253370285,0.0827103555202484,-0.5353391766548157,0.9760006666183472,-0.1437602192163467,0.0281634032726287,-0.5145832300186157,0.8730588555335999,0.1398092061281204,0.2428022921085357,0.9689042568206788,-0.1220562309026718,0.2398588359355926,0.901850700378418,0.1272039821086488,0.0515514033523867,-0.0007155713511676,0.0105437194391832,0.0,0.0,0.0,0,0,1,1.0
crossover_11_05_02_fps30.mp4,1183,0.1181759089231491,-0.1231399483599905,0.0875813407141987,0.0380691289901733,0.0034784972667694,0.974217414855957,-0.0871381163597107,-0.0230485498905181,0.8806188106536865,-0.0031154751777648,0.0833826959133148,-0.5265935063362122,0.9721183776855468,-0.1304599642753601,0.0341300070285797,-0.4985568821430206,0.8277990818023682,0.1383022665977478,0.241271823644638,0.9673722982406616,-0.1235737204551696,0.2388846576213836,0.9001886248588562,0.1200978883279585,0.0539502336025772,0.0080443960864369,0.0163416687209727,0.0,0.0,0.0,0,0,1,1.0
crossover_11_05_02_fps30.mp4,1184,0.1293781846761703,-0.0994650468987933,0.1044152989620115,0.0410114526748657,-0.008690595626831,0.9728242754936218,-0.0742842853069305,-0.029783010482788,0.873778760433197,0.0062828660011291,0.0761254429817199,-0.5262073874473572,0.9688320755958556,-0.1002701520919799,0.0545969605445861,-0.4707055985927582,0.8025901913642883,0.1357052326202392,0.2304096221923828,0.9620277285575868,-0.1264275908470153,0.2284513115882873,0.8926019668579102,0.1094666023683718,0.0498248435727119,0.0168339582478127,0.0236749014611971,0.0,0.0,0.0,0,0,1,1.0
crossover_11_05_02_fps30.mp4,1185,0.130704328417778,-0.0607507942086559,0.1529796659946442,0.0475699305534362,-0.0149654448032379,0.9724772572517396,-0.0642209649085998,-0.0258996784687042,0.8797667622566223,0.0219741463661193,0.0807148516178131,-0.4749640524387359,0.9664374589920044,-0.0676316320896148,0.073013037443161,-0.46794393658638,0.7975085973739624,0.1301357746124267,0.2314025461673736,0.9611544013023376,-0.1321944594383239,0.230370432138443,0.8978031277656555,0.1098436124224706,0.0802621181619007,0.0485643670326326,0.0387142526901374,0.0,0.0,0.0,0,0,0,1.0
crossover_11_05_02_fps30.mp4,1186,0.1303890347480774,-0.0619781986131506,0.1536369717702632,0.0487487614154815,-0.0151525437831878,0.9720025658607484,-0.0641568899154663,-0.0234937369823455,0.8837457299232483,0.0231757462024688,0.0837590992450714,-0.4584763944149017,0.9645394086837769,-0.0658535659313201,0.072193294763565,-0.4731574058532715,0.7901923060417175,0.1289885938167572,0.2320640385150909,0.9607454538345336,-0.1334107816219329,0.2313601076602935,0.9026310443878174,0.1101549426322238,0.0815358264582025,0.000657305775619,-0.0012274044044947,0.0,0.0,0.0,0,0,0,1.0
crossover_11_05_02_fps30.mp4,1187,0.131655678153038,-0.0034375867601168,0.2219202455950946,0.0561453104019165,-0.0155065357685089,0.9727769494056702,-0.0579102635383605,-0.0229507982730865,0.8946362137794495,0.037976861000061,0.0925297439098358,-0.4686403572559356,0.9642606377601624,-0.0461597740650177,0.0777359902858734,-0.5031854510307312,0.8083781003952026,0.1267722249031067,0.2326099574565887,0.9592427015304564,-0.1350842416286468,0.2316086590290069,0.9096825122833252,0.1358567569524735,0.1503804667075804,0.0682832738248313,0.0585406118530337,0.0,0.0,0.0,0,0,0,1.0
crossover_11_05_02_fps30.mp4,1188,0.1309526264667511,0.0470752765566615,0.2582542702919099,0.0669685900211334,-0.025047093629837,0.9607450366020204,-0.047785609960556,-0.0153141915798187,0.9047576785087584,0.0625649392604827,0.0831587016582489,-0.4715420007705688,0.9242620468139648,-0.0204316675662994,0.0900685489177703,-0.5216621160507202,0.8262813687324524,0.1248605549335479,0.2338314950466156,0.95060533285141,-0.1368062794208526,0.2324860394001007,0.9124241471290588,0.1757793725265375,0.1812281004120505,0.0363340246968153,0.0505128633167784,0.0,0.0,0.0,1,1,0,1.0
crossover_11_05_02_fps30.mp4,1189,0.1263464838266372,0.0819688576762959,0.2101410814901677,0.0808059573173523,-0.0192581117153167,0.9577131867408752,-0.04244065284729,-0.0001651942729949,0.9139097929000854,0.0900726318359375,0.0879524052143096,-0.4789266288280487,0.9084026217460632,-0.0022248029708862,0.103221982717514,-0.5231164693832397,0.842829167842865,0.1177932024002075,0.2351538836956024,0.9119875431060792,-0.1417709290981292,0.2376187145709991,0.8987045884132385,0.1224571099025161,0.1360891846383442,-0.0481131888017422,0.0348935811196343,0.0,0.0,0.0,0,0,0,1.0
crossover_11_05_02_fps30.mp4,1190,0.1249037981033325,0.1183275574344699,0.1622429115016286,0.0938405394554138,-0.0181314945220947,0.9524180293083192,-0.0332503318786621,0.0080012679100036,0.9222145080566406,0.118306815624237,0.0839888453483581,-0.4698894917964935,0.8925077319145203,0.0139074921607971,0.1055671572685241,-0.5246610641479492,0.8581277132034302,0.1180980801582336,0.236419677734375,0.8942191004753113,-0.1425832509994506,0.238703966140747,0.8985643982887268,0.0782540689021543,0.1188094741577849,-0.0478981699885391,0.036358699758174,0.0,0.0,0.0,0,0,1,1.0
crossover_11_05_02_fps30.mp4,1191,0.1243844777345657,0.1175289808693579,0.1621449316420206,0.0932483077049255,-0.0195779204368591,0.952195405960083,-0.0332107543945312,0.0094596147537231,0.929818332195282,0.1175151467323303,0.0768628716468811,-0.4424701631069183,0.890039324760437,0.0118196606636047,0.1040606498718261,-0.5228836536407471,0.8720999360084534,0.1176930665969848,0.2365280985832214,0.89560866355896,-0.1431559324264526,0.2389279007911682,0.9065791964530944,0.0852820611172004,0.1206161024371199,-9.797985960802168e-05,-0.000798576565112,0.0,0.0,0.0,0,0,1,1.0
crossover_11_05_02_fps30.mp4,1192,0.1228084117174148,0.1478554196276906,0.1277051041765911,0.1039690375328064,-0.0196801424026489,0.9489220976829528,-0.0317462086677551,0.0141907930374145,0.9364385008811952,0.1469435095787048,0.0655373930931091,-0.5049237012863159,0.8750805854797363,0.0193609595298767,0.1015087962150573,-0.556572437286377,0.8841601014137268,0.1174712777137756,0.2386781573295593,0.8906709551811218,-0.144564539194107,0.2403271198272705,0.9125620126724244,0.0621743989218772,0.1311376102673989,-0.0344398274654295,0.0303264387583327,0.0,0.0,0.0,0,0,1,1.0
crossover_11_05_02_fps30.mp4,1193,0.1219628602266311,0.1596355989827947,0.1065438715423026,0.1150738596916198,-0.0272627472877502,0.9498841762542723,-0.0317677855491638,0.0159866213798522,0.9423778653144836,0.1657816171646118,0.0443921685218811,-0.4826530814170837,0.8759927153587341,0.0202858448028564,0.0984920859336853,-0.5393111109733582,0.8952090740203857,0.1178260445594787,0.2390863895416259,0.8890618085861206,-0.1441371738910675,0.2404582500457763,0.919280469417572,0.0624548455112163,0.1395821809598072,-0.0211612326342884,0.0117801793551041,0.0,0.0,0.0,0,0,1,1.0
crossover_11_05_02_fps30.mp4,1194,0.1216629594564437,0.1593965943587028,0.0959903107910621,0.1173208057880401,-0.0328637063503265,0.951715350151062,-0.0333857834339141,0.0157024562358856,0.9477795958518982,0.1680072844028473,0.0379740893840789,-0.4820860922336578,0.8818849325180054,0.0166825950145721,0.0971018970012664,-0.5436909198760986,0.9052507281303406,0.1187652051448822,0.2394973337650299,0.8904945850372314,-0.1433131992816925,0.240534633398056,0.9259915947914124,0.0586517342401775,0.1427183282998341,-0.0105535607512404,-0.0002390046240919,0.0,0.0,0.0,0,0,1,1.0
crossover_11_05_02_fps30.mp4,1195,0.1219411194324493,0.1467200596453779,0.1004794254535581,0.1099883913993835,-0.0328137874603271,0.94761061668396,-0.0367397665977478,0.0138229131698608,0.9527217745780944,0.1517790555953979,0.0367799997329711,-0.4524693489074707,0.8711909055709839,0.0119450688362121,0.0960819721221923,-0.5413972735404968,0.914494812488556,0.1200169324874877,0.2403358817100525,0.8938103914260864,-0.1424531042575836,0.2403302192687988,0.9323012828826904,0.0639000021686611,0.1348467120229939,0.004489114662496,-0.0126765347133248,0.0,0.0,0.0,0,0,1,1.0
crossover_11_05_02_fps30.mp4,1196,0.1218919157981872,0.1471807976900521,0.1004678144687559,0.1095867156982421,-0.0321680307388305,0.946556031703949,-0.0378215312957763,0.0127791166305542,0.95722758769989,0.1511151194572448,0.0373395085334777,-0.4322755336761474,0.8687215447425842,0.0109689235687255,0.0953477621078491,-0.539158284664154,0.9228796362876892,0.1207970976829528,0.2407143115997314,0.899698793888092,-0.1419976949691772,0.2402629852294922,0.9383065700531006,0.0632507857502646,0.1363080686820209,-1.161098480217948e-05,0.0004607380446741,0.0,0.0,0.0,0,0,1,1.0
crossover_11_05_02_fps30.mp4,1197,0.1213079541921615,0.1143493891772576,0.1280101736871207,0.1051156818866729,-0.0295539200305938,0.943403661251068,-0.0391575396060943,0.0127978026866912,0.9614160060882568,0.1398720443248748,0.0435772836208343,-0.3344886004924774,0.8701837062835693,0.0040755569934844,0.0956093370914459,-0.5020895004272461,0.9305479526519777,0.1211042702198028,0.2417465150356292,0.9077773094177246,-0.1417652368545532,0.2411602437496185,0.944158971309662,0.0882061157218126,0.1149353395461752,0.0275423592183647,-0.0328314085127944,0.0,0.0,0.0,0,0,1,1.0
crossover_11_05_02_fps30.mp4,1198,0.1204753518104553,0.0625254080457202,0.1778832575170005,0.087313562631607,-0.0232763290405273,0.9468516707420348,-0.0456439554691314,0.0084810853004455,0.9651505947113036,0.0851221978664398,0.0804508328437805,-0.3502904772758484,0.8795195817947388,-0.010385662317276,0.0966756343841552,-0.5090947151184082,0.9373873472213744,0.122209221124649,0.2447326779365539,0.9149251580238342,-0.1409011781215667,0.2427031397819519,0.9492090940475464,0.1000184597357131,0.1091361637421987,0.0498730838298797,-0.0518239811315374,0.0,0.0,0.0,0,0,0,1.0
crossover_11_05_02_fps30.mp4,1199,0.1234215050935745,0.0052966961416147,0.2335802892359292,0.0679100453853607,-0.0187615752220153,0.9520055055618286,-0.0514732003211975,0.0037943720817565,0.9685274362564088,0.0535890758037567,0.0856919288635253,-0.3564724624156952,0.8914356231689453,-0.0330356657505035,0.1011439561843872,-0.5141310095787048,0.9434906244277954,0.1244047582149505,0.2448248863220214,0.9211225509643556,-0.1399806141853332,0.2407364845275879,0.9534362554550172,0.1555735230271219,0.1378722317233143,0.0556970317189287,-0.0572287119041055,0.0,0.0,0.0,0,0,0,1.0
crossover_11_05_02_fps30.mp4,1200,0.1239059567451477,-0.0526194008730225,0.2626442499277068,0.055674135684967,-0.0025854706764221,0.9564613103866576,-0.056479662656784,-0.0065828561782836,0.9705917239189148,0.0257186293601989,0.1041480898857116,-0.4694976210594177,0.9018640518188475,-0.0603249371051788,0.0882956385612487,-0.4922875463962555,0.9467974305152892,0.1297956705093383,0.2443746924400329,0.9268413782119752,-0.1350899636745453,0.2403561472892761,0.9567601084709167,0.1767989811307714,0.1745188057890533,0.0290639606917776,-0.0579160970146373,0.0,0.0,0.0,1,1,0,1.0
crossover_11_05_02_fps30.mp4,1201,0.1226409524679184,-0.0519382336382138,0.2632157255963581,0.0539762079715728,-0.0005217194557189,0.9605703353881836,-0.058374136686325,-0.0072978734970092,0.97243469953537,0.0265213549137115,0.1052134037017822,-0.4626871347427368,0.9114659428596495,-0.0610445737838745,0.0875096321105957,-0.4582739770412445,0.9491156935691832,0.130445510149002,0.2449410557746887,0.933341383934021,-0.1344049274921417,0.2410073280334472,0.9604841470718384,0.1764104326841657,0.1759419129112672,0.0005714756686512,0.0006811672348087,0.0,0.0,0.0,0,0,0,1.0
crossover_11_05_02_fps30.mp4,1202,0.1251721680164337,-0.0981283672785354,0.1981510806374433,0.0445365309715271,-0.0017918646335601,0.9631125926971436,-0.067438393831253,-0.0115340054035186,0.9618019461631776,0.0081405043601989,0.1066789329051971,-0.4861349463462829,0.9177784323692322,-0.0820316970348358,0.0947825610637664,-0.4781296551227569,0.906099498271942,0.134039044380188,0.240011066198349,0.9382287859916688,-0.130738079547882,0.235691100358963,0.9595236778259276,0.1402149310527224,0.1046143089246783,-0.0650646449589147,-0.0461901336403215,0.0,0.0,0.0,0,0,0,1.0
crossover_11_05_02_fps30.mp4,1203,0.1244655102491378,-0.130255987381531,0.1561488483010269,0.0414246022701263,0.0009528994560241,0.9627854228019714,-0.0799981355667114,-0.0131509900093078,0.9466128945350648,-0.0033116042613983,0.1047573089599609,-0.5158418416976929,0.918820023536682,-0.1151437163352966,0.0926172733306884,-0.4821193516254425,0.8631450533866882,0.1369667947292328,0.2374013066291809,0.9415239691734314,-0.1276086270809173,0.231652021408081,0.950572431087494,0.1369524250299912,0.0653042246289364,-0.0420022323364164,-0.0321276201029955,0.0,0.0,0.0,0,0,1,1.0
crossover_11_05_02_fps30.mp4,1204,0.1194414496421814,-0.1501664014185889,0.1291926850632923,0.0398796200752258,0.0064806640148162,0.9656341671943665,-0.091457575559616,-0.0179286301136016,0.9476822018623352,-0.0096374154090881,0.1049599945545196,-0.5504487752914429,0.9259461164474488,-0.1362840235233307,0.0652324855327606,-0.5207874178886414,0.868276059627533,0.1374948620796203,0.2399728596210479,0.9463359117507936,-0.1266582012176513,0.2350108921527862,0.9511695504188538,0.1426030125844206,0.0654494273467093,-0.0269561632377346,-0.0199104140370579,0.0,0.0,0.0,0,0,1,1.0
crossover_11_05_02_fps30.mp4,1205,0.1183716058731079,-0.1580623250896647,0.1086069855748153,0.0385187268257141,0.012101262807846,0.968139946460724,-0.0992852747440338,-0.0263072550296783,0.9445882439613342,-0.0111576914787292,0.1055536568164825,-0.5218935608863831,0.9324988722801208,-0.1487350761890411,0.0460712015628814,-0.4961085021495819,0.8684106469154358,0.1380263566970825,0.2406699359416961,0.950423300266266,-0.1266253590583801,0.2357308566570282,0.9517179131507874,0.1469363610304463,0.0632275403130741,-0.0205856994884769,-0.0078959236710758,0.0,0.0,0.0,0,0,1,1.0
crossover_11_05_02_fps30.mp4,1206,0.1180590242147445,-0.1571048652721663,0.1088394144686256,0.0385316908359527,0.0128930807113647,0.9702661037445068,-0.0987655818462371,-0.02944016456604,0.9427140951156616,-0.01107057929039,0.106316864490509,-0.5161015391349792,0.9384599924087524,-0.1493878364562988,0.0448907613754272,-0.4833537936210632,0.8718908429145813,0.1386593282222747,0.2408367395401001,0.9539299011230468,-0.1259454488754272,0.2361134886741638,0.9518018364906312,0.1460560712212927,0.0644125978841031,0.0002324288938103,0.0009574598174983,0.0,0.0,0.0,0,0,1,1.0
crossover_11_05_02_fps30.mp4,1207,0.1185815334320068,-0.1526536096960811,0.0994180099266331,0.0384020805358886,0.0134889185428619,0.9726784229278564,-0.0975135266780853,-0.0289515554904937,0.9428390264511108,-0.0084312558174133,0.1075159609317779,-0.5173301100730896,0.944294571876526,-0.1470600962638855,0.0361312329769134,-0.4594897329807281,0.8794406056404114,0.1377049684524536,0.2402393519878387,0.95763099193573,-0.1262977421283722,0.2363568842411041,0.9544730186462402,0.1444495211788028,0.063533483527977,-0.0094214045419924,0.0044512555760852,0.0,0.0,0.0,0,0,1,1.0
crossover_11_05_02_fps30.mp4,1208,0.1191030740737915,-0.1355457683741036,0.1095233388063384,0.0390346646308898,0.0128577351570129,0.9741361737251282,-0.0887826085090637,-0.0270573496818542,0.9308629631996156,-0.0022737979888916,0.1095357537269592,-0.539655864238739,0.9485612511634828,-0.1336284875869751,0.0473732352256774,-0.4684541821479797,0.8651106953620911,0.1368376612663269,0.2404099702835083,0.9600039124488832,-0.1272206604480743,0.2365148663520813,0.9533005356788636,0.1332719709634665,0.0621796698343082,0.0101053288797052,0.0171078413219775,0.0,0.0,0.0,0,0,1,1.0
crossover_11_05_02_fps30.mp4,1209,0.1237049549818039,-0.0969114415726419,0.1413529330637396,0.0422920286655426,0.0085229575634002,0.9732128977775574,-0.084371417760849,-0.0268798172473907,0.929973006248474,0.0056857168674468,0.1076988279819488,-0.5226126909255981,0.9476134181022644,-0.1043668985366821,0.0835799276828765,-0.4737320244312286,0.8586188554763794,0.1363312304019928,0.2375912964344024,0.958946943283081,-0.1276778578758239,0.2337120473384857,0.94646817445755,0.1079758107579512,0.0582520728324742,0.0318295942574011,0.0386343268014616,0.0,0.0,0.0,0,0,1,1.0
crossover_11_05_02_fps30.mp4,1210,0.1229154169559478,-0.0341785979472984,0.201613868591262,0.04561647772789,0.0071150362491607,0.9743301272392272,-0.0678877830505371,-0.0223452746868133,0.9353352189064026,0.0240626037120819,0.1111532747745513,-0.4938078224658966,0.950684130191803,-0.0652979016304016,0.0819346606731414,-0.4763810038566589,0.8691036701202393,0.1351216733455658,0.2412191331386566,0.9601032137870787,-0.1287383139133453,0.2373062074184417,0.9476364254951476,0.107587901756659,0.1236589012955797,0.0602609355275224,0.0627328436253434,0.0,0.0,0.0,0,0,0,1.0
crossover_11_05_02_fps30.mp4,1211,0.1228574812412262,-0.034723447541059,0.2028697445625211,0.0468447208404541,0.0073703229427337,0.975474774837494,-0.0642055869102478,-0.0204738080501556,0.9399041533470154,0.0281528830528259,0.112824946641922,-0.4932925403118133,0.9535576701164246,-0.0613185763359069,0.0806941092014312,-0.474960595369339,0.8778653144836426,0.1345808506011963,0.2425005137920379,0.961899995803833,-0.1292017996311187,0.2385579049587249,0.9493263959884644,0.109824854115601,0.1250367416062196,0.001255875971259,-0.0005448495937605,0.0,0.0,0.0,0,0,0,1.0
crossover_11_05_02_fps30.mp4,1212,0.1267859488725662,0.029989001710536,0.2700322606214662,0.0599656701087951,-0.0083689391613006,0.9771225452423096,-0.0536749958992004,-0.0199115574359893,0.945761740207672,0.0516437292098999,0.099822849035263,-0.4647530913352966,0.9570222496986388,-0.0354324579238891,0.0942288935184478,-0.5222294330596924,0.8895842432975769,0.1315292716026306,0.240174800157547,0.9632400274276732,-0.1318601071834564,0.2361102402210235,0.9529836177825928,0.1715813830681907,0.1875814256941698,0.067162516058945,0.0647124492515951,0.0,0.0,0.0,1,1,0,1.0
crossover_11_05_02_fps30.mp4,1213,0.1262538433074951,0.0687084297002371,0.2252081479968094,0.0716755390167236,-0.0157874524593353,0.9668203592300416,-0.0448299944400787,-0.0080514848232269,0.9508423805236816,0.0718289017677307,0.0862761437892913,-0.4699362516403198,0.9185965061187744,-0.0155879259109497,0.098725289106369,-0.5218604207038879,0.8993294835090637,0.1279510259628296,0.2399754822254181,0.9549590945243835,-0.1361623704433441,0.2370851337909698,0.9521417021751404,0.1389670433557605,0.1519993064537688,-0.0448241126246568,0.038719427989701,0.0,0.0,0.0,0,0,0,1.0
crossover_11_05_02_fps30.mp4,1214,0.1219006925821304,0.1034632688861781,0.1807326263043939,0.0823770761489868,-0.0104595124721527,0.9643954038619996,-0.0420236587524414,0.0043360888957977,0.9552289843559264,0.0971699953079223,0.0986203253269195,-0.5026898384094238,0.9068491458892822,-7.325410842895508e-05,0.1077200472354888,-0.5345710515975952,0.9079412817955016,0.1209588646888732,0.2412541210651397,0.9019836187362672,-0.1420089602470398,0.2409504354000091,0.9238990545272828,0.0823531132632282,0.1266911531880025,-0.0444755216924155,0.034754839185941,0.0,0.0,0.0,0,0,1,1.0
crossover_11_05_02_fps30.mp4,1215,0.1189644634723663,0.1331686594728696,0.1457683672265308,0.0943871438503265,-0.0159663259983062,0.9533942937850952,-0.0363555252552032,0.0130265653133392,0.9594132900238036,0.1280303299427032,0.069822758436203,-0.4907115995883941,0.8690674304962158,0.0128239691257476,0.1096414625644683,-0.5494786500930786,0.9166597723960876,0.1191286146640777,0.2425313293933868,0.8891870379447937,-0.1437722444534301,0.2420231401920318,0.923201322555542,0.0761192349205777,0.125650299383672,-0.034964259077863,0.0297053905866914,0.0,0.0,0.0,0,0,1,1.0
crossover_11_05_02_fps30.mp4,1216,0.1190093457698822,0.1330045539443776,0.1454638373561021,0.093928188085556,-0.0199745297431945,0.9403629899024964,-0.0357399880886077,0.0149279832839965,0.9632505774497986,0.1244687736034393,0.060376226902008,-0.4780242443084717,0.8406762480735779,0.0132667124271392,0.1083210706710815,-0.5613755583763123,0.9246431589126588,0.1197907030582428,0.2422652840614318,0.8884196877479553,-0.1439852118492126,0.2421478629112243,0.9273857474327089,0.0855146829428514,0.1253664062188318,-0.0003045298704287,-0.0001641055284919,0.0,0.0,0.0,0,0,1,1.0
crossover_11_05_02_fps30.mp4,1217,0.1192809790372848,0.154964365090354,0.121442331918856,0.1116177141666412,-0.0214446783065795,0.940493643283844,-0.0338022410869598,0.0164493918418884,0.9664825797080994,0.1623065769672393,0.0591586828231811,-0.5367609262466431,0.8356592655181885,0.0167813599109649,0.1041645407676696,-0.5686101317405701,0.9313842058181764,0.1201715171337127,0.2413474321365356,0.8782927393913269,-0.1445303857326507,0.24119234085083,0.927679479122162,0.0627149186391741,0.1392589853024611,-0.0240215054372461,0.0219598111459764,0.0,0.0,0.0,0,0,1,1.0
crossover_11_05_02_fps30.mp4,1218,0.1202002465724945,0.1639657567113133,0.1050360886062063,0.116373211145401,-0.0292186737060546,0.9441186785697936,-0.0341953337192535,0.0163780450820922,0.9695968627929688,0.1695308983325958,0.0389931797981262,-0.5210307836532593,0.8458325266838074,0.0162360370159149,0.1001652479171752,-0.559309184551239,0.9379382133483888,0.1204037368297576,0.24112069606781,0.884888231754303,-0.1442286372184753,0.2394441366195678,0.9338846802711488,0.0662769688888781,0.1478099968550804,-0.0164062433126496,0.0090013916209592,0.0,0.0,0.0,0,0,1,1.0
crossover_11_05_02_fps30.mp4,1219,0.1210346966981887,0.1592916418940334,0.1000072073645708,0.1139799058437347,-0.03152796626091,0.9469995498657228,-0.0357390344142913,0.017143040895462,0.9724424481391908,0.1638745367527008,0.0358819067478179,-0.4765264391899109,0.8545555472373962,0.0130319893360137,0.0983012616634368,-0.5489313006401062,0.9439762234687804,0.1211234629154205,0.2397098243236541,0.8925482630729675,-0.1433011591434478,0.2387574613094329,0.9399439096450806,0.0642888567675185,0.146269601138199,-0.0050288812416355,-0.0046741148172798,0.0,0.0,0.0,0,0,1,1.0
crossover_11_05_02_fps30.mp4,1220,0.1208737194538116,0.1388489246368408,0.1149572882710433,0.1030760407447815,-0.0304593741893768,0.946786105632782,-0.0393493771553039,0.0149613916873931,0.975078582763672,0.1343315839767456,0.0377359688282012,-0.4071690142154693,0.8586054444313049,0.0062986016273498,0.098661869764328,-0.5291194319725037,0.9495101571083068,0.1216119527816772,0.2396106421947479,0.8998208045959473,-0.1428288221359253,0.2393096387386322,0.9454387426376344,0.0773533356949317,0.1335482264735455,0.0149500809064725,-0.0204427172571926,0.0,0.0,0.0,0,0,1,1.0
crossover_11_05_02_fps30.mp4,1221,0.1207303553819656,0.1391225501642389,0.1153749053071184,0.0999151468276977,-0.030993640422821,0.9435818195343018,-0.040827989578247,0.0137519836425781,0.9774599075317384,0.1272878050804138,0.0358739495277404,-0.4161781072616577,0.8609527349472046,0.0051353573799133,0.098559558391571,-0.5321354866027832,0.95449036359787,0.1218487620353698,0.2399892807006836,0.9060904383659364,-0.1426405012607574,0.239747941493988,0.9503605365753174,0.0803770064199565,0.1350382305945773,0.0004176170360751,0.000273625527398,0.0,0.0,0.0,0,0,1,1.0
crossover_11_05_02_fps30.mp4,1222,0.1214171051979065,0.1014277924925594,0.1495610968368809,0.0892584919929504,-0.0293626487255096,0.9307136535644532,-0.0414498448371887,0.0113792717456817,0.9795023798942566,0.1047555208206176,0.038642793893814,-0.4219941794872284,0.8299477696418762,0.0021134614944458,0.0976782143115997,-0.5251924991607666,0.9588693380355836,0.1233138442039489,0.2414657771587371,0.9128756523132324,-0.1416326165199279,0.2395420372486114,0.9545457363128662,0.1109682103288834,0.1120498542646753,0.0341861915297624,-0.0376947576716795,0.0,0.0,0.0,0,0,1,1.0
crossover_11_05_02_fps30.mp4,1223,0.1212565302848815,0.0349191580788563,0.2135717439942244,0.0767726898193359,-0.0241479575634002,0.9363417029380798,-0.0473234355449676,0.0060934126377105,0.9814208149909972,0.0667724013328552,0.066528171300888,-0.4384715855121612,0.8448383212089539,-0.0181930065155029,0.0988897979259491,-0.5132608413696289,0.9628037214279176,0.1252688765525818,0.2430538237094879,0.9197997450828552,-0.1400328278541565,0.2406451404094696,0.958646595478058,0.1504541171793544,0.1263837441362817,0.0640106471573435,-0.066508634413703,0.0,0.0,0.0,0,0,0,1.0
crossover_11_05_02_fps30.mp4,1224,0.1216739267110824,-0.031478626041089,0.2766842272223495,0.0622176527976989,-0.013414442539215,0.942354142665863,-0.0520223379135131,-0.0016960501670837,0.98289555311203,0.0409598350524902,0.0932109951972961,-0.4547555148601532,0.8599429130554199,-0.0461702644824981,0.0844531655311584,-0.4898661375045776,0.9661332964897156,0.129141628742218,0.244404137134552,0.925464391708374,-0.1361540257930755,0.2419009804725647,0.9614893794059752,0.1972555639654432,0.1927916629914675,0.0631124832281251,-0.0663977841199454,0.0,0.0,0.0,1,1,0,1.0
crossover_11_05_02_fps30.mp4,1225,0.122573509812355,-0.0748397104820962,0.2260705216628749,0.0505290925502777,-0.0014055669307708,0.9475820064544678,-0.0614171922206878,-0.0061114132404327,0.9766863584518432,0.0190213024616241,0.1081136763095855,-0.4637221097946167,0.873187243938446,-0.0669386088848114,0.0840871632099151,-0.49107626080513,0.9484424591064452,0.134504348039627,0.2430020272731781,0.931540846824646,-0.1308509111404419,0.2404124438762664,0.9637420773506165,0.1507438460320057,0.1422030290958398,-0.0506137055594746,-0.0433610844410071,0.0,0.0,0.0,0,0,0,1.0
crossover_11_05_02_fps30.mp4,1226,0.1224878281354904,-0.0747642997967995,0.2261016940198293,0.049436330795288,-0.0032348334789276,0.9522697925567628,-0.0638198256492614,-0.0074890553951263,0.9773454070091248,0.0191617012023925,0.105510264635086,-0.463289201259613,0.8850976824760437,-0.0685892403125763,0.0849607288837432,-0.4803899228572845,0.9483879208564758,0.1346035003662109,0.2432487905025482,0.9375441074371338,-0.1316712796688079,0.2396728694438934,0.9660056233406068,0.1528541347322857,0.141275983094012,3.117235695448972e-05,7.541068529676176e-05,0.0,0.0,0.0,0,0,0,1.0
crossover_11_05_02_fps30.mp4,1227,0.1193432360887527,-0.1154807257450233,0.1797550031324711,0.0415489971637725,0.0058584511280059,0.9532419443130492,-0.079535573720932,-0.0021239817142486,0.9734200835227966,0.0022444427013397,0.1137299835681915,-0.4992436170578003,0.8896405696868896,-0.1066910028457641,0.1125338375568389,-0.4901115894317627,0.9349358677864076,0.137189894914627,0.2426464259624481,0.9394449591636658,-0.1302525401115417,0.2375495731830597,0.9521486163139344,0.1349759922882142,0.0677933944421749,-0.0463466908873582,-0.0407164259482238,0.0,0.0,0.0,0,0,1,1.0
crossover_11_05_02_fps30.mp4,1228,0.1144086718559265,-0.1453085038621546,0.1494957239162631,0.0380542278289794,0.0115883648395538,0.9568747282028198,-0.0950200855731964,-0.0066412389278411,0.970029354095459,-0.0073813199996948,0.1160082519054412,-0.5525370240211487,0.8993693590164185,-0.1378998756408691,0.0928385555744171,-0.5435863137245178,0.9277631640434264,0.1383119821548462,0.2460092008113861,0.9444725513458252,-0.1289266347885131,0.2406268417835235,0.9521089792251588,0.1419342059896217,0.0571395003184093,-0.030259279216208,-0.0298277781171313,0.0,0.0,0.0,0,0,1,1.0
crossover_11_05_02_fps30.mp4,1229,0.1136027127504348,-0.1653124528921256,0.1255838897170089,0.0382838398218154,0.0148404240608215,0.9605136513710022,-0.1089126020669937,-0.0168161392211914,0.9683459997177124,-0.0102460831403732,0.1142420768737793,-0.5244348049163818,0.9088597893714904,-0.1574538499116897,0.0588140487670898,-0.5344002842903137,0.9258612990379332,0.1400462538003921,0.2458200454711914,0.9494943618774414,-0.1274271160364151,0.2402182817459106,0.9552830457687378,0.1554805960451594,0.0672307169475501,-0.0239118341992541,-0.0200039490299709,0.0,0.0,0.0,0,0,1,1.0
crossover_11_05_02_fps30.mp4,1230,0.1127678453922271,-0.1766565281455799,0.1090416547728747,0.0365299880504608,0.0197097659111022,0.963965892791748,-0.1139867007732391,-0.0210270285606384,0.968150556087494,-0.0098854005336761,0.1156969666481018,-0.5298417806625366,0.917698860168457,-0.1714465916156768,0.0469845533370971,-0.5110622048377991,0.9292126297950744,0.140031486749649,0.2456604242324829,0.9539171457290648,-0.1265266835689544,0.2402703762054443,0.957616686820984,0.1669038710788412,0.0622754147096268,-0.0165422349441342,-0.0113440752534543,0.0,0.0,0.0,0,0,1,1.0
crossover_11_05_02_fps30.mp4,1231,0.1106051355600357,-0.1761941898677309,0.1100499385740698,0.0374560058116912,0.0211886167526245,0.9663333892822266,-0.1135945916175842,-0.022036850452423,0.9605607986450196,-0.0088563859462738,0.1171807646751403,-0.5412525534629822,0.924914002418518,-0.1713782846927642,0.0477622747421264,-0.5280378460884094,0.9144086837768556,0.1404538452625274,0.2466880083084106,0.9569843411445618,-0.1261466741561889,0.2413564324378967,0.955207586288452,0.1674896692400451,0.0624735624748217,0.0010082838011951,0.000462338277849,0.0,0.0,0.0,0,0,1,1.0
