Video_ID,Frame_ID,Norm_Torso_Height,Rel_Ball_X,Rel_Ball_Y,Rel_LeftElbow_X,Rel_LeftElbow_Y,LeftElbow_Vis,Rel_RightElbow_X,Rel_RightElbow_Y,RightElbow_Vis,Rel_LeftWrist_X,Rel_LeftWrist_Y,Rel_LeftWrist_Z,LeftWrist_Vis,Rel_RightWrist_X,Rel_RightWrist_Y,Rel_RightWrist_Z,RightWrist_Vis,Rel_LeftAnkle_X,Rel_LeftAnkle_Y,LeftAnkle_Vis,Rel_RightAnkle_X,Rel_RightAnkle_Y,RightAnkle_Vis,Dist_Ball_L_Wrist,Dist_Ball_R_Wrist,Delta_Ball_Y,Delta_Ball_X,Left_Wrist_Behind,Right_Wrist_Behind,Hands_Behind_Back_Count,Dribble,Crossover,Hand_Touch,Ball_Detected
crossover_11_05_01_fps30.mp4,0,0.20429176092147827,0.12455265390670911,-0.05525892507739183,0.07334008812904358,-0.09797358512878418,0.9188178777694702,-0.07916036248207092,-0.09332451224327087,0.9931948184967041,0.10818085074424744,-0.03563809394836426,-0.34460151195526123,0.8587544560432434,-0.06738099455833435,-0.005597829818725586,-0.3011733293533325,0.9952232241630554,0.1284736692905426,0.2620030641555786,0.9880768060684204,-0.14024728536605835,0.2560625672340393,0.9938802719116211,0.025554118121825443,0.19825425542820815,0.0,0.0,0.0,0.0,0.0,0,0,0,1.0
crossover_11_05_01_fps30.mp4,1,0.20434145629405975,0.12448205695313919,-0.055154996238103715,0.07284250855445862,-0.09871244430541992,0.9224650859832764,-0.07915449142456055,-0.09286323189735413,0.9934309124946594,0.1078731119632721,-0.03677123785018921,-0.3387923836708069,0.8678826689720154,-0.06745415925979614,-0.0038286149501800537,-0.2790532112121582,0.9954228401184082,0.1290927231311798,0.2630128562450409,0.9882572889328003,-0.1403363049030304,0.25636324286460876,0.993829071521759,0.02477538347113215,0.19868041803421893,0.00010392883928811436,-7.059695356992357e-05,0.0,0.0,0.0,0,0,0,1.0
crossover_11_05_01_fps30.mp4,2,0.20389530062675476,0.11843748244188601,-0.04514405087726875,0.0726756751537323,-0.09845501184463501,0.9250749349594116,-0.07939803600311279,-0.09264960885047913,0.9935512542724609,0.10681125521659851,-0.03529316186904907,-0.3459416627883911,0.8745694756507874,-0.06541997194290161,-0.007025599479675293,-0.30286893248558044,0.9955453872680664,0.1293867528438568,0.26395708322525024,0.9883655309677124,-0.1405060887336731,0.2566608190536499,0.9937455058097839,0.015238411129323146,0.18776735570861341,0.010010945360834966,-0.006044574511253176,0.0,0.0,0.0,0,0,0,1.0
crossover_11_05_01_fps30.mp4,3,0.20357057452201843,0.11831125808974441,-0.045046598882209965,0.07255887985229492,-0.09828883409500122,0.9270402789115906,-0.07962653040885925,-0.09251266717910767,0.9936714768409729,0.10617423057556152,-0.034428417682647705,-0.3485781252384186,0.8799652457237244,-0.0645209550857544,-0.008218318223953247,-0.30783820152282715,0.9956662654876709,0.12957793474197388,0.26465287804603577,0.9885066151618958,-0.14062070846557617,0.25685104727745056,0.993709146976471,0.016126165349107945,0.18650453193124922,9.745199505878377e-05,-0.00012622435214160177,0.0,0.0,0.0,0,0,0,1.0
crossover_11_05_01_fps30.mp4,4,0.20208455622196198,0.11123429233744997,-0.03283223829618315,0.07333201169967651,-0.09719711542129517,0.9289433360099792,-0.07972386479377747,-0.09256339073181152,0.9938231706619263,0.1057470440864563,-0.031738221645355225,-0.3940122127532959,0.8838749527931213,-0.060282349586486816,-0.012134939432144165,-0.3554588854312897,0.9958298802375793,0.12996125221252441,0.26506325602531433,0.9884784817695618,-0.140340656042099,0.2567780315876007,0.9934970140457153,0.0055952449276436365,0.17276092335111926,0.012214360586026818,-0.00707696575229444,0.0,0.0,0.0,0,0,0,1.0
crossover_11_05_01_fps30.mp4,5,0.20109814405441284,0.11141274520906352,-0.032838413918890585,0.07411795854568481,-0.09611475467681885,0.9301896095275879,-0.0797126293182373,-0.09257575869560242,0.9939547181129456,0.1055976152420044,-0.030395865440368652,-0.40001213550567627,0.886292040348053,-0.05879908800125122,-0.013895243406295776,-0.35946565866470337,0.995963454246521,0.13031268119812012,0.2655893862247467,0.9883463382720947,-0.14010831713676453,0.25678738951683044,0.9932489991188049,0.006307279889438784,0.17126269843105138,-6.175622707438322e-06,0.00017845287161355472,0.0,0.0,0.0,0,0,0,1.0
crossover_11_05_01_fps30.mp4,6,0.20063690841197968,0.11158552220312212,-0.03291138730398041,0.07465061545372009,-0.09529787302017212,0.9314064383506775,-0.07959669828414917,-0.09266409277915955,0.9941428303718567,0.1053343117237091,-0.029467076063156128,-0.3937591016292572,0.8880847692489624,-0.058094292879104614,-0.014724016189575195,-0.3553740382194519,0.9961147904396057,0.13052812218666077,0.2656314969062805,0.9881944060325623,-0.14002561569213867,0.2576923370361328,0.9931196570396423,0.007137290268833938,0.17065175098542576,-7.29733850898251e-05,0.0001727769940585988,0.0,0.0,0.0,0,0,0,1.0
crossover_11_05_01_fps30.mp4,7,0.19920039176940918,0.10098305475913871,-0.019243037991407475,0.07601875066757202,-0.09431144595146179,0.9328113794326782,-0.07926303148269653,-0.09234213829040527,0.9943668246269226,0.10224318504333496,-0.027815401554107666,-0.45297950506210327,0.8882767558097839,-0.053251445293426514,-0.015793681144714355,-0.39814653992652893,0.9962287545204163,0.13086330890655518,0.26591914892196655,0.988231360912323,-0.13922858238220215,0.25780200958251953,0.9930892586708069,0.008664487600790853,0.1542730665706771,0.013668349312572936,-0.01060246744398341,0.0,0.0,0.0,0,0,0,1.0
crossover_11_05_01_fps30.mp4,8,0.19809146225452423,0.1011636430934324,-0.01901843576896478,0.07692515850067139,-0.09326547384262085,0.9337637424468994,-0.07906743884086609,-0.09203848242759705,0.9945800304412842,0.10053294897079468,-0.0273343026638031,-0.4524950385093689,0.8872107267379761,-0.05174627900123596,-0.016489624977111816,-0.3889541029930115,0.9963148832321167,0.1310397982597351,0.26653021574020386,0.9885817766189575,-0.13867324590682983,0.25801753997802734,0.9932579398155212,0.008339749234179508,0.15293083128989568,0.00022460222244269357,0.00018058833429368537,0.0,0.0,0.0,0,0,0,1.0
crossover_11_05_01_fps30.mp4,9,0.196697399020195,0.08972253243801953,-0.004104645513906657,0.07780525088310242,-0.0934077799320221,0.9332658648490906,-0.07779532670974731,-0.0926986038684845,0.9945162534713745,0.09297576546669006,-0.014343291521072388,-0.42590034008026123,0.8797440528869629,-0.04638746380805969,-0.01767626404762268,-0.392871230840683,0.9961130619049072,0.13176193833351135,0.26522520184516907,0.9882727265357971,-0.1376352310180664,0.256778746843338,0.9930974841117859,0.010743062747600592,0.13678494035431094,0.014913790255058124,-0.011441110655412867,0.0,0.0,0.0,0,0,0,1.0
crossover_11_05_01_fps30.mp4,10,0.1962238997220993,0.09041509608090936,-0.004604909187409967,0.07847821712493896,-0.09397262334823608,0.9334807395935059,-0.07684418559074402,-0.09266683459281921,0.9945416450500488,0.09335821866989136,-0.01483309268951416,-0.43577879667282104,0.876060426235199,-0.04428085684776306,-0.018143892288208008,-0.4110826849937439,0.9961109757423401,0.13244760036468506,0.26471924781799316,0.9881911277770996,-0.13684040307998657,0.2564504146575928,0.9930808544158936,0.01064320009801998,0.13537467931177835,-0.0005002636735033095,0.0006925636428898319,0.0,0.0,0.0,0,0,0,1.0
crossover_11_05_01_fps30.mp4,11,0.19626784324645996,0.09067525520163067,-0.004955457623411985,0.07878255844116211,-0.09475347399711609,0.9365333914756775,-0.07652729749679565,-0.09261560440063477,0.9945564866065979,0.09347474575042725,-0.017038017511367798,-0.437171071767807,0.8815338015556335,-0.0436955988407135,-0.01847746968269348,-0.3943747282028198,0.9960565567016602,0.132587730884552,0.264072984457016,0.9877228736877441,-0.13666236400604248,0.2562541663646698,0.9930105805397034,0.01240263684781749,0.1350495139798745,-0.00035054843600201835,0.00026015912072130387,0.0,0.0,0.0,0,0,0,1.0
crossover_11_05_01_fps30.mp4,12,0.1933469921350479,0.0766670811984499,0.013881607898851733,0.07963356375694275,-0.09230199456214905,0.9371002912521362,-0.07443609833717346,-0.09065133333206177,0.9946228265762329,0.09080281853675842,-0.012736469507217407,-0.39175835251808167,0.8796014189720154,-0.037784427404403687,-0.014838486909866333,-0.353963702917099,0.995802104473114,0.13338962197303772,0.2636120021343231,0.9871930480003357,-0.13603734970092773,0.2562311589717865,0.9926931858062744,0.030138697962804207,0.11799996469190498,0.01883706552226372,-0.014008174003180773,0.0,0.0,0.0,0,0,0,1.0
crossover_11_05_01_fps30.mp4,13,0.19226305186748505,0.07724967164508367,0.013131255638308637,0.08020633459091187,-0.09163600206375122,0.9382616281509399,-0.07304656505584717,-0.09005093574523926,0.9946502447128296,0.09052598476409912,-0.01301276683807373,-0.381699800491333,0.8799558877944946,-0.03591048717498779,-0.0135001540184021,-0.32977309823036194,0.9955812692642212,0.13393163681030273,0.2623048424720764,0.9857460856437683,-0.13545995950698853,0.25553977489471436,0.9922865629196167,0.02932184171022905,0.11625168181358643,-0.0007503522605430968,0.0005825904466337795,0.0,0.0,0.0,0,0,0,1.0
crossover_11_05_01_fps30.mp4,14,0.18708482384681702,0.05915576431710845,0.03902925267452151,0.08020099997520447,-0.08585956692695618,0.9428077340126038,-0.06683963537216187,-0.08206704258918762,0.9947763681411743,0.08900758624076843,0.0004922449588775635,-0.2850988209247589,0.8897138833999634,-0.02499637007713318,0.0015430748462677002,-0.3384375274181366,0.9956022500991821,0.1341024935245514,0.26346299052238464,0.985238254070282,-0.1353221833705902,0.2560645639896393,0.9922481775283813,0.04874661255756658,0.09212380393404287,0.025897997036212872,-0.018093907327975223,0.0,0.0,0.0,0,0,1,1.0
crossover_11_05_01_fps30.mp4,15,0.18479381501674652,0.059236981606079375,0.03937019545857501,0.0801982581615448,-0.0833975076675415,0.9469404220581055,-0.06479939818382263,-0.07891422510147095,0.9949471950531006,0.08879587054252625,0.0048871636390686035,-0.2766232192516327,0.8982776999473572,-0.02319738268852234,0.005446255207061768,-0.34390324354171753,0.9957329034805298,0.13419786095619202,0.2642262578010559,0.9850769639015198,-0.13531959056854248,0.25642579793930054,0.9921994805335999,0.045418139532815434,0.08914178671556537,0.00034094278405349954,8.121728897092506e-05,0.0,0.0,0.0,0,0,1,1.0
crossover_11_05_01_fps30.mp4,16,0.18329870700836182,0.059308012663307874,0.03950585679310126,0.08027338981628418,-0.08212876319885254,0.9505544304847717,-0.06427234411239624,-0.07790535688400269,0.9951783418655396,0.08864754438400269,0.00608980655670166,-0.27491363883018494,0.9062591195106506,-0.022970497608184814,0.006262660026550293,-0.34596994519233704,0.9959266781806946,0.13421332836151123,0.2645089626312256,0.9852622747421265,-0.13558140397071838,0.2572677731513977,0.9923865795135498,0.044468421773110396,0.08874042699782186,0.00013566133452624918,7.10310572284989e-05,0.0,0.0,0.0,0,0,1,1.0
crossover_11_05_01_fps30.mp4,17,0.17771683633327484,0.04803857399245437,0.06027323458252887,0.07882845401763916,-0.07496300339698792,0.9528060555458069,-0.05992516875267029,-0.0638778805732727,0.9953837990760803,0.07829636335372925,0.014214009046554565,-0.3027026057243347,0.9097703099250793,-0.010529041290283203,0.015819042921066284,-0.3814280033111572,0.9958909153938293,0.13404470682144165,0.26457735896110535,0.9856259226799011,-0.13615214824676514,0.2576983869075775,0.9926644563674927,0.05510885658408298,0.07352782273521231,0.02076737778942761,-0.011269438670853504,0.0,0.0,0.0,0,0,1,1.0
crossover_11_05_01_fps30.mp4,18,0.1759006381034851,0.04795011362787016,0.06032874962178669,0.07823169231414795,-0.07266375422477722,0.955436646938324,-0.058605074882507324,-0.06126198172569275,0.9955739378929138,0.07597118616104126,0.01616615056991577,-0.3084332346916199,0.9145094156265259,-0.00834047794342041,0.01798766851425171,-0.3973422348499298,0.9958068132400513,0.13398784399032593,0.2646351456642151,0.985853910446167,-0.13642394542694092,0.258544385433197,0.9929564595222473,0.05230215732573128,0.07043719080713473,5.5515039257825194e-05,-8.846036458420858e-05,0.0,0.0,0.0,0,0,1,1.0
crossover_11_05_01_fps30.mp4,19,0.17094793915748596,0.045827338048967214,0.08325437074754294,0.07681113481521606,-0.06205025315284729,0.9579716920852661,-0.05185967683792114,-0.049113303422927856,0.9958460927009583,0.07000410556793213,0.028461039066314697,-0.36371371150016785,0.9182740449905396,0.00045490264892578125,0.030833721160888672,-0.4842941462993622,0.995908260345459,0.13396716117858887,0.26475274562835693,0.9860920906066895,-0.136746346950531,0.2594534754753113,0.9932988882064819,0.0598901100716568,0.06932952038791072,0.022925621125756246,-0.0021227755789029468,0.0,0.0,0.0,0,0,1,1.0
crossover_11_05_01_fps30.mp4,20,0.16981878876686096,0.04582761576620198,0.0828926000653244,0.07604488730430603,-0.06087779998779297,0.9592165946960449,-0.05029422044754028,-0.0463961660861969,0.996082067489624,0.06921806931495667,0.0295427143573761,-0.3791177570819855,0.9185178279876709,0.0027267634868621826,0.03323909640312195,-0.5027790069580078,0.9959862232208252,0.133970707654953,0.2643530070781708,0.9862838983535767,-0.13697510957717896,0.2593117654323578,0.9935370087623596,0.05825224134973346,0.06575069500117715,-0.0003617706822185429,2.777172347645518e-07,0.0,0.0,0.0,0,0,1,1.0
crossover_11_05_01_fps30.mp4,21,0.16985122859477997,0.04585332688638721,0.08256702641161473,0.07547307014465332,-0.06152689456939697,0.9611429572105408,-0.05004304647445679,-0.045956820249557495,0.9963166117668152,0.06959575414657593,0.028219550848007202,-0.3707830011844635,0.9219467043876648,0.0034579038619995117,0.033468097448349,-0.5025171637535095,0.9960771203041077,0.13413792848587036,0.2641238272190094,0.9861826300621033,-0.13708651065826416,0.25901010632514954,0.9936403036117554,0.05930725885034875,0.06486969029336118,-0.0003255736537096654,2.571112018523447e-05,0.0,0.0,0.0,0,0,1,1.0
crossover_11_05_01_fps30.mp4,22,0.16598765552043915,0.057185489444409376,0.08202090903026305,0.07245713472366333,-0.05811870098114014,0.9627220630645752,-0.048639535903930664,-0.04091751575469971,0.9964614510536194,0.0714501142501831,0.03134167194366455,-0.41350021958351135,0.9235571622848511,0.010473072528839111,0.03774392604827881,-0.5518348813056946,0.995757520198822,0.13416701555252075,0.2632819414138794,0.9862769246101379,-0.1372508704662323,0.2582011818885803,0.9938402771949768,0.052648500382528995,0.06436226469043003,-0.0005461173813516851,0.011332162558022163,0.0,0.0,0.0,0,0,1,1.0
crossover_11_05_01_fps30.mp4,23,0.1651361733675003,0.05733897170778046,0.08195172882661583,0.07148727774620056,-0.05993345379829407,0.9629615545272827,-0.04781809449195862,-0.03932783007621765,0.9965537786483765,0.07193341851234436,0.030141085386276245,-0.4060478210449219,0.9204947352409363,0.012098044157028198,0.0386681854724884,-0.5429218411445618,0.9952372908592224,0.13427945971488953,0.26267364621162415,0.9862105250358582,-0.13740208745002747,0.25815197825431824,0.9940126538276672,0.05382695097470457,0.06261155365378697,-6.918020364721222e-05,0.00015348226337108528,0.0,0.0,0.0,0,0,1,1.0
crossover_11_05_01_fps30.mp4,24,0.1600298285484314,0.07248274310160496,0.06620593085521609,0.07201486825942993,-0.05889198184013367,0.9606170058250427,-0.048246145248413086,-0.03709208965301514,0.9960159063339233,0.07508265972137451,0.028779536485671997,-0.4938676655292511,0.9164026379585266,0.014061152935028076,0.036199361085891724,-0.5419065952301025,0.9931583404541016,0.13450562953948975,0.26255765557289124,0.9845414757728577,-0.13735279440879822,0.25816240906715393,0.993186354637146,0.03751659048920085,0.06567706164950442,-0.015745797971399744,0.015143771393824501,0.0,0.0,0.0,0,0,1,1.0
crossover_11_05_01_fps30.mp4,25,0.15826597809791565,0.07249080690286924,0.06591786902125285,0.07229691743850708,-0.0588032603263855,0.9611290693283081,-0.04845455288887024,-0.03650176525115967,0.9955477714538574,0.07719379663467407,0.02596104145050049,-0.5268363952636719,0.9197692275047302,0.014276325702667236,0.03481930494308472,-0.5475932955741882,0.9908929467201233,0.13441866636276245,0.2619081735610962,0.9832358360290527,-0.13735607266426086,0.25743377208709717,0.9924328923225403,0.04023265069488086,0.06600035234097316,-0.0002880618339632379,8.063801264279746e-06,0.0,0.0,0.0,0,0,1,1.0
crossover_11_05_01_fps30.mp4,26,0.15745854377746582,0.07248126268386845,0.06586521602258455,0.0724673867225647,-0.0586983859539032,0.9581742882728577,-0.04849889874458313,-0.03627181053161621,0.995201826095581,0.07848173379898071,0.024715900421142578,-0.5009470582008362,0.9127525687217712,0.01399308443069458,0.034186601638793945,-0.5446457862854004,0.9891282916069031,0.13441747426986694,0.26151174306869507,0.982126772403717,-0.13735544681549072,0.25714051723480225,0.9918251633644104,0.04158451428200614,0.06651617551131414,-5.265299866830109e-05,-9.544219000789944e-06,0.0,0.0,0.0,0,0,1,1.0
crossover_11_05_01_fps30.mp4,27,0.15337985754013062,0.08329905645321989,0.04496469890199062,0.0738804042339325,-0.05905801057815552,0.9548642635345459,-0.04850223660469055,-0.03149843215942383,0.9952091574668884,0.08818313479423523,0.012597888708114624,-0.51717209815979,0.9110121726989746,0.015312999486923218,0.03338828682899475,-0.5479534268379211,0.9896631240844727,0.13456866145133972,0.2619079649448395,0.9826588034629822,-0.137236088514328,0.25749143958091736,0.9919940233230591,0.032733234233231066,0.06896460873744112,-0.02090051712059393,0.010817793769351436,0.0,0.0,0.0,0,0,1,1.0
crossover_11_05_01_fps30.mp4,28,0.15242372453212738,0.08351933824813973,0.044388698223160494,0.07516738772392273,-0.06018403172492981,0.951084554195404,-0.04825308918952942,-0.03142690658569336,0.9952324628829956,0.09206017851829529,0.007898479700088501,-0.4911637008190155,0.9078387022018433,0.015858978033065796,0.03209081292152405,-0.5537506341934204,0.9900797009468079,0.134792298078537,0.2617854177951813,0.9835678339004517,-0.1370237171649933,0.25707224011421204,0.9923444390296936,0.037476419257739355,0.06876890523576601,-0.0005760006788301242,0.000220281794919841,0.0,0.0,0.0,0,0,1,1.0
crossover_11_05_01_fps30.mp4,29,0.14792481064796448,0.09669048574011208,0.02842895621206698,0.07794567942619324,-0.05957692861557007,0.9486740827560425,-0.04833194613456726,-0.02646675705909729,0.9953302145004272,0.09769198298454285,-0.01573958992958069,-0.6363605856895447,0.9073261022567749,0.016068845987319946,0.0316108763217926,-0.6018772125244141,0.9905004501342773,0.13486751914024353,0.2618868052959442,0.9844598770141602,-0.13651937246322632,0.25741103291511536,0.9927108883857727,0.04417989887943907,0.0806844062506112,-0.015959742011093514,0.013171147491972346,0.0,0.0,0.0,0,0,1,1.0
crossover_11_05_01_fps30.mp4,30,0.146945521235466,0.09649669032985886,0.02830986264275337,0.0786251425743103,-0.05989226698875427,0.9456842541694641,-0.0485893189907074,-0.023809045553207397,0.9953139424324036,0.0989084243774414,-0.019635528326034546,-0.6264375448226929,0.9054203629493713,0.01570427417755127,0.03116622567176819,-0.5684612989425659,0.9907661080360413,0.13474363088607788,0.2618069350719452,0.9848644733428955,-0.13660582900047302,0.2573338449001312,0.9929404258728027,0.04800600979321442,0.08084289280747674,-0.00011909356931361081,-0.0001937954102532169,0.0,0.0,0.0,0,0,1,1.0
crossover_11_05_01_fps30.mp4,31,0.1463613659143448,0.09650770668256081,0.028331072446776573,0.07883495092391968,-0.06002175807952881,0.9440329670906067,-0.048604875802993774,-0.02374744415283203,0.9953524470329285,0.09881776571273804,-0.020509660243988037,-0.621263325214386,0.9059894680976868,0.015665769577026367,0.03101801872253418,-0.5643662214279175,0.9911811947822571,0.13475275039672852,0.26179784536361694,0.985634982585907,-0.1365589201450348,0.2575302720069885,0.9933446049690247,0.048895332522579556,0.08088657784369416,2.1209804023203382e-05,1.1016352701953558e-05,0.0,0.0,0.0,0,0,1,1.0
crossover_11_05_01_fps30.mp4,32,0.13947981595993042,0.10550440953949747,0.01871113370104538,0.0795663595199585,-0.057608217000961304,0.9295938611030579,-0.04967561364173889,-0.020048141479492188,0.9951406121253967,0.09764164686203003,-0.02233278751373291,-0.6776385307312012,0.8799607753753662,0.01450192928314209,0.031781792640686035,-0.6049321293830872,0.9907382726669312,0.13358324766159058,0.262631893157959,0.9859881401062012,-0.1373637616634369,0.2585400938987732,0.9936305284500122,0.041790268072927,0.09193635590953536,-0.009619938745731194,0.008996702856936656,0.0,0.0,0.0,0,0,1,1.0
crossover_11_05_01_fps30.mp4,33,0.13778147101402283,0.10472561767545796,0.019140200207873104,0.07900941371917725,-0.05771628022193909,0.9198453426361084,-0.05044436454772949,-0.018113136291503906,0.9950478672981262,0.09670722484588623,-0.024900078773498535,-0.6718196272850037,0.8607680201530457,0.013523519039154053,0.03209197521209717,-0.6107273101806641,0.9905959963798523,0.13291484117507935,0.26352566480636597,0.9861673712730408,-0.13811132311820984,0.2596592903137207,0.9938724040985107,0.04476428036198473,0.09211716056971225,0.0004290665068277244,-0.0007787918640395075,0.0,0.0,0.0,0,0,1,1.0
crossover_11_05_01_fps30.mp4,34,0.13171863555908203,0.11269786691261552,0.018357180240677673,0.07930746674537659,-0.05146506428718567,0.9050168991088867,-0.05130571126937866,-0.014576226472854614,0.994983434677124,0.10014405846595764,-0.02327302098274231,-0.6894797086715698,0.8390957117080688,0.012625306844711304,0.03352734446525574,-0.6311305165290833,0.9907242059707642,0.13234588503837585,0.2643831670284271,0.9860805869102478,-0.13878899812698364,0.2597734034061432,0.9939521551132202,0.04348185553098921,0.10121586417723738,-0.0007830199671954308,0.007972249237157558,0.0,0.0,0.0,0,0,1,1.0
crossover_11_05_01_fps30.mp4,35,0.1295294314622879,0.11235519405138694,0.018629898385303822,0.07905745506286621,-0.04884934425354004,0.8954260349273682,-0.051665812730789185,-0.013243675231933594,0.9951183199882507,0.10067737102508545,-0.020985126495361328,-0.6797926425933838,0.8220289349555969,0.01213008165359497,0.034474074840545654,-0.6225741505622864,0.9911430478096008,0.13189548254013062,0.26462429761886597,0.9861449599266052,-0.1391439437866211,0.2600366473197937,0.9942445158958435,0.04130038434360311,0.10146975452170402,0.0002727181446261495,-0.00034267286122857676,0.0,0.0,0.0,0,0,1,1.0
crossover_11_05_01_fps30.mp4,36,0.12832102179527283,0.1122365468639438,0.01901810837955009,0.07873821258544922,-0.048824816942214966,0.8804082870483398,-0.05180841684341431,-0.01173931360244751,0.9951463341712952,0.10082858800888062,-0.021414339542388916,-0.6767491102218628,0.7994301915168762,0.01185309886932373,0.03530639410018921,-0.609993040561676,0.9913959503173828,0.13167893886566162,0.2646428346633911,0.986147940158844,-0.13925501704216003,0.2603127956390381,0.9945074915885925,0.04201100296587936,0.10169633662529722,0.0003882099942462691,-0.00011864718744314384,0.0,0.0,0.0,0,0,1,1.0
crossover_11_05_01_fps30.mp4,37,0.12247943878173828,0.12038288843833789,0.026338491497970185,0.07959252595901489,-0.03762274980545044,0.8658313751220703,-0.05194088816642761,-0.00884777307510376,0.9952335953712463,0.10078519582748413,-0.00886845588684082,-0.6631079912185669,0.7713708877563477,0.011237561702728271,0.041010916233062744,-0.6004282832145691,0.9917774200439453,0.1313745379447937,0.26370692253112793,0.9864096641540527,-0.1394093632698059,0.26012110710144043,0.9948307871818542,0.04029390400329015,0.11012711925692933,0.007320383118420093,0.00814634157439409,0.0,0.0,0.0,0,0,1,1.0
crossover_11_05_01_fps30.mp4,38,0.12092871963977814,0.12030648750773931,0.025737902740152863,0.07997670769691467,-0.035496413707733154,0.8551520705223083,-0.052033454179763794,-0.00802651047706604,0.9952941536903381,0.10204055905342102,-0.0060859620571136475,-0.675714373588562,0.7530159950256348,0.010798364877700806,0.04233941435813904,-0.5972714424133301,0.9921266436576843,0.1313125193119049,0.2629639804363251,0.9867296814918518,-0.13949832320213318,0.25957629084587097,0.995108962059021,0.03669335788576692,0.11075937481747394,-0.0006005887578173219,-7.640093059857467e-05,0.0,0.0,0.0,0,0,1,1.0
crossover_11_05_01_fps30.mp4,39,0.11591486632823944,0.12770277645628336,0.04522550047897711,0.08227145671844482,-0.021121740341186523,0.8404050469398499,-0.052016377449035645,-0.00482487678527832,0.9953511953353882,0.10413873195648193,0.026969969272613525,-0.6137127876281738,0.716776967048645,0.009064197540283203,0.04918092489242554,-0.6113548278808594,0.9925238490104675,0.13135528564453125,0.262101948261261,0.9863983988761902,-0.13951990008354187,0.2591261863708496,0.9952527284622192,0.029808197074213272,0.11870449776440023,0.019487597738824247,0.00739628894854405,0.0,0.0,0.0,0,0,1,1.0
crossover_11_05_01_fps30.mp4,40,0.11485949158668518,0.12771660786564065,0.04514370066363638,0.08365485072135925,-0.018050700426101685,0.8198039531707764,-0.05200865864753723,-0.003398507833480835,0.995266318321228,0.10642245411872864,0.033668845891952515,-0.6137225031852722,0.6752699613571167,0.007942408323287964,0.051446348428726196,-0.611632764339447,0.992774248123169,0.13136395812034607,0.26198235154151917,0.9856517910957336,-0.1395045816898346,0.259233683347702,0.9952202439308167,0.024189114821100068,0.11993991097571363,-8.179981534073288e-05,1.3831409357289992e-05,0.0,0.0,0.0,0,0,1,1.0
crossover_11_05_01_fps30.mp4,41,0.11490568518638611,0.1277128966177924,0.04501230600403572,0.08449211716651917,-0.016740620136260986,0.8004867434501648,-0.05203971266746521,-0.0032402873039245605,0.9950758218765259,0.10749748349189758,0.03468245267868042,-0.6168355941772461,0.6442946791648865,0.007192522287368774,0.05227923393249512,-0.6069834232330322,0.9929375052452087,0.13132116198539734,0.2618113160133362,0.984352171421051,-0.13949960470199585,0.25923842191696167,0.9951027035713196,0.022701735563034692,0.12073925985470864,-0.00013139465960065877,-3.7112478482592692e-06,0.0,0.0,0.0,0,0,1,1.0
crossover_11_05_01_fps30.mp4,42,0.1138133704662323,0.13438674443859167,0.07907788084774481,0.084340900182724,-0.01747220754623413,0.8129432201385498,-0.051996976137161255,-0.0037286877632141113,0.9952693581581116,0.10646077990531921,0.05283015966415405,-0.4926536977291107,0.6729234457015991,0.00680127739906311,0.059071362018585205,-0.5592989325523376,0.9934484958648682,0.13209030032157898,0.25838738679885864,0.9838862419128418,-0.13941246271133423,0.2557307481765747,0.9951096177101135,0.03832495743565947,0.12914453993629055,0.03406557484370909,0.006673847820799272,0.0,0.0,0.0,0,0,1,1.0
crossover_11_05_01_fps30.mp4,43,0.1145947277545929,0.13441461334794258,0.07739260472902443,0.08413675427436829,-0.018135517835617065,0.8209396600723267,-0.0519864559173584,-0.004537850618362427,0.9953800439834595,0.10583505034446716,0.05168190598487854,-0.5142130851745605,0.6949930191040039,0.006644099950790405,0.0597357451915741,-0.5701350569725037,0.9938076734542847,0.13237234950065613,0.2567161023616791,0.9822995066642761,-0.13933631777763367,0.2540486752986908,0.9947641491889954,0.03844257342298829,0.12898476182284904,-0.0016852761187203802,2.786890935091435e-05,0.0,0.0,0.0,0,0,1,1.0
crossover_11_05_01_fps30.mp4,44,0.11269687116146088,0.14365946307020672,0.15078846027211446,0.08692702651023865,-0.005017071962356567,0.8365013599395752,-0.05221483111381531,-0.003384917974472046,0.9955505728721619,0.11199739575386047,0.08543857932090759,-0.4202466905117035,0.7237435579299927,0.004880458116531372,0.06383243203163147,-0.5178748369216919,0.9942581653594971,0.13253888487815857,0.2556861340999603,0.9809579849243164,-0.13921892642974854,0.2530920207500458,0.9946402907371521,0.07261606879390918,0.16377106906682853,0.07339585554309003,0.009244849722264137,0.0,0.0,0.0,0,0,0,1.0
crossover_11_05_01_fps30.mp4,45,0.11277388036251068,0.14379658729343092,0.1500786638841396,0.08840581774711609,-0.0031418800354003906,0.850790798664093,-0.05228292942047119,-0.003075838088989258,0.9957065582275391,0.11368593573570251,0.08878695964813232,-0.4161333441734314,0.7498261332511902,0.004267662763595581,0.06434625387191772,-0.516424298286438,0.994657576084137,0.13266721367835999,0.25499504804611206,0.9803648591041565,-0.13910642266273499,0.25260788202285767,0.9947060942649841,0.06828853743773639,0.16376314269992562,-0.0007097963879748592,0.00013712422322420537,0.0,0.0,0.0,1,0,0,1.0
crossover_11_05_01_fps30.mp4,46,0.1128242015838623,0.1437529303259769,0.14994934317542286,0.08890551328659058,-0.0023442208766937256,0.8635244965553284,-0.05240258574485779,-0.0025375187397003174,0.9958316087722778,0.11470556259155273,0.09108945727348328,-0.4224465489387512,0.7731329798698425,0.00385439395904541,0.0645245611667633,-0.5185925364494324,0.9950048327445984,0.13259297609329224,0.2548561990261078,0.9790540337562561,-0.13915935158729553,0.2524915039539337,0.9946743845939636,0.0656371521372478,0.16391764352514546,-0.00012932070871674028,-4.365696745400882e-05,0.0,0.0,0.0,1,0,0,1.0
crossover_11_05_01_fps30.mp4,47,0.11480920016765594,0.1475726187229156,0.23720419726720665,0.09480908513069153,0.0021933913230895996,0.8752052783966064,-0.0532396137714386,-0.005568444728851318,0.9957443475723267,0.11791548132896423,0.10350757837295532,-0.4700780212879181,0.7940447926521301,0.002378612756729126,0.06485676765441895,-0.5150050520896912,0.9952253103256226,0.12774041295051575,0.23737168312072754,0.9658139944076538,-0.13890913128852844,0.24917477369308472,0.9909874200820923,0.1369464556027588,0.22535513276303207,0.0872548540917838,0.003819688396938692,0.0,0.0,0.0,1,1,0,1.0
crossover_11_05_01_fps30.mp4,48,0.11782196164131165,0.14789093490374294,0.23360871425489105,0.0966220498085022,0.0009579062461853027,0.885587215423584,-0.053611814975738525,-0.00891268253326416,0.9956448078155518,0.11922383308410645,0.10210978984832764,-0.48065507411956787,0.8126825094223022,0.0018341541290283203,0.062250375747680664,-0.5195709466934204,0.995405375957489,0.12680792808532715,0.2317398190498352,0.9551692008972168,-0.1385926604270935,0.24564915895462036,0.9875013828277588,0.13458740597403787,0.22515830738887863,-0.0035954830123156034,0.00031831618082733826,0.0,0.0,0.0,1,1,0,1.0
crossover_11_05_01_fps30.mp4,49,0.11873659491539001,0.15060855584629507,0.26781223968761725,0.09940096735954285,0.0004909336566925049,0.8954434990882874,-0.05546650290489197,-0.01096150279045105,0.9956611394882202,0.12246236205101013,0.10386595129966736,-0.4885353744029999,0.8291248083114624,-0.002557307481765747,0.060454219579696655,-0.5192655324935913,0.9956073760986328,0.12725350260734558,0.23222920298576355,0.9482665657997131,-0.13854670524597168,0.24397942423820496,0.9843775629997253,0.16634480364996848,0.2577928047717915,0.0342035254327262,0.0027176209425521236,0.0,0.0,0.0,1,1,0,1.0
crossover_11_05_01_fps30.mp4,50,0.11820314824581146,0.15064103562953113,0.2673302971735233,0.09986937046051025,0.0011515319347381592,0.9044126272201538,-0.05624884366989136,-0.01148715615272522,0.9956957101821899,0.12341654300689697,0.10432854294776917,-0.4831767976284027,0.8439633846282959,-0.004320740699768066,0.059682637453079224,-0.5107015371322632,0.9957953095436096,0.12717825174331665,0.23217734694480896,0.9415820240974426,-0.13850131630897522,0.2435329258441925,0.9823413491249084,0.16525962870354338,0.25909593341175596,-0.00048194251409394706,3.2479783236061266e-05,0.0,0.0,0.0,1,0,0,1.0
crossover_11_05_01_fps30.mp4,51,0.11691814661026001,0.15063561190993102,0.2674720855747781,0.100248783826828,0.0031988918781280518,0.9121947288513184,-0.0566745400428772,-0.011189788579940796,0.9956944584846497,0.12371841073036194,0.10559859871864319,-0.4877462685108185,0.8572185635566711,-0.004397958517074585,0.06049463152885437,-0.5197337865829468,0.995912492275238,0.12709274888038635,0.23319002985954285,0.9335986971855164,-0.13853657245635986,0.2437058985233307,0.9798546433448792,0.16409619577036108,0.2586021547525808,0.0001417884012547832,-5.423719600106125e-06,0.0,0.0,0.0,0,0,0,1.0
crossover_11_05_01_fps30.mp4,52,0.11810821294784546,0.1510166847099692,0.19318889772019732,0.09996747970581055,0.0011391937732696533,0.9184338450431824,-0.05754572153091431,-0.013077527284622192,0.9957478046417236,0.12713521718978882,0.0966508686542511,-0.47668033838272095,0.8687809705734253,-0.009038448333740234,0.058777838945388794,-0.5204817652702332,0.9960397481918335,0.12721937894821167,0.231602281332016,0.9308415651321411,-0.13860654830932617,0.24206241965293884,0.9800328612327576,0.09944805451518349,0.20900712508095165,-0.07428318785458077,0.00038107280003818467,0.0,0.0,0.0,0,0,0,1.0
crossover_11_05_01_fps30.mp4,53,0.11733908951282501,0.15099892949653881,0.19280403750698738,0.10023173689842224,0.0009693801403045654,0.9240078330039978,-0.05818784236907959,-0.013163000345230103,0.9958356022834778,0.12859973311424255,0.09386011958122253,-0.48149919509887695,0.8790808320045471,-0.010003775358200073,0.058675020933151245,-0.5292747616767883,0.9961984753608704,0.12731948494911194,0.23253574967384338,0.9287086129188538,-0.13858458399772644,0.24166551232337952,0.9800217747688293,0.10144763621234928,0.20955301013730768,-0.0003848602132099366,-1.7755213430392658e-05,0.0,0.0,0.0,0,0,1,1.0
crossover_11_05_01_fps30.mp4,54,0.11743812263011932,0.15047299579038453,0.13192657668416097,0.09946316480636597,-0.0022642016410827637,0.9286828637123108,-0.05963653326034546,-0.014543235301971436,0.9960201978683472,0.1294403076171875,0.08717769384384155,-0.4379006028175354,0.8887065052986145,-0.013533592224121094,0.058929264545440674,-0.5048825740814209,0.9964424967765808,0.12967735528945923,0.23790842294692993,0.9308141469955444,-0.1387484073638916,0.2402946949005127,0.9808550477027893,0.04944528781640952,0.17951815644005914,-0.06087746082282641,-0.0005259337061542801,0.0,0.0,0.0,0,0,1,1.0
crossover_11_05_01_fps30.mp4,55,0.1160459965467453,0.15029927603269022,0.13169879157368725,0.09892323613166809,-0.003592073917388916,0.933243453502655,-0.060428470373153687,-0.014605700969696045,0.9962050914764404,0.1293540894985199,0.08319175243377686,-0.4331143796443939,0.8977425694465637,-0.014483243227005005,0.0596085786819458,-0.504518449306488,0.9966748952865601,0.13083097338676453,0.2406650185585022,0.9336439371109009,-0.13891375064849854,0.23997032642364502,0.9818884134292603,0.05283591283466189,0.1798618287696098,-0.00022778511047372163,-0.0001737197576943128,0.0,0.0,0.0,0,0,1,1.0
crossover_11_05_01_fps30.mp4,56,0.11633886396884918,0.150223262936382,0.13150478485153938,0.09858837723731995,-0.0042729973793029785,0.9366675615310669,-0.060812145471572876,-0.014770746231079102,0.9963688254356384,0.1290782392024994,0.08006006479263306,-0.4385818839073181,0.905002236366272,-0.01483723521232605,0.059826016426086426,-0.5092251896858215,0.9968745708465576,0.13144657015800476,0.241837739944458,0.9354825615882874,-0.1390092968940735,0.23977571725845337,0.9826805591583252,0.05562078074466141,0.17995225447904054,-0.00019400672214786585,-7.601309630822506e-05,0.0,0.0,0.0,0,0,1,1.0
crossover_11_05_01_fps30.mp4,57,0.11545480787754059,0.14852739441192753,0.09917190627353945,0.09632477164268494,-0.009056329727172852,0.9373973608016968,-0.0617997944355011,-0.015310466289520264,0.9965450167655945,0.1280377209186554,0.05739539861679077,-0.4444999694824219,0.9100242257118225,-0.018509775400161743,0.0600849986076355,-0.5122819542884827,0.9970730543136597,0.13141188025474548,0.24176394939422607,0.9379622340202332,-0.13945770263671875,0.2392863631248474,0.9834807515144348,0.04653067065769931,0.1715494169320189,-0.032332878577999935,-0.0016958685244544691,0.0,0.0,0.0,0,0,1,1.0
crossover_11_05_01_fps30.mp4,58,0.11450830101966858,0.14825201984179226,0.0990592348866346,0.09531921148300171,-0.011211812496185303,0.9389593005180359,-0.062155455350875854,-0.015461325645446777,0.9967296123504639,0.12735527753829956,0.05316215753555298,-0.437453955411911,0.9156773090362549,-0.01945716142654419,0.06043475866317749,-0.505284309387207,0.9972715973854065,0.13135826587677002,0.24201220273971558,0.9409077763557434,-0.13980519771575928,0.2391645908355713,0.9844578504562378,0.050430303868505,0.17209944696376028,-0.00011267138690485012,-0.0002753745701352672,0.0,0.0,0.0,0,0,1,1.0
crossover_11_05_01_fps30.mp4,59,0.11537264287471771,0.1453010598481712,0.09308784153403304,0.09389743208885193,-0.012825191020965576,0.9362120628356934,-0.06253069639205933,-0.017258524894714355,0.9968846440315247,0.12359461188316345,0.05251413583755493,-0.4203287363052368,0.9148432612419128,-0.02057996392250061,0.05916452407836914,-0.49455422163009644,0.9974169731140137,0.13131436705589294,0.24080723524093628,0.9442003965377808,-0.14025136828422546,0.2373831868171692,0.9853784441947937,0.04601516573046336,0.16931422124087492,-0.005971393352601551,-0.0029509599936210495,0.0,0.0,0.0,0,0,1,1.0
crossover_11_05_01_fps30.mp4,60,0.1155126690864563,0.14504018809835795,0.09212294133698073,0.09305408596992493,-0.013787597417831421,0.9332577586174011,-0.06276538968086243,-0.018254727125167847,0.9970215559005737,0.12173745036125183,0.05137023329734802,-0.42506664991378784,0.9145273566246033,-0.02112463116645813,0.058502405881881714,-0.484580397605896,0.9975639581680298,0.13130125403404236,0.2397424876689911,0.9471174478530884,-0.14059147238731384,0.2364339530467987,0.9862532019615173,0.046944656763127944,0.16953196620577654,-0.0009649001970523097,-0.0002608717498132629,0.0,0.0,0.0,0,0,1,1.0
crossover_11_05_01_fps30.mp4,61,0.1158440113067627,0.14487689682992844,0.09184154257541755,0.09260323643684387,-0.01433071494102478,0.9322503805160522,-0.06288233399391174,-0.018548935651779175,0.9971807599067688,0.12074312567710876,0.050195783376693726,-0.4174647927284241,0.9156222343444824,-0.021154135465621948,0.05862817168235779,-0.4850238263607025,0.9977251887321472,0.131352037191391,0.23942139744758606,0.9502438902854919,-0.14079537987709045,0.23628941178321838,0.9871031045913696,0.04813323352211817,0.16932049991423379,-0.00028139876156318966,-0.0001632912684295107,0.0,0.0,0.0,0,0,1,1.0
crossover_11_05_01_fps30.mp4,62,0.11517710983753204,0.14282512725409813,0.13569682342250178,0.09373390674591064,-0.009658455848693848,0.9369865655899048,-0.06336647272109985,-0.01788729429244995,0.9973372220993042,0.12021416425704956,0.07243615388870239,-0.41445228457450867,0.9223275780677795,-0.02125340700149536,0.06084752082824707,-0.4877886176109314,0.9978787302970886,0.13057750463485718,0.2393285632133484,0.9529005289077759,-0.14146918058395386,0.2362244725227356,0.9879105687141418,0.06718011578970726,0.18034462426784525,0.04385528084708423,-0.002051769575830309,0.0,0.0,0.0,0,0,1,1.0
crossover_11_05_01_fps30.mp4,63,0.11515772342681885,0.14231998617366204,0.13519990211579858,0.0941733717918396,-0.007817983627319336,0.9414331316947937,-0.06367930769920349,-0.017718195915222168,0.9975028038024902,0.11982959508895874,0.0771591067314148,-0.40629518032073975,0.9285697340965271,-0.021415531635284424,0.06131470203399658,-0.48454663157463074,0.9980364441871643,0.1300426721572876,0.2388700246810913,0.955407440662384,-0.1419731080532074,0.2358154058456421,0.9886534214019775,0.06224589641088645,0.1796339126760082,-0.0004969213067032019,-0.000505141080436089,0.0,0.0,0.0,0,0,0,1.0
crossover_11_05_01_fps30.mp4,64,0.11496512591838837,0.13954544168407634,0.2253273474007118,0.09821426868438721,-0.0018446147441864014,0.9453779458999634,-0.06301486492156982,-0.017439275979995728,0.9974307417869568,0.12261313199996948,0.09470638632774353,-0.48737606406211853,0.9330588579177856,-0.020993411540985107,0.06391409039497375,-0.5116137266159058,0.9979614615440369,0.12326693534851074,0.22288551926612854,0.9419012069702148,-0.14195296168327332,0.23580721020698547,0.9852302074432373,0.13171385114278755,0.2276553599896525,0.09012744528491323,-0.0027745444895856952,0.0,0.0,0.0,1,0,0,1.0
crossover_11_05_01_fps30.mp4,65,0.11487682163715363,0.1395406171426935,0.22536650140111036,0.09983962774276733,-0.0002726316452026367,0.9491914510726929,-0.062439918518066406,-0.01712822914123535,0.9974140524864197,0.12384706735610962,0.09739512205123901,-0.4911308288574219,0.9375916719436646,-0.02064412832260132,0.06518101692199707,-0.5166727304458618,0.9979425668716431,0.12239760160446167,0.22097092866897583,0.9354214668273926,-0.1419091820716858,0.23594015836715698,0.9833762645721436,0.12893006413405939,0.2265359620845872,3.9154000398555766e-05,-4.824541382841829e-06,0.0,0.0,0.0,1,0,0,1.0
crossover_11_05_01_fps30.mp4,66,0.11440026760101318,0.13964774002463132,0.22590664567016971,0.10051172971725464,0.0007547140121459961,0.9516721367835999,-0.06204339861869812,-0.016404926776885986,0.9973412752151489,0.12430906295776367,0.09850525856018066,-0.5044335126876831,0.9405714273452759,-0.02035820484161377,0.06602567434310913,-0.5263836979866028,0.9978914856910706,0.12255668640136719,0.22117942571640015,0.9286651611328125,-0.1416550576686859,0.23648130893707275,0.9808014035224915,0.12832142631575966,0.2261942249152799,0.0005401442690593505,0.0001071228819378156,0.0,0.0,0.0,1,1,0,1.0
crossover_11_05_01_fps30.mp4,67,0.11327745020389557,0.13785569778943463,0.2676902782626268,0.10146453976631165,0.0033378005027770996,0.9541276693344116,-0.06135788559913635,-0.015144646167755127,0.9972497820854187,0.12513253092765808,0.10250073671340942,-0.4961177408695221,0.9429696798324585,-0.0198533833026886,0.06733191013336182,-0.5222116708755493,0.9978219866752625,0.1230611503124237,0.22827965021133423,0.9139857888221741,-0.14144358038902283,0.2376011610031128,0.9749689102172852,0.16567879650767997,0.254981626668166,0.0417836325924571,-0.0017920422351966891,0.0,0.0,0.0,1,1,0,1.0
crossover_11_05_01_fps30.mp4,68,0.11330360174179077,0.1378580963207503,0.267695751422789,0.1016436517238617,0.0033284425735473633,0.9559311866760254,-0.06119352579116821,-0.014990091323852539,0.9970812797546387,0.1255752146244049,0.10400629043579102,-0.4937932789325714,0.9451273679733276,-0.01973763108253479,0.06708425283432007,-0.5181897282600403,0.9976984262466431,0.12325891852378845,0.23415416479110718,0.8965314626693726,-0.14137053489685059,0.2376062273979187,0.9666431546211243,0.16414965373396423,0.25511053812353934,5.473160162194901e-06,2.3985313156726917e-06,0.0,0.0,0.0,1,0,0,1.0
crossover_11_05_01_fps30.mp4,69,0.11317342519760132,0.13811173287488643,0.19609184512277933,0.10153046250343323,0.003036409616470337,0.957104504108429,-0.06102585792541504,-0.015007704496383667,0.9970982074737549,0.12553778290748596,0.10038432478904724,-0.4609469771385193,0.947295069694519,-0.019405215978622437,0.0666409432888031,-0.5105810761451721,0.9977315068244934,0.1234721839427948,0.23040738701820374,0.8957008123397827,-0.141368567943573,0.23757943511009216,0.9672898650169373,0.09652996253088691,0.203885078320481,-0.07160390630000968,0.0002536365541361274,0.0,0.0,0.0,0,0,0,1.0
crossover_11_05_01_fps30.mp4,70,0.11308281123638153,0.13811188855413659,0.19617028759747013,0.1014593243598938,0.0028243660926818848,0.9579667448997498,-0.06088900566101074,-0.014979958534240723,0.997084379196167,0.12551558017730713,0.09810185432434082,-0.4555254876613617,0.9491052627563477,-0.019131958484649658,0.0663902759552002,-0.5097132921218872,0.9977273941040039,0.12355571985244751,0.22877997159957886,0.8933467864990234,-0.14138054847717285,0.23761039972305298,0.9674907326698303,0.09887408451849453,0.20388349333240524,7.844247469079857e-05,1.5567925015780304e-07,0.0,0.0,0.0,0,0,1,1.0
crossover_11_05_01_fps30.mp4,71,0.11301758885383606,0.13811013597553057,0.19624182901731346,0.10146397352218628,0.0026665031909942627,0.9589672684669495,-0.06078159809112549,-0.014933854341506958,0.9970796704292297,0.1255221962928772,0.09664776921272278,-0.45418304204940796,0.9509564638137817,-0.018935561180114746,0.06619349122047424,-0.509528636932373,0.9977316856384277,0.12363076210021973,0.22847852110862732,0.8921018242835999,-0.14138537645339966,0.2376691997051239,0.9678162336349487,0.10038641827366143,0.20390174388372323,7.154141984333506e-05,-1.7525786060179627e-06,0.0,0.0,0.0,0,0,1,1.0
crossover_11_05_01_fps30.mp4,72,0.11304593086242676,0.13868041846711754,0.13478549995073463,0.10026192665100098,-0.0018862783908843994,0.9600986242294312,-0.06076875329017639,-0.015487223863601685,0.9971739649772644,0.12475532293319702,0.08264932036399841,-0.415296733379364,0.9534676671028137,-0.01896601915359497,0.0637076199054718,-0.5040384531021118,0.997833788394928,0.12605339288711548,0.2369743287563324,0.8997713327407837,-0.14139986038208008,0.23751994967460632,0.9703860282897949,0.053963779588991206,0.17292907310868805,-0.06145632906657883,0.0005702824915869709,0.0,0.0,0.0,0,0,1,1.0
crossover_11_05_01_fps30.mp4,73,0.11304673552513123,0.13868612818798776,0.13475226992514078,0.09949243068695068,-0.003876417875289917,0.9612173438072205,-0.06075546145439148,-0.015887051820755005,0.9972720742225647,0.12424635887145996,0.07820162177085876,-0.40907636284828186,0.9559128284454346,-0.018978416919708252,0.0621664822101593,-0.5014438033103943,0.997937023639679,0.12737315893173218,0.2401619851589203,0.9069292545318604,-0.14140135049819946,0.23748239874839783,0.9727606773376465,0.0583650815521056,0.17357075030724808,-3.323002559385557e-05,5.709720870217261e-06,0.0,0.0,0.0,0,0,1,1.0
crossover_11_05_01_fps30.mp4,74,0.11278754472732544,0.13630819936930128,0.09906614088430632,0.09587284922599792,-0.008507490158081055,0.9565709233283997,-0.06116914749145508,-0.016585707664489746,0.9973211884498596,0.12138792872428894,0.058923959732055664,-0.44985365867614746,0.951991081237793,-0.01925864815711975,0.06014549732208252,-0.5171561241149902,0.997990608215332,0.12910690903663635,0.2418498396873474,0.9129982590675354,-0.14113080501556396,0.23754703998565674,0.974758505821228,0.04282533343455162,0.16036165546852651,-0.03568612904083446,-0.002377928818686481,0.0,0.0,0.0,0,0,1,1.0
crossover_11_05_01_fps30.mp4,75,0.1123097687959671,0.13655635108382014,0.09920164186780045,0.0948762595653534,-0.009240537881851196,0.9496374130249023,-0.0613960325717926,-0.016902536153793335,0.9972885251045227,0.12058475613594055,0.05642673373222351,-0.4536837339401245,0.9447702765464783,-0.019215553998947144,0.05900052189826965,-0.5160109400749207,0.997981071472168,0.12964090704917908,0.2427041232585907,0.9181429743766785,-0.1409224271774292,0.2376452386379242,0.9764823913574219,0.04565944164339046,0.16087577959381974,0.0001355009834941301,0.00024815171451886275,0.0,0.0,0.0,0,0,1,1.0
crossover_11_05_01_fps30.mp4,76,0.1120692640542984,0.1367262601852417,0.09937253797926549,0.09449464082717896,-0.0093250572681427,0.943379282951355,-0.061444759368896484,-0.01699569821357727,0.9972271919250488,0.12029838562011719,0.05726698040962219,-0.45210421085357666,0.9381685256958008,-0.01915907859802246,0.058457642793655396,-0.5141574144363403,0.9979383945465088,0.13012105226516724,0.2437666356563568,0.9228672385215759,-0.1407800316810608,0.2376985251903534,0.9780072569847107,0.045196825563063724,0.16116534210438205,0.00017089611146503536,0.00016990910142156146,0.0,0.0,0.0,0,0,1,1.0
crossover_11_05_01_fps30.mp4,77,0.11194115877151489,0.1353604216696852,0.09515992301266363,0.09404298663139343,-0.008870333433151245,0.937475323677063,-0.06185317039489746,-0.017525166273117065,0.9971387982368469,0.11990061402320862,0.056880027055740356,-0.4598885774612427,0.9317741394042969,-0.020477384328842163,0.058477967977523804,-0.5138610005378723,0.9978893995285034,0.13045892119407654,0.24467876553535461,0.926665723323822,-0.14055708050727844,0.23761090636253357,0.9791878461837769,0.041283847772935686,0.16009680697513823,-0.0042126149666018575,-0.0013658385155564945,0.0,0.0,0.0,0,0,1,1.0
crossover_11_05_01_fps30.mp4,78,0.11181525886058807,0.13539899658348598,0.09530484022163765,0.09384450316429138,-0.008604198694229126,0.9321267008781433,-0.06205660104751587,-0.017815202474594116,0.9970877170562744,0.11968675255775452,0.05683061480522156,-0.4604796767234802,0.9260796308517456,-0.021143943071365356,0.058524101972579956,-0.5132728219032288,0.9978655576705933,0.13084492087364197,0.24528434872627258,0.9304462671279907,-0.14038830995559692,0.23764613270759583,0.9803722500801086,0.04155888152630353,0.16080582906700902,0.00014491720897402693,3.8574913800770716e-05,0.0,0.0,0.0,0,0,1,1.0
crossover_11_05_01_fps30.mp4,79,0.11183658242225647,0.13685649966789504,0.13335152355636037,0.09453675150871277,-0.007484167814254761,0.9364403486251831,-0.06221151351928711,-0.017816394567489624,0.9971740245819092,0.11889156699180603,0.06921079754829407,-0.41587474942207336,0.9313958883285522,-0.021802395582199097,0.05890652537345886,-0.49163711071014404,0.9979475140571594,0.13081404566764832,0.24584200978279114,0.9351492524147034,-0.14030930399894714,0.23795178532600403,0.9818419814109802,0.06660909501635827,0.17525610630284055,0.03804668333472272,0.001457503084409062,0.0,0.0,0.0,0,0,1,1.0
crossover_11_05_01_fps30.mp4,80,0.11191089451313019,0.13682221133830186,0.1335796838853417,0.09491151571273804,-0.007054686546325684,0.9401183128356934,-0.06232583522796631,-0.01778435707092285,0.9972424507141113,0.11845272779464722,0.0742044448852539,-0.4127395749092102,0.9360216856002808,-0.022266089916229248,0.059185147285461426,-0.4864063858985901,0.9980161190032959,0.13077175617218018,0.24587327241897583,0.9390445351600647,-0.140289306640625,0.2381361722946167,0.9830860495567322,0.062151885988907404,0.17562355955840142,0.00022816032898131944,-3.428832959317951e-05,0.0,0.0,0.0,0,0,0,1.0
crossover_11_05_01_fps30.mp4,81,0.11198344826698303,0.1368180593191567,0.13371913200471464,0.09514901041984558,-0.0067803263664245605,0.9435888528823853,-0.06241905689239502,-0.017773091793060303,0.9973125457763672,0.11819937825202942,0.07636147737503052,-0.4119335114955902,0.9402763247489929,-0.022527307271957397,0.059393107891082764,-0.48509159684181213,0.9980856776237488,0.13080289959907532,0.24594736099243164,0.942678689956665,-0.14030468463897705,0.2381417155265808,0.9842289090156555,0.060303862474119584,0.1758274828193725,0.00013944811937294244,-4.152019145164942e-06,0.0,0.0,0.0,0,0,1,1.0
crossover_11_05_01_fps30.mp4,82,0.11177711188793182,0.1381154342223022,0.21420451824258013,0.09915956854820251,-0.0006670057773590088,0.9469348788261414,-0.06255486607551575,-0.017423957586288452,0.9971513152122498,0.11970379948616028,0.10526624321937561,-0.4512503445148468,0.9432050585746765,-0.022528141736984253,0.06114122271537781,-0.4767124354839325,0.9979769587516785,0.12298783659934998,0.22101619839668274,0.9350190758705139,-0.1403074562549591,0.23840656876564026,0.9820994138717651,0.11048319355761063,0.22188900588950936,0.0804853862378655,0.0012973749031455206,0.0,0.0,0.0,1,1,0,1.0
crossover_11_05_01_fps30.mp4,83,0.11166442930698395,0.1381168075537278,0.21441439288418462,0.10081121325492859,0.0017660558223724365,0.9499485492706299,-0.0626351535320282,-0.017182260751724243,0.9970059990882874,0.12057897448539734,0.10999700427055359,-0.45937299728393555,0.9457424283027649,-0.022522777318954468,0.06225660443305969,-0.4767879545688629,0.9978767037391663,0.12062546610832214,0.21656623482704163,0.9278808832168579,-0.14030978083610535,0.2385675013065338,0.9801358580589294,0.10587996332461902,0.2212624432984617,0.00020987464160449054,1.373331425580382e-06,0.0,0.0,0.0,1,1,0,1.0
crossover_11_05_01_fps30.mp4,84,0.11253894865512848,0.1399707372915947,0.2819595338367834,0.10135748982429504,0.0036305487155914307,0.9509719610214233,-0.06257772445678711,-0.017022639513015747,0.99639493227005,0.12362685799598694,0.11448219418525696,-0.49643343687057495,0.9458892941474915,-0.022352784872055054,0.0635322630405426,-0.49802684783935547,0.9973433613777161,0.12130233645439148,0.2207593023777008,0.8785958290100098,-0.14010044932365417,0.23850515484809875,0.9636997580528259,0.16827293807140276,0.27213856484355026,0.06754514095259878,0.0018539297378669106,0.0,0.0,0.0,1,1,0,1.0
crossover_11_05_01_fps30.mp4,85,0.11299863457679749,0.14010472782587602,0.2819257878675694,0.10165822505950928,0.00453948974609375,0.9520536065101624,-0.0625520646572113,-0.016936659812927246,0.9958314895629883,0.12512069940567017,0.11540573835372925,-0.5029255151748657,0.9460957646369934,-0.022229015827178955,0.06423729658126831,-0.5061044692993164,0.9968183040618896,0.12165796756744385,0.22348296642303467,0.8343634009361267,-0.1399717628955841,0.23847144842147827,0.9488562345504761,0.16719284673032309,0.2715520641919736,-3.374596921401629e-05,0.00013399053428131413,0.0,0.0,0.0,1,1,0,1.0
crossover_11_05_01_fps30.mp4,86,0.11326807737350464,0.14017694198479091,0.2819122372603998,0.10181456804275513,0.00498276948928833,0.952965259552002,-0.06256425380706787,-0.016843438148498535,0.9953166246414185,0.12582820653915405,0.11560297012329102,-0.5048588514328003,0.9462282061576843,-0.02214890718460083,0.06463778018951416,-0.5088753700256348,0.9963366389274597,0.12189823389053345,0.22547906637191772,0.7934092283248901,-0.13991746306419373,0.23845738172531128,0.9351348876953125,0.16692710548191717,0.2712155434410282,-1.3550607169565687e-05,7.221415891489613e-05,0.0,0.0,0.0,0,0,0,1.0
crossover_11_05_01_fps30.mp4,87,0.11392927169799805,0.14166635840626085,0.2203361796169746,0.10173487663269043,0.005140483379364014,0.9539997577667236,-0.06272697448730469,-0.01769721508026123,0.9953550696372986,0.12651419639587402,0.11065340042114258,-0.48492053151130676,0.9478891491889954,-0.022490382194519043,0.06389772891998291,-0.5072640180587769,0.9963801503181458,0.12204188108444214,0.22569549083709717,0.7968552112579346,-0.13995617628097534,0.2376522421836853,0.9360167980194092,0.11072443301146613,0.22676072045472698,-0.06157605764342522,0.0014894164214699357,0.0,0.0,0.0,0,0,0,1.0
crossover_11_05_01_fps30.mp4,88,0.11489053070545197,0.1416543000835483,0.21933138952022646,0.10167169570922852,0.004622697830200195,0.955589234828949,-0.062798410654068,-0.01868736743927002,0.9954952001571655,0.12670809030532837,0.10792762041091919,-0.47614172101020813,0.9500728845596313,-0.02258843183517456,0.06291186809539795,-0.5051388740539551,0.9964842200279236,0.12217116355895996,0.22445148229599,0.8032077550888062,-0.14002075791358948,0.23682177066802979,0.9377396702766418,0.11240190816215889,0.2268099241014331,-0.0010047900967481427,-1.2058322712560354e-05,0.0,0.0,0.0,0,0,0,1.0
crossover_11_05_01_fps30.mp4,89,0.11490565538406372,0.14309595762673066,0.15788309704966663,0.10125994682312012,0.004086226224899292,0.9576380252838135,-0.06302198767662048,-0.019313067197799683,0.9957343935966492,0.12673813104629517,0.09755149483680725,-0.47236958146095276,0.9526607394218445,-0.022870182991027832,0.06201454997062683,-0.5264402627944946,0.9966761469841003,0.1253567337989807,0.2336525022983551,0.8171749114990234,-0.14017558097839355,0.23643067479133606,0.9427911639213562,0.06250984495266566,0.19166517198124353,-0.06144829247055983,0.001441657543182373,0.0,0.0,0.0,0,0,1,1.0
crossover_11_05_01_fps30.mp4,90,0.11494942009449005,0.14305059960332966,0.1578122479159657,0.10072222352027893,0.003942668437957764,0.9598782658576965,-0.06324931979179382,-0.019517958164215088,0.9959497451782227,0.126774400472641,0.09330248832702637,-0.4718411862850189,0.9554360508918762,-0.02296695113182068,0.06161683797836304,-0.5317163467407227,0.9968329071998596,0.12689372897148132,0.23645281791687012,0.8306815028190613,-0.14024236798286438,0.23635685443878174,0.9474954009056091,0.06653137410548937,0.19187335418228776,-7.084913370092316e-05,-4.5358023400998704e-05,0.0,0.0,0.0,0,0,1,1.0
crossover_11_05_01_fps30.mp4,91,0.1150922179222107,0.14303081803402662,0.15774878525152436,0.1003991961479187,0.0038543343544006348,0.9616100788116455,-0.06340295076370239,-0.01968759298324585,0.9961251616477966,0.12681233882904053,0.09149479866027832,-0.4736022353172302,0.9576043486595154,-0.023032307624816895,0.06144529581069946,-0.537395179271698,0.9969595074653625,0.12771230936050415,0.23830729722976685,0.8422525525093079,-0.14027395844459534,0.2364140748977661,0.9515088796615601,0.06821018843952548,0.1919669861774777,-6.34626644413494e-05,-1.9781569303045643e-05,0.0,0.0,0.0,0,0,1,1.0
crossover_11_05_01_fps30.mp4,92,0.11508168280124664,0.14272288760896457,0.11639468131995778,0.09522530436515808,-0.0017866790294647217,0.9600180983543396,-0.06376007199287415,-0.02000465989112854,0.9963384866714478,0.12451741099357605,0.0670367181301117,-0.4466782808303833,0.9576365947723389,-0.02454957365989685,0.06064459681510925,-0.5236430764198303,0.997138261795044,0.12961497902870178,0.24011775851249695,0.8544626235961914,-0.14033043384552002,0.23642125725746155,0.955702543258667,0.05260843952298585,0.1763183150476447,-0.04135410393156658,-0.0003079304250620529,0.0,0.0,0.0,0,0,1,1.0
crossover_11_05_01_fps30.mp4,93,0.11515766382217407,0.1427058736146507,0.11609120267193496,0.09338048100471497,-0.004313617944717407,0.9589953422546387,-0.06399893760681152,-0.02040448784828186,0.9965577125549316,0.12342825531959534,0.06274184584617615,-0.43924421072006226,0.9578359723091125,-0.025408118963241577,0.05974516272544861,-0.513956606388092,0.997314989566803,0.13047024607658386,0.24043551087379456,0.8661292791366577,-0.14039450883865356,0.23646816611289978,0.9596273303031921,0.056725483169841676,0.17730536009419076,-0.00030347864802282576,-1.7013994313863634e-05,0.0,0.0,0.0,0,0,1,1.0
crossover_11_05_01_fps30.mp4,94,0.11527174711227417,0.13660075038166375,0.09324941998574787,0.08953309059143066,-0.006407052278518677,0.9560219645500183,-0.06460624933242798,-0.02233871817588806,0.9967735409736633,0.11905461549758911,0.049318164587020874,-0.45683443546295166,0.9556235074996948,-0.02700817584991455,0.05655226111412048,-0.5283456444740295,0.9974824786186218,0.13086235523223877,0.24042806029319763,0.8771591186523438,-0.1404450237751007,0.23533949255943298,0.9631978273391724,0.047305623875796426,0.16767397595303657,-0.022841782686187084,-0.006105123232986953,0.0,0.0,0.0,0,0,1,1.0
crossover_11_05_01_fps30.mp4,95,0.11439467966556549,0.13362156738669184,0.09733004279252955,0.0880233645439148,-0.006580054759979248,0.9474044442176819,-0.06495222449302673,-0.023697376251220703,0.9969437122344971,0.11306732892990112,0.05708581209182739,-0.4331646263599396,0.9457665085792542,-0.02753382921218872,0.05590766668319702,-0.5103150010108948,0.9976223707199097,0.13093513250350952,0.2400885820388794,0.8869808316230774,-0.14064553380012512,0.235102117061615,0.9664163589477539,0.04518932200453944,0.16639373514494316,0.004080622806781675,-0.0029791829949719073,0.0,0.0,0.0,0,0,1,1.0
crossover_11_05_01_fps30.mp4,96,0.11445234715938568,0.1320625827474109,0.148915412367844,0.08804228901863098,-0.002133488655090332,0.9505753517150879,-0.06557130813598633,-0.024148285388946533,0.997143566608429,0.11186805367469788,0.08135455846786499,-0.43545791506767273,0.9494266510009766,-0.028256148099899292,0.05569636821746826,-0.5055161118507385,0.99778151512146,0.1301182210445404,0.23975145816802979,0.8958138823509216,-0.14115437865257263,0.23483377695083618,0.969257652759552,0.0705144523070481,0.18545049380576475,0.051585369575314455,-0.001558984639280947,0.0,0.0,0.0,0,0,1,1.0
crossover_11_05_01_fps30.mp4,97,0.11461494863033295,0.13164741114034495,0.23447124899887462,0.09054127335548401,0.004770874977111816,0.95357745885849,-0.06551465392112732,-0.0238192081451416,0.997230589389801,0.11275646090507507,0.1076013445854187,-0.4711455702781677,0.9521903991699219,-0.02781960368156433,0.05670571327209473,-0.5063045620918274,0.9978742599487305,0.12582889199256897,0.22399085760116577,0.8987069129943848,-0.14114147424697876,0.234686017036438,0.9700077772140503,0.12826862689945223,0.23881020603910566,0.08555583663103061,-0.000415171607065945,0.0,0.0,0.0,1,0,0,1.0
crossover_11_05_01_fps30.mp4,98,0.11430853605270386,0.13215709884287952,0.2564400681635228,0.09283435344696045,0.008108139038085938,0.9560627341270447,-0.06536304950714111,-0.022696256637573242,0.9971758723258972,0.11363333463668823,0.11261391639709473,-0.491823673248291,0.9542793035507202,-0.026603519916534424,0.05817461013793945,-0.5118266940116882,0.9978106617927551,0.12481629848480225,0.22577041387557983,0.8930720090866089,-0.14109185338020325,0.23507070541381836,0.9685068130493164,0.14501410887326163,0.2539963108294417,0.021968819164648212,0.000509687702534567,0.0,0.0,0.0,1,0,0,1.0
crossover_11_05_01_fps30.mp4,99,0.11419355869293213,0.13277400348146084,0.19263731968112108,0.09293979406356812,0.00920403003692627,0.9544098973274231,-0.06525519490242004,-0.022206783294677734,0.996962308883667,0.11415654420852661,0.10613203048706055,-0.49436211585998535,0.9508334398269653,-0.025026023387908936,0.05871385335922241,-0.5176752209663391,0.9975477457046509,0.11744391918182373,0.208510160446167,0.8731454610824585,-0.14106693863868713,0.23524415493011475,0.9636793732643127,0.08848601498727023,0.20696942603110866,-0.06380274848240175,0.0006169046385813282,0.0,0.0,0.0,1,0,0,1.0
crossover_11_05_01_fps30.mp4,100,0.11419516801834106,0.1336691847292043,0.13712386692442546,0.09289738535881042,0.006121188402175903,0.9567197561264038,-0.06523296236991882,-0.021179944276809692,0.9971101880073547,0.11367252469062805,0.09212252497673035,-0.45214414596557617,0.9539844989776611,-0.024611681699752808,0.05877915024757385,-0.5175008177757263,0.9976625442504883,0.12359955906867981,0.2262342870235443,0.8826829791069031,-0.141178160905838,0.2353241741657257,0.9667274951934814,0.04924415894085081,0.17660896723744668,-0.055513452756695614,0.0008951812477434595,0.0,0.0,0.0,0,0,1,1.0
crossover_11_05_01_fps30.mp4,101,0.11409737169742584,0.13283740696260482,0.10573504450844551,0.09149470925331116,0.0004833638668060303,0.9506328701972961,-0.06508740782737732,-0.020963996648788452,0.9971379041671753,0.11217537522315979,0.0632045567035675,-0.5310430526733398,0.9490903615951538,-0.024254649877548218,0.05883088707923889,-0.5456013679504395,0.9976411461830139,0.1272059977054596,0.23308786749839783,0.8882067203521729,-0.14114102721214294,0.2354101836681366,0.9687531590461731,0.04728384447697448,0.1639448514178279,-0.031388822415979956,-0.0008317777665994841,0.0,0.0,0.0,0,0,1,1.0
crossover_11_05_01_fps30.mp4,102,0.11389242112636566,0.1370069431046308,0.11163685001978063,0.09132939577102661,-0.002754509449005127,0.9483553767204285,-0.06407403945922852,-0.020566582679748535,0.9972363710403442,0.11241978406906128,0.0634697675704956,-0.46914786100387573,0.945710301399231,-0.02339041233062744,0.058672308921813965,-0.5352064967155457,0.9977426528930664,0.12862545251846313,0.23671185970306396,0.8967000842094421,-0.141289621591568,0.2355009913444519,0.9713019728660583,0.05407953606602602,0.16891581999428817,0.005901805511335123,0.004169536142025976,0.0,0.0,0.0,0,0,1,1.0
crossover_11_05_01_fps30.mp4,103,0.11373075842857361,0.14549181966458336,0.16925611932103224,0.09540963172912598,-0.002476513385772705,0.951469898223877,-0.06205326318740845,-0.019402682781219482,0.9973198771476746,0.11715072393417358,0.07759314775466919,-0.45898935198783875,0.9490731954574585,-0.0207708477973938,0.05986732244491577,-0.5351401567459106,0.9978275895118713,0.12782776355743408,0.23657023906707764,0.9029119610786438,-0.1420201063156128,0.23561865091323853,0.9733186960220337,0.0959443487839494,0.1990205604292588,0.05761926930125161,0.008484876559952559,0.0,0.0,0.0,0,0,1,1.0
crossover_11_05_01_fps30.mp4,104,0.11253233253955841,0.15358021521972398,0.2509849565785106,0.10111689567565918,-0.0002817511558532715,0.9543032050132751,-0.060478776693344116,-0.016289710998535156,0.9972742199897766,0.12597930431365967,0.09842342138290405,-0.5021570324897766,0.9511958956718445,-0.01815396547317505,0.06340008974075317,-0.5476897954940796,0.9977836608886719,0.12708353996276855,0.23797857761383057,0.9067791700363159,-0.14312398433685303,0.23721706867218018,0.9745094776153564,0.15503816402449042,0.2543240277378457,0.08172883725747837,0.008088395555140626,0.0,0.0,0.0,1,0,0,1.0
crossover_11_05_01_fps30.mp4,105,0.11102014780044556,0.16118825956926508,0.24103731033278675,0.1058611273765564,0.002326786518096924,0.9549630284309387,-0.05834713578224182,-0.012130200862884521,0.9970748424530029,0.13912290334701538,0.10614484548568726,-0.5232285857200623,0.9501690864562988,-0.014978468418121338,0.06802082061767578,-0.5634562373161316,0.9975733757019043,0.12618529796600342,0.24070310592651367,0.9013020396232605,-0.14389893412590027,0.2391555905342102,0.9739677906036377,0.13668524798873047,0.24691986911368816,-0.009947646245723862,0.007608044349541099,0.0,0.0,0.0,1,0,0,1.0
crossover_11_05_01_fps30.mp4,106,0.11112727224826813,0.16693934535576127,0.17618589241330218,0.11057159304618835,0.003169149160385132,0.9547574520111084,-0.056331098079681396,-0.009769707918167114,0.9967363476753235,0.14880076050758362,0.10306861996650696,-0.5066300630569458,0.9472389817237854,-0.012370020151138306,0.0716153085231781,-0.5510938763618469,0.9971879720687866,0.12563863396644592,0.2410024106502533,0.8943895697593689,-0.14481064677238464,0.23958638310432434,0.9737831354141235,0.07533355023064703,0.20757373526920112,-0.06485141791948457,0.005751085786496191,0.0,0.0,0.0,0,0,0,1.0
crossover_11_05_01_fps30.mp4,107,0.11195603013038635,0.17106905579566956,0.13966660877553427,0.11362501978874207,0.0016369223594665527,0.953538715839386,-0.05530562996864319,-0.007514655590057373,0.9964325428009033,0.15834268927574158,0.08611661195755005,-0.5039823651313782,0.9431346654891968,-0.01046028733253479,0.07320833206176758,-0.5579971075057983,0.9968003630638123,0.12642702460289001,0.2426239252090454,0.8960650563240051,-0.14506828784942627,0.23954886198043823,0.975006103515625,0.05504146222626779,0.1933121955809331,-0.03651928363776791,0.004129710439908285,0.0,0.0,0.0,0,0,1,1.0
crossover_11_05_01_fps30.mp4,108,0.11278656125068665,0.1732624778303049,0.12217808903717409,0.11902651190757751,-0.006153702735900879,0.9536877870559692,-0.05423635244369507,-0.0053408145904541016,0.9960007667541504,0.16770735383033752,0.06210118532180786,-0.501436710357666,0.9425630569458008,-0.009140104055404663,0.07402664422988892,-0.5585541725158691,0.9963017702102661,0.1261754333972931,0.2442176342010498,0.899147093296051,-0.14530053734779358,0.23930978775024414,0.9762212038040161,0.06033318956163679,0.18865116886889943,-0.017488519738360186,0.0021934220346353506,0.0,0.0,0.0,0,0,1,1.0
crossover_11_05_01_fps30.mp4,109,0.11377385258674622,0.16957977303003857,0.11231816396480654,0.12269598245620728,-0.01548922061920166,0.9547923803329468,-0.05397343635559082,-0.0032538175582885742,0.9955674409866333,0.1694013476371765,0.05197274684906006,-0.4997170567512512,0.9437589049339294,-0.008791983127593994,0.07517129182815552,-0.5568912029266357,0.9958606958389282,0.12564831972122192,0.24466925859451294,0.9034936428070068,-0.1459769904613495,0.23927485942840576,0.9777182340621948,0.06034568089345124,0.18219871982067995,-0.009859925072367548,-0.0036827048002663343,0.0,0.0,0.0,0,0,1,1.0
crossover_11_05_01_fps30.mp4,110,0.11449266970157623,0.1630269997200724,0.11319486208078333,0.12193325161933899,-0.02091577649116516,0.9568566679954529,-0.05382165312767029,-0.0001913011074066162,0.995292603969574,0.16706475615501404,0.050027996301651,-0.47625547647476196,0.9466297626495361,-0.008534759283065796,0.07752612233161926,-0.5375465750694275,0.9957594871520996,0.12523582577705383,0.24516341090202332,0.9079023599624634,-0.14639469981193542,0.24018868803977966,0.9792605638504028,0.06329578508389663,0.17523040874101864,0.0008766981159767928,-0.006552773309966176,0.0,0.0,0.0,0,0,1,1.0
crossover_11_05_01_fps30.mp4,111,0.11550760269165039,0.1474240290916572,0.12130646865542338,0.11781525611877441,-0.020849555730819702,0.9555392861366272,-0.05389413237571716,0.00025776028633117676,0.9953706860542297,0.15883463621139526,0.05132398009300232,-0.45353078842163086,0.9460897445678711,-0.009961903095245361,0.08134052157402039,-0.5295435786247253,0.9959375858306885,0.125785231590271,0.2449754774570465,0.9103095531463623,-0.1465550661087036,0.24047598242759705,0.9806448221206665,0.0709066334007645,0.16238105978362682,0.008111606574640051,-0.015602970628415203,0.0,0.0,0.0,0,0,1,1.0
crossover_11_05_01_fps30.mp4,112,0.11463922262191772,0.11882821664971821,0.14332763727118325,0.10213357210159302,-0.01797536015510559,0.9454555511474609,-0.05444660782814026,0.0006524026393890381,0.9956061244010925,0.12522709369659424,0.05523344874382019,-0.37937185168266296,0.9328445792198181,-0.012799203395843506,0.08532831072807312,-0.5071523189544678,0.9962447285652161,0.12593477964401245,0.24607393145561218,0.9133622646331787,-0.14649951457977295,0.24142906069755554,0.9819505214691162,0.08832627966667464,0.14383914483653282,0.022021168615759867,-0.028595812441938984,0.0,0.0,0.0,0,0,1,1.0
crossover_11_05_01_fps30.mp4,113,0.11260230839252472,0.07284889423241048,0.18494616325308633,0.08779984712600708,-0.013628512620925903,0.9496346116065979,-0.053798943758010864,0.0021853744983673096,0.9958788752555847,0.08812260627746582,0.08757957816123962,-0.42755356431007385,0.9377689361572266,-0.021851658821105957,0.09261789917945862,-0.5131465792655945,0.9965478181838989,0.12791705131530762,0.24802961945533752,0.9203115105628967,-0.14471736550331116,0.2433675229549408,0.9834167957305908,0.09855728370893291,0.13225998297100833,0.041618525981903076,-0.04597932241730773,0.0,0.0,0.0,1,0,0,1.0
crossover_11_05_01_fps30.mp4,114,0.11564230918884277,0.013797365103737746,0.23481118460980854,0.07404080033302307,-0.007085531949996948,0.9542457461357117,-0.055410146713256836,-0.000703662633895874,0.9960907697677612,0.05298599600791931,0.10755881667137146,-0.47643882036209106,0.9435211420059204,-0.0354633629322052,0.10548505187034607,-0.5179426074028015,0.996713399887085,0.13020244240760803,0.2452084720134735,0.9266629219055176,-0.14294204115867615,0.24016258120536804,0.9843075275421143,0.13314996784860125,0.1383902739934285,0.04986502135672222,-0.05905152912867273,0.0,0.0,0.0,1,0,0,1.0
crossover_11_05_01_fps30.mp4,115,0.11846554279327393,-0.04696456244436359,0.2599937097328465,0.061831921339035034,0.00472375750541687,0.9579924941062927,-0.062010616064071655,-0.0037269294261932373,0.9926363825798035,0.03106781840324402,0.12131789326667786,-0.47435012459754944,0.9479933977127075,-0.06784272193908691,0.09629443287849426,-0.4759024381637573,0.9904316663742065,0.1339770257472992,0.2423013150691986,0.9314215779304504,-0.13952359557151794,0.23725321888923645,0.9831201434135437,0.15912270275892304,0.16502530347351274,0.02518252512303798,-0.060761927548101335,0.0,0.0,0.0,1,0,0,1.0
crossover_11_05_01_fps30.mp4,116,0.11705122888088226,-0.08799460590895958,0.21055078172102204,0.05214783549308777,0.010072082281112671,0.9610438346862793,-0.06979784369468689,-0.003917902708053589,0.9759027361869812,0.013998955488204956,0.12358835339546204,-0.4709800183773041,0.9512980580329895,-0.08619752526283264,0.09661832451820374,-0.45915088057518005,0.9480736255645752,0.13693669438362122,0.23993059992790222,0.9366102814674377,-0.1351945698261261,0.23715892434120178,0.9822093844413757,0.13403413933306443,0.11394662918718003,-0.04944292801182448,-0.04103004346459599,0.0,0.0,0.0,1,0,0,1.0
crossover_11_05_01_fps30.mp4,117,0.11593352258205414,-0.12548135488720263,0.16917399705910097,0.04517379403114319,0.013891726732254028,0.9635990262031555,-0.08521011471748352,-0.000560373067855835,0.9625756144523621,0.00742146372795105,0.12056657671928406,-0.5375613570213318,0.954137921333313,-0.11496013402938843,0.10704848170280457,-0.5104113221168518,0.9079949259757996,0.1402427852153778,0.23744234442710876,0.9368802309036255,-0.13229361176490784,0.23398438096046448,0.9602893590927124,0.14151268673848322,0.0630101241597279,-0.04137678466192107,-0.037486748978243056,0.0,0.0,0.0,0,0,1,1.0
crossover_11_05_01_fps30.mp4,118,0.11392229795455933,-0.14647026658058165,0.1454041590050953,0.042774051427841187,0.01894626021385193,0.9646037817001343,-0.09858804941177368,-0.007898420095443726,0.9552170634269714,0.002893298864364624,0.1181153953075409,-0.5302528738975525,0.9553187489509583,-0.1443997323513031,0.09030142426490784,-0.531810462474823,0.9025007486343384,0.1414380967617035,0.2369966208934784,0.9409286975860596,-0.13102573156356812,0.23124495148658752,0.9504975080490112,0.15183593549146301,0.055141622100207344,-0.023769838054005676,-0.02098891169337902,0.0,0.0,0.0,0,0,1,1.0
crossover_11_05_01_fps30.mp4,119,0.11281095445156097,-0.15092202561386558,0.12430471661614206,0.0451803058385849,0.021957188844680786,0.966763436794281,-0.10435841977596283,-0.01681390404701233,0.954796552658081,0.003697440028190613,0.11629363894462585,-0.5279278755187988,0.9582611322402954,-0.15547595918178558,0.06729093194007874,-0.5275893211364746,0.9064708948135376,0.14382831752300262,0.2365730106830597,0.9453509449958801,-0.1294291466474533,0.231160968542099,0.9488658308982849,0.15482685981732647,0.05719536654336208,-0.021099442388953227,-0.004451759033283931,0.0,0.0,0.0,0,0,1,1.0
crossover_11_05_01_fps30.mp4,120,0.113355353474617,-0.1444950260348239,0.11648355824191392,0.0453779399394989,0.020341068506240845,0.9689891338348389,-0.10018059611320496,-0.022629529237747192,0.9482654333114624,0.00576665997505188,0.11723825335502625,-0.5365550518035889,0.9614408016204834,-0.1467651128768921,0.05594709515571594,-0.4975436329841614,0.9050098657608032,0.14356109499931335,0.23540201783180237,0.9492007493972778,-0.12989047169685364,0.23056021332740784,0.9463884830474854,0.15026358124057956,0.06057901168933958,-0.007821158374228143,0.006426999579041692,0.0,0.0,0.0,0,0,1,1.0
crossover_11_05_01_fps30.mp4,121,0.1144905537366867,-0.12232532405247121,0.1285676018493932,0.04588969051837921,0.018567413091659546,0.9708542823791504,-0.0898948460817337,-0.023469775915145874,0.9326130747795105,0.00950188934803009,0.12074282765388489,-0.5733306407928467,0.963785707950592,-0.12906725704669952,0.061933547258377075,-0.5019380450248718,0.8821637630462646,0.1420099288225174,0.23451831936836243,0.950684130191803,-0.1315760761499405,0.23005732893943787,0.9381371736526489,0.13205923399805106,0.06697425543996126,0.012084043607479278,0.022169701982352685,0.0,0.0,0.0,0,0,1,1.0
crossover_11_05_01_fps30.mp4,122,0.11668162047863007,-0.08374592469910441,0.16406252282421763,0.04793578386306763,0.01505550742149353,0.9711201786994934,-0.08301195502281189,-0.02394065260887146,0.9091270565986633,0.017019450664520264,0.12429961562156677,-0.5333413481712341,0.963125467300415,-0.0918479859828949,0.08134201169013977,-0.4844142198562622,0.8204305768013,0.14111250638961792,0.2330167591571808,0.952100932598114,-0.1322554349899292,0.22956064343452454,0.9361819624900818,0.10832704953694068,0.08311634231202307,0.03549492097482443,0.038579399353366794,0.0,0.0,0.0,0,0,1,1.0
crossover_11_05_01_fps30.mp4,123,0.11880700290203094,-0.017896163059493264,0.2261813261160036,0.05157703161239624,0.015363186597824097,0.9718112945556641,-0.06435012817382812,-0.023710638284683228,0.9162618517875671,0.023555219173431396,0.12387159466743469,-0.4610397219657898,0.9627004861831665,-0.055903077125549316,0.07911106944084167,-0.4631039500236511,0.8336677551269531,0.13992828130722046,0.2335939109325409,0.9554073214530945,-0.13307878375053406,0.23017296195030212,0.9408362507820129,0.11038794426067691,0.1519018956936436,0.062118803291785984,0.06584976163961115,0.0,0.0,0.0,1,1,0,1.0
crossover_11_05_01_fps30.mp4,124,0.12212556600570679,0.04680461024833937,0.24779763003674948,0.06344911456108093,-0.0033809244632720947,0.9707680940628052,-0.05135786533355713,-0.013830035924911499,0.9244050979614258,0.058812886476516724,0.10067054629325867,-0.4690813422203064,0.9570295810699463,-0.021868914365768433,0.09764364361763,-0.5318703055381775,0.8496556878089905,0.1390416920185089,0.23430529236793518,0.9569189548492432,-0.1335940659046173,0.23101606965065002,0.944847583770752,0.1476163184368055,0.1651129087033403,0.021616303920745872,0.06470077330783264,0.0,0.0,0.0,1,1,0,1.0
crossover_11_05_01_fps30.mp4,125,0.122529536485672,0.08481358047259058,0.2022533392033926,0.07728993892669678,-0.00844833254814148,0.9710797071456909,-0.044284045696258545,-0.0027981698513031006,0.9318227767944336,0.08545935153961182,0.09853771328926086,-0.4753047227859497,0.9521067142486572,-0.0011286139488220215,0.10390344262123108,-0.5378478169441223,0.8644348382949829,0.13370281457901,0.23470142483711243,0.956168532371521,-0.13899150490760803,0.23246684670448303,0.948035478591919,0.10371763629697274,0.13060919929197082,-0.04554429083335687,0.038008970224251204,0.0,0.0,0.0,1,0,0,1.0
crossover_11_05_01_fps30.mp4,126,0.12388381361961365,,,0.08803349733352661,-0.01733344793319702,0.9718733429908752,-0.04164159297943115,0.001444697380065918,0.9385419487953186,0.11127728223800659,0.0760926604270935,-0.46946054697036743,0.9513605237007141,0.007499754428863525,0.10156947374343872,-0.5288071632385254,0.8778138160705566,0.12908810377120972,0.23266899585723877,0.9520453214645386,-0.14407873153686523,0.23260867595672607,0.9502353668212891,,,0.0,0.0,0.0,0.0,0.0,0,0,1,0.0
crossover_11_05_01_fps30.mp4,127,0.12097068130970001,0.1415729202456394,0.13262927590346918,0.09669587016105652,-0.01871258020401001,0.9735134840011597,-0.04049411416053772,0.008712232112884521,0.9446170926094055,0.13941892981529236,0.06645119190216064,-0.48839452862739563,0.9539079666137695,0.010771602392196655,0.10146701335906982,-0.5674078464508057,0.8899604082107544,0.12754234671592712,0.23582321405410767,0.9537895917892456,-0.14465239644050598,0.2354145646095276,0.9540077447891235,0.06621312918793579,0.13446215586209911,-0.06962406329992343,0.05675933977304881,0.0,0.0,0.0,0,0,1,1.0
crossover_11_05_01_fps30.mp4,128,0.12044718861579895,0.14655150831755948,0.11982830806476319,0.10071733593940735,-0.023080378770828247,0.9753956198692322,-0.04045704007148743,0.011821597814559937,0.9500836730003357,0.14798930287361145,0.0532471239566803,-0.503803014755249,0.9571114182472229,0.008664220571517944,0.10223671793937683,-0.5949838757514954,0.900891900062561,0.12811878323554993,0.23787996172904968,0.9562344551086426,-0.14426088333129883,0.23742607235908508,0.9579304456710815,0.06659670660340376,0.13900492137006965,-0.01280096783870599,0.004978588071920087,0.0,0.0,0.0,0,0,1,1.0
crossover_11_05_01_fps30.mp4,129,0.1207040399312973,0.13570061123977273,0.12540641892247084,0.09718093276023865,-0.02604612708091736,0.9753613471984863,-0.04402133822441101,0.010743886232376099,0.9550068378448486,0.1301122009754181,0.05367448925971985,-0.4457536041736603,0.9560794234275818,0.002190142869949341,0.1011492908000946,-0.5488119125366211,0.9107493758201599,0.1291867196559906,0.2390461266040802,0.9578819274902344,-0.14386409521102905,0.23899629712104797,0.9614876508712769,0.07194928813007534,0.13569618059869992,0.005578110857707652,-0.010850897077786748,0.0,0.0,0.0,0,0,1,1.0
crossover_11_05_01_fps30.mp4,130,0.12170223891735077,0.10511675891229666,0.15126909686297907,0.09088963270187378,-0.02307194471359253,0.9767485857009888,-0.04761388897895813,0.008740067481994629,0.959394097328186,0.11005693674087524,0.06530594825744629,-0.4637626111507416,0.9581315517425537,-0.008723556995391846,0.09821665287017822,-0.5149445533752441,0.919572651386261,0.1300705075263977,0.23989266157150269,0.9582554697990417,-0.14321810007095337,0.23839038610458374,0.9641159772872925,0.08610498403202274,0.12559529983073245,0.025862677940508227,-0.03058385232747607,0.0,0.0,0.0,0,0,1,1.0
crossover_11_05_01_fps30.mp4,131,0.11888362467288971,0.04688695537841925,0.20956674901450556,0.07866641879081726,-0.018360674381256104,0.9777405261993408,-0.04744225740432739,0.011447429656982422,0.9632986783981323,0.07322260737419128,0.07399541139602661,-0.4310661852359772,0.9590723514556885,-0.019377440214157104,0.10153669118881226,-0.4874843657016754,0.9273732900619507,0.13088896870613098,0.2431180477142334,0.9608980417251587,-0.14239418506622314,0.24140828847885132,0.9671609401702881,0.13810559058092478,0.12673382941058828,0.05829765215152649,-0.05822980353387741,0.0,0.0,0.0,1,1,0,1.0
crossover_11_05_01_fps30.mp4,132,0.11938533186912537,-0.014759953749381882,0.2715059169908849,0.06280910968780518,-0.015075087547302246,0.9796768426895142,-0.05283275246620178,0.00769805908203125,0.966101348400116,0.045728862285614014,0.09640216827392578,-0.45101428031921387,0.9626743197441101,-0.04346013069152832,0.10094374418258667,-0.4999326467514038,0.9312670826911926,0.13364827632904053,0.24432158470153809,0.9631019234657288,-0.1403343677520752,0.24116075038909912,0.9691019058227539,0.18525717173714903,0.17295998077473962,0.06193916797637933,-0.06164690912780113,0.0,0.0,0.0,1,1,0,1.0
crossover_11_05_01_fps30.mp4,133,0.12003110349178314,-0.0628570128295381,0.23254882606064398,0.04870027303695679,-0.006926983594894409,0.981180727481842,-0.06448623538017273,0.002034217119216919,0.9653250575065613,0.020205974578857422,0.1067972481250763,-0.4623463749885559,0.9656044840812683,-0.07024341821670532,0.09900489449501038,-0.46340757608413696,0.9272223114967346,0.1357133388519287,0.24330279231071472,0.9651004672050476,-0.13865861296653748,0.23990461230278015,0.9693745970726013,0.15070805960695144,0.13374804911680097,-0.03895709093024091,-0.04809705908015621,0.0,0.0,0.0,1,1,0,1.0
crossover_11_05_01_fps30.mp4,134,0.12235932052135468,-0.10278205225023174,0.17889193834328065,0.041825056076049805,-0.0009833276271820068,0.981208324432373,-0.07760262489318848,-0.0015088021755218506,0.9625012278556824,0.006115376949310303,0.10925433039665222,-0.5059528350830078,0.9654918909072876,-0.09597429633140564,0.10862764716148376,-0.5094540119171143,0.9140031933784485,0.14004629850387573,0.23896750807762146,0.9638658761978149,-0.13402047753334045,0.23444369435310364,0.95639568567276,0.129259609030809,0.07059331523544317,-0.05365688771736332,-0.03992503942069364,0.0,0.0,0.0,0,0,0,1.0
crossover_11_05_01_fps30.mp4,135,0.12076397240161896,-0.12977146253747457,0.1486563294399076,0.03692317008972168,0.004007905721664429,0.9802928566932678,-0.08799159526824951,-0.005663365125656128,0.9490743279457092,-0.003958582878112793,0.10940095782279968,-0.5436112284660339,0.9641628861427307,-0.1257152259349823,0.09650024771690369,-0.5270717144012451,0.884181797504425,0.1397525668144226,0.23879095911979675,0.9621926546096802,-0.13430368900299072,0.23431065678596497,0.9365190863609314,0.13179478323886074,0.05231357296220608,-0.030235608903373068,-0.026989410287242832,0.0,0.0,0.0,0,0,1,1.0
crossover_11_05_01_fps30.mp4,136,0.11903166770935059,-0.14098095823142487,0.1300979087992412,0.0363297164440155,0.0076760053634643555,0.9810172319412231,-0.09501320123672485,-0.017401278018951416,0.9473026394844055,-0.006752103567123413,0.11351919174194336,-0.565581202507019,0.9662806391716003,-0.14040273427963257,0.06543326377868652,-0.5309755206108093,0.8882086873054504,0.13996651768684387,0.2391451597213745,0.9633225202560425,-0.13401424884796143,0.2354809045791626,0.930662214756012,0.13524880511027113,0.06466723017551296,-0.018558420640666373,-0.0112094956939503,0.0,0.0,0.0,0,0,1,1.0
crossover_11_05_01_fps30.mp4,137,0.11778365075588226,-0.1397266512199984,0.12037830759839319,0.03717878460884094,0.010852932929992676,0.9818131923675537,-0.09608492255210876,-0.021129369735717773,0.9459226131439209,-0.0040562450885772705,0.11576652526855469,-0.5616617202758789,0.9687020182609558,-0.14193281531333923,0.05869871377944946,-0.503913402557373,0.8937397003173828,0.13952192664146423,0.23982852697372437,0.9638767242431641,-0.1349051594734192,0.2365199327468872,0.9258114695549011,0.13574876660994956,0.06171903639620945,-0.009719601200848027,0.001254307011426481,0.0,0.0,0.0,0,0,1,1.0
crossover_11_05_01_fps30.mp4,138,0.11739327013492584,-0.12703514260760806,0.12578116117454152,0.03899943828582764,0.012265890836715698,0.9822258353233337,-0.08821922540664673,-0.02076241374015808,0.9416947364807129,0.0018480420112609863,0.11814066767692566,-0.5668749213218689,0.9705624580383301,-0.12872546911239624,0.0617959201335907,-0.49191001057624817,0.8925039768218994,0.13913100957870483,0.24051663279533386,0.9637057781219482,-0.13607090711593628,0.2378527820110321,0.9239357709884644,0.12910945905853913,0.06400756419956447,0.0054028535761483365,0.012691508612390323,0.0,0.0,0.0,0,0,1,1.0
crossover_11_05_01_fps30.mp4,139,0.11807084083557129,-0.09745122285212499,0.15397623239493952,0.041871994733810425,0.012337058782577515,0.9814389944076538,-0.08343750238418579,-0.016965776681900024,0.934923529624939,0.010610491037368774,0.12338873744010925,-0.5506811141967773,0.969922661781311,-0.11375170946121216,0.09412935376167297,-0.5047000646591187,0.8616356253623962,0.13861927390098572,0.24114975333213806,0.9614557027816772,-0.13641691207885742,0.23916533589363098,0.9197719097137451,0.11230729654099317,0.06202704850174612,0.028195071220397994,0.02958391975548308,0.0,0.0,0.0,0,0,1,1.0
crossover_11_05_01_fps30.mp4,140,0.11959099769592285,-0.042182613328351826,0.2069945679932106,0.041234344244003296,0.011043697595596313,0.9823773503303528,-0.07304218411445618,-0.01703241467475891,0.9389471411705017,0.022194892168045044,0.12536880373954773,-0.5207136869430542,0.9717037677764893,-0.07232502102851868,0.09084853529930115,-0.47903746366500854,0.8698939085006714,0.13761839270591736,0.24119582772254944,0.9630802869796753,-0.13628536462783813,0.23772123456001282,0.9247868061065674,0.1039578212735009,0.11999360671509861,0.05301833559827107,0.05526860952377316,0.0,0.0,0.0,1,1,0,1.0
crossover_11_05_01_fps30.mp4,141,0.1227288544178009,0.017192378690687238,0.2770822650048791,0.058181703090667725,-0.0062580108642578125,0.9837164282798767,-0.05906692147254944,-0.016791880130767822,0.9448866844177246,0.05404907464981079,0.09950226545333862,-0.4507432281970978,0.9740326404571533,-0.035581111907958984,0.10187822580337524,-0.509111762046814,0.8823431134223938,0.13581711053848267,0.24087321758270264,0.9650201201438904,-0.13734793663024902,0.23702818155288696,0.9315052032470703,0.18136447358219965,0.18297949792937868,0.0700876970116685,0.05937499201903906,0.0,0.0,0.0,1,1,0,1.0
crossover_11_05_01_fps30.mp4,142,0.12297788262367249,0.05440699377302394,0.2308185469813463,0.07101663947105408,-0.012613415718078613,0.9818674921989441,-0.04911366105079651,-0.008149921894073486,0.9501854777336121,0.07164284586906433,0.08639699220657349,-0.470383882522583,0.9658557176589966,-0.020327717065811157,0.10157650709152222,-0.538847804069519,0.8936919569969177,0.13290807604789734,0.24005651473999023,0.9657526016235352,-0.1398475468158722,0.23731869459152222,0.9371107816696167,0.1454464165286972,0.1492942794585485,-0.046263718023532796,0.0372146150823367,0.0,0.0,0.0,1,1,0,1.0
crossover_11_05_01_fps30.mp4,143,0.120699942111969,0.09336520655680514,0.1829133500413197,0.08764433860778809,-0.00766339898109436,0.9807447791099548,-0.04290059208869934,0.0056047141551971436,0.9548676609992981,0.10351401567459106,0.09464749693870544,-0.4812493920326233,0.959722638130188,-0.002310633659362793,0.10733070969581604,-0.53719562292099,0.9037462472915649,0.1296117901802063,0.2422216832637787,0.936182975769043,-0.14312586188316345,0.24113395810127258,0.9310444593429565,0.08884739247969821,0.12192867555529115,-0.047905196940026595,0.0389582127837812,0.0,0.0,0.0,0,0,1,1.0
crossover_11_05_01_fps30.mp4,144,0.11884750425815582,0.12893280386924744,0.14807574341936813,0.09582045674324036,-0.015416383743286133,0.9782629609107971,-0.039405256509780884,0.011066973209381104,0.9592465758323669,0.12132558226585388,0.06882798671722412,-0.4597052037715912,0.9511359930038452,0.007280141115188599,0.1078309416770935,-0.534887433052063,0.9132140278816223,0.1269361674785614,0.24277549982070923,0.9350684285163879,-0.14541620016098022,0.2417270541191101,0.9357380270957947,0.07961203905720132,0.12813670208971265,-0.03483760662195157,0.0355675973124423,0.0,0.0,0.0,0,0,1,1.0
crossover_11_05_01_fps30.mp4,145,0.11917874217033386,0.1539223306259867,0.12305219784015564,0.10490229725837708,-0.019298076629638672,0.9774426221847534,-0.03883805871009827,0.013645648956298828,0.9631752371788025,0.1513098180294037,0.054623305797576904,-0.5009804964065552,0.9496141076087952,0.009615093469619751,0.10663163661956787,-0.5693172812461853,0.9217290282249451,0.1267610490322113,0.24274718761444092,0.9337387681007385,-0.14634186029434204,0.24169498682022095,0.9392479658126831,0.06847874479166656,0.14523847123439093,-0.02502354557921249,0.024989526756739266,0.0,0.0,0.0,0,0,1,1.0
crossover_11_05_01_fps30.mp4,146,0.12133459746837616,0.16276867137116902,0.10692750564435638,0.11137530207633972,-0.026269078254699707,0.9777228832244873,-0.04170677065849304,0.010803520679473877,0.9667462706565857,0.16401568055152893,0.04433506727218628,-0.5105739831924438,0.9489912986755371,0.0066197216510772705,0.10381364822387695,-0.557866096496582,0.929405689239502,0.1256943643093109,0.2412407398223877,0.9354228377342224,-0.14775222539901733,0.23954039812088013,0.9442600011825562,0.06260485902284114,0.1561799942589409,-0.01612469219579926,0.008846340745182313,0.0,0.0,0.0,0,0,1,1.0
crossover_11_05_01_fps30.mp4,147,0.12147663533687592,0.15476685277486246,0.10354951591026496,0.10769611597061157,-0.026058733463287354,0.9783126711845398,-0.04570990800857544,0.00962519645690918,0.9699868559837341,0.15538311004638672,0.0379185676574707,-0.4882567822933197,0.9513072371482849,0.0008213520050048828,0.10112833976745605,-0.5530449748039246,0.9363828301429749,0.1250070333480835,0.24080222845077515,0.9399269819259644,-0.14822274446487427,0.2393527626991272,0.9495086073875427,0.06563384143554042,0.15396453910299193,-0.0033779897340914244,-0.008001818596306554,0.0,0.0,0.0,0,0,1,1.0
crossover_11_05_01_fps30.mp4,148,0.12179623544216156,0.13077426966974293,0.12028698979354491,0.0961804986000061,-0.026127517223358154,0.9719688296318054,-0.05054140090942383,0.00934523344039917,0.9729030728340149,0.1263166069984436,0.04578077793121338,-0.4257705807685852,0.9350790977478027,-0.00897824764251709,0.09847843647003174,-0.5236483216285706,0.9426766037940979,0.1236005425453186,0.24133062362670898,0.943932056427002,-0.14899155497550964,0.23984605073928833,0.9542563557624817,0.07463944240524394,0.14144390793943037,0.016737473883279952,-0.023992583105119536,0.0,0.0,0.0,0,0,1,1.0
crossover_11_05_01_fps30.mp4,149,0.12261620163917542,0.09062308305400912,0.15870990796786988,0.09176596999168396,-0.024077802896499634,0.9736553430557251,-0.05149012804031372,0.008504003286361694,0.9755144119262695,0.11165514588356018,0.07202675938606262,-0.44497179985046387,0.9397450685501099,-0.014889627695083618,0.09720227122306824,-0.4988349974155426,0.9482941627502441,0.1243228018283844,0.24064072966575623,0.9470868110656738,-0.14685794711112976,0.239822119474411,0.9582682847976685,0.08919818336110807,0.12213157457247566,0.03842291817432497,-0.0401511866157338,0.0,0.0,0.0,0,0,0,1.0
crossover_11_05_01_fps30.mp4,150,0.121819868683815,0.030956918708348713,0.22527083129417602,0.07908380031585693,-0.021746456623077393,0.975132167339325,-0.053949713706970215,0.009340643882751465,0.9778355360031128,0.06982821226119995,0.07499265670776367,-0.39158082008361816,0.9432073831558228,-0.02947390079498291,0.1054466962814331,-0.49072885513305664,0.9531701803207397,0.12470287084579468,0.24182289838790894,0.9516934752464294,-0.14628878235816956,0.2409636378288269,0.9621908664703369,0.15522405489967128,0.13420025066070587,0.06656092332630614,-0.05966616434566041,0.0,0.0,0.0,1,0,0,1.0
crossover_11_05_01_fps30.mp4,151,0.12181700766086578,-0.0230096910969686,0.27776989747838277,0.06647810339927673,-0.00978657603263855,0.977134644985199,-0.06074073910713196,-0.0015710890293121338,0.978539228439331,0.03926995396614075,0.10716637969017029,-0.44848740100860596,0.9481467008590698,-0.056300193071365356,0.09619787335395813,-0.5012379884719849,0.9509057998657227,0.12673422694206238,0.24348095059394836,0.9518837928771973,-0.14434364438056946,0.2423844039440155,0.963737428188324,0.1816158431164523,0.18459863885291233,0.052499066184206744,-0.05396660980531731,0.0,0.0,0.0,1,0,0,1.0
crossover_11_05_01_fps30.mp4,152,0.12201723456382751,-0.05798174304477238,0.21879823396845566,0.05419313907623291,-0.0015371739864349365,0.978894054889679,-0.06859219074249268,-0.005735844373703003,0.9767274856567383,0.019376158714294434,0.10772708058357239,-0.47074800729751587,0.9526578783988953,-0.0787690281867981,0.08842304348945618,-0.48314136266708374,0.9423348903656006,0.12989401817321777,0.24411889910697937,0.954902708530426,-0.14123132824897766,0.241595059633255,0.964882493019104,0.1353552587778314,0.13202197361049894,-0.05897166350992711,-0.034972051947803784,0.0,0.0,0.0,1,0,0,1.0
crossover_11_05_01_fps30.mp4,153,0.12320218980312347,-0.09572843404139503,0.16576282134870202,0.04961875081062317,-0.0014927983283996582,0.9796669483184814,-0.08071005344390869,-0.005911707878112793,0.9771616458892822,0.00987890362739563,0.10598492622375488,-0.4995284676551819,0.9550588130950928,-0.10327067971229553,0.10678684711456299,-0.5198407769203186,0.9441160559654236,0.13470229506492615,0.24301481246948242,0.956635057926178,-0.13678687810897827,0.2397289276123047,0.9638659358024597,0.12135199427722294,0.059456294928510706,-0.05303541261975364,-0.037746690996622645,0.0,0.0,0.0,0,0,1,1.0
crossover_11_05_01_fps30.mp4,154,0.12318575382232666,-0.1229161528207488,0.12774355222539202,0.04725220799446106,-0.0016271770000457764,0.9779570698738098,-0.08983954787254333,-0.01703360676765442,0.9686121940612793,-0.0015913546085357666,0.10170677304267883,-0.5213823318481445,0.953166663646698,-0.12491312623023987,0.07511034607887268,-0.5193625688552856,0.9224897027015686,0.13657459616661072,0.24386551976203918,0.9499349594116211,-0.13515546917915344,0.23949924111366272,0.9379442930221558,0.12408714893752527,0.052671076427772155,-0.038019269123309996,-0.027187718779353776,0.0,0.0,0.0,0,0,1,1.0
crossover_11_05_01_fps30.mp4,155,0.12338261306285858,-0.14278611035670263,0.09717418478756412,0.046362847089767456,-0.0005896091461181641,0.9763883948326111,-0.09570801258087158,-0.030531883239746094,0.96638423204422,-0.006411939859390259,0.09774953126907349,-0.5633387565612793,0.9528534412384033,-0.13848459720611572,0.041796326637268066,-0.49309325218200684,0.9212257266044617,0.1374146044254303,0.24593889713287354,0.9463512301445007,-0.13427919149398804,0.24152135848999023,0.9287360906600952,0.13637538415126027,0.05554466840929905,-0.0305693674378279,-0.01986995753595383,0.0,0.0,0.0,0,0,1,1.0
crossover_11_05_01_fps30.mp4,156,0.12390436232089996,-0.1541535544193397,0.06807981424215359,0.044478923082351685,7.745623588562012e-05,0.9767072796821594,-0.10265815258026123,-0.04475864768028259,0.9612848162651062,-0.010316461324691772,0.08646532893180847,-0.5332708358764648,0.9554048776626587,-0.1478593945503235,0.018400758504867554,-0.4925844371318817,0.9138079881668091,0.13728085160255432,0.24718675017356873,0.9493408799171448,-0.13443180918693542,0.24260428547859192,0.927453339099884,0.1450073670553394,0.05007619222150489,-0.02909437054541053,-0.011367444062637067,0.0,0.0,0.0,0,0,1,1.0
crossover_11_05_01_fps30.mp4,157,0.12364333868026733,-0.15760535820055815,0.040705067064704004,0.04518571496009827,0.0005381107330322266,0.9746728539466858,-0.10433393716812134,-0.05793541669845581,0.9328547716140747,-0.009531646966934204,0.07683014869689941,-0.42707502841949463,0.9551138281822205,-0.14625465869903564,-0.0070906877517700195,-0.22698819637298584,0.8702545166015625,0.13735756278038025,0.25044965744018555,0.9531784653663635,-0.13451015949249268,0.2465687394142151,0.9313910603523254,0.1524166837371534,0.04912507056127618,-0.027374747177449588,-0.0034518037812184543,0.0,0.0,0.0,0,0,1,1.0
crossover_11_05_01_fps30.mp4,158,0.12433652579784393,-0.15614856249195036,0.01806730409947832,0.04758140444755554,-0.001249074935913086,0.975391685962677,-0.1020243763923645,-0.06367799639701843,0.9091136455535889,-0.005792051553726196,0.0691080093383789,-0.4199328124523163,0.9577170014381409,-0.1442662477493286,-0.016566812992095947,-0.24016770720481873,0.8373792171478271,0.1378897726535797,0.25452399253845215,0.9570523500442505,-0.13325035572052002,0.251213014125824,0.9368166327476501,0.15878360738061298,0.03661572709035836,-0.022637762965225683,0.0014567957086077943,0.0,0.0,0.0,0,0,1,1.0
crossover_11_05_01_fps30.mp4,159,0.126837357878685,-0.15214946330603907,4.965052372074563e-05,0.051277101039886475,-0.008119076490402222,0.9746830463409424,-0.09893384575843811,-0.06762123107910156,0.8787906765937805,-0.0008168220520019531,0.05929884314537048,-0.21932484209537506,0.9592031240463257,-0.13589495420455933,-0.03257271647453308,-0.0724109336733818,0.8180797100067139,0.13965857028961182,0.2561206519603729,0.959078311920166,-0.13134944438934326,0.25319311022758484,0.9405520558357239,0.16251779944129335,0.036447604786856,-0.018017653575757575,0.003999099185911292,0.0,0.0,0.0,0,0,1,1.0
crossover_11_05_01_fps30.mp4,160,0.1304892599582672,-0.1464888424186383,-0.008652329444885254,0.05447128415107727,-0.015820086002349854,0.976477861404419,-0.09747588634490967,-0.06395307183265686,0.8742228746414185,0.00457116961479187,0.05166172981262207,-0.5911015272140503,0.9619832038879395,-0.13116341829299927,-0.040193766355514526,-0.7556353807449341,0.8092622756958008,0.140784353017807,0.25464534759521484,0.9614818096160889,-0.12968316674232483,0.2520890235900879,0.9429572820663452,0.16265581139220994,0.03506751868920762,-0.008701979968606,0.005660620887400769,0.0,0.0,0.0,0,0,1,1.0
crossover_11_05_01_fps30.mp4,161,0.1323687732219696,-0.14045704603195192,-0.006910715015923108,0.05732858180999756,-0.025092095136642456,0.9779202342033386,-0.09530851244926453,-0.059060871601104736,0.861732006072998,0.01120913028717041,0.04698565602302551,-0.6008157730102539,0.9642480611801147,-0.12531054019927979,-0.037927478551864624,-0.7979051470756531,0.7941279411315918,0.14115405082702637,0.25350168347358704,0.9637895822525024,-0.12850642204284668,0.2514112889766693,0.9447564482688904,0.16095790707645002,0.03451747759010908,0.001741614428962146,0.006031796386686383,0.0,0.0,0.0,0,0,1,1.0
crossover_11_05_01_fps30.mp4,162,0.13187161087989807,-0.1340164915484897,0.013296109292565306,0.06013207137584686,-0.027471601963043213,0.9783932566642761,-0.09124268591403961,-0.053431957960128784,0.8616414666175842,0.016009017825126648,0.04353064298629761,-0.6068934202194214,0.9643599390983582,-0.11207877099514008,-0.03016132116317749,-0.8080256581306458,0.7878367900848389,0.14098255336284637,0.2491183876991272,0.9652948975563049,-0.127833291888237,0.2510311007499695,0.9448274970054626,0.15304176060961427,0.048680713274279176,0.020206824308488414,0.006440554483462202,0.0,0.0,0.0,0,0,1,1.0
crossover_11_05_01_fps30.mp4,163,0.12996186316013336,-0.12940886591450645,0.0520795455793055,0.06113971769809723,-0.02822977304458618,0.9773876070976257,-0.09260253608226776,-0.041575849056243896,0.835748553276062,0.017754271626472473,0.04422682523727417,-0.5518800020217896,0.9621767997741699,-0.11095203459262848,0.021966516971588135,-0.5430905818939209,0.7340230941772461,0.13952262699604034,0.2485285997390747,0.9654647707939148,-0.12768001854419708,0.25065046548843384,0.942040741443634,0.1473725017351447,0.03531924566540826,0.03878343628674019,0.004607625633983259,0.0,0.0,0.0,0,0,1,1.0
crossover_11_05_01_fps30.mp4,164,0.1303747594356537,-0.1263259820008682,0.12547162698536385,0.06321784853935242,-0.030048459768295288,0.9781696796417236,-0.08965012431144714,-0.02102026343345642,0.8492552042007446,0.019916146993637085,0.04437944293022156,-0.5309711694717407,0.9640461206436157,-0.1095319390296936,0.06862905621528625,-0.48549380898475647,0.7578722834587097,0.1414182484149933,0.2444479763507843,0.9646921753883362,-0.1259649097919464,0.24638935923576355,0.9350459575653076,0.16722052089285752,0.05927155920902485,0.07339208140605835,0.003082883913638257,0.0,0.0,0.0,0,0,0,1.0
crossover_11_05_01_fps30.mp4,165,0.13007263839244843,-0.12180447775428577,0.2294604880053822,0.06330905854701996,-0.03358882665634155,0.9772735834121704,-0.0894380658864975,-0.008692264556884766,0.8601641654968262,0.02001260221004486,0.04350078105926514,-0.5325139164924622,0.9641712307929993,-0.11005653440952301,0.09789925813674927,-0.5098146796226501,0.7746665477752686,0.14076052606105804,0.24226367473602295,0.9618164300918579,-0.12405626475811005,0.23513007164001465,0.9220898747444153,0.23386555278000026,0.13208471288297913,0.10398886102001836,0.004521504246582431,0.0,0.0,0.0,1,0,0,1.0
crossover_11_05_01_fps30.mp4,166,0.12827685475349426,-0.1178541183976804,0.2532533146986147,0.06387098133563995,-0.03289332985877991,0.9749916791915894,-0.08891801536083221,-0.0012249648571014404,0.871417224407196,0.021492794156074524,0.04236385226249695,-0.52547687292099,0.9627994298934937,-0.10863219201564789,0.10968056321144104,-0.5291602611541748,0.7930270433425903,0.14047439396381378,0.24074652791023254,0.9523938298225403,-0.12117971479892731,0.2321997582912445,0.9078028798103333,0.2527685253445502,0.14386861678557053,0.02379282669323246,0.003950359356605371,0.0,0.0,0.0,1,0,0,1.0
crossover_11_05_01_fps30.mp4,167,0.12886817753314972,-0.11504006693928931,0.17413284647755511,0.06706883013248444,-0.029392510652542114,0.9677788615226746,-0.08241905272006989,-0.004390686750411987,0.8775594234466553,0.02437014877796173,0.04104331135749817,-0.5697889924049377,0.949068009853363,-0.10273213684558868,0.0994211733341217,-0.5475872159004211,0.8014926314353943,0.14040757715702057,0.23759928345680237,0.9446616172790527,-0.12310962378978729,0.2325390875339508,0.8851388692855835,0.19273824894089742,0.07571868492705516,-0.07912046822105956,0.002814051458391087,0.0,0.0,0.0,1,0,0,1.0
crossover_11_05_01_fps30.mp4,168,0.13099128007888794,-0.11255683025061075,0.11833092279550506,0.06968353688716888,-0.027877360582351685,0.9682844281196594,-0.0769176036119461,-0.013925641775131226,0.8813356161117554,0.02703551948070526,0.037241727113723755,-0.5529187321662903,0.9509124755859375,-0.09967832267284393,0.07492843270301819,-0.5210910439491272,0.807820200920105,0.14021103084087372,0.23240843415260315,0.942528486251831,-0.124116912484169,0.2287396490573883,0.8805098533630371,0.16143568923824825,0.045272862772957244,-0.05580192368205006,0.0024832366886785584,0.0,0.0,0.0,0,0,0,1.0
crossover_11_05_01_fps30.mp4,169,0.12947291135787964,-0.10609183761022861,0.08600926878975657,0.07171221077442169,-0.027505606412887573,0.9704448580741882,-0.07430173456668854,-0.02093842625617981,0.8816206455230713,0.031084254384040833,0.038042813539505005,-0.5527389645576477,0.95453941822052,-0.09646432101726532,0.06005564332008362,-0.555178701877594,0.7935305833816528,0.13995672762393951,0.22967174649238586,0.9442006349563599,-0.12450526654720306,0.22724184393882751,0.8863298296928406,0.14532054584295595,0.027681758447899222,-0.03232165400574849,0.006464992640382139,0.0,0.0,0.0,0,0,1,1.0
crossover_11_05_01_fps30.mp4,170,0.1334703117609024,-0.10161131534536005,0.08419151277076908,0.07228682935237885,-0.03237563371658325,0.9716746807098389,-0.0748986154794693,-0.023939430713653564,0.8817207217216492,0.033891722559928894,0.03673756122589111,-0.5040854811668396,0.9560545682907104,-0.08735515177249908,0.0593448281288147,-0.46976909041404724,0.7722064256668091,0.13988731801509857,0.22320210933685303,0.9425073266029358,-0.12545539438724518,0.22201329469680786,0.8881913423538208,0.14357211010076365,0.028646045757013305,-0.001817756018987482,0.004480522264868558,0.0,0.0,0.0,0,0,1,1.0
crossover_11_05_01_fps30.mp4,171,0.13306862115859985,-0.09777512504892832,0.1382556525672355,0.07208345830440521,-0.031799912452697754,0.9715772867202759,-0.0760040432214737,-0.015406012535095215,0.8919361233711243,0.034427985548973083,0.03949052095413208,-0.48819512128829956,0.9555798172950745,-0.08841197192668915,0.07582175731658936,-0.47814518213272095,0.7922497987747192,0.13961027562618256,0.22016334533691406,0.9452813863754272,-0.12641192972660065,0.21922647953033447,0.893783450126648,0.165021858171318,0.06313208306843003,0.054064139796466404,0.0038361902964317296,0.0,0.0,0.0,0,0,1,1.0
crossover_11_05_01_fps30.mp4,172,0.1322024166584015,-0.09303851400391533,0.24252360753896762,0.07203581929206848,-0.029561609029769897,0.972637414932251,-0.0767299234867096,-0.009075075387954712,0.9013408422470093,0.03346768021583557,0.043064504861831665,-0.4921877086162567,0.9564290642738342,-0.08713424205780029,0.09576472640037537,-0.4967249929904938,0.8080434203147888,0.13953897356987,0.22045007348060608,0.9489917159080505,-0.12704023718833923,0.220890074968338,0.901067316532135,0.23619430733346136,0.14687760081191797,0.10426795497173214,0.004736611045012995,0.0,0.0,0.0,1,1,0,1.0
crossover_11_05_01_fps30.mp4,173,0.12907354533672333,-0.09140038980265797,0.2309396550422762,0.07180549204349518,-0.02727368474006653,0.9732531309127808,-0.07741750776767731,-0.005585223436355591,0.9092470407485962,0.03263981640338898,0.04507145285606384,-0.4815366566181183,0.9560678005218506,-0.08654503524303436,0.0995800793170929,-0.49782341718673706,0.8195386528968811,0.14005257189273834,0.22289583086967468,0.9521682262420654,-0.12741918861865997,0.2223750650882721,0.9072107672691345,0.2234568444679495,0.13144927768002312,-0.011583952496691419,0.0016381242012573627,0.0,0.0,0.0,1,1,0,1.0
crossover_11_05_01_fps30.mp4,174,0.1284298598766327,-0.09096004361823457,0.15774916352295298,0.07133068144321442,-0.026986420154571533,0.9729465246200562,-0.07817618548870087,-0.005178868770599365,0.9163962602615356,0.03205181658267975,0.04403948783874512,-0.4870270788669586,0.9546017050743103,-0.08820028603076935,0.09213632345199585,-0.48018524050712585,0.8318038582801819,0.13986964523792267,0.22275584936141968,0.9513224959373474,-0.12837542593479156,0.2217411994934082,0.9066169857978821,0.16751659050463336,0.06567085384033446,-0.07319049151932322,0.00044034618442340134,0.0,0.0,0.0,0,0,0,1.0
crossover_11_05_01_fps30.mp4,175,0.12695777416229248,-0.08947237527976604,0.11172781630260187,0.07096213102340698,-0.025969982147216797,0.9721511602401733,-0.0781492292881012,-0.00754779577255249,0.9175381660461426,0.03125375509262085,0.04351460933685303,-0.49218207597732544,0.9500211477279663,-0.08646178245544434,0.08381879329681396,-0.48195531964302063,0.81044602394104,0.1391434669494629,0.2229333519935608,0.9526875019073486,-0.1298239827156067,0.2218174934387207,0.9090400338172913,0.13866448773656015,0.028070932194913936,-0.046021347220351116,0.0014876683384685285,0.0,0.0,0.0,0,0,1,1.0
crossover_11_05_01_fps30.mp4,176,0.129465252161026,-0.0854289963083752,0.09097316730313187,0.0698995292186737,-0.028424561023712158,0.9731079936027527,-0.07838353514671326,-0.012790977954864502,0.9109525680541992,0.030538707971572876,0.04064422845840454,-0.47923681139945984,0.9497808218002319,-0.08178851008415222,0.07236319780349731,-0.46632540225982666,0.7554071545600891,0.13794293999671936,0.2202109694480896,0.9525678157806396,-0.13120782375335693,0.21916449069976807,0.9103991389274597,0.1264179991978903,0.018962702991031786,-0.020754648999469993,0.004043378971390843,0.0,0.0,0.0,0,0,1,1.0
crossover_11_05_01_fps30.mp4,177,0.12912581861019135,-0.08267678406278967,0.11424609698900368,0.0701022744178772,-0.028014451265335083,0.973845362663269,-0.07855090498924255,-0.012212961912155151,0.9178071022033691,0.030610859394073486,0.041542261838912964,-0.46732446551322937,0.9501709938049316,-0.07946571707725525,0.07422301173210144,-0.474427193403244,0.7671944499015808,0.13782072067260742,0.22073814272880554,0.9550209641456604,-0.13158190250396729,0.22000333666801453,0.9158311486244202,0.13461031834722373,0.04015169118065706,0.0232729296858718,0.002752212245585528,0.0,0.0,0.0,0,0,1,1.0
crossover_11_05_01_fps30.mp4,178,0.12884950637817383,-0.08054199774386517,0.19122482043940847,0.07016965746879578,-0.027704238891601562,0.9745566844940186,-0.07816633582115173,-0.007997214794158936,0.9251959919929504,0.030703753232955933,0.04214543104171753,-0.4486270844936371,0.9504848718643188,-0.08017396926879883,0.09766137599945068,-0.47432374954223633,0.7866928577423096,0.13774380087852478,0.22143322229385376,0.9562947750091553,-0.13139641284942627,0.2208276391029358,0.9183574914932251,0.1860115089277684,0.09356416825060504,0.0769787234504048,0.0021347863189244976,0.0,0.0,0.0,1,0,0,1.0
crossover_11_05_01_fps30.mp4,179,0.1288067251443863,-0.07937436174538176,0.2734338942097454,0.06953462958335876,-0.027629584074020386,0.9752889275550842,-0.07815951108932495,-0.005664557218551636,0.9321444630622864,0.029677659273147583,0.042360156774520874,-0.46393319964408875,0.9498987793922424,-0.0810234546661377,0.1006411612033844,-0.49179986119270325,0.8051091432571411,0.1368165910243988,0.22175905108451843,0.9583871364593506,-0.132264643907547,0.22133728861808777,0.923389196395874,0.25551402196456624,0.17280060210331688,0.08220907377033693,0.0011676359984834073,0.0,0.0,0.0,1,0,0,1.0
crossover_11_05_01_fps30.mp4,180,0.12866340577602386,-0.08064575538796892,0.2149987228033019,0.06955170631408691,-0.02755877375602722,0.9757801294326782,-0.07675382494926453,-0.005775481462478638,0.937210202217102,0.02928924560546875,0.04080691933631897,-0.45927029848098755,0.9496490955352783,-0.07993388175964355,0.09627893567085266,-0.4845414459705353,0.8162521719932556,0.13654237985610962,0.22223922610282898,0.9597781896591187,-0.13235792517662048,0.2219981849193573,0.9259901642799377,0.2059817682187119,0.11872192139970092,-0.0584351714064435,-0.0012713936425871597,0.0,0.0,0.0,1,0,0,1.0
crossover_11_05_01_fps30.mp4,181,0.12879230082035065,-0.08134582285153663,0.15467559578942092,0.06943976879119873,-0.02771398425102234,0.9763584733009338,-0.07619377970695496,-0.006421715021133423,0.9430079460144043,0.028924167156219482,0.03865060210227966,-0.46368929743766785,0.951235294342041,-0.07746368646621704,0.08810457587242126,-0.4598981440067291,0.8335452079772949,0.13623416423797607,0.22239723801612854,0.960195004940033,-0.13308721780776978,0.22230592370033264,0.9276934266090393,0.16006645450065982,0.0666841186168325,-0.060323127013880984,-0.0007000674635677107,0.0,0.0,0.0,0,0,0,1.0
crossover_11_05_01_fps30.mp4,182,0.12874388694763184,-0.08293626712540447,0.12457349780129223,0.06935018301010132,-0.027620583772659302,0.9774620532989502,-0.07665684819221497,-0.0068066418170928955,0.9484024047851562,0.028778791427612305,0.037443310022354126,-0.5067580938339233,0.953643798828125,-0.07157117128372192,0.06875655055046082,-0.5026847720146179,0.8494058847427368,0.1361827254295349,0.2227395474910736,0.9624105095863342,-0.13353872299194336,0.2226005494594574,0.9317308664321899,0.14167541752151988,0.056962241914207755,-0.030102097988128684,-0.0015904442738678415,0.0,0.0,0.0,0,0,1,1.0
crossover_11_05_01_fps30.mp4,183,0.12874439358711243,-0.08669556904647308,0.12645101052958796,0.06953346729278564,-0.02753627300262451,0.9787610769271851,-0.07778346538543701,-0.007909595966339111,0.9531310200691223,0.028943419456481934,0.038179993629455566,-0.4758470058441162,0.9565756320953369,-0.07297813892364502,0.06634873151779175,-0.47980988025665283,0.8635293245315552,0.13649684190750122,0.22287052869796753,0.9637129902839661,-0.13385692238807678,0.22304242849349976,0.9344921708106995,0.14547902971414822,0.06164780475885958,0.0018775127282957271,-0.003759301921068603,0.0,0.0,0.0,0,0,1,1.0
crossover_11_05_01_fps30.mp4,184,0.12613704800605774,-0.09879918724803599,0.17754634924051238,0.06802952289581299,-0.023172646760940552,0.9784621596336365,-0.0787343978881836,-0.004435151815414429,0.955008864402771,0.027596890926361084,0.042953938245773315,-0.46222740411758423,0.9542889595031738,-0.0778091549873352,0.0972355306148529,-0.4705022871494293,0.860744297504425,0.139174222946167,0.22555777430534363,0.9631367325782776,-0.1312892735004425,0.22572490572929382,0.9310729503631592,0.1846377146610222,0.08300848777461756,0.05109533871092442,-0.012103618201562916,0.0,0.0,0.0,0,0,1,1.0
crossover_11_05_01_fps30.mp4,185,0.12327887117862701,-0.11565124049025066,0.25368512519975983,0.065420001745224,-0.01802772283554077,0.978804349899292,-0.08151665329933167,0.00039637088775634766,0.9561301469802856,0.02290967106819153,0.05085700750350952,-0.5009812116622925,0.9546682834625244,-0.09958484768867493,0.11394506692886353,-0.5175307989120483,0.85122150182724,0.14237454533576965,0.22832316160202026,0.9589531421661377,-0.12753650546073914,0.22727859020233154,0.9240336418151855,0.2456387012262327,0.14066063011094476,0.07613877595924745,-0.01685205324221467,0.0,0.0,0.0,1,0,0,1.0
crossover_11_05_01_fps30.mp4,186,0.12155711650848389,-0.13197873871205218,0.22943566819516625,0.05991631746292114,-0.016224533319473267,0.9763242602348328,-0.08831951022148132,0.0036896169185638428,0.9501678943634033,0.016649723052978516,0.05592033267021179,-0.4952658414840698,0.9515852928161621,-0.11919581890106201,0.11615064740180969,-0.5162468552589417,0.8310256004333496,0.14448672533035278,0.22932544350624084,0.9418731331825256,-0.1244974136352539,0.22274360060691833,0.8906942009925842,0.22846879723274405,0.11400394280482334,-0.024249457004593578,-0.016327498221801517,0.0,0.0,0.0,1,0,0,1.0
crossover_11_05_01_fps30.mp4,187,0.1191222071647644,-0.14526145003609736,0.17041981162094488,0.0561695396900177,-0.012726247310638428,0.976523756980896,-0.09182637929916382,0.003655850887298584,0.9451837539672852,0.008881360292434692,0.06305176019668579,-0.5118046402931213,0.9538375735282898,-0.13053226470947266,0.10650533437728882,-0.5168474316596985,0.8257509469985962,0.14592120051383972,0.23169374465942383,0.9436709880828857,-0.1242208480834961,0.22690212726593018,0.8843488693237305,0.1878507504446553,0.0655897042356183,-0.05901585657422137,-0.013282711324045182,0.0,0.0,0.0,0,0,0,1.0
crossover_11_05_01_fps30.mp4,188,0.11721090972423553,-0.15218966977070952,0.13450474840838733,0.05196624994277954,-0.008695393800735474,0.9768961668014526,-0.09339594841003418,-0.006648212671279907,0.9459498524665833,0.0033937692642211914,0.06801828742027283,-0.5247387290000916,0.9565955996513367,-0.13922235369682312,0.07619073987007141,-0.513138473033905,0.8397201299667358,0.14611124992370605,0.23373427987098694,0.9463536143302917,-0.12466374039649963,0.22904178500175476,0.8827626705169678,0.16919413700438934,0.05973838697158515,-0.03591506321255755,-0.006928219734612162,0.0,0.0,0.0,0,0,1,1.0
crossover_11_05_01_fps30.mp4,189,0.1180470883846283,-0.15023283665463077,0.11299413675215186,0.049659520387649536,-0.006594300270080566,0.9771580696105957,-0.09385180473327637,-0.014385223388671875,0.9418619871139526,0.0001443922519683838,0.07110327482223511,-0.5360997915267944,0.9590334296226501,-0.14292150735855103,0.05917954444885254,-0.5094228386878967,0.8449057936668396,0.14617016911506653,0.2337215542793274,0.9496176242828369,-0.12473651766777039,0.22930121421813965,0.8850058317184448,0.15610302779529636,0.054308985268057046,-0.021510611656235468,0.001956833116078749,0.0,0.0,0.0,0,0,1,1.0
crossover_11_05_01_fps30.mp4,190,0.11839382350444794,-0.13819072978981473,0.10538097125727952,0.048510923981666565,-0.00495535135269165,0.976611316204071,-0.09111182391643524,-0.016995251178741455,0.9244816303253174,3.160536289215088e-05,0.07514554262161255,-0.5293776392936707,0.9603433609008789,-0.1328030675649643,0.049728989601135254,-0.49486786127090454,0.8318415284156799,0.14565075933933258,0.23337221145629883,0.9528712630271912,-0.1252787560224533,0.2292976975440979,0.8886219263076782,0.14149061834570423,0.055912162956774425,-0.007613165494872343,0.012042106864816049,0.0,0.0,0.0,0,0,1,1.0
crossover_11_05_01_fps30.mp4,191,0.11898277699947357,-0.11085347952479024,0.11548311216075247,0.04931540787220001,-0.005753219127655029,0.9760078191757202,-0.08156658709049225,-0.016450703144073486,0.907107412815094,0.005239620804786682,0.07657921314239502,-0.5225464105606079,0.9611178636550903,-0.12055830657482147,0.05823010206222534,-0.45841148495674133,0.8026798367500305,0.14507164061069489,0.23326337337493896,0.9539028406143188,-0.12562419474124908,0.22954612970352173,0.8880122900009155,0.12243823464491706,0.05806970667579669,0.010102140903472945,0.027337250265024482,0.0,0.0,0.0,0,0,1,1.0
crossover_11_05_01_fps30.mp4,192,0.12133191525936127,-0.07190039011381438,0.1529693980042527,0.04915331304073334,-0.004776328802108765,0.9753134846687317,-0.06726513803005219,-0.013275057077407837,0.9058094620704651,0.007192894816398621,0.09147223830223083,-0.5224000811576843,0.958527147769928,-0.07541368901729584,0.08177748322486877,-0.5064787864685059,0.7712255716323853,0.14241240918636322,0.23421576619148254,0.9517655372619629,-0.12820543348789215,0.2320142686367035,0.8890420198440552,0.10018806502008032,0.0712785521678174,0.03748628584350022,0.03895308941097586,0.0,0.0,0.0,0,0,1,1.0
crossover_11_05_01_fps30.mp4,193,0.12342697381973267,0.0003617710986379974,0.2196437739744419,0.05400460958480835,-0.012120246887207031,0.9746332168579102,-0.057500481605529785,-0.013553202152252197,0.9147704839706421,0.038448452949523926,0.08701443672180176,-0.4287496507167816,0.9569851756095886,-0.044511228799819946,0.0820549726486206,-0.4702549874782562,0.7933328151702881,0.1385113000869751,0.2352445125579834,0.9547384977340698,-0.13194555044174194,0.23286980390548706,0.8988290429115295,0.13798962437257795,0.14472133350050134,0.06667437597018921,0.07226216121245238,0.0,0.0,0.0,1,0,0,1.0
crossover_11_05_01_fps30.mp4,194,0.12480372190475464,0.06296397285946342,0.26574135611696936,0.06350606679916382,-0.01567208766937256,0.9697566032409668,-0.048130422830581665,-0.01211482286453247,0.9229697585105896,0.06118553876876831,0.08475565910339355,-0.47301551699638367,0.9433573484420776,-0.017454087734222412,0.09786152839660645,-0.548981785774231,0.8128581047058105,0.13429343700408936,0.2350277304649353,0.9548133611679077,-0.13604262471199036,0.23255664110183716,0.9055145978927612,0.1809944345865497,0.18614698768733395,0.04609758214252746,0.06260220176082543,0.0,0.0,0.0,1,1,0,1.0
crossover_11_05_01_fps30.mp4,195,0.12227392196655273,0.10129420504731645,0.21154897111218152,0.07589086890220642,-0.01886090636253357,0.9687182307243347,-0.0409257709980011,-0.001009911298751831,0.9305576682090759,0.08631470799446106,0.08515110611915588,-0.4562801420688629,0.9354404807090759,0.002104729413986206,0.10775628685951233,-0.5274711847305298,0.8313497304916382,0.12898573279380798,0.23751553893089294,0.9522938132286072,-0.14111948013305664,0.23463836312294006,0.9109037518501282,0.12728238529644093,0.14356696479618597,-0.054192385004787846,0.03833023218785303,0.0,0.0,0.0,1,0,0,1.0
crossover_11_05_01_fps30.mp4,196,0.12170815467834473,0.13962800058267888,0.16600962993575308,0.08853071928024292,-0.022195935249328613,0.9508132338523865,-0.03534585237503052,0.011264681816101074,0.9372985363006592,0.11319166421890259,0.06326347589492798,-0.46995946764945984,0.8953399062156677,0.01250755786895752,0.10786175727844238,-0.5589406490325928,0.847912073135376,0.12544208765029907,0.2372022271156311,0.9392858743667603,-0.1444965898990631,0.2358667254447937,0.9123813509941101,0.10609265785397065,0.1397883473337579,-0.04553934117642844,0.038333795535362425,0.0,0.0,0.0,0,0,1,1.0
crossover_11_05_01_fps30.mp4,197,0.1203523576259613,0.16510067925614824,0.1301294068010842,0.10330745577812195,-0.020653903484344482,0.9417620897293091,-0.03528502583503723,0.01645880937576294,0.9431296586990356,0.14704373478889465,0.055530428886413574,-0.47198978066444397,0.8713764548301697,0.01477321982383728,0.104442298412323,-0.5577098727226257,0.8625938892364502,0.12351688742637634,0.2366601824760437,0.922998309135437,-0.147104412317276,0.23591774702072144,0.9156913161277771,0.07675324585583984,0.15250630346562422,-0.035880223134668876,0.025472678673469362,0.0,0.0,0.0,0,0,1,1.0
crossover_11_05_01_fps30.mp4,198,0.1215510368347168,0.17046130127825976,0.10752124422933995,0.11366140842437744,-0.027836114168167114,0.9419925212860107,-0.036490797996520996,0.013870269060134888,0.9485572576522827,0.167988121509552,0.04405888915061951,-0.5017924904823303,0.8727796077728271,0.015134096145629883,0.09902140498161316,-0.5804054737091064,0.8759220242500305,0.12384986877441406,0.2333238422870636,0.9227679371833801,-0.1466851532459259,0.2324838936328888,0.9224700927734375,0.0635105277123875,0.15555959604457475,-0.02260816257174425,0.005360622022111516,0.0,0.0,0.0,0,0,1,1.0
crossover_11_05_01_fps30.mp4,199,0.12200897932052612,0.15789195046586502,0.10835997433197209,0.11023321747779846,-0.02984413504600525,0.9415992498397827,-0.03998616337776184,0.012672573328018188,0.9534817337989807,0.15382596850395203,0.038870781660079956,-0.4518049359321594,0.8741636872291565,0.0089663565158844,0.09727099537849426,-0.5650805234909058,0.8881168961524963,0.12460747361183167,0.2324192225933075,0.9249818325042725,-0.14661836624145508,0.2317136824131012,0.9293496608734131,0.06960804628421882,0.14933786521704792,0.0008387301026321348,-0.012569350812394742,0.0,0.0,0.0,0,0,1,1.0
crossover_11_05_01_fps30.mp4,200,0.12152008712291718,0.12416099905967715,0.13611820863514412,0.09799864888191223,-0.030009716749191284,0.9353257417678833,-0.04426637291908264,0.011367350816726685,0.958017885684967,0.12164977192878723,0.0448397696018219,-0.3846835494041443,0.8645657896995544,0.0021854937076568604,0.09712961316108704,-0.534413754940033,0.8991969227790833,0.12583664059638977,0.23379668593406677,0.9292628169059753,-0.14542794227600098,0.23257187008857727,0.9358317852020264,0.09131297659184504,0.1280552009210106,0.027758234303172036,-0.03373095140618787,0.0,0.0,0.0,0,0,1,1.0
crossover_11_05_01_fps30.mp4,201,0.12039028108119965,0.06543405611636277,0.19072546377414612,0.09560725092887878,-0.02577430009841919,0.93889981508255,-0.04701557755470276,0.010255277156829834,0.9621058702468872,0.08919069170951843,0.07553666830062866,-0.4146827757358551,0.8733207583427429,-0.009951680898666382,0.09839701652526855,-0.4993895888328552,0.9091701507568359,0.12752768397331238,0.23673462867736816,0.9347001910209656,-0.14443373680114746,0.23447835445404053,0.94181889295578,0.11761307893829591,0.11919543412684859,0.054607255139002,-0.058726942943314375,0.0,0.0,0.0,1,1,0,1.0
crossover_11_05_01_fps30.mp4,202,0.12077885866165161,-0.00866022827261581,0.2595280722873967,0.07248088717460632,-0.018875181674957275,0.9446561336517334,-0.04900065064430237,0.004850029945373535,0.9653770923614502,0.05282720923423767,0.08932238817214966,-0.46483656764030457,0.8855257630348206,-0.036678463220596313,0.09527921676635742,-0.5079113245010376,0.9173739552497864,0.12843862175941467,0.23992127180099487,0.939257800579071,-0.14371627569198608,0.23624545335769653,0.9468358755111694,0.18097148912549313,0.16662145128875655,0.0688026085132506,-0.07409428438897858,0.0,0.0,0.0,1,1,0,1.0
crossover_11_05_01_fps30.mp4,203,0.11951200664043427,-0.06416367696503461,0.23581362061384248,0.05579531192779541,-0.0034356117248535156,0.9498533606529236,-0.06046810746192932,-0.004191875457763672,0.9671648144721985,0.024603188037872314,0.10401564836502075,-0.47206544876098633,0.896564245223999,-0.06835854053497314,0.09213286638259888,-0.4866640865802765,0.92198246717453,0.1322384476661682,0.24136978387832642,0.9441467523574829,-0.13982492685317993,0.23738563060760498,0.9510335326194763,0.15890330962993027,0.14374197722596355,-0.023714451673554238,-0.0555034486924188,0.0,0.0,0.0,1,0,0,1.0
crossover_11_05_01_fps30.mp4,204,0.12655410170555115,-0.1032929893267357,0.17269502383906665,0.05228787660598755,-0.004460573196411133,0.9538065791130066,-0.07228073477745056,-0.010440647602081299,0.965608537197113,0.011202335357666016,0.10440701246261597,-0.5062103271484375,0.9051871299743652,-0.09226736426353455,0.09539204835891724,-0.49808546900749207,0.9133861064910889,0.14043551683425903,0.23328590393066406,0.9424700736999512,-0.13088402152061462,0.22962665557861328,0.9410157799720764,0.13331328468062298,0.07808530224132369,-0.06311859677477583,-0.039129312361701085,0.0,0.0,0.0,0,0,0,1.0
crossover_11_05_01_fps30.mp4,205,0.12412130832672119,-0.1335277838222051,0.13983039114533402,0.04512608051300049,0.003189176321029663,0.9557756185531616,-0.08469036221504211,-0.01725420355796814,0.9493730068206787,0.002363741397857666,0.10510072112083435,-0.5287640690803528,0.910454511642456,-0.12201762199401855,0.07582101225852966,-0.5024152398109436,0.8762051463127136,0.14125072956085205,0.2345317304134369,0.9402402639389038,-0.13077616691589355,0.23030421137809753,0.9204595685005188,0.1402592478471405,0.06503602394662145,-0.03286463269373263,-0.030234794495469397,0.0,0.0,0.0,0,0,1,1.0
crossover_11_05_01_fps30.mp4,206,0.123026043176651,-0.14609179542226308,0.11490922046870722,0.043008700013160706,0.007637828588485718,0.9593753218650818,-0.09265680611133575,-0.025273054838180542,0.9522921442985535,-0.0007089823484420776,0.10531523823738098,-0.5503292083740234,0.9187490940093994,-0.1425105184316635,0.05455949902534485,-0.5219505429267883,0.8868351578712463,0.14217551052570343,0.235813170671463,0.9450603723526001,-0.13004346191883087,0.2314070761203766,0.9228166341781616,0.14569902824766054,0.06045588824237743,-0.024921170676626803,-0.01256401160005799,0.0,0.0,0.0,0,0,1,1.0
crossover_11_05_01_fps30.mp4,207,0.12212459743022919,-0.14037571362519669,0.10545941940168058,0.04301966726779938,0.008788764476776123,0.9617244601249695,-0.09112431108951569,-0.027257442474365234,0.9508736729621887,-6.239116191864014e-05,0.10684460401535034,-0.5299199819564819,0.9254671335220337,-0.13917775452136993,0.04298043251037598,-0.4689432978630066,0.8932196497917175,0.14238299429416656,0.2355024218559265,0.94783616065979,-0.1303604692220688,0.23110973834991455,0.920691192150116,0.14032015962468755,0.06249047054534198,-0.009449801067026642,0.005716081797066397,0.0,0.0,0.0,0,0,1,1.0
crossover_11_05_01_fps30.mp4,208,0.1223248541355133,-0.11504457269684742,0.12442069518856891,0.04603877663612366,0.005315184593200684,0.9631966352462769,-0.08067283034324646,-0.024280846118927002,0.9236829280853271,0.007825523614883423,0.10712653398513794,-0.5217339992523193,0.9297488331794739,-0.11433753371238708,0.050573766231536865,-0.48630303144454956,0.834827721118927,0.1429125964641571,0.23518753051757812,0.9448897242546082,-0.13092121481895447,0.23157411813735962,0.9040836691856384,0.12408121767368449,0.07385031361145654,0.018961275786888332,0.02533114092834926,0.0,0.0,0.0,0,0,1,1.0
crossover_11_05_01_fps30.mp4,209,0.122987300157547,-0.06745571206181739,0.17272335857879828,0.048257723450660706,0.004600614309310913,0.9633234739303589,-0.07472722232341766,-0.02323058247566223,0.916408360004425,0.01756514608860016,0.11163976788520813,-0.47727304697036743,0.9300684332847595,-0.07583491504192352,0.05771854519844055,-0.45880255103111267,0.8050656914710999,0.14217205345630646,0.23513707518577576,0.9469593167304993,-0.13173039257526398,0.232345849275589,0.9052810668945312,0.10468883117436871,0.1153096619682528,0.04830266339022937,0.04758886063503004,0.0,0.0,0.0,0,0,0,1.0
crossover_11_05_01_fps30.mp4,210,0.12609821557998657,-0.0034129358954348987,0.2421829521656036,0.05192011594772339,-0.004365652799606323,0.9656451940536499,-0.058103859424591064,-0.02080896496772766,0.9246686100959778,0.04181021451950073,0.09611621499061584,-0.4067533016204834,0.9339389204978943,-0.040996015071868896,0.08117803931236267,-0.4757327437400818,0.8242987990379333,0.1407928466796875,0.23621079325675964,0.951471209526062,-0.13317883014678955,0.23293665051460266,0.9141820669174194,0.15290724326335506,0.1653332084103548,0.06945959358680531,0.06404277616638249,0.0,0.0,0.0,1,1,0,1.0
crossover_11_05_01_fps30.mp4,211,0.12484171986579895,0.04836089469618721,0.24112380684875856,0.06521755456924438,-0.01447373628616333,0.9667957425117493,-0.04504668712615967,-0.013084948062896729,0.9320507645606995,0.06603151559829712,0.08059746026992798,-0.43020883202552795,0.9340957403182983,-0.016192734241485596,0.09723407030105591,-0.5000671148300171,0.8414061665534973,0.13906759023666382,0.23856693506240845,0.952539324760437,-0.13476020097732544,0.23539721965789795,0.9207228422164917,0.1614960023932881,0.15770677630587096,-0.0010591453168450338,0.051773830591622105,0.0,0.0,0.0,1,0,0,1.0
crossover_11_05_01_fps30.mp4,212,0.11784635484218597,0.08869316567808894,0.19223271084994809,0.08616355061531067,-0.005921661853790283,0.9661020636558533,-0.03663405776023865,0.005139648914337158,0.9385601282119751,0.09546628594398499,0.09893018007278442,-0.47521787881851196,0.9232977628707886,0.0030584633350372314,0.11438149213790894,-0.5251536965370178,0.8567084074020386,0.1346023976802826,0.24635154008865356,0.9373960494995117,-0.13907906413078308,0.24395465850830078,0.9207262396812439,0.09354804865714657,0.11573294474924942,-0.048891095998810474,0.04033227098190173,0.0,0.0,0.0,1,0,0,1.0
crossover_11_05_01_fps30.mp4,213,0.11712564527988434,0.12266292551816516,0.15215898737674804,0.09578084945678711,-0.012778311967849731,0.9637926816940308,-0.03417253494262695,0.014457613229751587,0.9445353746414185,0.12199747562408447,0.07839563488960266,-0.4686327874660492,0.9137758612632751,0.00981968641281128,0.11408814787864685,-0.5465527772903442,0.870782732963562,0.12951433658599854,0.24665215611457825,0.9245352149009705,-0.14336919784545898,0.24438413977622986,0.9218685626983643,0.07376635407626156,0.11909233993787446,-0.04007372347320004,0.03396975984007622,0.0,0.0,0.0,0,0,1,1.0
crossover_11_05_01_fps30.mp4,214,0.11538833379745483,0.15033793833296183,0.12012550845378778,0.10695761442184448,-0.017638713121414185,0.9634504914283752,-0.034192681312561035,0.01860639452934265,0.9498863220214844,0.14798635244369507,0.05542305111885071,-0.4732562005519867,0.9125794172286987,0.011817693710327148,0.11264511942863464,-0.5579634308815002,0.8834793567657471,0.1267383098602295,0.2453184425830841,0.9217308163642883,-0.14624807238578796,0.24422064423561096,0.9265981912612915,0.06474517697384069,0.13872207607400555,-0.03203347892296027,0.027675012814796673,0.0,0.0,0.0,0,0,1,1.0
crossover_11_05_01_fps30.mp4,215,0.11588549613952637,0.17080744494826106,0.09740574723336759,0.11559787392616272,-0.028089135885238647,0.9646841883659363,-0.03557184338569641,0.01823398470878601,0.9547162055969238,0.16893556714057922,0.02877935767173767,-0.4800034761428833,0.9157983660697937,0.008524090051651001,0.1105630099773407,-0.562382161617279,0.8949493169784546,0.1269027292728424,0.24536576867103577,0.9273216724395752,-0.14678797125816345,0.2428586781024933,0.9333767294883728,0.06865191381739827,0.162815849472381,-0.022719761220420187,0.020469506615299227,0.0,0.0,0.0,0,0,1,1.0
crossover_11_05_01_fps30.mp4,216,0.11650942265987396,0.1754804895085803,0.08680927927901105,0.1172543466091156,-0.03132575750350952,0.9661865234375,-0.03776434063911438,0.016367793083190918,0.9590131640434265,0.17260828614234924,0.02378249168395996,-0.4720756411552429,0.9209661483764648,0.003667980432510376,0.10778182744979858,-0.5437771677970886,0.9052245020866394,0.1272643506526947,0.24439430236816406,0.9291762709617615,-0.1467967927455902,0.24228066205978394,0.9390745162963867,0.06309219846168522,0.17308779867971807,-0.010596467954356537,0.0046730445603192505,0.0,0.0,0.0,0,0,1,1.0
crossover_11_05_01_fps30.mp4,217,0.11723901331424713,0.1656366351297346,0.0967022655940637,0.11042061448097229,-0.030155867338180542,0.9665477871894836,-0.040385037660598755,0.014913171529769897,0.9629520773887634,0.15754565596580505,0.030297309160232544,-0.4471472203731537,0.9255109429359436,-0.0015721619129180908,0.10689142346382141,-0.5396652221679688,0.9145808815956116,0.1282215416431427,0.24409523606300354,0.932813823223114,-0.14592057466506958,0.24245169758796692,0.9446161389350891,0.06689605506164138,0.16751895637970607,0.009892986315052643,-0.009843854378845718,0.0,0.0,0.0,0,0,1,1.0
crossover_11_05_01_fps30.mp4,218,0.11811043322086334,0.13603332224538767,0.13323508486515134,0.10154783725738525,-0.027827471494674683,0.954581081867218,-0.042582571506500244,0.014267414808273315,0.9665386080741882,0.13173282146453857,0.041702598333358765,-0.4028744101524353,0.9124761819839478,-0.008139252662658691,0.10681489109992981,-0.5278451442718506,0.9230408668518066,0.12909287214279175,0.24516424536705017,0.9357890486717224,-0.1453494429588318,0.24283966422080994,0.9495583772659302,0.09163345675930203,0.14657338774214126,0.036532819271087646,-0.029603312884346922,0.0,0.0,0.0,0,0,1,1.0
crossover_11_05_01_fps30.mp4,219,0.11867749691009521,0.07694207106606432,0.18953919134488917,0.09283000230789185,-0.025147229433059692,0.9561787247657776,-0.04642125964164734,0.012705296277999878,0.96977698802948,0.09845048189163208,0.08447590470314026,-0.42382752895355225,0.9160032868385315,-0.012064337730407715,0.11016544699668884,-0.530376136302948,0.9306508898735046,0.13038432598114014,0.24681398272514343,0.9389886260032654,-0.14436444640159607,0.243758887052536,0.953786313533783,0.10724227681379996,0.11925741947022901,0.056304106479737825,-0.059091251179323345,0.0,0.0,0.0,1,0,0,1.0
crossover_11_05_01_fps30.mp4,220,0.11923801898956299,0.016960676443778855,0.25464922146099367,0.07699871063232422,-0.023043125867843628,0.9600262641906738,-0.05103066563606262,0.013026982545852661,0.9726696014404297,0.06626850366592407,0.08372780680656433,-0.45646899938583374,0.9234660863876343,-0.02718871831893921,0.11830917000770569,-0.5430554747581482,0.9373650550842285,0.1319698691368103,0.24763759970664978,0.9442111253738403,-0.14333570003509521,0.24428167939186096,0.9581524133682251,0.17789151697829858,0.14331007880885255,0.0651100301161045,-0.05998139462228547,0.0,0.0,0.0,1,0,0,1.0
crossover_11_05_01_fps30.mp4,221,0.12024754285812378,-0.03701121928328177,0.2440353299059519,0.06442451477050781,-0.011379390954971313,0.9634731411933899,-0.056707680225372314,0.003679901361465454,0.9746590256690979,0.03996717929840088,0.1000964343547821,-0.4684412479400635,0.9302764534950256,-0.05866396427154541,0.10115894675254822,-0.4963732659816742,0.9419904351234436,0.13623446226119995,0.2473863661289215,0.9465641379356384,-0.13902226090431213,0.24458417296409607,0.9605409502983093,0.16323014274542239,0.14450779296814753,-0.010613891555041777,-0.053971895727060626,0.0,0.0,0.0,1,0,0,1.0
crossover_11_05_01_fps30.mp4,222,0.12092825770378113,-0.07653663330158944,0.19265607464604262,0.05536487698554993,0.002594083547592163,0.9665816426277161,-0.06713375449180603,-0.001969248056411743,0.9678809642791748,0.023586541414260864,0.10538187623023987,-0.46697962284088135,0.9366258382797241,-0.07747852802276611,0.10001310706138611,-0.47778376936912537,0.9126406908035278,0.13970574736595154,0.24601194262504578,0.9491254091262817,-0.13486388325691223,0.24347206950187683,0.9602309465408325,0.13282106694459878,0.09264775555056635,-0.05137925525990927,-0.03952541401830767,0.0,0.0,0.0,0,0,0,1.0
crossover_11_05_01_fps30.mp4,223,0.12300854921340942,-0.11030907090437614,0.15268412915671747,0.05209852755069733,0.0004660487174987793,0.968773365020752,-0.08066840469837189,-0.005671203136444092,0.9616029858589172,0.015295222401618958,0.10428273677825928,-0.5010640025138855,0.941046953201294,-0.10295329988002777,0.09942620992660522,-0.4812309741973877,0.8934872150421143,0.14237137138843536,0.24485474824905396,0.9516648650169373,-0.13184238970279694,0.24182432889938354,0.9560388922691345,0.13460732996784355,0.05376349438126026,-0.039971945489325145,-0.0337724376027867,0.0,0.0,0.0,0,0,1,1.0
crossover_11_05_01_fps30.mp4,224,0.12402783334255219,-0.13187964912188255,0.11948034821487052,0.05207383632659912,-0.0020123720169067383,0.970464289188385,-0.09547945857048035,-0.026532649993896484,0.9592227339744568,0.01103287935256958,0.09844797849655151,-0.5511364340782166,0.9452170729637146,-0.13538858294487,0.06274867057800293,-0.518827497959137,0.8944684267044067,0.14405131340026855,0.2447604537010193,0.9535567760467529,-0.13001808524131775,0.24045848846435547,0.9476375579833984,0.14445189985226622,0.05684009028905186,-0.03320378094184695,-0.02157057821750641,0.0,0.0,0.0,0,0,1,1.0
crossover_11_05_01_fps30.mp4,225,0.1257050484418869,-0.14660435187614568,0.08729910472544233,0.05155789852142334,-0.0027007460594177246,0.971211314201355,-0.1056239902973175,-0.041036248207092285,0.9544971585273743,0.00519794225692749,0.09628331661224365,-0.5210509896278381,0.9483256340026855,-0.15161988139152527,0.034107506275177,-0.489560604095459,0.8918012380599976,0.1445111632347107,0.2454189658164978,0.9549550414085388,-0.12996506690979004,0.24153637886047363,0.9383637309074402,0.15206792090145443,0.053427536739156456,-0.03218124348942819,-0.01472470275426313,0.0,0.0,0.0,0,0,1,1.0
crossover_11_05_01_fps30.mp4,226,0.1277191936969757,-0.15238755173602347,0.05390770537097278,0.05322682857513428,-0.003495544195175171,0.9723256826400757,-0.10494333505630493,-0.05607670545578003,0.9507819414138794,0.00879359245300293,0.09056267142295837,-0.5277337431907654,0.9519498944282532,-0.1515313684940338,0.001667112112045288,-0.48753124475479126,0.8903166651725769,0.1450992226600647,0.2455085813999176,0.9550153613090515,-0.12940528988838196,0.2421872317790985,0.9315356016159058,0.16529654496799362,0.0522476088810633,-0.03339139935446955,-0.005783199859877797,0.0,0.0,0.0,0,0,1,1.0
crossover_11_05_01_fps30.mp4,227,0.1307399570941925,-0.1518025260860637,0.018996939862646722,0.05474025011062622,-0.006514042615890503,0.9741795659065247,-0.10107046365737915,-0.06866058707237244,0.9447231292724609,0.010610759258270264,0.07959780097007751,-0.5148244500160217,0.9560465812683105,-0.15021151304244995,-0.022971302270889282,-0.46889787912368774,0.8878128528594971,0.14548474550247192,0.24531158804893494,0.9552446603775024,-0.12906941771507263,0.24205777049064636,0.9283456206321716,0.173350914688392,0.04199838890105257,-0.03491076550832606,0.0005850256499597695,0.0,0.0,0.0,0,0,1,1.0
crossover_11_05_01_fps30.mp4,228,0.13332892954349518,-0.14639870867890825,-0.007343604651893099,0.05591139197349548,-0.009671002626419067,0.975356936454773,-0.0948188304901123,-0.07963788509368896,0.9075843095779419,0.013210445642471313,0.06860467791557312,-0.513062059879303,0.9588581323623657,-0.13683158159255981,-0.0427071750164032,-0.4364544451236725,0.8422572612762451,0.14582762122154236,0.24406114220619202,0.9499267339706421,-0.12881004810333252,0.2417125403881073,0.9191421270370483,0.17675752817951956,0.03663484720333905,-0.02634054451453982,0.0054038174071554534,0.0,0.0,0.0,0,0,1,1.0
crossover_11_05_01_fps30.mp4,229,0.13346460461616516,-0.1394046874369605,-0.016365900563030666,0.05583477020263672,-0.013024568557739258,0.9755402207374573,-0.09011363983154297,-0.07584068179130554,0.8603511452674866,0.014777660369873047,0.0626298189163208,-0.47598934173583984,0.9601905941963196,-0.12426036596298218,-0.050880759954452515,-0.32749250531196594,0.7902272343635559,0.14526712894439697,0.24317872524261475,0.9493668079376221,-0.12938541173934937,0.24104583263397217,0.9205227494239807,0.17324121931944422,0.037691192495287566,-0.009022295911137568,0.0069940212419477565,0.0,0.0,0.0,0,0,1,1.0
crossover_11_05_01_fps30.mp4,230,0.1322973519563675,-0.13327199180247418,-0.0040300258776037046,0.05645030736923218,-0.013419151306152344,0.9757872223854065,-0.08753922581672668,-0.06731760501861572,0.8011261820793152,0.016617894172668457,0.060111045837402344,-0.41031548380851746,0.9615870714187622,-0.11527979373931885,-0.04359334707260132,-0.12154444307088852,0.7388140559196472,0.144497811794281,0.24301213026046753,0.9498610496520996,-0.1292099952697754,0.24082088470458984,0.922063410282135,0.1630369743291098,0.04346234663616724,0.012335874685426962,0.006132695634486318,0.0,0.0,0.0,0,0,1,1.0
crossover_11_05_01_fps30.mp4,231,0.1306304633617401,-0.12900616380117708,0.039180928468704246,0.05772979557514191,-0.015487462282180786,0.9759117960929871,-0.08528341352939606,-0.054851651191711426,0.7704715132713318,0.017126813530921936,0.05887433886528015,-0.5111922025680542,0.9613479375839233,-0.11248542368412018,-0.0010656416416168213,-0.4591858983039856,0.6868969798088074,0.1443941742181778,0.24084463715553284,0.9510465860366821,-0.12850861251354218,0.23850134015083313,0.9203104376792908,0.14745398426964165,0.04350541644048844,0.04321095434630795,0.004265828001297101,0.0,0.0,0.0,0,0,1,1.0
crossover_11_05_01_fps30.mp4,232,0.1277708262205124,-0.12475978469444532,0.13458480224376768,0.05997595191001892,-0.015971362590789795,0.9767199158668518,-0.08289730548858643,-0.02980726957321167,0.7911945581436157,0.018404215574264526,0.05811035633087158,-0.5170085430145264,0.9637359380722046,-0.10951277613639832,0.05821281671524048,-0.47737452387809753,0.7168816924095154,0.14570459723472595,0.23810291290283203,0.9526894092559814,-0.12726899981498718,0.2377110719680786,0.9193727970123291,0.1623091859711693,0.0778790821950203,0.09540387377506343,0.004246379106731757,0.0,0.0,0.0,0,0,0,1.0
crossover_11_05_01_fps30.mp4,233,0.12995484471321106,-0.11931684739508869,0.24556781097156244,0.060141488909721375,-0.019003957509994507,0.9753180146217346,-0.08381839096546173,-0.020571082830429077,0.8098793625831604,0.018672630190849304,0.05317392945289612,-0.5118853449821472,0.9632120132446289,-0.10904274880886078,0.08065095543861389,-0.5075157284736633,0.7422510981559753,0.14536170661449432,0.23176905512809753,0.9538079500198364,-0.1254713088274002,0.22592845559120178,0.920274019241333,0.23676254258277152,0.16523657688488633,0.11098300872779476,0.005442937299356632,0.0,0.0,0.0,1,0,0,1.0
crossover_11_05_01_fps30.mp4,234,0.12919706106185913,-0.115518187920926,0.21511769890785215,0.0613294392824173,-0.017541497945785522,0.9739978909492493,-0.08352227509021759,-0.017588049173355103,0.8268521428108215,0.019601896405220032,0.05208507180213928,-0.5079601407051086,0.9626856446266174,-0.10854612290859222,0.0841815173625946,-0.5136218667030334,0.766563892364502,0.1456579715013504,0.23046299815177917,0.9552519917488098,-0.1275099664926529,0.2251015603542328,0.9191218614578247,0.21174766749434393,0.1311216737545279,-0.03045011206371029,0.003798659474162691,0.0,0.0,0.0,1,0,0,1.0
crossover_11_05_01_fps30.mp4,235,0.12831631302833557,-0.1132674001536127,0.13475681165369546,0.06431879103183746,-0.01815164089202881,0.9743829369544983,-0.08015705645084381,-0.019325196743011475,0.8419641256332397,0.023721054196357727,0.049726784229278564,-0.5105221271514893,0.9643101096153259,-0.10835056006908417,0.0699874758720398,-0.5003277063369751,0.7886562943458557,0.14619316160678864,0.2278217077255249,0.954121470451355,-0.1282501071691513,0.22756201028823853,0.912349283695221,0.161232571737199,0.06495569393066082,-0.08036088725415669,0.0022507877673133003,0.0,0.0,0.0,0,0,0,1.0
crossover_11_05_01_fps30.mp4,236,0.12661200761795044,-0.11174490633657425,0.08907581509613405,0.06801903247833252,-0.019878804683685303,0.9743772745132446,-0.07916843891143799,-0.023074865341186523,0.8454555869102478,0.030315697193145752,0.049023568630218506,-0.5165418982505798,0.9636945724487305,-0.1056242287158966,0.05578303337097168,-0.5143508315086365,0.780556321144104,0.14533323049545288,0.226345956325531,0.9529573321342468,-0.12993305921554565,0.2260061502456665,0.9086320996284485,0.147598772089048,0.033850731299863664,-0.045680996557561415,0.0015224938170384505,0.0,0.0,0.0,0,0,1,1.0
crossover_11_05_01_fps30.mp4,237,0.124535471200943,-0.1074791827444303,0.07898203541592852,0.06787216663360596,-0.019634246826171875,0.9746667146682739,-0.07950100302696228,-0.023998618125915527,0.8541887998580933,0.033316612243652344,0.05049431324005127,-0.5420612096786499,0.9623803496360779,-0.10130801796913147,0.04987877607345581,-0.6483985185623169,0.7799093127250671,0.1431294083595276,0.22609901428222656,0.9517722725868225,-0.1321832835674286,0.22550588846206665,0.9072863459587097,0.14364889905981237,0.02975034418354037,-0.010093779680205528,0.004265723592143944,0.0,0.0,0.0,0,0,1,1.0
crossover_11_05_01_fps30.mp4,238,0.12610577046871185,-0.10852380218142171,0.10974974021679018,0.06871108710765839,-0.022077620029449463,0.9747146964073181,-0.07979185879230499,-0.01797729730606079,0.8652876019477844,0.03412251174449921,0.051663875579833984,-0.4761330783367157,0.9608203768730164,-0.09359867870807648,0.07056295871734619,-0.49094870686531067,0.7888808846473694,0.14309780299663544,0.22250133752822876,0.9538045525550842,-0.13256140053272247,0.2230347990989685,0.9118536114692688,0.15401927979079494,0.04193284100773243,0.03076770480086166,-0.001044619436991412,0.0,0.0,0.0,0,0,1,1.0
crossover_11_05_01_fps30.mp4,239,0.12484918534755707,-0.10217341310897116,0.19078063252495558,0.06835152208805084,-0.02011755108833313,0.9725260734558105,-0.07998771965503693,-0.007383197546005249,0.8761880993843079,0.03318305313587189,0.05714544653892517,-0.457304447889328,0.9545961022377014,-0.09166060388088226,0.09881111979484558,-0.47864994406700134,0.8012425303459167,0.14308853447437286,0.2234349548816681,0.9545679092407227,-0.1321427971124649,0.22433659434318542,0.9120199680328369,0.19020971554526933,0.09256840945851914,0.0810308923081654,0.006350389072450557,0.0,0.0,0.0,1,1,0,1.0
crossover_11_05_01_fps30.mp4,240,0.12430249154567719,-0.09822491286164625,0.2613601709284433,0.06788134574890137,-0.01949271559715271,0.9736223220825195,-0.0804256796836853,-0.004167765378952026,0.8879462480545044,0.03206741809844971,0.05867895483970642,-0.4690578579902649,0.955467164516449,-0.09005558490753174,0.10469034314155579,-0.483918696641922,0.8190850019454956,0.14249908924102783,0.2242397964000702,0.9556756615638733,-0.1328728199005127,0.22546514868736267,0.915909469127655,0.24094764340458788,0.15688267226814717,0.07057953840348774,0.003948500247324904,0.0,0.0,0.0,1,1,0,1.0
crossover_11_05_01_fps30.mp4,241,0.12550696730613708,-0.0978984978239415,0.18674065165403408,0.06850028038024902,-0.02044689655303955,0.9741618037223816,-0.0804518461227417,-0.004580497741699219,0.8974648118019104,0.03177750110626221,0.056592583656311035,-0.45948588848114014,0.9567074179649353,-0.09125563502311707,0.10221141576766968,-0.4715275168418884,0.8336753249168396,0.14248263835906982,0.22327810525894165,0.9492194056510925,-0.1324191391468048,0.22456836700439453,0.9023886919021606,0.18372366288011496,0.08478985402583974,-0.07461951927440924,0.00032641503770475255,0.0,0.0,0.0,1,0,0,1.0
crossover_11_05_01_fps30.mp4,242,0.12869340181350708,-0.09693032639511562,0.1358483049927688,0.06905423104763031,-0.023386716842651367,0.9753698706626892,-0.08039037883281708,-0.010189950466156006,0.9062859416007996,0.031513556838035583,0.051278114318847656,-0.46791303157806396,0.9584586024284363,-0.08799637854099274,0.08656823635101318,-0.47136038541793823,0.8456228971481323,0.14251284301280975,0.22060531377792358,0.949557900428772,-0.13255847990512848,0.2218533754348755,0.9039945006370544,0.15378539687055712,0.05008333644633044,-0.0508923466612653,0.0009681714288258814,0.0,0.0,0.0,0,0,1,1.0
crossover_11_05_01_fps30.mp4,243,0.12864507734775543,-0.09546647839627026,0.107946760625374,0.06927794218063354,-0.02381029725074768,0.9771550893783569,-0.08039125800132751,-0.013411372900009155,0.9151998162269592,0.031405508518218994,0.049139589071273804,-0.4869007170200348,0.9618251323699951,-0.08532238006591797,0.06728693842887878,-0.5029865503311157,0.860504150390625,0.1427711844444275,0.22054508328437805,0.9520686268806458,-0.13254398107528687,0.22148939967155457,0.9089633822441101,0.13983842279510916,0.04190613167528663,-0.02790154436739478,0.0014638479988453579,0.0,0.0,0.0,0,0,1,1.0
crossover_11_05_01_fps30.mp4,244,0.12732692062854767,-0.09940936196658573,0.12753488188836637,0.06973175704479218,-0.0233900249004364,0.9773097634315491,-0.08047588169574738,-0.012214988470077515,0.9224100708961487,0.0317835658788681,0.04942438006401062,-0.48517802357673645,0.9607422947883606,-0.08499141037464142,0.08121326565742493,-0.4850640296936035,0.8687843680381775,0.14340488612651825,0.22125855088233948,0.9530217051506042,-0.13213904201984406,0.2221459448337555,0.9114660024642944,0.15268541126091628,0.04851360075642981,0.019588121262992364,-0.00394288357031547,0.0,0.0,0.0,0,0,1,1.0
crossover_11_05_01_fps30.mp4,245,0.1267644762992859,-0.11147326786639328,0.19317503367982258,0.06604644656181335,-0.021920472383499146,0.9779545664787292,-0.08144763112068176,-0.006514817476272583,0.9262528419494629,0.02827015519142151,0.05259028077125549,-0.4852680265903473,0.9612831473350525,-0.09175905585289001,0.10365930199623108,-0.49129319190979004,0.8644497394561768,0.1444459855556488,0.22201237082481384,0.9546681642532349,-0.13230547308921814,0.22397902607917786,0.9135985970497131,0.1982228469129587,0.09166087700956228,0.06564015179145621,-0.012063905899807548,0.0,0.0,0.0,1,0,0,1.0
crossover_11_05_01_fps30.mp4,246,0.12376032769680023,-0.12652067193540478,0.2630274480435907,0.06168200075626373,-0.01908448338508606,0.9783348441123962,-0.08365194499492645,0.0022523105144500732,0.9284448027610779,0.023431017994880676,0.05800047516822815,-0.49628233909606934,0.96169114112854,-0.10728822648525238,0.11378344893455505,-0.5102081894874573,0.853434681892395,0.1462797075510025,0.22423657774925232,0.9484933018684387,-0.13029040396213531,0.2265547215938568,0.9019846320152283,0.25401096220317565,0.15047809883185964,0.0698524143637681,-0.015047404069011505,0.0,0.0,0.0,1,0,0,1.0
crossover_11_05_01_fps30.mp4,247,0.11933533847332001,-0.1378654337030346,0.20365710621926847,0.058199360966682434,-0.014751285314559937,0.9782328009605408,-0.08881838619709015,0.0060104429721832275,0.9270144104957581,0.016765788197517395,0.0642530620098114,-0.49693095684051514,0.961682140827179,-0.1250734180212021,0.11278000473976135,-0.5263490080833435,0.8460369110107422,0.14795197546482086,0.22853264212608337,0.948222279548645,-0.1284843534231186,0.22750839591026306,0.8929604291915894,0.20819294495349744,0.09177299841740426,-0.059370341824322215,-0.01134476176762983,0.0,0.0,0.0,1,0,0,1.0
crossover_11_05_01_fps30.mp4,248,0.11844739317893982,-0.14759541158959016,0.14859086900222596,0.05615799129009247,-0.013483256101608276,0.9788642525672913,-0.09032033383846283,0.0026573240756988525,0.925199031829834,0.013674601912498474,0.0645914375782013,-0.5180222988128662,0.9636378288269043,-0.12962235510349274,0.08833935856819153,-0.5153697729110718,0.8509542942047119,0.1486981362104416,0.22862926125526428,0.9509275555610657,-0.1276746243238449,0.22725000977516174,0.8918896913528442,0.18183487491271655,0.06287507669208053,-0.05506623721704251,-0.009729977886555552,0.0,0.0,0.0,0,0,1,1.0
crossover_11_05_01_fps30.mp4,249,0.11717776954174042,-0.14582799193212542,0.12201968126180696,0.05506516993045807,-0.011104375123977661,0.9792331457138062,-0.08905600011348724,-0.008983224630355835,0.9273982644081116,0.012181416153907776,0.06660309433937073,-0.5333638191223145,0.9657241106033325,-0.13836084306240082,0.0669008195400238,-0.51812344789505,0.8613580465316772,0.1486249715089798,0.22927787899971008,0.9526628851890564,-0.1276291161775589,0.22793719172477722,0.8924826383590698,0.16744542737808787,0.05562236267678389,-0.026571187740419,0.0017674196574647416,0.0,0.0,0.0,0,0,1,1.0
crossover_11_05_01_fps30.mp4,250,0.11694613099098206,-0.13434940086582958,0.11120611254761859,0.054234907031059265,-0.007480800151824951,0.9798559546470642,-0.08791022002696991,-0.014484226703643799,0.9233202338218689,0.012121781706809998,0.07284408807754517,-0.5284305214881897,0.9679214358329773,-0.12873472273349762,0.05544644594192505,-0.48928889632225037,0.8618842959403992,0.14883004128932953,0.230435311794281,0.9548680186271667,-0.12739743292331696,0.22910785675048828,0.8950822949409485,0.1514115327366777,0.05604163657949134,-0.01081356871418837,0.01147859106629584,0.0,0.0,0.0,0,0,1,1.0
crossover_11_05_01_fps30.mp4,251,0.11687855422496796,-0.10443990543737247,0.1260629352999897,0.054531604051589966,-0.006045669317245483,0.9782000184059143,-0.07767468690872192,-0.012705594301223755,0.9161181449890137,0.013291984796524048,0.08351519703865051,-0.5321834087371826,0.9664373397827148,-0.11218318343162537,0.06626799702644348,-0.49141499400138855,0.8447832465171814,0.14802518486976624,0.23120680451393127,0.9538078904151917,-0.1283130943775177,0.23010674118995667,0.8934775590896606,0.12518429617648408,0.060294220263914865,0.014856822752371102,0.02990949542845711,0.0,0.0,0.0,0,0,1,1.0
crossover_11_05_01_fps30.mp4,252,0.11849352717399597,-0.049419700846833725,0.17409231153930105,0.05073033273220062,-0.006183832883834839,0.9750291705131531,-0.06653602421283722,-0.01249721646308899,0.9134368300437927,0.0218074768781662,0.08922091126441956,-0.49558204412460327,0.9542375802993774,-0.0720403641462326,0.07626435160636902,-0.4945012629032135,0.8102213144302368,0.14343653619289398,0.23117080330848694,0.9553195238113403,-0.13295878469944,0.23040005564689636,0.8997888565063477,0.11079921223225317,0.100409183607597,0.04802937623931136,0.055020204590538746,0.0,0.0,0.0,1,0,0,1.0
crossover_11_05_01_fps30.mp4,253,0.12059862911701202,0.013818437568211994,0.24644092931980044,0.05911451578140259,-0.007487893104553223,0.9767431616783142,-0.05852353572845459,-0.009898006916046143,0.9216776490211487,0.043615520000457764,0.10037040710449219,-0.4423920214176178,0.9572649598121643,-0.042264699935913086,0.09500592947006226,-0.5075662136077881,0.8268663883209229,0.14039069414138794,0.23331010341644287,0.9584052562713623,-0.1361578404903412,0.23235470056533813,0.9087597131729126,0.14907871605875506,0.1614864622554993,0.07234861778049939,0.06323813841504572,0.0,0.0,0.0,1,0,0,1.0
crossover_11_05_01_fps30.mp4,254,0.12171529233455658,0.06350263842081616,0.23641796751720145,0.06887304782867432,-0.013427257537841797,0.9743244647979736,-0.05021107196807861,-0.0035327672958374023,0.9293043613433838,0.06680214405059814,0.086933434009552,-0.4673168659210205,0.9486163854598999,-0.021853923797607422,0.10981601476669312,-0.5246738195419312,0.8435767292976379,0.1344640851020813,0.23299968242645264,0.9567915201187134,-0.14196667075157166,0.2318345308303833,0.9145075082778931,0.14952094333370336,0.15268856261681674,-0.010022961802598984,0.049684200852604166,0.0,0.0,0.0,1,0,0,1.0
crossover_11_05_01_fps30.mp4,255,0.1197567731142044,0.1010772586879084,0.1831516890991025,0.08298501372337341,-0.017779886722564697,0.9709962010383606,-0.04183515906333923,0.009000718593597412,0.9361791610717773,0.09325835108757019,0.08899939060211182,-0.4686312973499298,0.930463969707489,-0.004541069269180298,0.11606341600418091,-0.5309411287307739,0.858762264251709,0.13019219040870667,0.2355595827102661,0.940199077129364,-0.14621350169181824,0.23591649532318115,0.9149333238601685,0.09447640249463916,0.1251242086380966,-0.053266278418098945,0.03757462026709224,0.0,0.0,0.0,0,0,0,1.0
crossover_11_05_01_fps30.mp4,256,0.12061743438243866,0.1335262962317063,0.13821659073597048,0.09160038828849792,-0.026596397161483765,0.9691383838653564,-0.03811183571815491,0.01675000786781311,0.9424821734428406,0.11613515019416809,0.05915138125419617,-0.45114633440971375,0.9283455610275269,0.005158215761184692,0.1162196695804596,-0.5626744627952576,0.8727562427520752,0.12753406167030334,0.23555031418800354,0.9410569667816162,-0.14751306176185608,0.23574289679527283,0.9210922122001648,0.08095529204996939,0.13023912094301035,-0.04493509836313203,0.03244903754379791,0.0,0.0,0.0,0,0,1,1.0
crossover_11_05_01_fps30.mp4,257,0.1198265552520752,0.1496733849331484,0.10867425886596116,0.10178261995315552,-0.028172940015792847,0.9682939052581787,-0.03659099340438843,0.018648594617843628,0.9481054544448853,0.14331966638565063,0.04598453640937805,-0.4532797634601593,0.9287447333335876,0.009737074375152588,0.11348536610603333,-0.574665367603302,0.8852896690368652,0.1273723840713501,0.2362772524356842,0.9374956488609314,-0.148344486951828,0.23634132742881775,0.9264035224914551,0.06301088033874973,0.14001899073146945,-0.02954233187000932,0.016147088701442103,0.0,0.0,0.0,0,0,1,1.0
crossover_11_05_01_fps30.mp4,258,0.11984698474407196,0.14870985726178698,0.09830846742885868,0.10573047399520874,-0.033311277627944946,0.9684632420539856,-0.03472340106964111,0.01785185933113098,0.9532153010368347,0.14964526891708374,0.033875733613967896,-0.4388628900051117,0.932637631893158,0.010358989238739014,0.1125013530254364,-0.5654345750808716,0.896686315536499,0.1290435791015625,0.2362535297870636,0.94090336561203,-0.14719656109809875,0.23680540919303894,0.933127760887146,0.06443952344505223,0.13907695957378555,-0.010365791437102478,-0.0009635276713614305,0.0,0.0,0.0,0,0,1,1.0
crossover_11_05_01_fps30.mp4,259,0.1200500875711441,0.13043861156803072,0.11271583176240685,0.09884390234947205,-0.03198137879371643,0.9628782868385315,-0.03800192475318909,0.01585879921913147,0.9578031897544861,0.12479403614997864,0.04173043370246887,-0.42393758893013,0.9279981255531311,0.0065652430057525635,0.10670784115791321,-0.556483805179596,0.9069536924362183,0.13069716095924377,0.23640665411949158,0.9437168836593628,-0.14559948444366455,0.23679772019386292,0.9391061067581177,0.07120946544791587,0.12401897995899533,0.014407364333548167,-0.018271245693756266,0.0,0.0,0.0,0,0,1,1.0
crossover_11_05_01_fps30.mp4,260,0.11603975296020508,0.08673948918358754,0.15911147652602775,0.09095996618270874,-0.026444673538208008,0.9615493416786194,-0.042468130588531494,0.019393861293792725,0.9618837833404541,0.10448843240737915,0.06564170122146606,-0.41284608840942383,0.9255081415176392,-0.0036092400550842285,0.1108354926109314,-0.5212522745132446,0.9161727428436279,0.13167518377304077,0.24127519130706787,0.9466018676757812,-0.14471739530563354,0.24110037088394165,0.9446331858634949,0.09514002249866577,0.10243760783039335,0.0463956447636209,-0.04369912238444318,0.0,0.0,0.0,0,0,0,1.0
crossover_11_05_01_fps30.mp4,261,0.11769144237041473,0.018931981668633968,0.23033155595383992,0.07808578014373779,-0.021724313497543335,0.9651004076004028,-0.04361280798912048,0.011158674955368042,0.9655903577804565,0.06105613708496094,0.07905349135398865,-0.42822203040122986,0.9326930046081543,-0.009262621402740479,0.1065843403339386,-0.5007510185241699,0.9244185090065002,0.1323719620704651,0.24271658062934875,0.9509155750274658,-0.1444140374660492,0.24139150977134705,0.9499658346176147,0.15703342732875586,0.12691851329112985,0.07122007942781217,-0.06780750751495357,0.0,0.0,0.0,1,1,0,1.0
crossover_11_05_01_fps30.mp4,262,0.11848235130310059,-0.04386085271835327,0.26537483014711516,0.06393492221832275,-0.004475384950637817,0.9672166705131531,-0.048201024532318115,0.0032522976398468018,0.9668830633163452,0.029346466064453125,0.09986260533332825,-0.4784899652004242,0.9363542795181274,-0.04365047812461853,0.0985238254070282,-0.5085213780403137,0.926997721195221,0.13758230209350586,0.2439952790737152,0.951774537563324,-0.13946855068206787,0.2424960434436798,0.9520403146743774,0.18097957919659605,0.1668511373657555,0.03504327419327524,-0.06279283438698724,0.0,0.0,0.0,1,1,0,1.0
crossover_11_05_01_fps30.mp4,263,0.12315890192985535,-0.08464246503377365,0.1987465878812278,0.055761635303497314,-0.0028563737869262695,0.9700121283531189,-0.06125018000602722,-0.007960379123687744,0.9630159735679626,0.011420011520385742,0.09864389896392822,-0.4969976246356964,0.9420878291130066,-0.07062849402427673,0.08701950311660767,-0.4871264398097992,0.9129899144172668,0.14411598443984985,0.2401946783065796,0.9541715383529663,-0.13292023539543152,0.23786449432373047,0.9528291821479797,0.13873913553929934,0.11260254372551107,-0.06662824226588737,-0.04078161231542038,0.0,0.0,0.0,1,0,0,1.0
crossover_11_05_01_fps30.mp4,264,0.12308768928050995,-0.12546165125854947,0.15129877052656038,0.049181386828422546,0.004000931978225708,0.9714809656143188,-0.07855938374996185,-0.01020762324333191,0.9612817764282227,-0.00011052191257476807,0.09567531943321228,-0.5194941759109497,0.9454630613327026,-0.10588060319423676,0.08570161461830139,-0.4967208206653595,0.9073746800422668,0.14715497195720673,0.23831221461296082,0.9555454254150391,-0.13027353584766388,0.2352311909198761,0.9476686716079712,0.13713815639655277,0.06845731740690225,-0.04744781735466741,-0.040819186224775816,0.0,0.0,0.0,0,0,1,1.0
crossover_11_05_01_fps30.mp4,265,0.12379856407642365,-0.14442259068206204,0.11570062564640515,0.04759226739406586,0.0027600228786468506,0.9730380177497864,-0.08898802101612091,-0.023541659116744995,0.9603725671768188,-0.0037066489458084106,0.09182074666023254,-0.5261765718460083,0.9496368765830994,-0.13644133508205414,0.05646952986717224,-0.5038689970970154,0.9127626419067383,0.1474047154188156,0.2378484308719635,0.9574444890022278,-0.12997879087924957,0.23464134335517883,0.9453610777854919,0.14272779995191887,0.05976640484554279,-0.035598144880155225,-0.01896093942351257,0.0,0.0,0.0,0,0,1,1.0
crossover_11_05_01_fps30.mp4,266,0.12447240948677063,-0.14654360767138208,0.10056788645139558,0.047769129276275635,0.00043955445289611816,0.9736314415931702,-0.09214434027671814,-0.02878013253211975,0.9601088762283325,-0.0026394128799438477,0.08963009715080261,-0.5484004020690918,0.9527978301048279,-0.14373308420181274,0.04053589701652527,-0.5033984780311584,0.9180638790130615,0.1470719575881958,0.23696276545524597,0.9569332599639893,-0.13006627559661865,0.23377302289009094,0.934729814529419,0.14431927284100474,0.06009774369875612,-0.01513273919500957,-0.002121016989320046,0.0,0.0,0.0,0,0,1,1.0
crossover_11_05_01_fps30.mp4,267,0.12315768003463745,-0.13215630559597985,0.11116044753935284,0.04930359125137329,6.788969039916992e-05,0.9740078449249268,-0.08493530750274658,-0.02585124969482422,0.9474125504493713,0.0014300942420959473,0.09222215414047241,-0.5176586508750916,0.9553411602973938,-0.1273464858531952,0.04852515459060669,-0.4854729473590851,0.8990041017532349,0.14666348695755005,0.23777532577514648,0.9556112289428711,-0.1302967071533203,0.23375117778778076,0.9232699275016785,0.13492214487829762,0.06281969666221995,0.010592561087957253,0.01438730207540223,0.0,0.0,0.0,0,0,1,1.0
crossover_11_05_01_fps30.mp4,268,0.12558044493198395,-0.09460787954977001,0.15048906425150432,0.050495266914367676,-0.0022052526473999023,0.9741836786270142,-0.07779142260551453,-0.023997187614440918,0.9417757987976074,0.008975327014923096,0.09676563739776611,-0.508802592754364,0.954904317855835,-0.10330146551132202,0.07907408475875854,-0.49301084876060486,0.8645582795143127,0.14615482091903687,0.23516923189163208,0.95689857006073,-0.13093087077140808,0.2320132851600647,0.9242275357246399,0.11668627715002669,0.07194218326420317,0.03932861671215149,0.03754842604620984,0.0,0.0,0.0,0,0,1,1.0
crossover_11_05_01_fps30.mp4,269,0.1279800534248352,-0.034060722488467976,0.2136021316051483,0.05250096321105957,-0.0027522146701812744,0.9751278162002563,-0.06854796409606934,-0.025309711694717407,0.9461731314659119,0.011406481266021729,0.09719553589820862,-0.46489283442497253,0.9566397666931152,-0.06655040383338928,0.0742892324924469,-0.44885000586509705,0.8754453063011169,0.1452825665473938,0.23409339785575867,0.9599398374557495,-0.13172677159309387,0.23086854815483093,0.9301553964614868,0.12497104521180571,0.1430512609279633,0.06311306735364397,0.06054715706130204,0.0,0.0,0.0,1,1,0,1.0
crossover_11_05_01_fps30.mp4,270,0.13072602450847626,0.025736785995758238,0.2600942597156618,0.057588860392570496,-0.00985860824584961,0.9768871068954468,-0.054801806807518005,-0.022605419158935547,0.9513005614280701,0.04615287482738495,0.09623140096664429,-0.4561482071876526,0.9592099189758301,-0.03301383554935455,0.08904904127120972,-0.5041795372962952,0.8866026997566223,0.14353202283382416,0.2350262999534607,0.9621762633323669,-0.13348232209682465,0.23182165622711182,0.9359936118125916,0.16512980700219249,0.18085381468093895,0.04649212811051351,0.059797508484226214,0.0,0.0,0.0,1,1,0,1.0
crossover_11_05_01_fps30.mp4,271,0.13044895231723785,0.06371430633431774,0.20721508046475856,0.06870105862617493,-0.020615607500076294,0.9767907857894897,-0.044924646615982056,-0.01605197787284851,0.9560444355010986,0.07271024584770203,0.08054837584495544,-0.4475175738334656,0.955636203289032,-0.011325806379318237,0.09708884358406067,-0.5069215297698975,0.8976100087165833,0.14068207144737244,0.23670634627342224,0.9618346691131592,-0.13597965240478516,0.23409977555274963,0.9405931234359741,0.12698575111786725,0.1332621722979885,-0.05287917925090324,0.0379775203385595,0.0,0.0,0.0,1,0,0,1.0
crossover_11_05_01_fps30.mp4,272,0.12541987001895905,0.0967206864033715,0.1627580652876598,0.08578544855117798,-0.015554219484329224,0.9777790904045105,-0.04090753197669983,-0.0037964284420013428,0.9603573083877563,0.10278475284576416,0.08627089858055115,-0.45176154375076294,0.956127941608429,-0.0007146000862121582,0.10226842761039734,-0.5075509548187256,0.9077292680740356,0.1365256905555725,0.24237290024757385,0.95591139793396,-0.1403699517250061,0.24113288521766663,0.943899393081665,0.07672717623305828,0.11468492193672948,-0.04445701517709877,0.033006380069053765,0.0,0.0,0.0,0,0,1,1.0
crossover_11_05_01_fps30.mp4,273,0.12165246903896332,0.1238631230289653,0.12426715900258323,0.0955502986907959,-0.02311691641807556,0.9772534370422363,-0.039425790309906006,0.005427628755569458,0.9642327427864075,0.12618744373321533,0.058712393045425415,-0.4449754059314728,0.9528874754905701,0.007169127464294434,0.1050666868686676,-0.5387037992477417,0.9168459177017212,0.1332494616508484,0.24633696675300598,0.9486079812049866,-0.14369747042655945,0.24616047739982605,0.9463871717453003,0.06559595876602416,0.11826304042689201,-0.038490906285076565,0.02714243662559379,0.0,0.0,0.0,0,0,1,1.0
crossover_11_05_01_fps30.mp4,274,0.12232296168804169,0.1449466190095675,0.08881657472470916,0.10527622699737549,-0.033657073974609375,0.9783575534820557,-0.040343642234802246,0.007243335247039795,0.9676468372344971,0.15199124813079834,0.03670912981033325,-0.5085039734840393,0.9550769925117493,0.007464289665222168,0.10310202836990356,-0.5491598844528198,0.9249879121780396,0.13276571035385132,0.24865686893463135,0.9411634206771851,-0.14503830671310425,0.24699407815933228,0.9458522796630859,0.05258148547692822,0.13822252011809089,-0.035450584277874064,0.021083495980602218,0.0,0.0,0.0,0,0,1,1.0
crossover_11_05_01_fps30.mp4,275,0.1260238140821457,0.15843299566689184,0.056588582876252014,0.1086006760597229,-0.05369111895561218,0.9799466133117676,-0.04319658875465393,0.005593717098236084,0.9708011150360107,0.15819233655929565,0.003592848777770996,-0.425670325756073,0.9587904214859009,0.004636228084564209,0.09309285879135132,-0.5336188077926636,0.9324002265930176,0.13275855779647827,0.2473280429840088,0.9434647560119629,-0.14530211687088013,0.2458469271659851,0.9501929879188538,0.05299628052460826,0.15806962984349082,-0.03222799184845715,0.013486376657324328,0.0,0.0,0.0,0,0,1,1.0
crossover_11_05_01_fps30.mp4,276,0.12896651029586792,0.16103221582154092,0.02947503895294379,0.10975813865661621,-0.06359928846359253,0.9816989898681641,-0.04579657316207886,0.004505246877670288,0.9736795425415039,0.16026604175567627,-0.029294580221176147,-0.3663879632949829,0.9627273082733154,-0.0012278556823730469,0.08488371968269348,-0.5117853283882141,0.9391298294067383,0.13304591178894043,0.24783220887184143,0.9483102560043335,-0.14551931619644165,0.2453906238079071,0.9549805521965027,0.05877461323199234,0.17145976993063594,-0.027113543923308225,0.0025992201546490845,0.0,0.0,0.0,0,0,1,1.0
crossover_11_05_01_fps30.mp4,277,0.12968993186950684,0.15303646639242008,0.008191715798726906,0.10493651032447815,-0.06467801332473755,0.9815243482589722,-0.04943591356277466,0.000560760498046875,0.9762592315673828,0.15010204911231995,-0.04192712903022766,-0.37983956933021545,0.964564859867096,-0.009855180978775024,0.08190393447875977,-0.5190553665161133,0.9451558589935303,0.1318930685520172,0.24755877256393433,0.9520657062530518,-0.14673221111297607,0.24489545822143555,0.9592442512512207,0.05020467519825794,0.17879367988280445,-0.021283323154216882,-0.007995749429120846,0.0,0.0,0.0,0,0,1,1.0
crossover_11_05_01_fps30.mp4,278,0.1298331618309021,0.14202382473622344,0.0037610411643982378,0.09869012236595154,-0.05792266130447388,0.9662652611732483,-0.05198097229003906,-0.006077945232391357,0.9785444736480713,0.13458296656608582,-0.03594100475311279,-0.4916229844093323,0.9370882511138916,-0.015961557626724243,0.08040380477905273,-0.5259988307952881,0.9505440592765808,0.13097158074378967,0.24751931428909302,0.9550891518592834,-0.14767387509346008,0.2446625828742981,0.9630054235458374,0.04039330167669212,0.1755946874334716,-0.0044306746343286685,-0.011012641656196642,0.0,0.0,0.0,0,0,1,1.0
crossover_11_05_01_fps30.mp4,279,0.12886659801006317,0.13210617000773806,0.02464759640577363,0.09393119812011719,-0.052239835262298584,0.9480671882629395,-0.05413469672203064,-0.009935557842254639,0.9805780649185181,0.12329566478729248,-0.014379799365997314,-0.6430444121360779,0.9022660851478577,-0.019816875457763672,0.08057636022567749,-0.5317953824996948,0.9553333520889282,0.1295396089553833,0.24801093339920044,0.9582791328430176,-0.1489289402961731,0.24479377269744873,0.966393232345581,0.04000953165141956,0.1618908223647514,0.020886555241375393,-0.009917654728485381,0.0,0.0,0.0,0,0,1,1.0
crossover_11_05_01_fps30.mp4,280,0.12911877036094666,0.1284198224544525,0.07621270679846037,0.09139648079872131,-0.036488354206085205,0.9479812383651733,-0.0553458034992218,-0.013978719711303711,0.9824639558792114,0.11852279305458069,0.023712098598480225,-0.5263948440551758,0.9062597751617432,-0.02388736605644226,0.07839298248291016,-0.5136556625366211,0.9597353339195251,0.12944510579109192,0.24616360664367676,0.9599844813346863,-0.1494758427143097,0.24226611852645874,0.9692363739013672,0.05342532220127221,0.152322793022428,0.05156511039268674,-0.0036863475532855627,0.0,0.0,0.0,0,0,1,1.0
crossover_11_05_01_fps30.mp4,281,0.12901197373867035,0.12846212467904816,0.1602164399333117,0.09238791465759277,-0.022096991539001465,0.952025294303894,-0.0577617883682251,-0.01741623878479004,0.9841405153274536,0.11666053533554077,0.07557648420333862,-0.48495063185691833,0.9144579172134399,-0.028570234775543213,0.07803750038146973,-0.5109487771987915,0.9636536836624146,0.12971270084381104,0.24260985851287842,0.9597725868225098,-0.14905786514282227,0.23856288194656372,0.9712256193161011,0.08545875974412798,0.17723583165303028,0.08400373313485132,4.230222459566946e-05,0.0,0.0,0.0,1,0,0,1.0
crossover_11_05_01_fps30.mp4,282,0.1279713362455368,0.12831881612034168,0.2775881601542961,0.09269523620605469,-0.007471978664398193,0.9560306668281555,-0.060093045234680176,-0.017451345920562744,0.9855549931526184,0.11574453115463257,0.10006606578826904,-0.4847232699394226,0.9221724271774292,-0.03227025270462036,0.08410561084747314,-0.5113798379898071,0.967093825340271,0.12828773260116577,0.23656123876571655,0.9523569941520691,-0.14888212084770203,0.23706871271133423,0.9706662893295288,0.1779668694743476,0.2514445185569484,0.11737172022098441,-0.00014330855870647863,0.0,0.0,0.0,1,0,0,1.0
crossover_11_05_01_fps30.mp4,283,0.1281662881374359,0.13076228105415733,0.22263742627167116,0.09321045875549316,-0.006509602069854736,0.9597740769386292,-0.06180921196937561,-0.018029451370239258,0.9868466258049011,0.11646479368209839,0.09827685356140137,-0.4735853672027588,0.9286511540412903,-0.03719162940979004,0.08425772190093994,-0.5080754160881042,0.9701741933822632,0.12234306335449219,0.21571296453475952,0.95249342918396,-0.1477150022983551,0.2359181046485901,0.9727218151092529,0.12517975151748978,0.21761768912903798,-0.05495073388262495,0.0024434649338156422,0.0,0.0,0.0,1,0,0,1.0
crossover_11_05_01_fps30.mp4,284,0.12831349670886993,0.13197949175107282,0.14317407171900676,0.09176981449127197,-0.009945690631866455,0.9631603360176086,-0.06565669178962708,-0.0201074481010437,0.9881108999252319,0.11657744646072388,0.08496910333633423,-0.4668235182762146,0.9352275133132935,-0.04313451051712036,0.0811687707901001,-0.49487507343292236,0.9731009602546692,0.12529075145721436,0.2255663275718689,0.955534815788269,-0.14779865741729736,0.23316144943237305,0.9750264883041382,0.060208316232509516,0.18576751904913044,-0.0794633545526644,0.0012172106969154939,0.0,0.0,0.0,0,0,0,1.0
crossover_11_05_01_fps30.mp4,285,0.1279086321592331,0.13074501934698068,0.09330674351715462,0.08809024095535278,-0.016126632690429688,0.9639803767204285,-0.06687015295028687,-0.02113509178161621,0.9892584681510925,0.11380058526992798,0.05530273914337158,-0.4547356069087982,0.9392078518867493,-0.04523494839668274,0.07879960536956787,-0.48069944977760315,0.9757552146911621,0.12993347644805908,0.23168885707855225,0.9587792754173279,-0.14717203378677368,0.23232942819595337,0.9771624207496643,0.041610313560872206,0.17657691271594367,-0.049867328201852135,-0.001234472404092135,0.0,0.0,0.0,0,0,1,1.0
crossover_11_05_01_fps30.mp4,286,0.12519045174121857,0.12778994764311835,0.06463384497456437,0.08739396929740906,-0.019171208143234253,0.9647376537322998,-0.06676271557807922,-0.021440476179122925,0.9902905821800232,0.11401477456092834,0.03417155146598816,-0.5451480150222778,0.9436083436012268,-0.0456317663192749,0.07675793766975403,-0.4814217686653137,0.9781408309936523,0.13245078921318054,0.23312047123908997,0.9620348811149597,-0.14612433314323425,0.23221299052238464,0.9791921377182007,0.03343212107011663,0.17384500135849665,-0.028672898542590253,-0.002955071703862333,0.0,0.0,0.0,0,0,1,1.0
crossover_11_05_01_fps30.mp4,287,0.12279075384140015,0.12685296717336625,0.07659647610129383,0.08723568916320801,-0.019813895225524902,0.9655466675758362,-0.06729263067245483,-0.020830512046813965,0.9912239909172058,0.11014789342880249,0.03572970628738403,-0.5079106688499451,0.9471314549446106,-0.046753376722335815,0.07700449228286743,-0.4799164831638336,0.9802902340888977,0.13313716650009155,0.2352445125579834,0.964842677116394,-0.1464998722076416,0.2328168749809265,0.9809901714324951,0.04414920569879375,0.17360682336255448,0.011962631126729462,-0.0009369804697521023,0.0,0.0,0.0,0,0,1,1.0
crossover_11_05_01_fps30.mp4,288,0.12258002161979675,0.13379098096136322,0.1403557085409397,0.09067821502685547,-0.018157482147216797,0.9684839248657227,-0.06689602136611938,-0.019703567028045654,0.9920564293861389,0.11191320419311523,0.0655207633972168,-0.42225539684295654,0.9520384073257446,-0.04536980390548706,0.07761526107788086,-0.47728219628334045,0.9822139143943787,0.1331568956375122,0.23549938201904297,0.9671261310577393,-0.14680171012878418,0.2327885627746582,0.9825687408447266,0.07796734015589674,0.18982874013692091,0.06375923243964587,0.006938013787996966,0.0,0.0,0.0,0,0,1,1.0
crossover_11_05_01_fps30.mp4,289,0.12267547845840454,0.14140818220073892,0.23135839177341,0.09704667329788208,-0.010437846183776855,0.9707659482955933,-0.06700602173805237,-0.01603490114212036,0.9927377700805664,0.1194259524345398,0.09366673231124878,-0.4481285512447357,0.955954372882843,-0.0440981388092041,0.08220380544662476,-0.48262348771095276,0.9838558435440063,0.12914901971817017,0.21858805418014526,0.9636536836624146,-0.14700832962989807,0.2325308918952942,0.9811029434204102,0.1394353309277736,0.23803295098989646,0.0910026832324703,0.007617201239375704,0.0,0.0,0.0,1,0,0,1.0
crossover_11_05_01_fps30.mp4,290,0.12311859428882599,0.1477837577714758,0.24664402095282945,0.10076203942298889,-0.008753418922424316,0.9718493223190308,-0.06405773758888245,-0.013987481594085693,0.9932807683944702,0.129154771566391,0.09585070610046387,-0.49037811160087585,0.9573429226875305,-0.0400104820728302,0.08630895614624023,-0.5127143263816833,0.9852137565612793,0.1288221776485443,0.221305251121521,0.9511069059371948,-0.1475604772567749,0.23272204399108887,0.9782620668411255,0.15193966872148265,0.24692915892059789,0.015285629179419447,0.006375575570736869,0.0,0.0,0.0,1,0,0,1.0
crossover_11_05_01_fps30.mp4,291,0.12312082946300507,0.15362058908252396,0.17317185430991944,0.1028003990650177,-0.009567022323608398,0.9710188508033752,-0.061625540256500244,-0.013769268989562988,0.9937361478805542,0.13973328471183777,0.08783704042434692,-0.493592768907547,0.9563450813293457,-0.03622099757194519,0.08696240186691284,-0.5196914672851562,0.9863783121109009,0.12815240025520325,0.2220820188522339,0.9442620277404785,-0.14860999584197998,0.23297995328903198,0.9779285192489624,0.08645743278382362,0.2084991551877593,-0.07347216664291001,0.005836831311048174,0.0,0.0,0.0,1,0,0,1.0
crossover_11_05_01_fps30.mp4,292,0.1233547031879425,0.15440011489189276,0.12507730664276495,0.10549217462539673,-0.011178195476531982,0.970573365688324,-0.06018489599227905,-0.013734936714172363,0.994226336479187,0.14707434177398682,0.08462899923324585,-0.48204800486564636,0.9553394317626953,-0.03368246555328369,0.08712053298950195,-0.5152056813240051,0.9875689148902893,0.12864524126052856,0.2282915711402893,0.9457206726074219,-0.1500314474105835,0.2332640290260315,0.9792994260787964,0.04110635624900352,0.19187436966171723,-0.048094547667154486,0.0007795258093687973,0.0,0.0,0.0,0,0,1,1.0
crossover_11_05_01_fps30.mp4,293,0.12332557141780853,0.1491800234479419,0.10563429637653077,0.10340717434883118,-0.01686510443687439,0.9685655236244202,-0.05948862433433533,-0.013383477926254272,0.9946691393852234,0.1448679268360138,0.053354471921920776,-0.44469785690307617,0.9534009099006653,-0.03315111994743347,0.08750203251838684,-0.5141968131065369,0.9886404275894165,0.12815287709236145,0.23008254170417786,0.9482457637786865,-0.15133103728294373,0.23322942852973938,0.9807802438735962,0.05245735622575196,0.18323052377943552,-0.019443010266234184,-0.005220091443950858,0.0,0.0,0.0,0,0,1,1.0
crossover_11_05_01_fps30.mp4,294,0.12429407238960266,0.13477250741699998,0.10448062347202769,0.10093748569488525,-0.01839420199394226,0.9610994458198547,-0.05902928113937378,-0.01351967453956604,0.995113730430603,0.13827598094940186,0.052429527044296265,-0.3998371362686157,0.9418704509735107,-0.03349173069000244,0.0867755115032196,-0.4892205595970154,0.9896934628486633,0.12816685438156128,0.23158738017082214,0.9514734745025635,-0.15116754174232483,0.23198583722114563,0.9822401404380798,0.052168869703312866,0.16919315830008622,-0.001153672904503078,-0.014407516030941925,0.0,0.0,0.0,0,0,1,1.0
crossover_11_05_01_fps30.mp4,295,0.12493623793125153,0.10247346142591052,0.1287689588418821,0.09324264526367188,-0.018908649682998657,0.9602716565132141,-0.058295220136642456,-0.013619333505630493,0.9955366849899292,0.10834294557571411,0.06595811247825623,-0.41883695125579834,0.9400382041931152,-0.033758699893951416,0.08783558011054993,-0.4741257429122925,0.9906534552574158,0.1290106177330017,0.2331017553806305,0.9540270566940308,-0.1500396728515625,0.23099550604820251,0.9835525751113892,0.06308449306366669,0.14224887792964683,0.02428833536985442,-0.03229904599108946,0.0,0.0,0.0,0,0,1,1.0
crossover_11_05_01_fps30.mp4,296,0.1251462697982788,0.037011228173466026,0.19950943821814004,0.0808095932006836,-0.0180758535861969,0.9629902839660645,-0.05847373604774475,-0.011971443891525269,0.9958774447441101,0.0698884129524231,0.07038971781730652,-0.40939217805862427,0.9439712166786194,-0.035554468631744385,0.09378394484519958,-0.47593042254447937,0.9914421439170837,0.12953704595565796,0.23465099930763245,0.9576398730278015,-0.14911046624183655,0.2315622866153717,0.984951913356781,0.1332396768060442,0.1282328362853189,0.07074047937625794,-0.06546223325244449,0.0,0.0,0.0,1,0,0,1.0
crossover_11_05_01_fps30.mp4,297,0.12195231020450592,-0.032987522977893646,0.2730525623007518,0.06940922141075134,-0.009781032800674438,0.9662872552871704,-0.05909174680709839,-0.009075015783309937,0.9959070086479187,0.04061582684516907,0.09705010056495667,-0.45492857694625854,0.949062705039978,-0.05238547921180725,0.09157529473304749,-0.48042747378349304,0.9917502999305725,0.132142573595047,0.23853418231010437,0.9597600102424622,-0.14687484502792358,0.23523017764091492,0.985316276550293,0.19077295312028952,0.18251103898091472,0.07354312408261177,-0.06999875115135967,0.0,0.0,0.0,1,1,0,1.0
crossover_11_05_01_fps30.mp4,298,0.12140022218227386,-0.07223148679329178,0.21041541739207947,0.055739790201187134,0.0006226301193237305,0.9686196446418762,-0.06461626291275024,-0.011788547039031982,0.989128589630127,0.014199286699295044,0.10200226306915283,-0.45974934101104736,0.9523562788963318,-0.07266712188720703,0.0881548523902893,-0.4667092561721802,0.9714330434799194,0.1355639398097992,0.2390459179878235,0.9621428847312927,-0.143459290266037,0.23576295375823975,0.9840292930603027,0.13864952447366546,0.1222613411201268,-0.06263714490867234,-0.03924396381539813,0.0,0.0,0.0,1,0,0,1.0
crossover_11_05_01_fps30.mp4,299,0.1209496408700943,-0.10591295412031271,0.15472790090049182,0.0525699257850647,0.0066484808921813965,0.9710689187049866,-0.07526901364326477,-0.011415421962738037,0.9854743480682373,0.002814054489135742,0.10233902931213379,-0.5088412761688232,0.955902099609375,-0.09692484140396118,0.0973244309425354,-0.5140917897224426,0.9564259052276611,0.14171171188354492,0.23942816257476807,0.9609593152999878,-0.13807746767997742,0.235848069190979,0.9736906886100769,0.12069033212093065,0.058102878873734345,-0.05568751649158765,-0.03368146732702093,0.0,0.0,0.0,0,0,1,1.0
crossover_11_05_01_fps30.mp4,300,0.12129685282707214,-0.128440900980416,0.11656204709192597,0.0499536395072937,0.0062725841999053955,0.9719470739364624,-0.0826026201248169,-0.023603171110153198,0.9689244031906128,-0.004637479782104492,0.09847214818000793,-0.5550670027732849,0.9573516249656677,-0.12439689040184021,0.056774526834487915,-0.5090396404266357,0.9288071990013123,0.14353352785110474,0.23906376957893372,0.9526181221008301,-0.13587215542793274,0.2351994812488556,0.9480176568031311,0.12511807040971315,0.0599241320345418,-0.03816585380856585,-0.022527946860103287,0.0,0.0,0.0,0,0,1,1.0
crossover_11_05_01_fps30.mp4,301,0.11954513192176819,-0.13818587519354741,0.10007000100321883,0.045762985944747925,0.009039431810379028,0.9727055430412292,-0.08944329619407654,-0.030100375413894653,0.9687696695327759,-0.0047543346881866455,0.097147136926651,-0.57126384973526,0.959105908870697,-0.13752427697181702,0.037409037351608276,-0.508304238319397,0.9314166307449341,0.14302995800971985,0.24083098769187927,0.9503092765808105,-0.13609641790390015,0.23680230975151062,0.938678503036499,0.13346354984056066,0.06266445625676055,-0.016492046088707135,-0.009744974213131419,0.0,0.0,0.0,0,0,1,1.0
crossover_11_05_01_fps30.mp4,302,0.1196683794260025,-0.12962844280873315,0.10299751395132484,0.04553291201591492,0.008145898580551147,0.9738911390304565,-0.08475396037101746,-0.029422014951705933,0.959746778011322,-0.0017947852611541748,0.09616664052009583,-0.5348052978515625,0.961586594581604,-0.12687775492668152,0.03919222950935364,-0.4866144359111786,0.9253641366958618,0.14346781373023987,0.24071624875068665,0.9522804617881775,-0.13594239950180054,0.2369026243686676,0.9357972741127014,0.1280160335029373,0.06386454890269966,0.0029275129481060036,0.008557432384814267,0.0,0.0,0.0,0,0,1,1.0
crossover_11_05_01_fps30.mp4,303,0.11979740858078003,-0.09827203760712833,0.13928816812794387,0.046563178300857544,0.009340286254882812,0.9746074676513672,-0.07948809862136841,-0.02758854627609253,0.9499047994613647,0.003130108118057251,0.10357367992401123,-0.5299318432807922,0.9613261818885803,-0.10362789034843445,0.08425748348236084,-0.5232619047164917,0.873907744884491,0.14278694987297058,0.24023479223251343,0.9540726542472839,-0.13835939764976501,0.23791062831878662,0.9364575147628784,0.10750776634895087,0.05529069913781308,0.03629065417661903,0.03135640520160482,0.0,0.0,0.0,0,0,1,1.0
crossover_11_05_01_fps30.mp4,304,0.12459394335746765,-0.036387141074164464,0.20252921275976232,0.0495990514755249,0.004817754030227661,0.9760769605636597,-0.07092756032943726,-0.02913042902946472,0.9515895843505859,0.014915287494659424,0.10904768109321594,-0.519332766532898,0.963317334651947,-0.07145598530769348,0.07663115859031677,-0.48241350054740906,0.8819130063056946,0.14244568347930908,0.2366906702518463,0.9570881128311157,-0.13877621293067932,0.23414066433906555,0.940150260925293,0.10663365294213074,0.1306910244796029,0.06324104463181845,0.06188489653296386,0.0,0.0,0.0,1,0,0,1.0
crossover_11_05_01_fps30.mp4,305,0.128482848405838,0.02952367875535611,0.26661601589947215,0.05416882038116455,-0.009278476238250732,0.9778181314468384,-0.05616617202758789,-0.01987755298614502,0.9563013911247253,0.04275792837142944,0.10519981384277344,-0.4658084809780121,0.9653427004814148,-0.029617130756378174,0.09519708156585693,-0.5167551040649414,0.8931384086608887,0.1425907015800476,0.23453283309936523,0.9608636498451233,-0.1388101577758789,0.23208129405975342,0.9457288980484009,0.16195782058705754,0.1813341843055951,0.06408680313970982,0.06591081982952057,0.0,0.0,0.0,1,1,0,1.0
crossover_11_05_01_fps30.mp4,306,0.12919823825359344,0.07220213463750935,0.2076265634560004,0.06876310706138611,-0.016303598880767822,0.976415753364563,-0.0453067421913147,-0.008676648139953613,0.960530698299408,0.06941542029380798,0.09208780527114868,-0.46044471859931946,0.9556691646575928,-0.009135156869888306,0.09824872016906738,-0.5218930244445801,0.9034910202026367,0.14024803042411804,0.23467117547988892,0.9602906107902527,-0.14109688997268677,0.23255521059036255,0.9492629766464233,0.11557236010279892,0.13630578708132776,-0.05898945244347176,0.04267845588215324,0.0,0.0,0.0,1,0,0,1.0
crossover_11_05_01_fps30.mp4,307,0.12185390293598175,0.1090901911258697,0.15923414855468565,0.08684834837913513,-0.01572933793067932,0.9767557978630066,-0.03953292965888977,0.004137128591537476,0.9643235802650452,0.10270741581916809,0.09170177578926086,-0.47412461042404175,0.9538185596466064,0.003913372755050659,0.10714319348335266,-0.5278855562210083,0.9129067659378052,0.13633140921592712,0.2399100363254547,0.9491523504257202,-0.14500445127487183,0.23973557353019714,0.9494869112968445,0.06783333392915408,0.1173696328819848,-0.04839241490131474,0.036888056488360355,0.0,0.0,0.0,0,0,1,1.0
crossover_11_05_01_fps30.mp4,308,0.12055002152919769,0.13972895054493917,0.11857910650532422,0.09390673041343689,-0.02558732032775879,0.9705493450164795,-0.039902836084365845,0.00943225622177124,0.9677318930625916,0.12431272864341736,0.04873764514923096,-0.48127058148384094,0.9324945211410522,0.008307546377182007,0.10643452405929565,-0.5531650185585022,0.921313464641571,0.1330184042453766,0.2403283715248108,0.9469351172447205,-0.14806079864501953,0.24069750308990479,0.9513183236122131,0.07152265111187944,0.13198134851642243,-0.040655042049361434,0.03063875941906946,0.0,0.0,0.0,0,0,1,1.0
crossover_11_05_01_fps30.mp4,309,0.11888937652111053,0.16123626464504304,0.08455398504326983,0.10690417885780334,-0.031909793615341187,0.968427836894989,-0.04123833775520325,0.011806279420852661,0.9707998633384705,0.15487048029899597,0.028014689683914185,-0.4623020887374878,0.9260745644569397,0.005110353231430054,0.10445258021354675,-0.5360091328620911,0.9290052056312561,0.1312154233455658,0.24143388867378235,0.9443870782852173,-0.150046706199646,0.24133917689323425,0.9514719843864441,0.05689653003543215,0.15738886334325533,-0.034025121462054386,0.02150731410010387,0.0,0.0,0.0,0,0,1,1.0
crossover_11_05_01_fps30.mp4,310,0.12125155329704285,0.17238564016455316,0.055368063362633335,0.11546269059181213,-0.0471365749835968,0.969918429851532,-0.04298040270805359,0.010027259588241577,0.9735713005065918,0.1709372103214264,0.005968540906906128,-0.46488797664642334,0.9288215041160583,0.0017975270748138428,0.10159513354301453,-0.5542345643043518,0.9359137415885925,0.13054808974266052,0.2395724356174469,0.9452187418937683,-0.1504109799861908,0.23917171359062195,0.954680323600769,0.04942075240083215,0.17674061883160752,-0.029185921680636495,0.011149375519510119,0.0,0.0,0.0,0,0,1,1.0
crossover_11_05_01_fps30.mp4,311,0.12093263864517212,0.17416363641367116,0.03256411668730941,0.12419655919075012,-0.055394887924194336,0.9715758562088013,-0.045963793992996216,0.008643150329589844,0.9760900139808655,0.17787370085716248,-0.007345080375671387,-0.469259649515152,0.9324348568916321,-0.004488497972488403,0.10047823190689087,-0.5562511682510376,0.9422078132629395,0.13123401999473572,0.24094027280807495,0.9485669732093811,-0.15074199438095093,0.23916035890579224,0.9586175084114075,0.04008127478495031,0.19112538336597001,-0.022803946675323927,0.001777996249118008,0.0,0.0,0.0,0,0,1,1.0
crossover_11_05_01_fps30.mp4,312,0.12141023576259613,0.1726353816056656,0.015794940256490975,0.1278376281261444,-0.06152844429016113,0.9728804230690002,-0.04860919713973999,0.0070254504680633545,0.9783356189727783,0.1761726438999176,-0.0189838707447052,-0.4681929349899292,0.9361177682876587,-0.011997073888778687,0.09963402152061462,-0.5507972836494446,0.9478744864463806,0.13132920861244202,0.24082472920417786,0.9511069655418396,-0.15046927332878113,0.23893538117408752,0.9622446894645691,0.034958231065019024,0.20277607149049978,-0.016769176430818433,-0.001528254808005558,0.0,0.0,0.0,0,0,1,1.0
crossover_11_05_01_fps30.mp4,313,0.12191732227802277,0.16942809739355313,0.0034543719233536274,0.12627089023590088,-0.0664110779762268,0.9728309512138367,-0.0504382848739624,0.006135910749435425,0.9803625345230103,0.17150986194610596,-0.02345016598701477,-0.4709404408931732,0.9379242658615112,-0.01741880178451538,0.0994272530078888,-0.5518697500228882,0.9529317021369934,0.13104373216629028,0.24188140034675598,0.9513372778892517,-0.15077394247055054,0.23906490206718445,0.9649089574813843,0.026984956991307502,0.2100537017910554,-0.012340568333137347,-0.003207284212112471,0.0,0.0,0.0,0,0,1,1.0
crossover_11_05_01_fps30.mp4,314,0.12465198338031769,0.16661803782996487,-0.005909708069592012,0.12369382381439209,-0.0681893527507782,0.9698984026908875,-0.05046561360359192,0.002619504928588867,0.9821727871894836,0.1656816601753235,-0.03213155269622803,-0.4717165231704712,0.9354189038276672,-0.02261948585510254,0.09771662950515747,-0.5477485656738281,0.9574159979820251,0.13139653205871582,0.24198108911514282,0.9523305892944336,-0.15054818987846375,0.23924851417541504,0.9676088094711304,0.026238558244224316,0.21575277103576765,-0.00936407999294564,-0.002810059563588263,0.0,0.0,0.0,0,0,1,1.0
crossover_11_05_01_fps30.mp4,315,0.12662404775619507,0.16279115171755776,-0.013885148414751414,0.12264621257781982,-0.06660643219947815,0.9655762314796448,-0.05477336049079895,-0.0014264881610870361,0.9838218688964844,0.1667802929878235,-0.03378596901893616,-0.4625334143638611,0.9285532236099243,-0.03261101245880127,0.09660318493843079,-0.5308447480201721,0.9614850878715515,0.13162732124328613,0.24247321486473083,0.9545668363571167,-0.15045440196990967,0.23968824744224548,0.9702151417732239,0.02029669699222219,0.2244764521547164,-0.007975440345159401,-0.003826886112407113,0.0,0.0,0.0,0,0,1,1.0
crossover_11_05_01_fps30.mp4,316,0.1282930076122284,0.15886792833522212,-0.023522123040222498,0.1190342903137207,-0.06779694557189941,0.9578667879104614,-0.05974304676055908,-0.007333308458328247,0.9852771162986755,0.16627496480941772,-0.0416124165058136,-0.5166816115379333,0.9148755073547363,-0.04490828514099121,0.08990749716758728,-0.530451238155365,0.9651228189468384,0.13170766830444336,0.24267879128456116,0.9562557935714722,-0.1505480408668518,0.23970726132392883,0.9724427461624146,0.01954796426744412,0.23321883268550855,-0.009636974625471084,-0.003923223382335639,0.0,0.0,0.0,0,0,1,1.0
crossover_11_05_01_fps30.mp4,317,0.12957803905010223,0.15327813180826477,-0.03110765175121588,0.11694490909576416,-0.06939774751663208,0.9527584314346313,-0.06460931897163391,-0.013057202100753784,0.986571192741394,0.16115856170654297,-0.04842790961265564,-0.4909152388572693,0.9093599915504456,-0.05298313498497009,0.0809609591960907,-0.5001614093780518,0.9683720469474792,0.13185405731201172,0.2420656979084015,0.9592959880828857,-0.1505979597568512,0.23897656798362732,0.9747249484062195,0.019028728485330874,0.23474046037871013,-0.007585528710993383,-0.005589796526957347,0.0,0.0,0.0,0,0,1,1.0
crossover_11_05_01_fps30.mp4,318,0.13062745332717896,0.14685903373411147,-0.031073712575726442,0.10554441809654236,-0.06846362352371216,0.9334641695022583,-0.06883999705314636,-0.017998069524765015,0.9876271486282349,0.15222689509391785,-0.0505104660987854,-0.5158605575561523,0.8853312730789185,-0.06298717856407166,0.07255300879478455,-0.4879675805568695,0.9711833000183105,0.1318943202495575,0.2414168417453766,0.9619264006614685,-0.15062233805656433,0.2379678189754486,0.976643979549408,0.02016435774068312,0.23403830925277097,3.3939175489439144e-05,-0.006419098074153307,0.0,0.0,0.0,0,0,1,1.0
crossover_11_05_01_fps30.mp4,319,0.13205431401729584,0.13975386993359706,-0.02020319060581488,0.09669700264930725,-0.060779839754104614,0.8932818174362183,-0.07149010896682739,-0.020999670028686523,0.9885605573654175,0.13222572207450867,-0.04335451126098633,-0.5566728711128235,0.8290267586708069,-0.06775867938995361,0.06906735897064209,-0.47539466619491577,0.973655641078949,0.1319425404071808,0.23918861150741577,0.9640835523605347,-0.15068450570106506,0.2356318235397339,0.9782928824424744,0.024344540625505038,0.22589973251077947,0.010870521969911562,-0.0071051638005144024,0.0,0.0,0.0,0,0,1,1.0
crossover_11_05_01_fps30.mp4,320,0.13032610714435577,0.13642154144028484,0.02582299927385845,0.09403419494628906,-0.038647621870040894,0.8786039352416992,-0.07269871234893799,-0.020296066999435425,0.9893367886543274,0.12269437313079834,0.00455513596534729,-0.5375060439109802,0.8105047941207886,-0.06920507550239563,0.07097908854484558,-0.48183509707450867,0.9757606983184814,0.13172566890716553,0.23894861340522766,0.9654632210731506,-0.15098443627357483,0.23493430018424988,0.9794982075691223,0.025313181536631972,0.21052643062936588,0.04602618987967333,-0.00333232849331222,0.0,0.0,0.0,0,0,1,1.0
crossover_11_05_01_fps30.mp4,321,0.12903285026550293,0.14120678527880526,0.13351775785771813,0.09447696805000305,-0.031531333923339844,0.8903653025627136,-0.07332795858383179,-0.02030491828918457,0.9903411865234375,0.11874261498451233,0.04675084352493286,-0.40728262066841125,0.8291974663734436,-0.06902441382408142,0.0713658332824707,-0.47779205441474915,0.9781090021133423,0.13161399960517883,0.23843002319335938,0.9681503176689148,-0.15122976899147034,0.2341383695602417,0.9813560843467712,0.08962776561894138,0.21922595376607404,0.10769475858385968,0.004785243838520414,0.0,0.0,0.0,0,0,0,1.0
crossover_11_05_01_fps30.mp4,322,0.13018694519996643,0.14375887038344048,0.2560071615184226,0.09559804201126099,-0.025875777006149292,0.9011563658714294,-0.07385039329528809,-0.022099405527114868,0.9912492632865906,0.1178138256072998,0.08024874329566956,-0.45405516028404236,0.8461081981658936,-0.06603115797042847,0.072599858045578,-0.4786107838153839,0.9801973700523376,0.13030976057052612,0.23345711827278137,0.9696589112281799,-0.1515955924987793,0.23241040110588074,0.9824771881103516,0.17766307135868198,0.27865766625717886,0.12248940366070449,0.0025520851046352266,0.0,0.0,0.0,1,0,0,1.0
crossover_11_05_01_fps30.mp4,323,0.13050366938114166,0.14364767296839565,0.22794291958576296,0.09581118822097778,-0.025151044130325317,0.910794198513031,-0.07335996627807617,-0.020115703344345093,0.9920473098754883,0.1195448637008667,0.078867107629776,-0.4555736482143402,0.8612040877342224,-0.06351402401924133,0.07813236117362976,-0.48362916707992554,0.98203444480896,0.12624818086624146,0.21254119277000427,0.9696779251098633,-0.15241682529449463,0.2313500940799713,0.9831300377845764,0.1510117317459927,0.2556543997480831,-0.02806424193265966,-0.00011119741504483915,0.0,0.0,0.0,1,0,0,1.0
crossover_11_05_01_fps30.mp4,324,0.12860006093978882,0.14141792341814208,0.13547243984734136,0.09601306915283203,-0.0289992094039917,0.9195495247840881,-0.07321411371231079,-0.020669102668762207,0.992805540561676,0.12201637029647827,0.05988788604736328,-0.4321756064891815,0.8749606013298035,-0.06246855854988098,0.07681035995483398,-0.4812791645526886,0.9837790131568909,0.1271367073059082,0.21923327445983887,0.9719398617744446,-0.15255892276763916,0.23007798194885254,0.984550416469574,0.07803489627515707,0.21215781189155375,-0.0924704797384216,-0.002229749550253568,0.0,0.0,0.0,0,0,0,1.0
crossover_11_05_01_fps30.mp4,325,0.12654177844524384,0.1435753861726341,0.07624607900293867,0.09681174159049988,-0.03274267911911011,0.9271971583366394,-0.07292866706848145,-0.01953023672103882,0.9934906363487244,0.12968340516090393,0.05470854043960571,-0.4130336046218872,0.887010931968689,-0.06140321493148804,0.07886016368865967,-0.4982067942619324,0.9853564500808716,0.12843796610832214,0.22419971227645874,0.9740045666694641,-0.15199121832847595,0.23002243041992188,0.9858238697052002,0.02562913778880058,0.20499526909015958,-0.05922636084440269,0.0021574627544920233,0.0,0.0,0.0,0,0,1,1.0
crossover_11_05_01_fps30.mp4,326,0.12579819560050964,0.14881369269500344,0.04508655667304995,0.1020420491695404,-0.04683598875999451,0.9338226318359375,-0.0722966194152832,-0.01751646399497986,0.9941165447235107,0.14251354336738586,-0.002444654703140259,-0.3737211525440216,0.897650420665741,-0.059296220541000366,0.08247694373130798,-0.49791419506073,0.9867947101593018,0.12915745377540588,0.22512862086296082,0.9756118059158325,-0.15142279863357544,0.22894296050071716,0.9869171380996704,0.047946928331628856,0.21144213636705286,-0.031159522329888723,0.00523830652236934,0.0,0.0,0.0,0,0,1,1.0
crossover_11_05_01_fps30.mp4,327,0.12628258764743805,0.15233789419723764,0.02841934329125939,0.10726481676101685,-0.06121984124183655,0.9399640560150146,-0.07182720303535461,-0.014022916555404663,0.9946798086166382,0.15286695957183838,-0.02919331192970276,-0.3562939167022705,0.9074650406837463,-0.05579102039337158,0.08533385396003723,-0.4976269602775574,0.9880805611610413,0.1295773983001709,0.2253355085849762,0.9771040678024292,-0.15105900168418884,0.2278953492641449,0.987905740737915,0.05761508441181058,0.21577049523355027,-0.016667213381790558,0.0035242015022342033,0.0,0.0,0.0,0,0,1,1.0
crossover_11_05_01_fps30.mp4,328,0.12720391154289246,0.1511526409852303,0.02961685279520543,0.11039665341377258,-0.0638645589351654,0.9453097581863403,-0.07049918174743652,-0.01293092966079712,0.9951883554458618,0.15665778517723083,-0.029509663581848145,-0.3685532212257385,0.9159651398658752,-0.05244883894920349,0.08779537677764893,-0.500376284122467,0.9892398118972778,0.13036099076271057,0.22626471519470215,0.9784948825836182,-0.15112027525901794,0.22750043869018555,0.9887530207633972,0.0593822494644713,0.211750568557129,0.001197509503946037,-0.0011852532120073533,0.0,0.0,0.0,0,0,1,1.0
crossover_11_05_01_fps30.mp4,329,0.12759289145469666,0.14067636273675044,0.04768173171252743,0.10958090424537659,-0.06112834811210632,0.9466926455497742,-0.06852048635482788,-0.012792229652404785,0.9956344366073608,0.15586838126182556,-0.016177475452423096,-0.3550078868865967,0.9146180152893066,-0.04966279864311218,0.08971035480499268,-0.49694404006004333,0.9902807474136353,0.1307801902294159,0.22773754596710205,0.9794968366622925,-0.15124306082725525,0.22760546207427979,0.989529550075531,0.06564141807275567,0.19492409167118846,0.018064878917322003,-0.010476278248479853,0.0,0.0,0.0,0,0,1,1.0
crossover_11_05_01_fps30.mp4,330,0.12634503841400146,0.11160693350484818,0.08789293533418241,0.09238427877426147,-0.04610496759414673,0.9407021403312683,-0.06659948825836182,-0.011723935604095459,0.9959900975227356,0.11593872308731079,0.01977825164794922,-0.42902815341949463,0.8995989561080933,-0.0483127236366272,0.08940303325653076,-0.48431459069252014,0.9911324381828308,0.13150113821029663,0.2295570969581604,0.9797052145004272,-0.15103036165237427,0.22884255647659302,0.9899247288703918,0.06825228592994034,0.1599267867994043,0.04021120362165498,-0.029069429231902255,0.0,0.0,0.0,0,0,1,1.0
crossover_11_05_01_fps30.mp4,331,0.12388154864311218,0.059600314144360844,0.14834624441658584,0.07290390133857727,-0.03334224224090576,0.945709228515625,-0.06533953547477722,-0.011586248874664307,0.9963443875312805,0.08012911677360535,0.05981409549713135,-0.33085086941719055,0.9084829688072205,-0.04806390404701233,0.08901464939117432,-0.45185619592666626,0.9919587969779968,0.13289543986320496,0.23020046949386597,0.9810922741889954,-0.14965766668319702,0.22924447059631348,0.9907218813896179,0.09088109335657744,0.12293015109003587,0.06045330908240343,-0.05200661936048734,0.0,0.0,0.0,1,0,0,1.0
crossover_11_05_01_fps30.mp4,332,0.11920879781246185,-0.01021936909627108,0.22150741045067945,0.06153595447540283,-0.006789952516555786,0.9503720998764038,-0.06616485118865967,-0.0105457603931427,0.9965286254882812,0.04102134704589844,0.09804007411003113,-0.4194289743900299,0.916593074798584,-0.06458064913749695,0.08454689383506775,-0.4609062671661377,0.9924683570861816,0.13458138704299927,0.2336936891078949,0.9816561937332153,-0.14826270937919617,0.23173168301582336,0.990885853767395,0.1336779493178182,0.14735444302543385,0.07316116603409362,-0.06981968324063192,0.0,0.0,0.0,1,0,0,1.0
crossover_11_05_01_fps30.mp4,333,0.1175956279039383,-0.0889046861963757,0.24661582504830715,0.050037652254104614,-0.00020992755889892578,0.9532005190849304,-0.07322525978088379,-0.009729087352752686,0.9908908009529114,0.009651750326156616,0.0983169674873352,-0.4720636308193207,0.9202501773834229,-0.08366084098815918,0.08515208959579468,-0.46163707971572876,0.9729218482971191,0.13706734776496887,0.2338443398475647,0.9806115031242371,-0.14629939198493958,0.2321491241455078,0.9865339398384094,0.17806156894150232,0.16154886498780072,0.025108414597627693,-0.07868531710010462,0.0,0.0,0.0,1,0,0,1.0
crossover_11_05_01_fps30.mp4,334,0.11645036935806274,-0.13484212038880689,0.17652376032457118,0.04028284549713135,0.004714101552963257,0.9535548090934753,-0.08547228574752808,-0.008179932832717896,0.9852600693702698,-0.01166003942489624,0.09688130021095276,-0.527538001537323,0.9206657409667969,-0.11735564470291138,0.09675857424736023,-0.5314471125602722,0.9570006728172302,0.13940906524658203,0.23435083031654358,0.977748692035675,-0.14552274346351624,0.2324715554714203,0.9736981391906738,0.1466858770418909,0.08165942530930217,-0.07009206472373597,-0.04593743419243118,0.0,0.0,0.0,0,0,0,1.0
crossover_11_05_01_fps30.mp4,335,0.11488467454910278,-0.16212416644823752,0.13159086733329584,0.032575011253356934,0.012114226818084717,0.9562730193138123,-0.09496718645095825,-0.018383145332336426,0.9759654998779297,-0.021635591983795166,0.09780210256576538,-0.5287418961524963,0.9262033700942993,-0.14183199405670166,0.06710964441299438,-0.5300664305686951,0.9383576512336731,0.14035314321517944,0.23564904928207397,0.9767447710037231,-0.1446210741996765,0.23384416103363037,0.9626113772392273,0.1444947064067285,0.06759881929194783,-0.04493289299127534,-0.02728204605943063,0.0,0.0,0.0,0,0,1,1.0
crossover_11_05_01_fps30.mp4,336,0.11431427299976349,-0.16872734326427263,0.10171526975748013,0.0305425226688385,0.01424136757850647,0.9589932560920715,-0.10800892114639282,-0.02534148097038269,0.9661390781402588,-0.023240596055984497,0.09726402163505554,-0.5514683723449707,0.9319149851799011,-0.15700721740722656,0.0424019992351532,-0.5144245028495789,0.921734094619751,0.14241895079612732,0.23703894019126892,0.9761226773262024,-0.14271026849746704,0.23471316695213318,0.9550662636756897,0.1455548254888711,0.0604601142089538,-0.029875597575815704,-0.006603176816035117,0.0,0.0,0.0,0,0,1,1.0
crossover_11_05_01_fps30.mp4,337,0.11454865336418152,-0.16732837365845504,0.08278758598536984,0.029033660888671875,0.014785557985305786,0.9613370895385742,-0.11080971360206604,-0.035062044858932495,0.9559357762336731,-0.02568131685256958,0.0988711416721344,-0.5793999433517456,0.936988115310669,-0.16670578718185425,0.035286396741867065,-0.508248507976532,0.8965510725975037,0.14324814081192017,0.2389523684978485,0.9754894375801086,-0.14170295000076294,0.23630008101463318,0.9523237347602844,0.14255724978161932,0.04750526911267749,-0.018927683772110293,0.0013989696058175904,0.0,0.0,0.0,0,0,1,1.0
crossover_11_05_01_fps30.mp4,338,0.11277757585048676,-0.16126611909623872,0.07282577883906483,0.028237849473953247,0.015901952981948853,0.9635396003723145,-0.10903772711753845,-0.036776453256607056,0.9350020289421082,-0.025015205144882202,0.09875813126564026,-0.580218493938446,0.9419652819633484,-0.16090843081474304,0.03073975443840027,-0.45228835940361023,0.8677046895027161,0.14403489232063293,0.24249616265296936,0.9741978049278259,-0.14072716236114502,0.23949047923088074,0.9478163123130798,0.1386967860296556,0.042087544366000394,-0.009961807146305013,0.006062254562216318,0.0,0.0,0.0,0,0,1,1.0
crossover_11_05_01_fps30.mp4,339,0.11510902643203735,-0.15183178671335767,0.06310162646014517,0.030119597911834717,0.013120323419570923,0.9575135111808777,-0.10443347692489624,-0.037312716245651245,0.8951629996299744,-0.02290242910385132,0.09603789448738098,-0.5647338032722473,0.936087965965271,-0.14790919423103333,0.02955147624015808,-0.49203014373779297,0.8164021968841553,0.1447964310646057,0.24314668774604797,0.9682172536849976,-0.1398739516735077,0.23954209685325623,0.93203204870224,0.1330698200388123,0.033778681317749616,-0.00972415237891966,0.00943433238288105,0.0,0.0,0.0,0,0,1,1.0
crossover_11_05_01_fps30.mp4,340,0.11763690412044525,-0.1406064042600535,0.05266992464298159,0.0336785614490509,0.011121034622192383,0.9489297866821289,-0.10008499026298523,-0.03561818599700928,0.8642811179161072,-0.02303650975227356,0.07377409934997559,-0.5371883511543274,0.9255215525627136,-0.13655760884284973,0.03046560287475586,-0.4924132227897644,0.7910700440406799,0.14556995034217834,0.2431410551071167,0.9660435914993286,-0.13916659355163574,0.23950546979904175,0.9252783060073853,0.11944901123338705,0.022570437512757106,-0.010431701817163574,0.011225382453304178,0.0,0.0,0.0,0,0,1,1.0
crossover_11_05_01_fps30.mp4,341,0.12098561227321625,-0.12967652415825148,0.045803069777605065,0.03718319535255432,0.0077294111251831055,0.9462090730667114,-0.09624198079109192,-0.033255159854888916,0.8512996435165405,-0.019973784685134888,0.042660534381866455,-0.5688443779945374,0.9217140078544617,-0.128933846950531,0.031985342502593994,-0.5953704118728638,0.7777934670448303,0.14611688256263733,0.24282532930374146,0.9654987454414368,-0.13868597149848938,0.23975777626037598,0.9245989918708801,0.10974774064471653,0.013837671642348373,-0.006866854865376526,0.010929880101802014,0.0,0.0,0.0,0,0,1,1.0
crossover_11_05_01_fps30.mp4,342,0.12805666029453278,-0.11960761971392875,0.037471451701187486,0.04083806276321411,-0.0019889473915100098,0.9487578272819519,-0.08832499384880066,-0.03600507974624634,0.8554998636245728,-0.019507765769958496,0.017818331718444824,-0.5946522951126099,0.9253294467926025,-0.10963830351829529,0.027140796184539795,-0.6625164151191711,0.7869541049003601,0.14623218774795532,0.24074828624725342,0.966137170791626,-0.13879865407943726,0.23834830522537231,0.928524911403656,0.10201091061577804,0.014356521473259566,-0.00833161807641758,0.010068904444322735,0.0,0.0,0.0,0,0,1,1.0
crossover_11_05_01_fps30.mp4,343,0.13134285807609558,-0.11008037379232505,0.033797346527983496,0.04164978861808777,-0.006401568651199341,0.9511716961860657,-0.08108183741569519,-0.03603056073188782,0.8548300266265869,-0.019480377435684204,-0.0006220042705535889,-0.6717734932899475,0.928434431552887,-0.09830603003501892,0.025117605924606323,-0.7099546194076538,0.775964617729187,0.14551886916160583,0.24068084359169006,0.9663445949554443,-0.13960978388786316,0.2385287582874298,0.9311842918395996,0.09691775404545903,0.014627818287671204,-0.0036741051732039898,0.0095272459216037,0.0,0.0,0.0,0,0,1,1.0
crossover_11_05_01_fps30.mp4,344,0.13541750609874725,-0.10134540927612173,0.02906423836219596,0.04155877232551575,-0.010454535484313965,0.9540563225746155,-0.07484999299049377,-0.038175761699676514,0.8625470995903015,-0.020630568265914917,-0.009931206703186035,-0.6745619177818298,0.9324690103530884,-0.08113133907318115,0.022608816623687744,-0.6269946694374084,0.7737009525299072,0.14347413182258606,0.24044430255889893,0.9649467468261719,-0.14185750484466553,0.23899680376052856,0.9347394704818726,0.08964111944387011,0.021219828085811975,-0.004733108165787536,0.008734964516203314,0.0,0.0,0.0,0,0,1,1.0
crossover_11_05_01_fps30.mp4,345,0.13968978822231293,-0.09554109361212132,0.025337588787078813,0.039138585329055786,-0.016741514205932617,0.9563103318214417,-0.07425928115844727,-0.04021430015563965,0.8687581419944763,-0.02286413311958313,-0.016858160495758057,-0.6460248231887817,0.9348585605621338,-0.07365533709526062,0.014607608318328857,-0.6239336729049683,0.7700096368789673,0.1403304636478424,0.24010419845581055,0.9623026251792908,-0.14524662494659424,0.2385859489440918,0.9373792409896851,0.08403821656826128,0.02437455269692279,-0.003726649575117147,0.0058043156640004145,0.0,0.0,0.0,0,0,1,1.0
crossover_11_05_01_fps30.mp4,346,0.14551475644111633,-0.07899612602541001,0.014459909316970054,0.04123440384864807,-0.027393072843551636,0.9572194814682007,-0.06827214360237122,-0.0401325523853302,0.8594027757644653,-0.02365812659263611,-0.02562829852104187,-0.6216450333595276,0.9328603744506836,-0.06653952598571777,-0.0054840147495269775,-0.6470072269439697,0.7319104671478271,0.13620838522911072,0.24106058478355408,0.9516081809997559,-0.14954397082328796,0.23950889706611633,0.9369739890098572,0.06833270511903744,0.023514399667417838,-0.010877679470108759,0.016544967586711312,0.0,0.0,0.0,0,0,1,1.0
crossover_11_05_02_fps30.mp4,0,0.1794881820678711,-0.023718630156274623,0.0019049667730564046,0.06944438815116882,-0.06748613715171814,0.9585824608802795,-0.07815149426460266,-0.08151280879974365,0.8703008890151978,0.014216750860214233,-0.01269310712814331,-0.45229285955429077,0.9325229525566101,-0.05781707167625427,-0.0385359525680542,-0.5590532422065735,0.7560247182846069,0.12321582436561584,0.27891743183135986,0.9521001577377319,-0.13783901929855347,0.2784333825111389,0.9407572746276855,0.040647224929766995,0.052897747317307245,0.0,0.0,0.0,0.0,0.0,0,0,0,1.0
crossover_11_05_02_fps30.mp4,1,0.18394407629966736,-0.023302489519119285,0.0023325369125459794,0.0727246105670929,-0.0741453468799591,0.9611437320709229,-0.07953718304634094,-0.09071812033653259,0.8819999098777771,0.026012331247329712,-0.01779472827911377,-0.41006067395210266,0.9372753500938416,-0.056502968072891235,-0.044191211462020874,-0.4688642621040344,0.7799263596534729,0.12197145819664001,0.2789417803287506,0.950823962688446,-0.13464906811714172,0.2777979075908661,0.9436280131340027,0.05326404370044005,0.05715532292813578,0.0004275701394895748,0.0004161406371553378,0.0,0.0,0.0,0,0,0,1.0
crossover_11_05_02_fps30.mp4,2,0.18419989943504333,-0.025359582799976188,0.010129200976069397,0.07324853539466858,-0.07134178280830383,0.9632266163825989,-0.08024001121520996,-0.0877193808555603,0.8913165926933289,0.022144287824630737,-0.013922333717346191,-0.4144129157066345,0.940306544303894,-0.055426210165023804,-0.041309207677841187,-0.46619677543640137,0.8005777597427368,0.12083891034126282,0.27654072642326355,0.9508105516433716,-0.13453888893127441,0.2752414047718048,0.9466127157211304,0.05324560118383458,0.059581137669193034,0.0077966640635234175,-0.002057093280856903,0.0,0.0,0.0,0,0,0,1.0
crossover_11_05_02_fps30.mp4,3,0.18279001116752625,-0.029109014798018862,0.013605849481210464,0.07182785868644714,-0.06726059317588806,0.9657685160636902,-0.07950448989868164,-0.08571234345436096,0.9000675082206726,0.018305152654647827,-0.009041070938110352,-0.46388131380081177,0.9450591206550598,-0.054928600788116455,-0.03798699378967285,-0.5087663531303406,0.8192716836929321,0.12045517563819885,0.27637651562690735,0.9511277079582214,-0.1340184211730957,0.2748304307460785,0.9494627118110657,0.052545088064523855,0.05769291548772669,0.0034766485051410667,-0.003749431998042674,0.0,0.0,0.0,0,0,0,1.0
crossover_11_05_02_fps30.mp4,4,0.18238984048366547,-0.033693676681841866,0.007572352886199951,0.07013893127441406,-0.06484991312026978,0.9681206941604614,-0.07789802551269531,-0.08630147576332092,0.9080374240875244,0.014128625392913818,-0.010018974542617798,-0.4000742733478546,0.9492942094802856,-0.05792692303657532,-0.03909918665885925,-0.47720766067504883,0.836463987827301,0.12063777446746826,0.2760300040245056,0.9524940848350525,-0.13443315029144287,0.2730497121810913,0.9525057673454285,0.05095515063697739,0.05258785822217166,-0.006033496595010512,-0.004584661883823005,0.0,0.0,0.0,0,0,0,1.0
crossover_11_05_02_fps30.mp4,5,0.18295058608055115,-0.04138235924607614,-0.007464898359484828,0.06965082883834839,-0.06390875577926636,0.9703390598297119,-0.0779118537902832,-0.09181088209152222,0.9129159450531006,0.011769890785217285,-0.01856735348701477,-0.4466382563114166,0.952684760093689,-0.05939164757728577,-0.04352256655693054,-0.4938041567802429,0.8492098450660706,0.1200360655784607,0.2733748257160187,0.9532516598701477,-0.13511785864830017,0.2687307894229889,0.955203115940094,0.05429941245766797,0.04030496125830828,-0.01503725124568478,-0.007688682564234273,0.0,0.0,0.0,0,0,0,1.0
crossover_11_05_02_fps30.mp4,6,0.18347442150115967,-0.041155662678055815,-0.008782856493461444,0.06972506642341614,-0.06426045298576355,0.9721873998641968,-0.0774562656879425,-0.09270671010017395,0.9163698554039001,0.010629266500473022,-0.021893978118896484,-0.40333396196365356,0.9553300142288208,-0.05802842974662781,-0.04372847080230713,-0.4488293528556824,0.8580057621002197,0.12002614140510559,0.27191874384880066,0.953563392162323,-0.13518157601356506,0.26665475964546204,0.9577632546424866,0.053418914256115294,0.03880574993442193,-0.0013179581339766155,0.00022669656802032367,0.0,0.0,0.0,0,0,0,1.0
crossover_11_05_02_fps30.mp4,7,0.18186743557453156,-0.050511345923957174,-0.029855340573845868,0.06856438517570496,-0.0628107488155365,0.9742564558982849,-0.07798528671264648,-0.09517467021942139,0.9214527606964111,0.007856577634811401,-0.02559182047843933,-0.4001085162162781,0.9587355256080627,-0.0610886812210083,-0.05409809947013855,-0.4778744578361511,0.8686758279800415,0.12032100558280945,0.2722882628440857,0.9560291767120361,-0.13567954301834106,0.26440030336380005,0.960934579372406,0.05852343209489842,0.026449789808049923,-0.021072484080384424,-0.009355683245901358,0.0,0.0,0.0,0,0,0,1.0
crossover_11_05_02_fps30.mp4,8,0.1799812912940979,-0.05799850265858536,-0.050022113759343234,0.06731849908828735,-0.06069865822792053,0.9758309721946716,-0.07869651913642883,-0.09949401021003723,0.9236742854118347,0.004901409149169922,-0.0358482301235199,-0.40427055954933167,0.9615030288696289,-0.06646910309791565,-0.058771759271621704,-0.478767991065979,0.8758310675621033,0.12007701396942139,0.27153971791267395,0.9576237201690674,-0.13630393147468567,0.2629326283931732,0.9636231660842896,0.06447711130893856,0.012178151271573089,-0.020166773185497366,-0.007487156734628186,0.0,0.0,0.0,0,0,0,1.0
crossover_11_05_02_fps30.mp4,9,0.17769651114940643,-0.06424772628283099,-0.06118158567242504,0.06613579392433167,-0.05859503149986267,0.9763228297233582,-0.07905882596969604,-0.09483328461647034,0.9107862114906311,0.004682868719100952,-0.03897374868392944,-0.4988383650779724,0.9615278840065002,-0.06696295738220215,-0.057375937700271606,-0.5530320405960083,0.8453831076622009,0.12058952450752258,0.27182579040527344,0.95693439245224,-0.1357702910900116,0.26362985372543335,0.9648467302322388,0.07241971382868036,0.004674979830004393,-0.011159471913081809,-0.006249223624245626,0.0,0.0,0.0,0,0,0,1.0
crossover_11_05_02_fps30.mp4,10,0.1790691316127777,-0.06739522622803512,-0.07043544868143592,0.06478488445281982,-0.060464173555374146,0.974231481552124,-0.07856553792953491,-0.09421786665916443,0.8899305462837219,0.007496654987335205,-0.04163902997970581,-0.5519542694091797,0.9587419629096985,-0.06561461091041565,-0.0715039074420929,-0.6040318012237549,0.8140813112258911,0.12325519323348999,0.2689319849014282,0.9519591927528381,-0.13256508111953735,0.2627912163734436,0.9635242819786072,0.08023732050624878,0.0020765825369018524,-0.009253863009010876,-0.0031474999452041352,0.0,0.0,0.0,0,0,0,1.0
crossover_11_05_02_fps30.mp4,11,0.17913475632667542,-0.06546768546104431,-0.0716137550226072,0.06517806649208069,-0.060940057039260864,0.9739131927490234,-0.0784449577331543,-0.09416496753692627,0.869903564453125,0.009243637323379517,-0.042347848415374756,-0.5646158456802368,0.9581722617149353,-0.06373909115791321,-0.07228279113769531,-0.6125702857971191,0.7753989696502686,0.12511315941810608,0.26773443818092346,0.948620080947876,-0.13067856431007385,0.26440510153770447,0.9626637101173401,0.08023886241555035,0.0018535499961181263,-0.0011783063411712758,0.0019275407669908096,0.0,0.0,0.0,0,0,0,1.0
crossover_11_05_02_fps30.mp4,12,0.17548127472400665,-0.06872459215632942,-0.07102959257800406,0.06475970149040222,-0.06073963642120361,0.9718266129493713,-0.07854002714157104,-0.09377828240394592,0.8537870645523071,0.011678248643875122,-0.042142242193222046,-0.5947582721710205,0.9564147591590881,-0.06831502914428711,-0.07444974780082703,-0.6527848839759827,0.756626546382904,0.12850657105445862,0.2655690014362335,0.9432073831558228,-0.12770482897758484,0.2628532350063324,0.9594959020614624,0.0854347459819259,0.003444590484954106,0.0005841624446031313,-0.003256906695285111,0.0,0.0,0.0,0,0,0,1.0
crossover_11_05_02_fps30.mp4,13,0.16918346285820007,-0.07229165232787699,-0.059678664149307614,0.06472328305244446,-0.059981465339660645,0.9714406132698059,-0.08015561103820801,-0.08862420916557312,0.8451176285743713,0.013324052095413208,-0.041537463665008545,-0.6404883861541748,0.9560840129852295,-0.07109123468399048,-0.07054239511489868,-0.6791602373123169,0.7488952279090881,0.13182947039604187,0.26315414905548096,0.938104510307312,-0.12482824921607971,0.2620195746421814,0.9549514651298523,0.0875165812798222,0.010929851463423292,0.01135092842869645,-0.0035670601715475647,0.0,0.0,0.0,0,0,0,1.0
crossover_11_05_02_fps30.mp4,14,0.16280651092529297,-0.07600264311847038,-0.03617961334019171,0.0631643682718277,-0.05812901258468628,0.9706518054008484,-0.08163069188594818,-0.07907760143280029,0.8378337621688843,0.01372481882572174,-0.03247430920600891,-0.651300311088562,0.9547682404518127,-0.08016617596149445,-0.05178198218345642,-0.6847034096717834,0.7462630867958069,0.1336953192949295,0.26111891865730286,0.937991738319397,-0.1233297735452652,0.26223471760749817,0.9537546634674072,0.08980393480061571,0.016148341068240337,0.023499050809115907,-0.0037109907905933937,0.0,0.0,0.0,0,0,1,1.0
crossover_11_05_02_fps30.mp4,15,0.15604683756828308,-0.07926948070526124,-0.001223050675741022,0.061237871646881104,-0.05736956000328064,0.9717363715171814,-0.08576905727386475,-0.07058143615722656,0.8417775630950928,0.014747798442840576,-0.02542462944984436,-0.65740567445755,0.9568831324577332,-0.0843096375465393,-0.031196773052215576,-0.695098340511322,0.7488882541656494,0.13513696193695068,0.2608674168586731,0.9393645524978638,-0.12296831607818604,0.26224619150161743,0.952796995639801,0.09708225993234414,0.03039452605464763,0.034956562664450685,-0.0032668375867908606,0.0,0.0,0.0,0,0,1,1.0
crossover_11_05_02_fps30.mp4,16,0.1556956171989441,-0.07716971873226813,-0.0011991330763189145,0.06312714517116547,-0.05730131268501282,0.9730103611946106,-0.08440987765789032,-0.06993728876113892,0.8428819179534912,0.016274020075798035,-0.02239087224006653,-0.6421135067939758,0.9591494202613831,-0.08608265221118927,-0.02961769700050354,-0.6783366799354553,0.7471870183944702,0.13725607097148895,0.26050540804862976,0.9407777190208435,-0.1213187724351883,0.26227954030036926,0.9524514079093933,0.09581660676111634,0.029783471233431492,2.3917599422107472e-05,0.0020997619729931083,0.0,0.0,0.0,0,0,1,1.0
crossover_11_05_02_fps30.mp4,17,0.14971649646759033,-0.07833511657634024,0.055521319406788505,0.06532022356987,-0.05591115355491638,0.9746016263961792,-0.08546310663223267,-0.04482993483543396,0.8471079468727112,0.017527788877487183,-0.01572445034980774,-0.6149762272834778,0.9612982869148254,-0.08064022660255432,0.028773516416549683,-0.4905494153499603,0.7419881224632263,0.13954946398735046,0.2606012523174286,0.9413646459579468,-0.11952874064445496,0.26233068108558655,0.9476535320281982,0.11943892309569515,0.02684694576739748,0.05672045248310742,-0.0011653978440721025,0.0,0.0,0.0,0,0,1,1.0
crossover_11_05_02_fps30.mp4,18,0.1435541808605194,-0.07878888547420504,0.15382576672042292,0.06664051115512848,-0.05224376916885376,0.9764806628227234,-0.084220752120018,-0.02169930934906006,0.8615320920944214,0.018091216683387756,-0.012810200452804565,-0.5761781334877014,0.9642351865768433,-0.08449651300907135,0.07720544934272766,-0.4328099191188812,0.7664986252784729,0.1410662680864334,0.2620788514614105,0.9427258372306824,-0.11902888119220734,0.262724906206131,0.9462937712669373,0.1927519124414141,0.07683261057087358,0.09830444731363441,-0.00045376889786480357,0.0,0.0,0.0,1,0,0,1.0
crossover_11_05_02_fps30.mp4,19,0.14603251218795776,-0.07801653995352276,0.29041633853098237,0.06644773483276367,-0.05342620611190796,0.9782066345214844,-0.08353793621063232,-0.015681535005569458,0.8745039701461792,0.017417609691619873,-0.014405161142349243,-0.6040083765983582,0.9671475291252136,-0.08537346124649048,0.09216669201850891,-0.4610564112663269,0.7882450222969055,0.14092248678207397,0.2577377259731293,0.944985032081604,-0.11977484822273254,0.2582765519618988,0.9458000659942627,0.31941168353958244,0.1983861049399166,0.13659057181055945,0.0007723455206822827,0.0,0.0,0.0,1,1,0,1.0
crossover_11_05_02_fps30.mp4,20,0.14735521376132965,-0.08106313777171958,0.23631710657259308,0.06849394738674164,-0.053534507751464844,0.980015218257904,-0.08276627957820892,-0.020109236240386963,0.8856449127197266,0.017975613474845886,-0.016458570957183838,-0.6070414781570435,0.9700877070426941,-0.08498241007328033,0.08578461408615112,-0.43783289194107056,0.8078191876411438,0.1391764134168625,0.2561008930206299,0.9492496252059937,-0.12031935155391693,0.25438374280929565,0.9475387334823608,0.27148520659350267,0.1505835050380834,-0.05409923195838928,-0.003046597818196828,0.0,0.0,0.0,1,0,0,1.0
crossover_11_05_02_fps30.mp4,21,0.14842404425144196,-0.0823477132845733,0.23500070004928397,0.06901657581329346,-0.05387979745864868,0.9816164374351501,-0.08313456177711487,-0.020646899938583374,0.8955165147781372,0.01809847354888916,-0.01661577820777893,-0.6016733646392822,0.972639262676239,-0.08530759811401367,0.0839565098285675,-0.43019193410873413,0.8250117897987366,0.13803523778915405,0.25583407282829285,0.9530047178268433,-0.12125051021575928,0.2530520260334015,0.9487788081169128,0.27092487626622597,0.1510731886127897,-0.0013164065233091105,-0.001284575512853714,0.0,0.0,0.0,1,0,0,1.0
crossover_11_05_02_fps30.mp4,22,0.14933361113071442,-0.08193872783143641,0.14463702890931107,0.07161730527877808,-0.052765727043151855,0.9828538298606873,-0.0834181010723114,-0.025470346212387085,0.9043439030647278,0.019861876964569092,-0.015698403120040894,-0.6064237952232361,0.9745945334434509,-0.08654031157493591,0.07573720812797546,-0.4319797158241272,0.839795708656311,0.13686901330947876,0.2548538148403168,0.9562140703201294,-0.12334498763084412,0.25213536620140076,0.9499921798706055,0.18992317894578176,0.06905331184417302,-0.0903636711399729,0.0004089854531368897,0.0,0.0,0.0,0,0,0,1.0
crossover_11_05_02_fps30.mp4,23,0.1500633955001831,-0.08366611438282467,0.07432266023100875,0.07382836937904358,-0.05187535285949707,0.9832039475440979,-0.08472776412963867,-0.03345578908920288,0.9047018885612488,0.021072357892990112,-0.014864355325698853,-0.6215255856513977,0.9754073023796082,-0.08924514055252075,0.06008198857307434,-0.4637163579463959,0.8257630467414856,0.13483497500419617,0.2543388307094574,0.9562147855758667,-0.12644106149673462,0.2505948841571808,0.9466639757156372,0.13756624338326617,0.015294517392557704,-0.07031436867830232,-0.0017273865513882658,0.0,0.0,0.0,0,0,1,1.0
crossover_11_05_02_fps30.mp4,24,0.15143465995788574,-0.08334410816936172,0.028657919604603843,0.07331293821334839,-0.05194413661956787,0.9843875765800476,-0.08572715520858765,-0.04978257417678833,0.9112619757652283,0.021988987922668457,-0.015146493911743164,-0.6124305725097656,0.9771749377250671,-0.08128949999809265,0.007561445236206055,-0.6092179417610168,0.8365277647972107,0.13237404823303223,0.2530708909034729,0.9586077332496643,-0.1289438009262085,0.24923759698867798,0.9495325684547424,0.1140784281792311,0.021196288484400055,-0.04566474062640491,0.0003220062134629553,0.0,0.0,0.0,0,0,1,1.0
crossover_11_05_02_fps30.mp4,25,0.15378262102603912,-0.08189501247163544,-0.005566164051614142,0.07250598073005676,-0.05262020230293274,0.9845770001411438,-0.08638077974319458,-0.06401035189628601,0.9102976322174072,0.02067318558692932,-0.017077624797821045,-0.643261194229126,0.9768700003623962,-0.0864328145980835,-0.024538934230804443,-0.6915183067321777,0.8320751190185547,0.1311732828617096,0.2511090040206909,0.9598754048347473,-0.1301668882369995,0.24726110696792603,0.9503990411758423,0.10321215520224558,0.019507887030920833,-0.034224083656217985,0.001449095697726277,0.0,0.0,0.0,0,0,1,1.0
crossover_11_05_02_fps30.mp4,26,0.15433132648468018,-0.08239401710235467,-0.005991696439138328,0.07236024737358093,-0.05276861786842346,0.9848486185073853,-0.08629938960075378,-0.06738632917404175,0.9116670489311218,0.02074471116065979,-0.016576170921325684,-0.6391051411628723,0.977067232131958,-0.08764961361885071,-0.0323408842086792,-0.6968020796775818,0.834246039390564,0.13065049052238464,0.25084322690963745,0.9614531397819519,-0.1306554675102234,0.24685531854629517,0.9516209363937378,0.10368041458142425,0.02686821525257544,-0.00042553238752418565,-0.0004990046307192242,0.0,0.0,0.0,0,0,1,1.0
crossover_11_05_02_fps30.mp4,27,0.15436777472496033,-0.07835796172335996,-0.024781687085221438,0.0715697705745697,-0.051128000020980835,0.9843767881393433,-0.08611765503883362,-0.07133293151855469,0.9072341918945312,0.0199413001537323,-0.016566753387451172,-0.6582529544830322,0.9747147560119629,-0.08838480710983276,-0.04186275601387024,-0.7172906994819641,0.8147475123405457,0.1306927502155304,0.2512362003326416,0.9633285999298096,-0.1304379403591156,0.2472165822982788,0.9538094997406006,0.09864192831265985,0.019806578304934007,-0.01878999064608311,0.004036055378994707,0.0,0.0,0.0,0,0,1,1.0
crossover_11_05_02_fps30.mp4,28,0.15497814118862152,-0.07310485294309715,-0.03159975336819165,0.07135385274887085,-0.05138599872589111,0.9836912155151367,-0.0864747166633606,-0.0756206214427948,0.8982067108154297,0.017569363117218018,-0.017071843147277832,-0.6417552828788757,0.9720174670219421,-0.08502590656280518,-0.04962757229804993,-0.6811528205871582,0.7946402430534363,0.1304979920387268,0.2506106495857239,0.9645068645477295,-0.13046550750732422,0.24641060829162598,0.9549729228019714,0.09183067915212023,0.021612815058934597,-0.006818066282970214,0.005253108780262805,0.0,0.0,0.0,0,0,1,1.0
crossover_11_05_02_fps30.mp4,29,0.15409810841083527,-0.06689092112799822,-0.030040590792167476,0.06624796986579895,-0.04838302731513977,0.9839797616004944,-0.08761048316955566,-0.08180418610572815,0.9003313183784485,0.011276215314865112,-0.015581220388412476,-0.62369704246521,0.9724145531654358,-0.08432397246360779,-0.05750235915184021,-0.6772537231445312,0.8030577301979065,0.13092347979545593,0.2520432770252228,0.9665322303771973,-0.13019511103630066,0.24774524569511414,0.9574020504951477,0.07949323626667994,0.03252783423946822,0.0015591625760241756,0.006213931815098939,0.0,0.0,0.0,0,0,1,1.0
crossover_11_05_02_fps30.mp4,30,0.15273024141788483,-0.060282788034212775,-0.022803885180775696,0.0611952543258667,-0.04403117299079895,0.9836870431900024,-0.08811035752296448,-0.07790961861610413,0.9015330672264099,0.0029277801513671875,-0.01410585641860962,-0.5461118817329407,0.9718807339668274,-0.08113321661949158,-0.05034247040748596,-0.6408630609512329,0.8109546899795532,0.13176047801971436,0.25391584634780884,0.9672450423240662,-0.12945619225502014,0.24964600801467896,0.9589011669158936,0.06380620373201434,0.03454148300925419,0.0072367056113917805,0.00660813309378544,0.0,0.0,0.0,0,0,1,1.0
crossover_11_05_02_fps30.mp4,31,0.15211135149002075,-0.05981146410360172,-0.02171647548675537,0.05974814295768738,-0.04188421368598938,0.9830794334411621,-0.0883144736289978,-0.07593676447868347,0.900825560092926,0.0011549890041351318,-0.013246715068817139,-0.5413827896118164,0.9704608917236328,-0.07938480377197266,-0.048351138830184937,-0.6272400617599487,0.8141128420829773,0.13205024600028992,0.25505590438842773,0.967044472694397,-0.12898799777030945,0.2505582571029663,0.9594231247901917,0.06155197191053386,0.033053304179631635,0.0010874096940203248,0.00047132393061105615,0.0,0.0,0.0,0,0,1,1.0
crossover_11_05_02_fps30.mp4,32,0.151836097240448,-0.05751065419892132,-0.012670523655123778,0.05652439594268799,-0.04099893569946289,0.9833694100379944,-0.0886494517326355,-0.07399889826774597,0.9015935063362122,-0.004903137683868408,-0.012868821620941162,-0.5712219476699829,0.970058262348175,-0.07405102252960205,-0.04068443179130554,-0.6390310525894165,0.8033643960952759,0.1325148344039917,0.25582337379455566,0.9677385091781616,-0.1284930408000946,0.2509281039237976,0.9604549407958984,0.05260789024438076,0.03253248889305915,0.009045951831631593,0.002300809904680401,0.0,0.0,0.0,0,0,1,1.0
crossover_11_05_02_fps30.mp4,33,0.15233950316905975,-0.05803823026560123,-0.010262920507570605,0.05482316017150879,-0.040605396032333374,0.9829912781715393,-0.08815741539001465,-0.07265037298202515,0.9004563689231873,-0.006844460964202881,-0.012302517890930176,-0.5429398417472839,0.9673238396644592,-0.07210347056388855,-0.03640788793563843,-0.623159646987915,0.7870815992355347,0.13290107250213623,0.25635385513305664,0.9675835967063904,-0.128074049949646,0.2512984275817871,0.9608741402626038,0.05123438272069845,0.02968821831069175,0.0024076031475531723,-0.0005275760666799134,0.0,0.0,0.0,0,0,1,1.0
crossover_11_05_02_fps30.mp4,34,0.1528388112783432,-0.05849618457131467,-0.01306157911696082,0.054653674364089966,-0.04030585289001465,0.9826241135597229,-0.08774986863136292,-0.07180997729301453,0.8976609706878662,-0.0074706971645355225,-0.01227995753288269,-0.5531516671180725,0.9643012285232544,-0.07084184885025024,-0.034661710262298584,-0.6231377124786377,0.7654356956481934,0.13291117548942566,0.2564920485019684,0.9667870402336121,-0.12806090712547302,0.2513903081417084,0.9607179760932922,0.05103147359620408,0.02487933061768295,-0.0027986586093902144,-0.0004579543057134372,0.0,0.0,0.0,0,0,1,1.0
crossover_11_05_02_fps30.mp4,35,0.15318290889263153,-0.05826948355820222,-0.01921867161262325,0.05410999059677124,-0.039485543966293335,0.9808283448219299,-0.08743637800216675,-0.07111594080924988,0.8927717804908752,-0.008755028247833252,-0.013060569763183594,-0.5526140928268433,0.9572939872741699,-0.07051151990890503,-0.03783145546913147,-0.6253021955490112,0.7411751747131348,0.13285672664642334,0.25680088996887207,0.9654541611671448,-0.12812647223472595,0.2517479658126831,0.9604451060295105,0.04989592671822619,0.022277862933886228,-0.006157092495662431,0.0002267010131124514,0.0,0.0,0.0,0,0,1,1.0
crossover_11_05_02_fps30.mp4,36,0.15361188352108002,-0.0583181134725021,-0.0191083239346016,0.05389171838760376,-0.0391869843006134,0.9788511395454407,-0.08719497919082642,-0.07076752185821533,0.8854551911354065,-0.009019315242767334,-0.01369243860244751,-0.5446276068687439,0.9493713974952698,-0.07036319375038147,-0.03860637545585632,-0.621212363243103,0.7131982445716858,0.13279902935028076,0.25679129362106323,0.9630809426307678,-0.12818115949630737,0.2519182562828064,0.9593325257301331,0.04959539616564366,0.02291850719453739,0.00011034767802164946,-4.8629914299880284e-05,0.0,0.0,0.0,0,0,1,1.0
crossover_11_05_02_fps30.mp4,37,0.15492044389247894,-0.059273434089402,-0.026544024886154594,0.053284525871276855,-0.03916817903518677,0.9778132438659668,-0.08687087893486023,-0.07221439480781555,0.8849494457244873,-0.009272992610931396,-0.01968592405319214,-0.5532647967338562,0.9442511796951294,-0.07058459520339966,-0.037810295820236206,-0.6139164566993713,0.6944934725761414,0.1325550675392151,0.25676292181015015,0.9613147974014282,-0.12842944264411926,0.25226759910583496,0.9584311246871948,0.050468581266735084,0.015964686859031872,-0.007435700951552993,-0.0009553206168999018,0.0,0.0,0.0,0,0,1,1.0
crossover_11_05_02_fps30.mp4,38,0.1561775803565979,-0.06208604624715902,-0.03659980587842987,0.05261918902397156,-0.039497941732406616,0.9738739132881165,-0.08711981773376465,-0.07614415884017944,0.880082368850708,-0.01007571816444397,-0.027049899101257324,-0.5274966955184937,0.9280474781990051,-0.07087433338165283,-0.04467666149139404,-0.5932352542877197,0.6719996333122253,0.1321447193622589,0.256303608417511,0.9568269848823547,-0.1288943886756897,0.25287795066833496,0.955977201461792,0.0528798160617484,0.011936062472649023,-0.010055780992275276,-0.0028126121577570218,0.0,0.0,0.0,0,0,1,1.0
crossover_11_05_02_fps30.mp4,39,0.15757741034030914,-0.06485035702333614,-0.05044183992758028,0.05222111940383911,-0.04027792811393738,0.968600869178772,-0.08710223436355591,-0.07650205492973328,0.8745306134223938,-0.011619269847869873,-0.03954106569290161,-0.5561501979827881,0.8996039032936096,-0.06692683696746826,-0.05503690242767334,-0.6126875877380371,0.633876621723175,0.13203966617584229,0.2554827928543091,0.9499335289001465,-0.1291128396987915,0.2523130178451538,0.9504137635231018,0.054335766496825304,0.0050424565777153155,-0.013842034049150409,-0.0027643107761771146,0.0,0.0,0.0,0,0,1,1.0
crossover_11_05_02_fps30.mp4,40,0.15811966359615326,-0.06675186652248188,-0.06255454188439902,0.051842838525772095,-0.041191935539245605,0.9650466442108154,-0.08540472388267517,-0.07828813791275024,0.8673609495162964,-0.011601358652114868,-0.045544207096099854,-0.6348218321800232,0.8712298274040222,-0.06565344333648682,-0.05940985679626465,-0.6809579730033875,0.5922883152961731,0.13208720088005066,0.2556544244289398,0.9417762160301208,-0.12912517786026,0.25272664427757263,0.9415504932403564,0.05771420975781818,0.003331002521624116,-0.012112701956818739,-0.0019015094991457482,0.0,0.0,0.0,0,0,1,1.0
crossover_11_05_02_fps30.mp4,41,0.158315971493721,-0.06670045084872489,-0.06237260117763427,0.051708340644836426,-0.04181814193725586,0.9623257517814636,-0.08446675539016724,-0.07878893613815308,0.8605459332466125,-0.011565566062927246,-0.046592891216278076,-0.6444050073623657,0.8475368618965149,-0.06529787182807922,-0.06030741333961487,-0.6879865527153015,0.5545836091041565,0.13214057683944702,0.25575974583625793,0.9341773390769958,-0.12912914156913757,0.25302252173423767,0.9332014918327332,0.05734853761699338,0.0024964432129448893,0.00018194070676474938,5.141567375699374e-05,0.0,0.0,0.0,0,0,1,1.0
crossover_11_05_02_fps30.mp4,42,0.16040244698524475,-0.06813290846549858,-0.0708328076979009,0.05262553691864014,-0.04555070400238037,0.9615948796272278,-0.08186200261116028,-0.08652544021606445,0.8634067177772522,-0.010475099086761475,-0.04920119047164917,-0.6297095417976379,0.8333797454833984,-0.058058083057403564,-0.0631723403930664,-0.6875759959220886,0.5364901423454285,0.13287419080734253,0.2563132345676422,0.9284019470214844,-0.12842968106269836,0.253904789686203,0.9286607503890991,0.06158205782675547,0.012656416014497749,-0.008460206520266633,-0.0014324576167736858,0.0,0.0,0.0,0,0,1,1.0
crossover_11_05_02_fps30.mp4,43,0.16105709969997406,-0.06875932711665911,-0.07610422460044303,0.053431540727615356,-0.04636949300765991,0.9618118405342102,-0.08081677556037903,-0.09355536103248596,0.8642123341560364,-0.009408324956893921,-0.050882190465927124,-0.6514440774917603,0.8281333446502686,-0.05870351195335388,-0.0634702742099762,-0.7165259718894958,0.516618549823761,0.1335095465183258,0.2567979693412781,0.9220761060714722,-0.12778234481811523,0.2547464966773987,0.9226862788200378,0.06448792494142712,0.01614732550818668,-0.005271416902542125,-0.0006264186511605319,0.0,0.0,0.0,0,0,1,1.0
crossover_11_05_02_fps30.mp4,44,0.16147811710834503,-0.06990018810256055,-0.07596091395471155,0.0546896755695343,-0.04664313793182373,0.9629284739494324,-0.08026668429374695,-0.09259423613548279,0.8568331003189087,-0.0054826438426971436,-0.052595168352127075,-0.6485300064086914,0.8321260213851929,-0.05938363075256348,-0.06119692325592041,-0.6975660920143127,0.4911789894104004,0.13410332798957825,0.2567335069179535,0.9170213937759399,-0.1271471381187439,0.2551474869251251,0.9179860949516296,0.06852428821984331,0.018126593718891828,0.0001433106457314759,-0.0011408609859014374,0.0,0.0,0.0,0,0,1,1.0
crossover_11_05_02_fps30.mp4,45,0.16157157719135284,-0.07246315196409064,-0.07149967260477019,0.05646228790283203,-0.04647141695022583,0.9642903208732605,-0.0798247754573822,-0.09002596139907837,0.8498624563217163,-0.0019392967224121094,-0.05150452256202698,-0.6384581327438354,0.8396642804145813,-0.05956563353538513,-0.05991902947425842,-0.6830836534500122,0.47085002064704895,0.13463103771209717,0.2566438615322113,0.915349543094635,-0.1266602873802185,0.25554201006889343,0.9162966012954712,0.0733036164413533,0.01733370349737954,0.004461241349941358,-0.0025629638615300987,0.0,0.0,0.0,0,0,1,1.0
crossover_11_05_02_fps30.mp4,46,0.16161039471626282,-0.07202084084688609,-0.0715096444618411,0.057734906673431396,-0.046362459659576416,0.9654335975646973,-0.07943537831306458,-0.08869156241416931,0.8442061543464661,-0.0001919269561767578,-0.051205843687057495,-0.6413963437080383,0.8461119532585144,-0.059631675481796265,-0.059694498777389526,-0.6818488836288452,0.4542476236820221,0.13503247499465942,0.25647103786468506,0.9137436151504517,-0.12635120749473572,0.2558484673500061,0.9142172336578369,0.0746434002214599,0.017119844800358327,-9.97185707091175e-06,0.0004423111172045524,0.0,0.0,0.0,0,0,1,1.0
crossover_11_05_02_fps30.mp4,47,0.16153256595134735,-0.07438632946903423,-0.06025414350556163,0.05871722102165222,-0.046443819999694824,0.9651703238487244,-0.0786428153514862,-0.08121082186698914,0.8335533738136292,0.001771003007888794,-0.05011528730392456,-0.6417495012283325,0.8480091094970703,-0.06000298261642456,-0.05358147621154785,-0.685203492641449,0.4323277175426483,0.13502296805381775,0.25632500648498535,0.911189615726471,-0.1264837682247162,0.2557768225669861,0.9117927551269531,0.07682926327303985,0.015855760956165983,0.011255500956279474,-0.0023654886221481375,0.0,0.0,0.0,0,0,1,1.0
crossover_11_05_02_fps30.mp4,48,0.1621551662683487,-0.0768019807540764,-0.04180020413747648,0.06021571159362793,-0.048026055097579956,0.9635955691337585,-0.07876652479171753,-0.07211759686470032,0.8177199959754944,0.00506436824798584,-0.05050340294837952,-0.5933099389076233,0.8523699045181274,-0.06582388281822205,-0.052164703607559204,-0.6161543130874634,0.4249447286128998,0.13493764400482178,0.25500595569610596,0.9115368127822876,-0.12657371163368225,0.2545303702354431,0.9134560227394104,0.08232766708992525,0.015097731073063753,0.018453939368085148,-0.002415651285042175,0.0,0.0,0.0,0,0,1,1.0
crossover_11_05_02_fps30.mp4,49,0.1648278534412384,-0.0797906137118905,-0.01682358078840307,0.061233729124069214,-0.05160588026046753,0.9637979865074158,-0.07968643307685852,-0.07343152165412903,0.8095539808273315,0.006520777940750122,-0.05313417315483093,-0.558584451675415,0.8602955341339111,-0.07293388247489929,-0.04389941692352295,-0.5656517148017883,0.4371829032897949,0.13407090306282043,0.2515559196472168,0.9116191267967224,-0.127454936504364,0.25108712911605835,0.9147387146949768,0.09363821574024363,0.027930550758482983,0.024976623349073412,-0.002988632957814097,0.0,0.0,0.0,0,0,1,1.0
crossover_11_05_02_fps30.mp4,50,0.16774992644786835,-0.0819737620272879,0.01740437615208512,0.06189852952957153,-0.05595049262046814,0.9649697542190552,-0.08029910922050476,-0.06507417559623718,0.8199666738510132,0.008377015590667725,-0.05489802360534668,-0.5428062677383423,0.8699167966842651,-0.07603451609611511,-0.024227291345596313,-0.5331175923347473,0.47758275270462036,0.1335027813911438,0.24714645743370056,0.9132680296897888,-0.12801063060760498,0.24656203389167786,0.9179519414901733,0.11571905645507462,0.04205318514534252,0.03422795694048819,-0.0021831483153973985,0.0,0.0,0.0,0,0,1,1.0
crossover_11_05_02_fps30.mp4,51,0.16887997090816498,-0.08220882840075733,0.015368049900706171,0.06241762638092041,-0.05795362591743469,0.9666154980659485,-0.08023497462272644,-0.06389853358268738,0.828529417514801,0.009733855724334717,-0.054943859577178955,-0.5423462986946106,0.8795682787895203,-0.07511976361274719,-0.020299136638641357,-0.5216566920280457,0.5109460949897766,0.1332089900970459,0.24438029527664185,0.9162399768829346,-0.1281152069568634,0.24325096607208252,0.9213255047798157,0.11574636831690559,0.03636485989525078,-0.0020363262513789504,-0.00023506637346942805,0.0,0.0,0.0,0,0,1,1.0
crossover_11_05_02_fps30.mp4,52,0.167413592338562,-0.08365664522526628,0.06804865613216304,0.06436598300933838,-0.05776768922805786,0.9684452414512634,-0.07960110902786255,-0.05195096135139465,0.843087375164032,0.011197447776794434,-0.05400487780570984,-0.5615639090538025,0.8891501426696777,-0.07710084319114685,0.03094366192817688,-0.44202306866645813,0.5514671206474304,0.13371509313583374,0.24406054615974426,0.9202509522438049,-0.12755781412124634,0.24292287230491638,0.9233347773551941,0.15457801947873143,0.03767969128308261,0.05268060623145687,-0.0014478168245089518,0.0,0.0,0.0,0,0,0,1.0
crossover_11_05_02_fps30.mp4,53,0.1663188934326172,-0.08474927605208704,0.14811541190961508,0.06643876433372498,-0.057404905557632446,0.971013605594635,-0.07772532105445862,-0.04710468649864197,0.8580580949783325,0.01214638352394104,-0.05347663164138794,-0.5839051604270935,0.899574875831604,-0.08187234401702881,0.04985642433166504,-0.3752349317073822,0.5951665639877319,0.1340663731098175,0.2442052960395813,0.9264382719993591,-0.1273670196533203,0.24411159753799438,0.9276817440986633,0.22366966908309902,0.09830109550650025,0.08006675577745204,-0.0010926308268207618,0.0,0.0,0.0,1,1,0,1.0
crossover_11_05_02_fps30.mp4,54,0.1659146398305893,-0.08752741338843006,0.24577823673806543,0.06748965382575989,-0.057042062282562256,0.9727323651313782,-0.0763634741306305,-0.04324302077293396,0.8714434504508972,0.013393968343734741,-0.05284300446510315,-0.584515392780304,0.9078977108001709,-0.08175316452980042,0.06081169843673706,-0.43472936749458313,0.6339603066444397,0.13371840119361877,0.24451345205307007,0.9307539463043213,-0.12786492705345154,0.243830144405365,0.930312991142273,0.31521384961395704,0.18505664603320293,0.09766282482845035,-0.002778137336343023,0.0,0.0,0.0,1,1,0,1.0
crossover_11_05_02_fps30.mp4,55,0.16582241654396057,-0.0898617498955484,0.27043291199498065,0.06828799843788147,-0.05679628252983093,0.9735071659088135,-0.07565152645111084,-0.04336228966712952,0.8837631344795227,0.013606518507003784,-0.05260545015335083,-0.6093237400054932,0.9131699800491333,-0.08274504542350769,0.061390072107315063,-0.4360746145248413,0.6693066954612732,0.133651465177536,0.24538549780845642,0.9344001412391663,-0.12840041518211365,0.24402114748954773,0.9323488473892212,0.3392041656373034,0.2091639462021181,0.024654675256915226,-0.0023343365071183397,0.0,0.0,0.0,1,1,0,1.0
crossover_11_05_02_fps30.mp4,56,0.16572205722332,-0.0902927921990217,0.2706417896398684,0.06804484128952026,-0.05657041072845459,0.9739611744880676,-0.07567992806434631,-0.04278722405433655,0.8946906924247742,0.013346731662750244,-0.05245351791381836,-0.6151202917098999,0.9177125692367554,-0.08304300904273987,0.06175228953361511,-0.43249639868736267,0.7008147239685059,0.1332666277885437,0.2457350790500641,0.936235785484314,-0.12868568301200867,0.24348965287208557,0.9322118759155273,0.33931066689614436,0.2090152688452533,0.0002088776448877505,-0.00043104230347329464,0.0,0.0,0.0,1,1,0,1.0
crossover_11_05_02_fps30.mp4,57,0.16537663340568542,-0.0900575784303374,0.1963746416859511,0.06954291462898254,-0.055947959423065186,0.9748679995536804,-0.07571995258331299,-0.045181214809417725,0.9043476581573486,0.015060573816299438,-0.0521964430809021,-0.6162706017494202,0.9232601523399353,-0.08412867784500122,0.049734652042388916,-0.4122166633605957,0.7291233539581299,0.13324037194252014,0.24676764011383057,0.9387026429176331,-0.12821754813194275,0.24447351694107056,0.9341763854026794,0.26988406791420133,0.14675979839456996,-0.07426714795391731,0.00023521376868429478,0.0,0.0,0.0,0,0,0,1.0
crossover_11_05_02_fps30.mp4,58,0.16673922538757324,-0.09381881568391442,0.13759135414914392,0.07097893953323364,-0.05665796995162964,0.9760364294052124,-0.07688775658607483,-0.050459086894989014,0.9131253957748413,0.01609945297241211,-0.05353572964668274,-0.6054739952087402,0.9293419718742371,-0.08532628417015076,0.0437694787979126,-0.36522430181503296,0.7553707361221313,0.13270169496536255,0.24735665321350098,0.9425165057182312,-0.12943366169929504,0.24535071849822998,0.9369487762451172,0.22048035727633725,0.09420545305837798,-0.05878328753680717,-0.003761237253577021,0.0,0.0,0.0,0,0,0,1.0
crossover_11_05_02_fps30.mp4,59,0.16768208146095276,-0.0943495438260547,0.08445196137195676,0.07177838683128357,-0.05678644776344299,0.975975513458252,-0.07792311906814575,-0.05794554948806763,0.9203885793685913,0.018130570650100708,-0.052209317684173584,-0.5880168080329895,0.9338124394416809,-0.08542469143867493,0.021976500749588013,-0.4072679579257965,0.7774120569229126,0.1323789656162262,0.25024107098579407,0.9426856637001038,-0.13000208139419556,0.24836286902427673,0.9381335973739624,0.17699740491268948,0.06310971533855676,-0.053139392777187155,-0.0005307281421402799,0.0,0.0,0.0,0,0,1,1.0
crossover_11_05_02_fps30.mp4,60,0.1681578904390335,-0.09723350173335965,0.03791667397429299,0.07227051258087158,-0.05679050087928772,0.9767383933067322,-0.08111658692359924,-0.06965729594230652,0.926240086555481,0.018804430961608887,-0.05123975872993469,-0.5860673189163208,0.9381882548332214,-0.08668094873428345,-0.011193573474884033,-0.48977434635162354,0.7943775057792664,0.13129502534866333,0.25302815437316895,0.9453919529914856,-0.13138392567634583,0.2513394355773926,0.9425181746482849,0.14633410852110157,0.050231193289804604,-0.04653528739766377,-0.002883957907304946,0.0,0.0,0.0,0,0,1,1.0
crossover_11_05_02_fps30.mp4,61,0.16873867809772491,-0.09793633353912223,0.03862917917530706,0.07192537188529968,-0.0578615665435791,0.9767440557479858,-0.08280530571937561,-0.0726219117641449,0.9312103390693665,0.018704384565353394,-0.051208704710006714,-0.5856673717498779,0.9417682886123657,-0.08715897798538208,-0.013790130615234375,-0.48070183396339417,0.8085904717445374,0.13093748688697815,0.2539803385734558,0.9477676749229431,-0.13220229744911194,0.2520848512649536,0.946124255657196,0.14722738366526408,0.053515749379490954,0.0007125052010140687,-0.0007028318057625826,0.0,0.0,0.0,0,0,1,1.0
crossover_11_05_02_fps30.mp4,62,0.17095941305160522,-0.09712208590265048,-0.003900631898786977,0.07207685708999634,-0.06085878610610962,0.9774116277694702,-0.08385220170021057,-0.08373421430587769,0.9296730160713196,0.01870596408843994,-0.053475797176361084,-0.56803297996521,0.9453383088111877,-0.09063264727592468,-0.03415331244468689,-0.5446210503578186,0.8087831735610962,0.13087087869644165,0.25429680943489075,0.9489790797233582,-0.1326623558998108,0.2521359622478485,0.9487273693084717,0.12599140517129465,0.03094087092992555,-0.04252981107409404,0.0008142476364717544,0.0,0.0,0.0,0,0,1,1.0
crossover_11_05_02_fps30.mp4,63,0.17210549116134644,-0.09701535428984692,-0.034495384082561587,0.0722481906414032,-0.06338819861412048,0.9768330454826355,-0.08591637015342712,-0.09535601735115051,0.9161256551742554,0.01839616894721985,-0.055034250020980835,-0.5750795602798462,0.9463467001914978,-0.09466445446014404,-0.052322179079055786,-0.5518949627876282,0.7806394696235657,0.13102099299430847,0.25493934750556946,0.9494575262069702,-0.13250494003295898,0.25253012776374817,0.950272262096405,0.1172248468113154,0.01798113872524006,-0.03059475218377461,0.0001067316128035567,0.0,0.0,0.0,0,0,1,1.0
crossover_11_05_02_fps30.mp4,64,0.17177070677280426,-0.0966787344318325,-0.058771932706600305,0.07211190462112427,-0.06514668464660645,0.9765481948852539,-0.08697834610939026,-0.10303711891174316,0.8989868760108948,0.018402695655822754,-0.05627906322479248,-0.5920360088348389,0.9473292827606201,-0.09545823931694031,-0.06277981400489807,-0.5991847515106201,0.7467551827430725,0.1312350630760193,0.25542151927948,0.9502263069152832,-0.13240748643875122,0.25264251232147217,0.9511774778366089,0.11510842692554361,0.0041895967379594785,-0.02427654862403872,0.00033661985801441974,0.0,0.0,0.0,0,0,1,1.0
crossover_11_05_02_fps30.mp4,65,0.17138232290744781,-0.09559172826298212,-0.07406009857247514,0.07289424538612366,-0.06586265563964844,0.9754303693771362,-0.08607381582260132,-0.09634777903556824,0.8796363472938538,0.019403547048568726,-0.05672696232795715,-0.600239098072052,0.9480064511299133,-0.09330010414123535,-0.07799214124679565,-0.6321893930435181,0.7185884118080139,0.1323968470096588,0.2556878626346588,0.951123833656311,-0.13126477599143982,0.25284281373023987,0.952086329460144,0.11629424300476099,0.004551098846218271,-0.015288165865874837,0.0010870061688503796,0.0,0.0,0.0,0,0,1,1.0
crossover_11_05_02_fps30.mp4,66,0.1712014526128769,-0.09486690395969455,-0.07392064114896263,0.07336181402206421,-0.0661892294883728,0.9742974638938904,-0.08557182550430298,-0.09438136219978333,0.8618746399879456,0.0200192928314209,-0.0569739043712616,-0.5990568399429321,0.9484795331954956,-0.09195879101753235,-0.07959237694740295,-0.628060519695282,0.6923398375511169,0.13311690092086792,0.2558334171772003,0.9517914056777954,-0.13056060671806335,0.2529325783252716,0.9529417753219604,0.11612936795031474,0.006373829920203456,0.00013945742351251234,0.0007248243032875745,0.0,0.0,0.0,0,0,1,1.0
crossover_11_05_02_fps30.mp4,67,0.1709250956773758,-0.09293040249307277,-0.08185938349584254,0.07423070073127747,-0.06616011261940002,0.9732217788696289,-0.08214017748832703,-0.09197261929512024,0.8506366014480591,0.02135738730430603,-0.056542158126831055,-0.6022073030471802,0.9487191438674927,-0.09068161249160767,-0.08857807517051697,-0.6507912278175354,0.678360104560852,0.13436952233314514,0.2558967173099518,0.952347457408905,-0.12946230173110962,0.2530052959918976,0.9533025622367859,0.11705836491748534,0.0070850458213076424,-0.007938742346879912,0.0019365014666217761,0.0,0.0,0.0,0,0,1,1.0
crossover_11_05_02_fps30.mp4,68,0.17091193795204163,-0.09121407856375485,-0.08301865458488467,0.07474488019943237,-0.06613817811012268,0.9725828170776367,-0.07654339075088501,-0.09407702088356018,0.8341513276100159,0.022576987743377686,-0.0565754771232605,-0.5922830700874329,0.9497262835502625,-0.09146296977996826,-0.09165805578231812,-0.641967236995697,0.663129448890686,0.13565564155578613,0.2556914985179901,0.9507761001586914,-0.12832936644554138,0.2528330385684967,0.9520897269248962,0.11682315012693838,0.008642985588772129,-0.0011592710890421243,0.00171632392931792,0.0,0.0,0.0,0,0,1,1.0
crossover_11_05_02_fps30.mp4,69,0.1693284958600998,-0.08998664061901934,-0.07604004406347509,0.07412883639335632,-0.0659075379371643,0.973645806312561,-0.07843485474586487,-0.09237989783287048,0.823505699634552,0.02350887656211853,-0.05443814396858215,-0.5928701758384705,0.9525268077850342,-0.08919897675514221,-0.0771523118019104,-0.6328661441802979,0.6388795971870422,0.13651010394096375,0.2553480267524719,0.9519416689872742,-0.12755867838859558,0.25266265869140625,0.9532337188720703,0.11553300181300448,0.0013629210851776622,0.006978610521409578,0.00122743794473551,0.0,0.0,0.0,0,0,1,1.0
crossover_11_05_02_fps30.mp4,70,0.16840745508670807,-0.0889363124208935,-0.059654967232448286,0.07267698645591736,-0.06680604815483093,0.9741615653038025,-0.07847318053245544,-0.08749270439147949,0.8048771619796753,0.024166077375411987,-0.05156737565994263,-0.5625033378601074,0.954825222492218,-0.08695939183235168,-0.07312318682670593,-0.5937918424606323,0.6161757111549377,0.1370517909526825,0.2539224922657013,0.9518791437149048,-0.12699741125106812,0.2512703835964203,0.9540203213691711,0.11339118005858785,0.013612536650181924,0.0163850768310268,0.0010503281981258383,0.0,0.0,0.0,0,0,1,1.0
crossover_11_05_02_fps30.mp4,71,0.16702646017074585,-0.08842503943685759,-0.06049199642204656,0.07249593734741211,-0.06691139936447144,0.9740488529205322,-0.0786350667476654,-0.0842212438583374,0.7878723740577698,0.024634063243865967,-0.050369441509246826,-0.5487582683563232,0.9557985663414001,-0.08545905351638794,-0.07332322001457214,-0.5701806545257568,0.5938519239425659,0.1374151110649109,0.25297215580940247,0.9509053230285645,-0.12662982940673828,0.25064417719841003,0.9540718793869019,0.1135113510488402,0.013169562307146334,-0.0008370291895982707,0.0005112729840359154,0.0,0.0,0.0,0,0,1,1.0
crossover_11_05_02_fps30.mp4,72,0.16687677800655365,-0.08832383307359987,-0.03338213693804859,0.07184621691703796,-0.06784725189208984,0.9746129512786865,-0.07871952652931213,-0.08044692873954773,0.7902161478996277,0.024519652128219604,-0.04915246367454529,-0.5289595127105713,0.9582297205924988,-0.08395346999168396,-0.05176347494125366,-0.5385220050811768,0.6110926270484924,0.13725987076759338,0.25073909759521484,0.9510664939880371,-0.126776784658432,0.248776376247406,0.9545890688896179,0.11394013936216295,0.018893746591288996,0.027109859483997967,0.00010120636325772203,0.0,0.0,0.0,0,0,1,1.0
crossover_11_05_02_fps30.mp4,73,0.1656189262866974,-0.08754812741683704,0.007899768323433087,0.07146602869033813,-0.06720361113548279,0.9756659865379333,-0.07956033945083618,-0.07081153988838196,0.8055415153503418,0.02445852756500244,-0.04632163047790527,-0.5200218558311462,0.9610128998756409,-0.0828220546245575,-0.030838698148727417,-0.5111531019210815,0.6454389095306396,0.1369912028312683,0.24922999739646912,0.9505965709686279,-0.12706419825553894,0.24744370579719543,0.9548925161361694,0.12444055146211223,0.039025690879888705,0.04128190526148168,0.0007757056567628262,0.0,0.0,0.0,0,0,1,1.0
crossover_11_05_02_fps30.mp4,74,0.16346415877342224,-0.08727635660413968,0.06346687034862797,0.07127949595451355,-0.0666303038597107,0.9774227142333984,-0.0798446536064148,-0.05245622992515564,0.8217435479164124,0.024846583604812622,-0.044521212577819824,-0.541077196598053,0.9644502401351929,-0.0828532874584198,0.029311805963516235,-0.3894752264022827,0.6706981658935547,0.13681605458259583,0.24830809235572815,0.9521884918212891,-0.12701427936553955,0.24644026160240173,0.9552875757217407,0.15566945678337052,0.03444026660493422,0.05556710202519488,0.00027177081269735837,0.0,0.0,0.0,0,0,0,1.0
crossover_11_05_02_fps30.mp4,75,0.16221417486667633,-0.08428528258356,0.14801459777645953,0.07161691784858704,-0.06502509117126465,0.9792842268943787,-0.07933300733566284,-0.04323747754096985,0.8393185138702393,0.025543898344039917,-0.04437530040740967,-0.5807315111160278,0.9677501320838928,-0.08445101976394653,0.052603185176849365,-0.4154750406742096,0.7031874656677246,0.13704875111579895,0.24809414148330688,0.9549804329872131,-0.12693151831626892,0.24697744846343994,0.9574334025382996,0.22153176274843078,0.09541155654880604,0.08454772742783156,0.002991074020579687,0.0,0.0,0.0,1,0,0,1.0
crossover_11_05_02_fps30.mp4,76,0.16171760857105255,-0.0841052317013175,0.14797181690611494,0.071817547082901,-0.06412416696548462,0.9810037016868591,-0.07902958989143372,-0.04204115271568298,0.8551468253135681,0.025970488786697388,-0.04414144158363342,-0.5828561782836914,0.9707517027854919,-0.0852123498916626,0.05407795310020447,-0.41485273838043213,0.7324653267860413,0.13720479607582092,0.24795660376548767,0.9575092792510986,-0.12695518136024475,0.24772122502326965,0.9593889117240906,0.22141402017149783,0.0939003906865688,-4.278087034459421e-05,0.00018005088224248844,0.0,0.0,0.0,1,0,0,1.0
crossover_11_05_02_fps30.mp4,77,0.16168849170207977,-0.08150624016583974,0.24990355881249038,0.0728345513343811,-0.06259208917617798,0.9823996424674988,-0.07794526219367981,-0.03841972351074219,0.8693786859512329,0.02607285976409912,-0.04370108246803284,-0.6102740168571472,0.973173975944519,-0.08376866579055786,0.06560385227203369,-0.45058634877204895,0.7586074471473694,0.1371523141860962,0.2482181191444397,0.9590933322906494,-0.12699508666992188,0.24795258045196533,0.9605301022529602,0.31269305736328795,0.18431359255520421,0.10193174190637544,0.002598991535477768,0.0,0.0,0.0,1,1,0,1.0
crossover_11_05_02_fps30.mp4,78,0.16180038452148438,-0.07985327486264504,0.27030710665191093,0.074443519115448,-0.06163010001182556,0.9835165739059448,-0.07730826735496521,-0.0400867760181427,0.8821809887886047,0.025420308113098145,-0.043752849102020264,-0.6115672588348389,0.9750301837921143,-0.08281010389328003,0.06549754738807678,-0.45180416107177734,0.781983494758606,0.13624459505081177,0.2485353648662567,0.9605305790901184,-0.12764498591423035,0.2480052411556244,0.9615127444267273,0.3312343325815002,0.2048309019746835,0.020403547839420555,0.0016529653031946978,0.0,0.0,0.0,1,1,0,1.0
crossover_11_05_02_fps30.mp4,79,0.1623680591583252,-0.07688301498607053,0.1901401573564948,0.07598912715911865,-0.06127545237541199,0.9844821095466614,-0.07675066590309143,-0.04217299818992615,0.8936337828636169,0.025227248668670654,-0.043990105390548706,-0.6016241312026978,0.9768232107162476,-0.0825929045677185,0.060746341943740845,-0.4233766496181488,0.8030602931976318,0.13612383604049683,0.24861612915992737,0.9611256122589111,-0.12794047594070435,0.24822375178337097,0.9610390663146973,0.2554280444227697,0.12951973712953735,-0.08016694929541612,0.0029702598765745103,0.0,0.0,0.0,0,0,0,1.0
crossover_11_05_02_fps30.mp4,80,0.16332419216632843,-0.0762785394312972,0.12651947576825207,0.07716447114944458,-0.06042328476905823,0.9845954775810242,-0.07656422257423401,-0.04202902317047119,0.9036015868186951,0.02528589963912964,-0.04335200786590576,-0.615633487701416,0.9776456356048584,-0.08271908760070801,0.045127421617507935,-0.4084317088127136,0.822029173374176,0.13614344596862793,0.24959179759025574,0.9614251852035522,-0.12797865271568298,0.24911758303642273,0.9593071341514587,0.19791830697477278,0.08164647659023729,-0.06362068158824274,0.0006044755547733316,0.0,0.0,0.0,0,0,0,1.0
crossover_11_05_02_fps30.mp4,81,0.16409973800182343,-0.07634474857378815,0.12664519432114396,0.07757553458213806,-0.06032848358154297,0.9850420355796814,-0.07643279433250427,-0.04284095764160156,0.9125423431396484,0.025314003229141235,-0.04329606890678406,-0.6057056188583374,0.9789933562278748,-0.08285120129585266,0.03936922550201416,-0.37944841384887695,0.8391416668891907,0.13619545102119446,0.24989008903503418,0.9625669717788696,-0.1280559003353119,0.2492077350616455,0.958524227142334,0.19802660115659593,0.08751816188850277,0.00012571855289189582,-6.620914249094723e-05,0.0,0.0,0.0,0,0,1,1.0
crossover_11_05_02_fps30.mp4,82,0.16585351526737213,-0.0745785591966015,0.07144324663208756,0.07691198587417603,-0.05964469909667969,0.9858145713806152,-0.07728350162506104,-0.056654274463653564,0.9210664629936218,0.024706006050109863,-0.044978946447372437,-0.5800513029098511,0.9806402921676636,-0.08299297094345093,0.010454773902893066,-0.4641513228416443,0.85512375831604,0.135769784450531,0.25078827142715454,0.9622751474380493,-0.1285938024520874,0.24939221143722534,0.9583631157875061,0.15300833943827882,0.06156619308423429,-0.055201947689056396,0.0017661893771866444,0.0,0.0,0.0,0,0,1,1.0
crossover_11_05_02_fps30.mp4,83,0.16777442395687103,-0.07429903381961889,0.027649661244415702,0.07496237754821777,-0.05982747673988342,0.9864809513092041,-0.08315616846084595,-0.06886914372444153,0.9283973574638367,0.02169215679168701,-0.046482622623443604,-0.5651912093162537,0.9819597005844116,-0.08031967282295227,-0.010070234537124634,-0.4647691547870636,0.868757963180542,0.13423633575439453,0.251594215631485,0.9637154340744019,-0.13037744164466858,0.24919047951698303,0.9607338309288025,0.12128439382888853,0.03819736419936229,-0.04379358538767186,0.0002795253769826145,0.0,0.0,0.0,0,0,1,1.0
crossover_11_05_02_fps30.mp4,84,0.17174401879310608,-0.07345202565193176,-0.011220663204425718,0.07289770245552063,-0.061694979667663574,0.9866917729377747,-0.08705005049705505,-0.08509299159049988,0.9310088753700256,0.01672038435935974,-0.050639331340789795,-0.5196300745010376,0.9826672673225403,-0.08260837197303772,-0.046247512102127075,-0.5064101815223694,0.876615047454834,0.13255742192268372,0.25158748030662537,0.9634262323379517,-0.1321057677268982,0.2485845386981964,0.9617994427680969,0.0984118637405535,0.03620385092299483,-0.03887032444884142,0.0008470081676871244,0.0,0.0,0.0,0,0,1,1.0
crossover_11_05_02_fps30.mp4,85,0.17356617748737335,-0.07218177571135054,-0.03912251969663111,0.07001075148582458,-0.061813563108444214,0.9853534698486328,-0.09105664491653442,-0.09542480111122131,0.9301598072052002,0.010024040937423706,-0.05097159743309021,-0.5190116167068481,0.9811856150627136,-0.08890846371650696,-0.07393476366996765,-0.5349400639533997,0.8818991780281067,0.13118919730186462,0.25236234068870544,0.9616366624832153,-0.1334935426712036,0.2494320571422577,0.9616968035697937,0.08305538473871842,0.03862220115530639,-0.02790185649220539,0.001270249940581225,0.0,0.0,0.0,0,0,1,1.0
crossover_11_05_02_fps30.mp4,86,0.17414629459381104,-0.0728670643547834,-0.038976587900301285,0.06813818216323853,-0.06207069754600525,0.9839804768562317,-0.09343519806861877,-0.09605368971824646,0.9297308921813965,0.00784289836883545,-0.05145058035850525,-0.5196819305419922,0.9798128604888916,-0.09171327948570251,-0.07575860619544983,-0.5379247069358826,0.8875705599784851,0.13050878047943115,0.2525370121002197,0.9597210884094238,-0.13411322236061096,0.24916279315948486,0.9610983729362488,0.08166822252685113,0.04132912646821278,0.00014593179632982345,-0.0006852886434328687,0.0,0.0,0.0,0,0,1,1.0
crossover_11_05_02_fps30.mp4,87,0.17449578642845154,-0.07120682324393318,-0.05956275332264782,0.06391996145248413,-0.06277966499328613,0.9831202626228333,-0.0935165286064148,-0.1056496798992157,0.922825813293457,0.002529323101043701,-0.05232691764831543,-0.5514206886291504,0.9768304228782654,-0.08929458260536194,-0.08134162425994873,-0.6103313565254211,0.8635079264640808,0.13072121143341064,0.25302842259407043,0.9573261141777039,-0.13385924696922302,0.2496468722820282,0.9597849249839783,0.07409032727498097,0.0283105326339962,-0.020586165422346536,0.0016602411108502246,0.0,0.0,0.0,0,0,1,1.0
crossover_11_05_02_fps30.mp4,88,0.17335830628871918,-0.06742565056024974,-0.06963328006790903,0.05857095122337341,-0.0603906512260437,0.981883704662323,-0.09733560681343079,-0.10500660538673401,0.9157063364982605,-0.006616503000259399,-0.05833470821380615,-0.5963508486747742,0.9696988463401794,-0.0872342586517334,-0.08178558945655823,-0.6401380896568298,0.8221476078033447,0.13149628043174744,0.25515109300613403,0.9557738900184631,-0.13297969102859497,0.2518826723098755,0.9576076865196228,0.06184990018516606,0.023239181956330634,-0.01007052674526121,0.0037811726836834425,0.0,0.0,0.0,0,0,1,1.0
crossover_11_05_02_fps30.mp4,89,0.17326536774635315,-0.06699733370441502,-0.0759479761123657,0.05525088310241699,-0.05901229381561279,0.9785886406898499,-0.09911549091339111,-0.10351955890655518,0.9096354246139526,-0.00974041223526001,-0.06550031900405884,-0.5832046270370483,0.9619216918945312,-0.08503136038780212,-0.08924618363380432,-0.6126894950866699,0.8083469867706299,0.13250666856765747,0.2565035820007324,0.952288031578064,-0.13190758228302002,0.2532443404197693,0.9538746476173401,0.05820230747296656,0.022406883801643747,-0.006314696044456669,0.00042831685583472057,0.0,0.0,0.0,0,0,1,1.0
crossover_11_05_02_fps30.mp4,90,0.17356444895267487,-0.06731791102280049,-0.08025350468914683,0.055095285177230835,-0.05836006999015808,0.9768608212471008,-0.09762808680534363,-0.10528486967086792,0.9032996892929077,-0.009675711393356323,-0.06971192359924316,-0.5787554979324341,0.9564992785453796,-0.08261063694953918,-0.09061563014984131,-0.6160228848457336,0.789462685585022,0.13407644629478455,0.2571530044078827,0.9493944644927979,-0.13032150268554688,0.2539476454257965,0.9507521986961365,0.0585981920369196,0.01847271258731426,-0.004305528576781126,-0.0003205773183854732,0.0,0.0,0.0,0,0,1,1.0
crossover_11_05_02_fps30.mp4,91,0.17329952120780945,-0.06651632412005282,-0.07966708221086644,0.05522415041923523,-0.05774950981140137,0.9737489223480225,-0.09595885872840881,-0.10374322533607483,0.8949305415153503,-0.00932428240776062,-0.07024413347244263,-0.5766391754150391,0.9503121972084045,-0.08182445168495178,-0.09156191349029541,-0.6020628213882446,0.779461145401001,0.1348303258419037,0.25770923495292664,0.9445201754570007,-0.12959104776382446,0.2544073164463043,0.9460245966911316,0.05796310549088561,0.0193862265722162,0.0005864224782803906,0.0008015869027476752,0.0,0.0,0.0,0,0,1,1.0
crossover_11_05_02_fps30.mp4,92,0.1727973371744156,-0.06647618443278941,-0.07905742555129819,0.05563187599182129,-0.05770617723464966,0.9724924564361572,-0.09471338987350464,-0.10200992226600647,0.8851025700569153,-0.00811070203781128,-0.07042419910430908,-0.5780767202377319,0.9443420171737671,-0.0744028389453888,-0.08475753664970398,-0.6175268292427063,0.7509899139404297,0.13531899452209473,0.2577967941761017,0.9411859512329102,-0.12905943393707275,0.2546023428440094,0.9434612393379211,0.05900052655767993,0.00976335589314868,0.0006096566595682473,4.013968726340744e-05,0.0,0.0,0.0,0,0,1,1.0
crossover_11_05_02_fps30.mp4,93,0.171455979347229,-0.06641930250798239,-0.07089152234356577,0.05700668692588806,-0.05703285336494446,0.9720526933670044,-0.09342357516288757,-0.10053843259811401,0.87725830078125,-0.008401960134506226,-0.06856507062911987,-0.615216076374054,0.9359031915664673,-0.06808358430862427,-0.08418887853622437,-0.6431225538253784,0.7125611901283264,0.13585761189460754,0.25783172249794006,0.9410011172294617,-0.12852561473846436,0.2546145021915436,0.9424844980239868,0.05806396811845364,0.013401101284087946,0.008165903207732417,5.688192480701737e-05,0.0,0.0,0.0,0,0,1,1.0
crossover_11_05_02_fps30.mp4,94,0.1695162057876587,-0.06679874012025738,-0.05427693273962997,0.05715972185134888,-0.05640965700149536,0.9694463014602661,-0.08491548895835876,-0.08872535824775696,0.866848349571228,-0.0071073174476623535,-0.05751737952232361,-0.6100263595581055,0.9304642081260681,-0.06966298818588257,-0.06645876169204712,-0.6201573014259338,0.7036714553833008,0.1354793906211853,0.25711071491241455,0.9400854706764221,-0.1287725567817688,0.25376927852630615,0.9413279294967651,0.05977931444931316,0.012514027073943319,0.016614589603935803,-0.00037943761227499095,0.0,0.0,0.0,0,0,1,1.0
crossover_11_05_02_fps30.mp4,95,0.1679246425628662,-0.06672859222201977,-0.025028894005752145,0.05745163559913635,-0.05569717288017273,0.9688405990600586,-0.08448055386543274,-0.08371636271476746,0.8685497641563416,-0.006265491247177124,-0.04668673872947693,-0.5274225473403931,0.9310303330421448,-0.0703323483467102,-0.051847606897354126,-0.5762485861778259,0.7179326415061951,0.1351507604122162,0.25581806898117065,0.9405844807624817,-0.1290181279182434,0.252419650554657,0.9425197243690491,0.06422498592892793,0.02705975645434419,0.029248038733877824,7.01478982376158e-05,0.0,0.0,0.0,0,0,1,1.0
crossover_11_05_02_fps30.mp4,96,0.16719406843185425,-0.06691562270714063,-0.025893477986498548,0.05760130286216736,-0.055425435304641724,0.9688012003898621,-0.08491736650466919,-0.0822717547416687,0.8707278966903687,-0.005752056837081909,-0.04443484544754028,-0.5091857314109802,0.9327187538146973,-0.07106569409370422,-0.04756227135658264,-0.5581681132316589,0.7318499684333801,0.13490673899650574,0.2549528479576111,0.9408857226371765,-0.1292189657688141,0.2515714764595032,0.9436362385749817,0.06391215922863497,0.02206263127165421,-0.0008645839807464029,-0.00018703048512086484,0.0,0.0,0.0,0,0,1,1.0
crossover_11_05_02_fps30.mp4,97,0.16587340831756592,-0.06758016772189385,0.017873085998907356,0.0585363507270813,-0.055133700370788574,0.970699667930603,-0.0819537341594696,-0.06818011403083801,0.8813685178756714,-0.0012711882591247559,-0.038995951414108276,-0.5244317054748535,0.9382408261299133,-0.07202020287513733,-0.02678292989730835,-0.5211386680603027,0.757201611995697,0.135009765625,0.2545251250267029,0.9419765472412109,-0.12911272048950195,0.2510553002357483,0.9456726908683777,0.08735541296151547,0.04487620380430042,0.043766563985405904,-0.000664545014753215,0.0,0.0,0.0,0,0,1,1.0
crossover_11_05_02_fps30.mp4,98,0.16686418652534485,-0.0702074646949768,0.07894806440283608,0.06064438819885254,-0.05705457925796509,0.9726482033729553,-0.0804213285446167,-0.055198848247528076,0.8920353651046753,0.002558410167694092,-0.037206560373306274,-0.5238028168678284,0.9426175355911255,-0.0718524158000946,0.024201005697250366,-0.3948677182197571,0.7798751592636108,0.13530343770980835,0.25176897644996643,0.944717288017273,-0.1287592053413391,0.24825432896614075,0.9468492269515991,0.13706483648775972,0.05477176554622899,0.061074978403928726,-0.0026272969730829487,0.0,0.0,0.0,0,0,0,1.0
crossover_11_05_02_fps30.mp4,99,0.16746900975704193,-0.0664378924895141,0.170997192946876,0.06367167830467224,-0.057551950216293335,0.9741660356521606,-0.07654449343681335,-0.048791348934173584,0.9022192358970642,0.005539506673812866,-0.037191689014434814,-0.5281933546066284,0.9460697770118713,-0.07147154211997986,0.049196988344192505,-0.4016842246055603,0.8005582094192505,0.13606968522071838,0.2510376274585724,0.9477877020835876,-0.12825244665145874,0.24795398116111755,0.9483697414398193,0.2202801774164382,0.1219041733077988,0.0920491285440399,0.0037695722054627012,0.0,0.0,0.0,1,1,0,1.0
crossover_11_05_02_fps30.mp4,100,0.16775111854076385,-0.06912985666323518,0.27828835844993594,0.0661458671092987,-0.0575539767742157,0.9762543439865112,-0.07284659147262573,-0.04747927188873291,0.9117423892021179,0.007613867521286011,-0.035896629095077515,-0.5360499024391174,0.9499373435974121,-0.07069066166877747,0.06398776173591614,-0.4117204248905182,0.8199653029441833,0.13603004813194275,0.2508508861064911,0.9515892267227173,-0.12766659259796143,0.24797561764717102,0.9520484209060669,0.3234220239878078,0.21430628050584583,0.10729116550305995,-0.002691964173721084,0.0,0.0,0.0,1,1,0,1.0
crossover_11_05_02_fps30.mp4,101,0.16786757111549377,-0.06939283781132455,0.27837221956834557,0.06701686978340149,-0.057507485151290894,0.9781020283699036,-0.0718848705291748,-0.04754588007926941,0.920371413230896,0.008383601903915405,-0.0353492796421051,-0.5393550992012024,0.9532385468482971,-0.07054692506790161,0.06469884514808655,-0.4229632616043091,0.8375117778778076,0.13580802083015442,0.25091132521629333,0.9550250172615051,-0.12777793407440186,0.24800273776054382,0.9555020332336426,0.3232187396201389,0.21367649111106257,8.386111840963384e-05,-0.00026298114808936957,0.0,0.0,0.0,1,1,0,1.0
crossover_11_05_02_fps30.mp4,102,0.1678091138601303,-0.07009157366671803,0.246533023729557,0.06856268644332886,-0.057506829500198364,0.9796872138977051,-0.07138827443122864,-0.04806956648826599,0.9280263781547546,0.01092749834060669,-0.03676602244377136,-0.5650017261505127,0.9563700556755066,-0.07064566016197205,0.062053799629211426,-0.4243406355381012,0.8531717658042908,0.13539528846740723,0.25103312730789185,0.9579731822013855,-0.12775540351867676,0.24768823385238647,0.958122193813324,0.2946564772606326,0.18448005620258723,-0.03183919583878858,-0.0006987358553934842,0.0,0.0,0.0,1,0,0,1.0
crossover_11_05_02_fps30.mp4,103,0.16861988604068756,-0.07065008818092994,0.1681455247285889,0.07039815187454224,-0.059479594230651855,0.9799812436103821,-0.07226988673210144,-0.05054992437362671,0.9348702430725098,0.014728844165802002,-0.03679776191711426,-0.5862962603569031,0.9576084017753601,-0.07092103362083435,0.04650720953941345,-0.39696434140205383,0.8672914505004883,0.1354033350944519,0.25112178921699524,0.9581262469291687,-0.12828296422958374,0.24862560629844666,0.958091676235199,0.22201646972648376,0.12163861694993328,-0.07838749900096809,-0.0005585145142119052,0.0,0.0,0.0,0,0,0,1.0
crossover_11_05_02_fps30.mp4,104,0.16951967775821686,-0.07144196548704373,0.10669919950206108,0.0714285671710968,-0.060926079750061035,0.9811245203018188,-0.07325702905654907,-0.05216100811958313,0.9411301016807556,0.01922932267189026,-0.038455456495285034,-0.5783202648162842,0.9611750841140747,-0.07153823971748352,0.03257405757904053,-0.43081825971603394,0.8804245591163635,0.1348702609539032,0.25181370973587036,0.9593298435211182,-0.12884080410003662,0.2492610216140747,0.9590955376625061,0.17114659404764188,0.07412520444380162,-0.06144632522652782,-0.0007918773061137974,0.0,0.0,0.0,0,0,0,1.0
crossover_11_05_02_fps30.mp4,105,0.17105869948863983,-0.07159322712381005,0.053433965909771786,0.0716916024684906,-0.06266069412231445,0.9823338985443115,-0.07672592997550964,-0.06602838635444641,0.9467195272445679,0.021166473627090454,-0.04185965657234192,-0.5778718590736389,0.9645062685012817,-0.0733591616153717,-0.007226675748825073,-0.5092043876647949,0.8922553658485413,0.13323965668678284,0.25237634778022766,0.9598059058189392,-0.1306188404560089,0.2495916783809662,0.9599225521087646,0.13298585101115162,0.06068634089365731,-0.053265233592289296,-0.00015126163676631998,0.0,0.0,0.0,0,0,1,1.0
crossover_11_05_02_fps30.mp4,106,0.17196787893772125,-0.07219877717858653,0.05388882421865693,0.07191064953804016,-0.06315112113952637,0.9835252165794373,-0.07832029461860657,-0.07036927342414856,0.9517960548400879,0.021003276109695435,-0.043998777866363525,-0.5751523375511169,0.9675933122634888,-0.07402971386909485,-0.010661780834197998,-0.5026540756225586,0.9029101729393005,0.1326729953289032,0.2529182434082031,0.9603575468063354,-0.13121670484542847,0.24998098611831665,0.96100914478302,0.13516140491688836,0.06457656650716503,0.0004548583088851421,-0.0006055500547764714,0.0,0.0,0.0,0,0,1,1.0
crossover_11_05_02_fps30.mp4,107,0.1746421456336975,-0.07314834160319827,0.0064023573224137875,0.07137563824653625,-0.06671464443206787,0.9843682050704956,-0.08523869514465332,-0.08370247483253479,0.9555914998054504,0.0219554603099823,-0.0491272509098053,-0.5417486429214478,0.9701692461967468,-0.07748261094093323,-0.041349977254867554,-0.5153990387916565,0.9119747877120972,0.13061442971229553,0.25248461961746216,0.9591860771179199,-0.1335529088973999,0.2493569254875183,0.9614607691764832,0.11012842743254452,0.04794863239209903,-0.04748646689624314,-0.0009495644246117485,0.0,0.0,0.0,0,0,1,1.0
crossover_11_05_02_fps30.mp4,108,0.17644283175468445,-0.07369486871412245,-0.03256499011342118,0.073129802942276,-0.07162031531333923,0.9845057725906372,-0.09056872129440308,-0.09388342499732971,0.9545974731445312,0.024639159440994263,-0.05413365364074707,-0.5445351600646973,0.9712197780609131,-0.08116510510444641,-0.061720430850982666,-0.5583615303039551,0.9124952554702759,0.13007816672325134,0.25268882513046265,0.9581615328788757,-0.13432705402374268,0.2494831085205078,0.9612656235694885,0.10067168588816959,0.03009724499565999,-0.038967347435834965,-0.0005465271109241776,0.0,0.0,0.0,0,0,1,1.0
crossover_11_05_02_fps30.mp4,109,0.1758313775062561,-0.07371355032516735,-0.05768482539711928,0.07449787855148315,-0.07261437177658081,0.984348475933075,-0.09167858958244324,-0.10716375708580017,0.9449611306190491,0.02690112590789795,-0.05438441038131714,-0.5886183381080627,0.9707777500152588,-0.08724629878997803,-0.07400166988372803,-0.6342720985412598,0.877740740776062,0.13027387857437134,0.25641876459121704,0.9571636915206909,-0.13418430089950562,0.2531713843345642,0.9598770141601562,0.10066879264579012,0.021198459732065675,-0.0251198352836981,-1.8681611044901736e-05,0.0,0.0,0.0,0,0,1,1.0
crossover_11_05_02_fps30.mp4,110,0.17584817111492157,-0.07309695128667154,-0.08006376187975811,0.07589969038963318,-0.07578665018081665,0.9838248491287231,-0.09097149968147278,-0.10513201355934143,0.9273228049278259,0.030796200037002563,-0.057634204626083374,-0.594516932964325,0.9694941639900208,-0.08579656481742859,-0.07635802030563354,-0.6416782736778259,0.8299893140792847,0.13066020607948303,0.25758853554725647,0.9536370635032654,-0.13390150666236877,0.2543560564517975,0.9569409489631653,0.10628674390797621,0.013229236729486048,-0.022378936482638834,0.0006165990384958131,0.0,0.0,0.0,0,0,1,1.0
crossover_11_05_02_fps30.mp4,111,0.17551064491271973,-0.0727217229746156,-0.07923690633075992,0.0768735408782959,-0.07644572854042053,0.9827869534492493,-0.09148019552230835,-0.1053968071937561,0.9126396179199219,0.032430291175842285,-0.05825990438461304,-0.5991823077201843,0.9664167761802673,-0.08507269620895386,-0.0772932767868042,-0.6484549641609192,0.7884084582328796,0.13101327419281006,0.2584275007247925,0.9501054286956787,-0.13361728191375732,0.2551695704460144,0.9538689851760864,0.10722397442058723,0.012502969072963332,0.0008268555489981955,0.00037522831205594187,0.0,0.0,0.0,0,0,1,1.0
crossover_11_05_02_fps30.mp4,112,0.17564575374126434,-0.0722292381828114,-0.09186275412396688,0.07815060019493103,-0.0790998637676239,0.9822222590446472,-0.09047171473503113,-0.10685527324676514,0.8962924480438232,0.035425037145614624,-0.0603560209274292,-0.5949634909629822,0.9641150832176208,-0.08064991235733032,-0.08467155694961548,-0.6625587940216064,0.7462083101272583,0.1315998136997223,0.25878477096557617,0.9464386105537415,-0.13320139050483704,0.2555200457572937,0.9510095715522766,0.11217003714542652,0.011073439860937949,-0.012625847793206968,0.000492484791804193,0.0,0.0,0.0,0,0,1,1.0
crossover_11_05_02_fps30.mp4,113,0.17572373151779175,-0.07210386890476034,-0.09434909108208445,0.07949858903884888,-0.08058851957321167,0.9816907048225403,-0.088978111743927,-0.10725662112236023,0.8782482147216797,0.038840293884277344,-0.061884671449661255,-0.5776334404945374,0.962706446647644,-0.07706105709075928,-0.08762890100479126,-0.6314695477485657,0.7076275944709778,0.1327275037765503,0.2587304413318634,0.9427836537361145,-0.13220569491386414,0.2555350363254547,0.9488188028335571,0.11559647831586635,0.008350728673975539,-0.002486336958117563,0.00012536927805106846,0.0,0.0,0.0,0,0,1,1.0
crossover_11_05_02_fps30.mp4,114,0.1756727397441864,-0.07135988716351782,-0.08864397770021021,0.08066552877426147,-0.08101975917816162,0.9821138381958008,-0.08659675717353821,-0.10651251673698425,0.8686686754226685,0.04082345962524414,-0.06126055121421814,-0.6103861927986145,0.9630265831947327,-0.07342484593391418,-0.08039668202400208,-0.6688567399978638,0.6751266717910767,0.1340947151184082,0.25847381353378296,0.9424300193786621,-0.131024569272995,0.255391001701355,0.9483404159545898,0.11547707713153013,0.00850187865675806,0.005705113381874238,0.0007439817412425165,0.0,0.0,0.0,0,0,1,1.0
crossover_11_05_02_fps30.mp4,115,0.17554807662963867,-0.07056188805628633,-0.08879449018617958,0.08137768507003784,-0.08130118250846863,0.9823121428489685,-0.08559739589691162,-0.10625416040420532,0.8604628443717957,0.042032480239868164,-0.06102260947227478,-0.6120573878288269,0.9628675580024719,-0.07115325331687927,-0.0792880654335022,-0.6678975224494934,0.6478338837623596,0.13491791486740112,0.25844669342041016,0.9420729875564575,-0.13045892119407654,0.2553892135620117,0.9476397037506104,0.11596882827034788,0.009524800493960664,-0.0001505124859693674,0.0007979991072314951,0.0,0.0,0.0,0,0,1,1.0
crossover_11_05_02_fps30.mp4,116,0.17355114221572876,-0.07041520466238765,-0.07279605763714486,0.08189195394515991,-0.08046165108680725,0.9824166297912598,-0.08487385511398315,-0.10218992829322815,0.851901113986969,0.0416262149810791,-0.060713618993759155,-0.6073666214942932,0.9636929035186768,-0.07108861207962036,-0.07438921928405762,-0.6381790637969971,0.6272435784339905,0.13563913106918335,0.2583233416080475,0.9420541524887085,-0.12989285588264465,0.2553187906742096,0.9470095038414001,0.11269101578783731,0.001729636257361006,0.015998432549034713,0.00014668339389867224,0.0,0.0,0.0,0,0,1,1.0
crossover_11_05_02_fps30.mp4,117,0.1702181100845337,-0.07060984858011793,-0.047818939278765404,0.08065283298492432,-0.08095589280128479,0.9825767874717712,-0.08562740683555603,-0.08932426571846008,0.860807478427887,0.04067564010620117,-0.05930054187774658,-0.5579243302345276,0.9655195474624634,-0.07154974341392517,-0.06877115368843079,-0.5846195816993713,0.6550599336624146,0.13575851917266846,0.25756990909576416,0.9428340792655945,-0.12989220023155212,0.2544710040092468,0.9482389092445374,0.1118762136935005,0.020973285173458336,0.024977118358379458,-0.000194643917730275,0.0,0.0,0.0,0,0,1,1.0
crossover_11_05_02_fps30.mp4,118,0.1710967868566513,-0.07114542136758062,-0.012168679004762262,0.0783841609954834,-0.07915881276130676,0.9836611151695251,-0.08501064777374268,-0.08254897594451904,0.8678823709487915,0.03989565372467041,-0.05319586396217346,-0.54076087474823,0.9683724641799927,-0.07299396395683289,-0.04286086559295654,-0.5393115878105164,0.6740943789482117,0.1355004906654358,0.25460416078567505,0.9455029964447021,-0.13015708327293396,0.2515025734901428,0.9508399367332458,0.11837799737777524,0.03074780361698722,0.03565026027400314,-0.0005355727874626903,0.0,0.0,0.0,0,0,1,1.0
crossover_11_05_02_fps30.mp4,119,0.17075476050376892,-0.07200942776970942,0.039454252981558025,0.07615962624549866,-0.07365632057189941,0.984939694404602,-0.08222991228103638,-0.06685304641723633,0.8800569772720337,0.037816792726516724,-0.04692414402961731,-0.5542662143707275,0.9713157415390015,-0.07236182689666748,-0.002146989107131958,-0.46393707394599915,0.7045745253562927,0.13614383339881897,0.25249138474464417,0.9487378597259521,-0.12945327162742615,0.2494930922985077,0.9537714719772339,0.13972482305841688,0.04160273462726304,0.051622931986320286,-0.000864006402128803,0.0,0.0,0.0,0,0,0,1.0
crossover_11_05_02_fps30.mp4,120,0.17029373347759247,-0.0714893055164208,0.03884175885014418,0.07515451312065125,-0.07174235582351685,0.9861005544662476,-0.08036738634109497,-0.06434699892997742,0.8910717368125916,0.03681054711341858,-0.044568032026290894,-0.5602653622627258,0.9739489555358887,-0.0718671977519989,0.0013290345668792725,-0.4697457551956177,0.7319892048835754,0.13665464520454407,0.2517414391040802,0.9517847895622253,-0.12893569469451904,0.2488591969013214,0.9565484523773193,0.13669693227609594,0.037514627623021435,-0.0006124941314138432,0.000520122253288624,0.0,0.0,0.0,0,0,0,1.0
crossover_11_05_02_fps30.mp4,121,0.17083799839019775,-0.07125202245631462,0.11480804071193784,0.07427045702934265,-0.06935727596282959,0.9866297841072083,-0.07795801758766174,-0.058083564043045044,0.901418149471283,0.0327625572681427,-0.04083418846130371,-0.5636297464370728,0.9758520722389221,-0.0725497305393219,0.03020453453063965,-0.40510860085487366,0.7581506967544556,0.13723644614219666,0.25024521350860596,0.9526580572128296,-0.12835389375686646,0.24736040830612183,0.955742597579956,0.1871991888264245,0.08461345817562159,0.07596628186179366,0.00023728306010617484,0.0,0.0,0.0,1,0,0,1.0
crossover_11_05_02_fps30.mp4,122,0.17048148810863495,-0.06970419459423777,0.22125061546883928,0.07359045743942261,-0.06701305508613586,0.9876514077186584,-0.07397356629371643,-0.05238264799118042,0.911105751991272,0.026933670043945312,-0.036841630935668945,-0.5593447685241699,0.9779164791107178,-0.07237887382507324,0.052074432373046875,-0.4012712240219116,0.7820432186126709,0.1370282769203186,0.25043636560440063,0.9564796686172485,-0.12864065170288086,0.24751704931259155,0.9590872526168823,0.2755911546765483,0.16919732514389504,0.10644257475690144,0.001547827862076856,0.0,0.0,0.0,1,1,0,1.0
crossover_11_05_02_fps30.mp4,123,0.1706240475177765,-0.07195072406429354,0.2846131250625703,0.07278874516487122,-0.06595566868782043,0.9883974194526672,-0.07077011466026306,-0.05335041880607605,0.9198483824729919,0.02223142981529236,-0.03524157404899597,-0.5616019368171692,0.9795661568641663,-0.07210248708724976,0.058835238218307495,-0.4034724533557892,0.8035970330238342,0.13629749417304993,0.2505953013896942,0.9589179754257202,-0.12935477495193481,0.24722209572792053,0.9612982273101807,0.33343261186205014,0.22577793785017145,0.06336250959373102,-0.002246529470055769,0.0,0.0,0.0,1,1,0,1.0
crossover_11_05_02_fps30.mp4,124,0.17090502381324768,-0.07222574888649635,0.20454720709382035,0.07245898246765137,-0.06566113233566284,0.9891930818557739,-0.06983238458633423,-0.05462580919265747,0.9276972413063049,0.02008587121963501,-0.036586254835128784,-0.5543822646141052,0.9811283349990845,-0.07112014293670654,0.054192036390304565,-0.3858984708786011,0.8229484558105469,0.13618946075439453,0.2508552372455597,0.9614078998565674,-0.12951573729515076,0.24761095643043518,0.9634934663772583,0.2581991124470777,0.15035923557201128,-0.08006591796874996,-0.00027502482220281843,0.0,0.0,0.0,1,1,0,1.0
crossover_11_05_02_fps30.mp4,125,0.17102229595184326,-0.07233376654527957,0.20472491717920072,0.07228997349739075,-0.0655030906200409,0.9899013042449951,-0.06959736347198486,-0.05492043495178223,0.9347649812698364,0.01943764090538025,-0.037252575159072876,-0.5517661571502686,0.9825375080108643,-0.07058489322662354,0.05385541915893555,-0.38267216086387634,0.8403675556182861,0.1361807882785797,0.2510579228401184,0.9638280272483826,-0.12961262464523315,0.2478545904159546,0.9655796885490417,0.25879547527689556,0.1508796341153156,0.00017771008538036703,-0.00010801765878321046,0.0,0.0,0.0,0,0,0,1.0
crossover_11_05_02_fps30.mp4,126,0.1719476878643036,-0.0729787891193972,0.1338882270382672,0.07216876745223999,-0.06524109840393066,0.9897874593734741,-0.07063251733779907,-0.057603150606155396,0.9409353733062744,0.01849985122680664,-0.03772851824760437,-0.5566753149032593,0.9828547835350037,-0.07071113586425781,0.037753134965896606,-0.38752225041389465,0.8559321761131287,0.13629549741744995,0.25123634934425354,0.9648752808570862,-0.12966588139533997,0.24796804785728455,0.9656242728233337,0.1944753169482077,0.09616183327624694,-0.07083669014093352,-0.0006450225741176374,0.0,0.0,0.0,0,0,0,1.0
crossover_11_05_02_fps30.mp4,127,0.17196935415267944,-0.0754518716012017,0.07986613919095298,0.07153448462486267,-0.06386539340019226,0.9900864362716675,-0.07226985692977905,-0.0586237907409668,0.9465596079826355,0.017012029886245728,-0.03953412175178528,-0.5669906735420227,0.9839705228805542,-0.07124680280685425,0.017529606819152832,-0.41695550084114075,0.8701801300048828,0.1356733739376068,0.25241321325302124,0.9650336503982544,-0.13036763668060303,0.24908554553985596,0.9656937718391418,0.15101654012549212,0.06247820317283206,-0.054022087847314215,-0.0024730824818045005,0.0,0.0,0.0,0,0,1,1.0
crossover_11_05_02_fps30.mp4,128,0.17401815950870514,-0.07512558708756656,0.03136027818772846,0.07005277276039124,-0.063912034034729,0.990433394908905,-0.07673385739326477,-0.07428064942359924,0.9513682723045349,0.015051156282424927,-0.04297792911529541,-0.5404467582702637,0.9850636720657349,-0.07210755348205566,-0.030695736408233643,-0.505053699016571,0.8829935789108276,0.1343301236629486,0.25264406204223633,0.9641484618186951,-0.1318429708480835,0.24930179119110107,0.9659973382949829,0.11686750664682058,0.06212936080773932,-0.048505861003224515,0.00032628451363514444,0.0,0.0,0.0,0,0,1,1.0
crossover_11_05_02_fps30.mp4,129,0.1768045872449875,-0.07617554048360403,-0.00808234171169564,0.06750187277793884,-0.06415075063705444,0.9901089072227478,-0.08104532957077026,-0.08384111523628235,0.9492622017860413,0.010856598615646362,-0.048621416091918945,-0.5276228785514832,0.9848312139511108,-0.07483488321304321,-0.042795926332473755,-0.5144150853157043,0.8818367123603821,0.1322406828403473,0.25262942910194397,0.9623489379882812,-0.1340543031692505,0.24913576245307922,0.965134859085083,0.09601046707415055,0.0347394634262107,-0.0394426198994241,-0.001049953396037473,0.0,0.0,0.0,0,0,1,1.0
crossover_11_05_02_fps30.mp4,130,0.17833292484283447,-0.07739047882920602,-0.008263647265550622,0.06622582674026489,-0.0644945502281189,0.9899047017097473,-0.08330029249191284,-0.08740440011024475,0.9496557712554932,0.009408354759216309,-0.05108186602592468,-0.5272362232208252,0.9849897623062134,-0.07699498534202576,-0.044814079999923706,-0.5113939046859741,0.8877274990081787,0.13105148077011108,0.25248587131500244,0.9602664709091187,-0.13526302576065063,0.24897700548171997,0.963904082775116,0.09678552252337062,0.03655257238784068,-0.00018130555385498237,-0.0012149383456019902,0.0,0.0,0.0,0,0,1,1.0
crossover_11_05_02_fps30.mp4,131,0.17836949229240417,-0.0769986289032435,-0.042034045515990826,0.06503364443778992,-0.06405138969421387,0.9891613125801086,-0.08765402436256409,-0.09547367691993713,0.9420585036277771,0.005015641450881958,-0.0522841215133667,-0.5358685255050659,0.9836423397064209,-0.08384087681770325,-0.051703423261642456,-0.5559493899345398,0.8675786852836609,0.13053640723228455,0.2530933916568756,0.9582204222679138,-0.13571569323539734,0.2496117651462555,0.9623180031776428,0.0826523115204382,0.01184538823808793,-0.0337703982504402,0.00039184992596252854,0.0,0.0,0.0,0,0,1,1.0
crossover_11_05_02_fps30.mp4,132,0.17646558582782745,-0.07619930222883065,-0.06472553770716599,0.06234949827194214,-0.062077999114990234,0.987115740776062,-0.08706557750701904,-0.09838643670082092,0.9249497056007385,0.0002803802490234375,-0.053517282009124756,-0.5940714478492737,0.9767647385597229,-0.08029547333717346,-0.0627606213092804,-0.6289799213409424,0.8189635276794434,0.13068938255310059,0.25483471155166626,0.9541496634483337,-0.13554179668426514,0.2513323426246643,0.9580593109130859,0.07729661588779974,0.004543073210889532,-0.022691492191175167,0.000799326674412848,0.0,0.0,0.0,0,0,1,1.0
crossover_11_05_02_fps30.mp4,133,0.17490170896053314,-0.0764235588453584,-0.08024727004330334,0.05773773789405823,-0.059638381004333496,0.9809221625328064,-0.08638888597488403,-0.09555304050445557,0.8979620337486267,-0.008410722017288208,-0.05771508812904358,-0.590270459651947,0.9594992399215698,-0.07921287417411804,-0.07758456468582153,-0.649753212928772,0.7703179121017456,0.13076916337013245,0.25622203946113586,0.9404956102371216,-0.13539284467697144,0.25269815325737,0.9454981684684753,0.07164806483931715,0.003856200179453325,-0.01552173233613735,-0.00022425661652775153,0.0,0.0,0.0,0,0,1,1.0
crossover_11_05_02_fps30.mp4,134,0.1736789345741272,-0.0774479459908049,-0.08595013531242929,0.05427396297454834,-0.057667940855026245,0.9760758876800537,-0.08588516712188721,-0.10094326734542847,0.8782132863998413,-0.012306571006774902,-0.06295368075370789,-0.5998923778533936,0.9381901621818542,-0.07656159996986389,-0.08084860444068909,-0.6641330122947693,0.7201464772224426,0.13127583265304565,0.25732702016830444,0.9338483214378357,-0.13482007384300232,0.25383907556533813,0.9384752511978149,0.069081369826324,0.00517795582292436,-0.005702865269125945,-0.0010243871454465037,0.0,0.0,0.0,0,0,1,1.0
crossover_11_05_02_fps30.mp4,135,0.17316259443759918,-0.07700162358203178,-0.08550498223886255,0.053558528423309326,-0.056706249713897705,0.9709413647651672,-0.08543488383293152,-0.10233363509178162,0.8633841276168823,-0.012997806072235107,-0.06434929370880127,-0.6103132963180542,0.9159209728240967,-0.07553735375404358,-0.08192482590675354,-0.6733154058456421,0.6802960634231567,0.1316036581993103,0.2576891779899597,0.9265127778053284,-0.1343863606452942,0.2543560266494751,0.9306347966194153,0.0674095825013649,0.0038680234605670124,0.0004451530735667397,0.00044632240877312546,0.0,0.0,0.0,0,0,1,1.0
crossover_11_05_02_fps30.mp4,136,0.17254939675331116,-0.07839289843025854,-0.08413072112129955,0.0532761812210083,-0.05486440658569336,0.9671791195869446,-0.0851859450340271,-0.09834808111190796,0.8454762101173401,-0.01688253879547119,-0.0642869770526886,-0.6179423928260803,0.8990093469619751,-0.07491126656532288,-0.07938241958618164,-0.6723873615264893,0.6359472274780273,0.13208836317062378,0.257671982049942,0.9194643497467041,-0.13380715250968933,0.254454642534256,0.9215908050537109,0.06463202395919077,0.0058879646662780205,0.0013742611175630026,-0.0013912748482267645,0.0,0.0,0.0,0,0,1,1.0
crossover_11_05_02_fps30.mp4,137,0.16990457475185394,-0.07972440648887119,-0.07063607573509217,0.05344584584236145,-0.05191805958747864,0.9655782580375671,-0.08480179309844971,-0.08179837465286255,0.834256112575531,-0.017293304204940796,-0.06244280934333801,-0.6272287368774414,0.8912845849990845,-0.07452642917633057,-0.072119802236557,-0.6637648940086365,0.5994818210601807,0.13238117098808289,0.2577303349971771,0.9184455275535583,-0.13340866565704346,0.25455203652381897,0.9202139973640442,0.06296643666710725,0.0054055908532588855,0.013494645386207371,-0.0013315080586126515,0.0,0.0,0.0,0,0,1,1.0
crossover_11_05_02_fps30.mp4,138,0.16866658627986908,-0.08134995981798332,-0.049489326011843804,0.0533602237701416,-0.051283061504364014,0.9634354710578918,-0.08413508534431458,-0.08180814981460571,0.8271084427833557,-0.017182469367980957,-0.05174562335014343,-0.54561847448349,0.8845533728599548,-0.07461225986480713,-0.05862948298454285,-0.6074490547180176,0.5841855406761169,0.132357656955719,0.25616729259490967,0.9125783443450928,-0.13337385654449463,0.25299638509750366,0.917644739151001,0.06420714686333572,0.0113551340874782,0.02114674972324837,-0.0016255533291121282,0.0,0.0,0.0,0,0,1,1.0
crossover_11_05_02_fps30.mp4,139,0.17143012583255768,-0.08270343380459283,-0.012859329072440584,0.05376279354095459,-0.05462494492530823,0.9644224643707275,-0.08355498313903809,-0.0800064206123352,0.8345820903778076,-0.014413893222808838,-0.042765021324157715,-0.49144601821899414,0.8907602429389954,-0.07581669092178345,-0.04500710964202881,-0.5419554114341736,0.6084628105163574,0.1321948766708374,0.25253915786743164,0.9102835059165955,-0.13349151611328125,0.24945855140686035,0.917536199092865,0.07455073294023028,0.032877150470871405,0.03662999693940322,-0.0013534739866095102,0.0,0.0,0.0,0,0,1,1.0
crossover_11_05_02_fps30.mp4,140,0.1723487824201584,-0.08275621301036767,-0.01431119267533465,0.05405181646347046,-0.05596435070037842,0.9657164216041565,-0.08331799507141113,-0.07831460237503052,0.8413292765617371,-0.013055086135864258,-0.04087221622467041,-0.505720317363739,0.8970754742622375,-0.07800328731536865,-0.040947407484054565,-0.5453012585639954,0.6275337934494019,0.1320541501045227,0.2507697343826294,0.9106207489967346,-0.13354253768920898,0.24797606468200684,0.918867826461792,0.07459044884946055,0.02705694443203911,-0.0014518636028940657,-5.2779205774844407e-05,0.0,0.0,0.0,0,0,1,1.0
crossover_11_05_02_fps30.mp4,141,0.17190270125865936,-0.08447656308190299,0.03507403818572441,0.055325984954833984,-0.05611896514892578,0.968534529209137,-0.08172595500946045,-0.06666964292526245,0.8562694191932678,-0.010067343711853027,-0.036219269037246704,-0.5213813185691833,0.9062034487724304,-0.07667785882949829,0.0016632378101348877,-0.4599446952342987,0.6627350449562073,0.1331837773323059,0.25085654854774475,0.916856586933136,-0.13229086995124817,0.24782541394233704,0.9247825741767883,0.1030508009772324,0.03430891093803428,0.04938523086105906,-0.0017203500715353148,0.0,0.0,0.0,0,0,1,1.0
crossover_11_05_02_fps30.mp4,142,0.17284193634986877,-0.0840234698885578,0.10228073175360519,0.059508949518203735,-0.05830344557762146,0.9705262184143066,-0.07870835065841675,-0.06000798940658569,0.8696609735488892,-0.004657179117202759,-0.03467985987663269,-0.5015144944190979,0.9132586121559143,-0.07578873634338379,0.030551761388778687,-0.38027679920196533,0.6949677467346191,0.1354295313358307,0.2489631474018097,0.922187864780426,-0.12995925545692444,0.24578294157981873,0.9286015033721924,0.15829469912321154,0.07220011098438958,0.06720669356788078,0.0004530931933451887,0.0,0.0,0.0,0,0,0,1.0
crossover_11_05_02_fps30.mp4,143,0.17314162850379944,-0.08417276346077351,0.18363436097052044,0.0644378662109375,-0.059691935777664185,0.9720770716667175,-0.07657703757286072,-0.05668836832046509,0.8819583654403687,-0.0003666877746582031,-0.03424754738807678,-0.47964856028556824,0.9193259477615356,-0.07915610074996948,0.04717859625816345,-0.3836081922054291,0.7241142988204956,0.1366267204284668,0.2483980357646942,0.926284909248352,-0.1287705898284912,0.246047705411911,0.9307085871696472,0.23344374978116472,0.1365479499223189,0.08135362921691525,-0.00014929357221571404,0.0,0.0,0.0,1,1,0,1.0
crossover_11_05_02_fps30.mp4,144,0.17325448989868164,-0.08741010387065046,0.2843545015265302,0.06765997409820557,-0.06175920367240906,0.9737057685852051,-0.07454684376716614,-0.054384708404541016,0.8933617472648621,0.002070784568786621,-0.03293889760971069,-0.4986281096935272,0.925015926361084,-0.0794602632522583,0.05789250135421753,-0.41802212595939636,0.7510443329811096,0.13646608591079712,0.24856674671173096,0.9314379096031189,-0.12893414497375488,0.24621230363845825,0.9342360496520996,0.3296694261397936,0.2266014948933532,0.10072014055600975,-0.003237340409876943,0.0,0.0,0.0,1,1,0,1.0
crossover_11_05_02_fps30.mp4,145,0.17335255444049835,-0.08754485906180687,0.28452568868311445,0.06877630949020386,-0.06277933716773987,0.9751800298690796,-0.07374170422554016,-0.053680419921875,0.9036129713058472,0.002961456775665283,-0.032433390617370605,-0.5008884072303772,0.9301085472106934,-0.07966789603233337,0.05914151668548584,-0.417663037776947,0.7752156853675842,0.13633215427398682,0.24871593713760376,0.9360642433166504,-0.1290745735168457,0.2463499903678894,0.9374184608459473,0.32962774634044906,0.22552177618497138,0.00017118715658426265,-0.00013475519115641044,0.0,0.0,0.0,1,1,0,1.0
crossover_11_05_02_fps30.mp4,146,0.17319166660308838,-0.0889769476349071,0.23417872568456133,0.0699828565120697,-0.06363427639007568,0.9767086505889893,-0.07341587543487549,-0.054590433835983276,0.9128091335296631,0.0037209689617156982,-0.031471073627471924,-0.5086004137992859,0.9349334836006165,-0.07976606488227844,0.05577254295349121,-0.413369357585907,0.7969666719436646,0.13589397072792053,0.2493029236793518,0.9401156306266785,-0.12951746582984924,0.24782675504684448,0.9412331581115723,0.281358702754825,0.17864379753508,-0.050346962998553124,-0.001432088573100232,0.0,0.0,0.0,0,0,0,1.0
crossover_11_05_02_fps30.mp4,147,0.1720033884048462,-0.0885818292528896,0.1623159181780931,0.07186242938041687,-0.0628466010093689,0.9774184823036194,-0.07376858592033386,-0.05511435866355896,0.9208728075027466,0.006926506757736206,-0.030293703079223633,-0.5118867754936218,0.9378489851951599,-0.08008986711502075,0.04683184623718262,-0.41992661356925964,0.8160315155982971,0.13556894659996033,0.25078243017196655,0.9429638981819153,-0.13002589344978333,0.2503737211227417,0.9427592754364014,0.21498908913804346,0.11579587338504074,-0.07186280750646823,0.0003951183820175008,0.0,0.0,0.0,0,0,0,1.0
crossover_11_05_02_fps30.mp4,148,0.17201150953769684,-0.0911907466791444,0.10954630403983878,0.07267636060714722,-0.06318721175193787,0.9784215688705444,-0.07435238361358643,-0.055880844593048096,0.9280686378479004,0.009513437747955322,-0.029498696327209473,-0.5288581252098083,0.9411278367042542,-0.08041006326675415,0.03843522071838379,-0.4046440124511719,0.8332416415214539,0.1351056694984436,0.251015305519104,0.9443070888519287,-0.13055312633514404,0.2505022883415222,0.9442047476768494,0.17168239539393595,0.07192363523897483,-0.05276961413825432,-0.0026089174262547976,0.0,0.0,0.0,0,0,0,1.0
crossover_11_05_02_fps30.mp4,149,0.1703179031610489,-0.09239771699501298,0.05897975578540704,0.07219728827476501,-0.06181234121322632,0.979662299156189,-0.07617798447608948,-0.06020978093147278,0.934969425201416,0.012134760618209839,-0.02741110324859619,-0.5672218203544617,0.945620059967041,-0.07947611808776855,0.022345125675201416,-0.42796003818511963,0.8496738076210022,0.1338178813457489,0.2527335286140442,0.9454103112220764,-0.13193783164024353,0.2520509958267212,0.9466423988342285,0.13561128050642376,0.03884667092083033,-0.05056654825443174,-0.001206970315868583,0.0,0.0,0.0,0,0,1,1.0
crossover_11_05_02_fps30.mp4,150,0.16987483203411102,-0.09306143401032785,0.059373545937421834,0.07170325517654419,-0.06157037615776062,0.9808353781700134,-0.07698741555213928,-0.06238827109336853,0.9411671757698059,0.012556254863739014,-0.02669346332550049,-0.5635701417922974,0.9497788548469543,-0.07890263199806213,0.017327070236206055,-0.43584367632865906,0.864463746547699,0.13324517011642456,0.2532352805137634,0.9468418955802917,-0.13257759809494019,0.2523469924926758,0.9491766691207886,0.13624472939003235,0.04436640388081356,0.0003937901520147946,-0.0006637170153148686,0.0,0.0,0.0,0,0,1,1.0
crossover_11_05_02_fps30.mp4,151,0.1695677638053894,-0.09395588717218173,0.022986017930798464,0.0719037652015686,-0.061590105295181274,0.9816853404045105,-0.07814306020736694,-0.06841185688972473,0.9446226954460144,0.014401137828826904,-0.02547416090965271,-0.543701171875,0.9531184434890747,-0.07768014073371887,-0.007737785577774048,-0.5046995282173157,0.8741986751556396,0.1327853798866272,0.2533017694950104,0.9456069469451904,-0.13297933340072632,0.2519698441028595,0.9500229358673096,0.118699763269847,0.03476854935372641,-0.03638752800662337,-0.0008944531618538809,0.0,0.0,0.0,0,0,1,1.0
crossover_11_05_02_fps30.mp4,152,0.16763192415237427,-0.09407259589534694,-0.0035020489518234887,0.07201629877090454,-0.061283111572265625,0.9809925556182861,-0.07808375358581543,-0.07731321454048157,0.9409223794937134,0.01589292287826538,-0.023192137479782104,-0.5303118228912354,0.9530591368675232,-0.07787463068962097,-0.03439614176750183,-0.5684426426887512,0.8761897683143616,0.13262349367141724,0.2534373700618744,0.9406843781471252,-0.13299569487571716,0.2514525353908539,0.9475062489509583,0.11171443463307923,0.0348829334734001,-0.026488066882621952,-0.0001167087231652153,0.0,0.0,0.0,0,0,1,1.0
crossover_11_05_02_fps30.mp4,153,0.1641334891319275,-0.0951947604195546,-0.019629356628511063,0.07254678010940552,-0.060016512870788574,0.9820059537887573,-0.07543519139289856,-0.08360126614570618,0.9419629573822021,0.0169297456741333,-0.020394504070281982,-0.6019827723503113,0.9566977024078369,-0.07969483733177185,-0.05315941572189331,-0.6807360053062439,0.8837828636169434,0.1327577829360962,0.2543637156486511,0.9428407549858093,-0.13287121057510376,0.2519146203994751,0.9495656490325928,0.11212711677984548,0.03693930804079695,-0.016127307676687574,-0.0011221645242076583,0.0,0.0,0.0,0,0,1,1.0
crossover_11_05_02_fps30.mp4,154,0.15716861188411713,-0.09562488349817566,-0.02143671599830066,0.07280731201171875,-0.05556073784828186,0.9835087656974792,-0.07409441471099854,-0.08005160093307495,0.9455586075782776,0.01845550537109375,-0.014163494110107422,-0.6791702508926392,0.9606914520263672,-0.08139297366142273,-0.051108330488204956,-0.7787747383117676,0.891218900680542,0.1333380937576294,0.2571033835411072,0.9475756883621216,-0.13228648900985718,0.2542968988418579,0.953406810760498,0.11431200672369732,0.03290823550479369,-0.0018073593697895962,-0.0004301230786210586,0.0,0.0,0.0,0,0,1,1.0
crossover_11_05_02_fps30.mp4,155,0.15415333211421967,-0.0955044055389146,-0.02004143232252542,0.07274371385574341,-0.05334514379501343,0.9848632216453552,-0.07308220863342285,-0.0783659815788269,0.948706865310669,0.018679499626159668,-0.011987090110778809,-0.658028244972229,0.9643518328666687,-0.0828360915184021,-0.050254613161087036,-0.7619258761405945,0.8992393016815186,0.13348114490509033,0.25843989849090576,0.9518070816993713,-0.1321565806865692,0.25540047883987427,0.9568593502044678,0.11446762261535179,0.03276160064016928,0.0013952836757752385,0.00012047795926106719,0.0,0.0,0.0,0,0,1,1.0
crossover_11_05_02_fps30.mp4,156,0.1459491103887558,-0.09708736680321772,-0.009278686889787946,0.07316872477531433,-0.046711623668670654,0.9861735701560974,-0.07219567894935608,-0.07114094495773315,0.9529385566711426,0.020641177892684937,-0.003226548433303833,-0.7315722703933716,0.9676607847213745,-0.08243680000305176,-0.03969448804855347,-0.8465527296066284,0.9078050851821899,0.13407990336418152,0.26215699315071106,0.9561789631843567,-0.13156738877296448,0.2588757574558258,0.9604672193527222,0.1178840049205642,0.03376033275451661,0.010762745432737475,-0.0015829612643031288,0.0,0.0,0.0,0,0,1,1.0
crossover_11_05_02_fps30.mp4,157,0.13699813187122345,-0.09733418953620782,0.016460006702237018,0.072867751121521,-0.037256330251693726,0.9874652624130249,-0.07296979427337646,-0.05075874924659729,0.9570181369781494,0.02186375856399536,0.005636036396026611,-0.7302742004394531,0.9707626700401306,-0.08154594898223877,-0.012536048889160156,-0.8263121843338013,0.9152016639709473,0.13497257232666016,0.2673531174659729,0.960278332233429,-0.13076743483543396,0.26389509439468384,0.9640161991119385,0.11968838358206887,0.0330157504783609,0.025738693592024964,-0.00024682273299009294,0.0,0.0,0.0,0,0,1,1.0
crossover_11_05_02_fps30.mp4,158,0.13518497347831726,-0.09795759835485685,0.0541468277210142,0.07253336906433105,-0.03611156344413757,0.987162172794342,-0.07297399640083313,-0.03437751531600952,0.9498541951179504,0.023318231105804443,0.007830023765563965,-0.5874707102775574,0.9705911874771118,-0.07978379726409912,0.04663747549057007,-0.49728694558143616,0.8717667460441589,0.13685929775238037,0.26690274477005005,0.9618399143218994,-0.1288815140724182,0.26345598697662354,0.9645883440971375,0.12981938661085646,0.01966411495611493,0.037686821018777183,-0.0006234088186490294,0.0,0.0,0.0,0,0,1,1.0
crossover_11_05_02_fps30.mp4,159,0.13389931619167328,-0.09812343787338773,0.1262478841514122,0.0720287561416626,-0.035902947187423706,0.9876887202262878,-0.07377681136131287,-0.024331212043762207,0.9533644318580627,0.023675501346588135,0.011883288621902466,-0.5530258417129517,0.9724390506744385,-0.08275401592254639,0.06931081414222717,-0.4556969106197357,0.8801896572113037,0.1377059817314148,0.2657109797000885,0.9636538028717041,-0.1282733678817749,0.26264312863349915,0.9652577638626099,0.16707555867253512,0.05897498683623287,0.07210105643039799,-0.00016583951853088585,0.0,0.0,0.0,1,0,0,1.0
crossover_11_05_02_fps30.mp4,160,0.1317826211452484,-0.09804389678825765,0.12680170230749177,0.07148057222366333,-0.03471583127975464,0.9880771636962891,-0.0745006799697876,-0.02162754535675049,0.9568026661872864,0.023430943489074707,0.013886481523513794,-0.5483770966529846,0.9739821553230286,-0.084016352891922,0.0710967481136322,-0.4618533253669739,0.8889566659927368,0.13779139518737793,0.26606741547584534,0.9656543135643005,-0.12837979197502136,0.2631838023662567,0.9662757515907288,0.16584928068911814,0.05744400673267505,0.0005538181560795774,7.954108513008595e-05,0.0,0.0,0.0,1,0,0,1.0
crossover_11_05_02_fps30.mp4,161,0.13146620988845825,-0.09125134369074289,0.21278800324695868,0.07097145915031433,-0.03429710865020752,0.9886947274208069,-0.07481110095977783,-0.017139196395874023,0.960785984992981,0.023603767156600952,0.011813104152679443,-0.5313310623168945,0.975942850112915,-0.08425155282020569,0.08018910884857178,-0.4516425132751465,0.8995039463043213,0.13816729187965393,0.26541101932525635,0.9678136110305786,-0.12803000211715698,0.26282232999801636,0.9679290056228638,0.23147917088522538,0.13278352257680853,0.08598630093946691,0.006792553097514753,0.0,0.0,0.0,1,0,0,1.0
crossover_11_05_02_fps30.mp4,162,0.12982866168022156,-0.08855731265019562,0.3124519471715136,0.07025343179702759,-0.032489627599716187,0.9894042015075684,-0.07577323913574219,-0.012808769941329956,0.9644673466682434,0.023053228855133057,0.012293249368667603,-0.5073082447052002,0.9777867794036865,-0.08386996388435364,0.091997891664505,-0.4690309166908264,0.9088392853736877,0.1381000280380249,0.2662404477596283,0.970129668712616,-0.128129780292511,0.263695627450943,0.970177948474884,0.3202376568141431,0.22050388166184254,0.09966394392455491,0.0026940310405472734,0.0,0.0,0.0,1,1,0,1.0
crossover_11_05_02_fps30.mp4,163,0.1300620436668396,-0.08582490844241641,0.24211868978128204,0.06957012414932251,-0.03240320086479187,0.9901002645492554,-0.07635200023651123,-0.013011932373046875,0.9678102731704712,0.022490084171295166,0.010780394077301025,-0.517763078212738,0.9796151518821716,-0.08384808897972107,0.08759450912475586,-0.45210152864456177,0.9174434542655945,0.13798493146896362,0.2652188539505005,0.9721125960350037,-0.1282123327255249,0.2628023624420166,0.9721603393554688,0.255439904251726,0.1545368248113013,-0.07033325739023155,0.0027324042077792043,0.0,0.0,0.0,1,1,0,1.0
crossover_11_05_02_fps30.mp4,164,0.12991158664226532,-0.08226442347138613,0.1667646517113941,0.06929251551628113,-0.03341636061668396,0.9901944398880005,-0.07635942101478577,-0.016742318868637085,0.9705098271369934,0.02220943570137024,0.008780509233474731,-0.5320917367935181,0.9809354543685913,-0.08437281847000122,0.07532742619514465,-0.42248374223709106,0.9251071810722351,0.13794651627540588,0.26375046372413635,0.9727499485015869,-0.12829139828681946,0.26174047589302063,0.970953643321991,0.18940373946924188,0.09146153038069964,-0.07535403806988794,0.0035604849710302866,0.0,0.0,0.0,0,0,0,1.0
crossover_11_05_02_fps30.mp4,165,0.13039284944534302,-0.08232382051015302,0.16534109609883008,0.06914955377578735,-0.034504443407058716,0.9902299642562866,-0.07633787393569946,-0.018758058547973633,0.972927451133728,0.021970033645629883,0.007031142711639404,-0.5321794748306274,0.9820836782455444,-0.08457395434379578,0.0711788535118103,-0.42122581601142883,0.9319899678230286,0.13791924715042114,0.2623371481895447,0.9732279181480408,-0.12835043668746948,0.2607567310333252,0.969789981842041,0.18957650001021276,0.09418912374200146,-0.0014235556125640203,-5.939703876689517e-05,0.0,0.0,0.0,0,0,0,1.0
crossover_11_05_02_fps30.mp4,166,0.1294095367193222,-0.07975791167404694,0.11173764583541124,0.06886184215545654,-0.03367486596107483,0.9891164302825928,-0.0766666829586029,-0.01926785707473755,0.9732955098152161,0.021661698818206787,0.007185220718383789,-0.5761375427246094,0.981329083442688,-0.08121412992477417,0.06788080930709839,-0.45913317799568176,0.9332799315452576,0.13763892650604248,0.2623264193534851,0.9708873629570007,-0.1285596787929535,0.2597140073776245,0.9660830497741699,0.14566106889025665,0.043881005934970393,-0.05360345026341884,0.002565908836106079,0.0,0.0,0.0,0,0,1,1.0
crossover_11_05_02_fps30.mp4,167,0.12708745896816254,-0.07946747612144989,0.07039838433265688,0.06870761513710022,-0.032058924436569214,0.9886987209320068,-0.07683882117271423,-0.019966095685958862,0.9691647887229919,0.02194353938102722,0.007783383131027222,-0.5982868671417236,0.9814427495002747,-0.0813007652759552,0.04748353362083435,-0.5241753458976746,0.9190524816513062,0.1374395787715912,0.2626752555370331,0.9696981906890869,-0.12852507829666138,0.25990375876426697,0.9636932015419006,0.11918402762419021,0.022988069346274828,-0.041339261502754354,0.000290435552597057,0.0,0.0,0.0,0,0,1,1.0
crossover_11_05_02_fps30.mp4,168,0.12538763880729675,-0.07888363215882899,0.045623167549691535,0.06803619861602783,-0.03073906898498535,0.9897691607475281,-0.07679638266563416,-0.020522236824035645,0.9719532132148743,0.02204841375350952,0.009035766124725342,-0.7490800619125366,0.9832537174224854,-0.07861492037773132,0.031325340270996094,-0.8179618120193481,0.9265956282615662,0.1366634964942932,0.26274633407592773,0.9719511270523071,-0.1293119192123413,0.2599536180496216,0.9661216139793396,0.10735881815240901,0.014300352125479573,-0.024775216782965348,0.0005838439626209002,0.0,0.0,0.0,0,0,1,1.0
crossover_11_05_02_fps30.mp4,169,0.12424924969673157,-0.0779644833782972,0.03926137831152943,0.06763944029808044,-0.029496073722839355,0.9907294511795044,-0.07674816250801086,-0.021311044692993164,0.9741892218589783,0.021545201539993286,0.010542869567871094,-0.7883548736572266,0.9848634004592896,-0.07823732495307922,0.018931329250335693,-0.8635503649711609,0.9319990873336792,0.13567182421684265,0.26244860887527466,0.9740089774131775,-0.13033276796340942,0.2596612572669983,0.968376636505127,0.10357089425604583,0.020331879828374793,-0.006361789238162108,0.0009191487805317866,0.0,0.0,0.0,0,0,1,1.0
crossover_11_05_02_fps30.mp4,170,0.12349069118499756,-0.07865357338371926,0.03921499223243896,0.06732159852981567,-0.028726041316986084,0.9915924668312073,-0.07693460583686829,-0.021435320377349854,0.9762387275695801,0.02110201120376587,0.011249065399169922,-0.7872933149337769,0.9863119125366211,-0.07831379771232605,0.01643139123916626,-0.865702748298645,0.9370017051696777,0.13499021530151367,0.2623436450958252,0.9758445620536804,-0.13102185726165771,0.2595081925392151,0.9703665375709534,0.10360149477702847,0.022786134418271292,-4.638607909046577e-05,-0.000689090005422055,0.0,0.0,0.0,0,0,1,1.0
crossover_11_05_02_fps30.mp4,171,0.1198367029428482,-0.07819550633430483,0.05598934161953806,0.06780502200126648,-0.02590450644493103,0.9923880100250244,-0.07671892642974854,-0.01676774024963379,0.9782312512397766,0.022066861391067505,0.016146481037139893,-0.7521414160728455,0.9876408576965332,-0.07754367589950562,0.02350670099258423,-0.8280650973320007,0.9421389698982239,0.13501498103141785,0.2643851637840271,0.9778167009353638,-0.1309984028339386,0.2611205577850342,0.9724639058113098,0.10788881277169658,0.03248918012224319,0.016774349387099097,0.00045806704941442344,0.0,0.0,0.0,0,0,1,1.0
crossover_11_05_02_fps30.mp4,172,0.1208047866821289,-0.07630493822744339,0.10171147381387102,0.06833529472351074,-0.027082890272140503,0.9917088150978088,-0.07663524150848389,-0.016443312168121338,0.9760088324546814,0.02348095178604126,0.01608419418334961,-0.5098073482513428,0.986662745475769,-0.07404398918151855,0.05294901132583618,-0.4215756356716156,0.9299532175064087,0.1352841854095459,0.262428879737854,0.9773674011230469,-0.13064271211624146,0.25871992111206055,0.9718395471572876,0.1314886111520947,0.04881485059370021,0.045722132194332965,0.0018905681068614455,0.0,0.0,0.0,0,0,1,1.0
crossover_11_05_02_fps30.mp4,173,0.12315911054611206,-0.07151054649029748,0.180961654535154,0.06950193643569946,-0.029412686824798584,0.9918239712715149,-0.07553887367248535,-0.01604384183883667,0.9781048893928528,0.024987995624542236,0.014851093292236328,-0.44910573959350586,0.9873036742210388,-0.07372421026229858,0.06332981586456299,-0.4164697825908661,0.9366443753242493,0.13632744550704956,0.25965720415115356,0.9784859418869019,-0.12974539399147034,0.25593435764312744,0.9729786515235901,0.19210592699530799,0.11765266582750866,0.07925018072128298,0.004794391737145909,0.0,0.0,0.0,1,0,0,1.0
crossover_11_05_02_fps30.mp4,174,0.12297707796096802,-0.06989472781197498,0.2858592732650478,0.06957191228866577,-0.028792887926101685,0.9922688007354736,-0.07532835006713867,-0.012758463621139526,0.9801876544952393,0.02554374933242798,0.01589450240135193,-0.23836126923561096,0.9880949258804321,-0.07316610217094421,0.08036056160926819,-0.3840959370136261,0.9428319931030273,0.13639456033706665,0.25958505272865295,0.9802548885345459,-0.12986746430397034,0.2560061514377594,0.9753293991088867,0.2863380527054176,0.20552474883181773,0.10489761872989378,0.0016158186783225004,0.0,0.0,0.0,1,0,0,1.0
crossover_11_05_02_fps30.mp4,175,0.12278671562671661,-0.0697013507455082,0.2858205229770846,0.06977814435958862,-0.028791993856430054,0.9926375150680542,-0.07512462139129639,-0.011343151330947876,0.9820707440376282,0.025891780853271484,0.01646241545677185,-0.2330562323331833,0.9887986183166504,-0.07262668013572693,0.0828312337398529,-0.3776895999908447,0.9484245777130127,0.13658863306045532,0.2595045268535614,0.9817525148391724,-0.1300930380821228,0.2560513913631439,0.9773703217506409,0.2858178386591466,0.20301036696946734,-3.875028796318514e-05,0.0001933770664667711,0.0,0.0,0.0,1,0,0,1.0
crossover_11_05_02_fps30.mp4,176,0.1224178820848465,-0.069367962974613,0.28414583962138107,0.06993156671524048,-0.028735101222991943,0.9931455850601196,-0.0751042366027832,-0.010537207126617432,0.9837950468063354,0.026439666748046875,0.0161820650100708,-0.22799819707870483,0.9896554350852966,-0.07159885764122009,0.08392798900604248,-0.3865348696708679,0.9534879922866821,0.1366707682609558,0.25968390703201294,0.9833167791366577,-0.12993109226226807,0.2565462589263916,0.979414701461792,0.2845763279280541,0.20023027891914733,-0.0016746833557035323,0.00033338777089519933,0.0,0.0,0.0,1,0,0,1.0
crossover_11_05_02_fps30.mp4,177,0.1249614804983139,-0.06805430489071346,0.20464802762357204,0.07096731662750244,-0.031338900327682495,0.993498682975769,-0.07407453656196594,-0.013278573751449585,0.9852967858314514,0.02783602476119995,0.013208180665969849,-0.25557103753089905,0.9904800057411194,-0.07001322507858276,0.07392928004264832,-0.31305718421936035,0.9580501914024353,0.13779079914093018,0.2568724453449249,0.9846528172492981,-0.1288747489452362,0.25381913781166077,0.9811094403266907,0.2141125179056628,0.13073342471391045,-0.07949781199780903,0.0013136580838995493,0.0,0.0,0.0,0,0,0,1.0
crossover_11_05_02_fps30.mp4,178,0.12748360633850098,-0.06893941022581973,0.13665338260371507,0.07092571258544922,-0.03357693552970886,0.9932134747505188,-0.0740748941898346,-0.01642698049545288,0.986309826374054,0.028065145015716553,0.010408759117126465,-0.4881283938884735,0.990678608417511,-0.0696897804737091,0.05899268388748169,-0.40370631217956543,0.9618930816650391,0.1378856897354126,0.2544899582862854,0.9834973216056824,-0.12892118096351624,0.25124937295913696,0.9797912240028381,0.1592092607133102,0.07766432373105743,-0.06799464501985697,-0.0008851053351062732,0.0,0.0,0.0,0,0,0,1.0
crossover_11_05_02_fps30.mp4,179,0.12931084632873535,-0.07203035485946524,0.08361918897163578,0.07030925154685974,-0.035436809062957764,0.9932458996772766,-0.07494381070137024,-0.020292341709136963,0.9870919585227966,0.02880999445915222,0.008487343788146973,-0.5795848369598389,0.9910396337509155,-0.06853905320167542,0.0444796085357666,-0.5315095782279968,0.964232325553894,0.1368928849697113,0.2528660297393799,0.9834105372428894,-0.12965694069862366,0.24935704469680786,0.9801554679870605,0.1257520187169038,0.03929498624457781,-0.053034193632079285,-0.0030909446336455093,0.0,0.0,0.0,0,0,1,1.0
crossover_11_05_02_fps30.mp4,180,0.13034090399742126,-0.0725041533930827,0.0827130627341387,0.07019570469856262,-0.036395132541656494,0.9931377172470093,-0.07538026571273804,-0.02248045802116394,0.9876736402511597,0.029299050569534302,0.00741913914680481,-0.5880722403526306,0.9912099242210388,-0.06808581948280334,0.03938838839530945,-0.5303090810775757,0.9660860896110535,0.13642588257789612,0.25201281905174255,0.9834072589874268,-0.1298348605632782,0.24739393591880798,0.9801378846168518,0.12662174878838733,0.043549386690381005,-0.0009061262374970847,-0.0004737985336174533,0.0,0.0,0.0,0,0,1,1.0
crossover_11_05_02_fps30.mp4,181,0.12933582067489624,-0.07106122697814038,0.05070712915280973,0.07057759165763855,-0.0355096161365509,0.9937361478805542,-0.07485046982765198,-0.022248148918151855,0.9883492588996887,0.030459672212600708,0.008305132389068604,-0.6971308588981628,0.991994321346283,-0.06975656747817993,0.027107298374176025,-0.7665150761604309,0.9674721956253052,0.136592298746109,0.2529523968696594,0.9847407937049866,-0.1296701431274414,0.24831914901733398,0.981526792049408,0.11002009953662525,0.02363586573813161,-0.03200593358132897,0.0014429264149423138,0.0,0.0,0.0,0,0,1,1.0
crossover_11_05_02_fps30.mp4,182,0.1246533989906311,-0.07203927535121724,0.035388011031034505,0.0701550543308258,-0.03150045871734619,0.9942617416381836,-0.07523307204246521,-0.021921902894973755,0.9887155890464783,0.030822306871414185,0.012254387140274048,-0.7347770929336548,0.9926702380180359,-0.07309481501579285,0.022066980600357056,-0.8180405497550964,0.966166615486145,0.13596877455711365,0.25703540444374084,0.9860411882400513,-0.13031136989593506,0.2523513734340668,0.9830032587051392,0.1054308761780074,0.013362784729184521,-0.015319118121775221,-0.0009780483730768563,0.0,0.0,0.0,0,0,1,1.0
crossover_11_05_02_fps30.mp4,183,0.1217924952507019,-0.07285284127219249,0.03024871509249616,0.07009750604629517,-0.029696643352508545,0.9946872591972351,-0.0755225121974945,-0.024488478899002075,0.9890058040618896,0.03142130374908447,0.013989299535751343,-0.7783272862434387,0.9931899309158325,-0.07345187664031982,0.012052983045578003,-0.8815075755119324,0.9650120735168457,0.13560587167739868,0.25884416699409485,0.9872211217880249,-0.13075098395347595,0.25420239567756653,0.9844200611114502,0.10553419310425041,0.018205590023273394,-0.005139295938538346,-0.0008135659209752566,0.0,0.0,0.0,0,0,1,1.0
crossover_11_05_02_fps30.mp4,184,0.12035448849201202,-0.07311597395751435,0.03686653462851919,0.0700487494468689,-0.02873682975769043,0.994856595993042,-0.07482248544692993,-0.02519667148590088,0.9869383573532104,0.03231930732727051,0.014950692653656006,-0.691713809967041,0.9932735562324524,-0.07368963956832886,0.01680833101272583,-0.7285664677619934,0.9505242109298706,0.13546860218048096,0.25986963510513306,0.9881863594055176,-0.13093215227127075,0.2552715539932251,0.9855368733406067,0.10768891618485571,0.02006640537130796,0.0066178195360230285,-0.0002631326853218541,0.0,0.0,0.0,0,0,1,1.0
crossover_11_05_02_fps30.mp4,185,0.1200578361749649,-0.07316953075134147,0.03702264966034308,0.07001450657844543,-0.028667330741882324,0.995141327381134,-0.07441076636314392,-0.025649845600128174,0.9860957264900208,0.03287509083747864,0.015074610710144043,-0.7135198712348938,0.993585467338562,-0.07387468218803406,0.017714619636535645,-0.7737091183662415,0.9414762258529663,0.13539305329322815,0.2600545287132263,0.9890964031219482,-0.1310850977897644,0.25566691160202026,0.9865951538085938,0.10829209657992363,0.019320902203285407,0.00015611503182388908,-5.3556793827125304e-05,0.0,0.0,0.0,0,0,1,1.0
crossover_11_05_02_fps30.mp4,186,0.1183556467294693,-0.07368569869106101,0.059232199918933026,0.07033935189247131,-0.028399556875228882,0.9936949610710144,-0.07406556606292725,-0.017656177282333374,0.9811631441116333,0.03421244025230408,0.015347868204116821,-0.669629693031311,0.9913857579231262,-0.07284963130950928,0.03179648518562317,-0.574924111366272,0.9193275570869446,0.13571932911872864,0.2603391110897064,0.9887628555297852,-0.13074448704719543,0.25594279170036316,0.9859156012535095,0.1164810841188291,0.027448450804991715,0.02220955025858995,-0.0005161679397195362,0.0,0.0,0.0,0,0,1,1.0
crossover_11_05_02_fps30.mp4,187,0.1221897304058075,-0.07442544648202798,0.10413271319575423,0.07019975781440735,-0.032502323389053345,0.992755651473999,-0.07398340106010437,-0.020241647958755493,0.980159342288971,0.03591492772102356,0.01161143183708191,-0.4796508252620697,0.9905346035957336,-0.07065632939338684,0.05008319020271301,-0.354129433631897,0.9164859652519226,0.13579979538917542,0.25613531470298767,0.9881746768951416,-0.13063183426856995,0.2519073784351349,0.9856871366500854,0.1439971724844625,0.05418078238086986,0.04490051327682121,-0.0007397477909669714,0.0,0.0,0.0,0,0,1,1.0
crossover_11_05_02_fps30.mp4,188,0.12715858221054077,-0.07344578312615219,0.16979396125165425,0.07124254107475281,-0.0373879075050354,0.9923409819602966,-0.07283288240432739,-0.020648986101150513,0.9819530844688416,0.03741595149040222,0.0069017112255096436,-0.5220820903778076,0.9906864762306213,-0.06919410824775696,0.06119754910469055,-0.4242236912250519,0.9245863556861877,0.1371729075908661,0.25108447670936584,0.9881179928779602,-0.12919026613235474,0.24707874655723572,0.9852895140647888,0.19703859855564174,0.10867960926717017,0.06566124805590001,0.0009796633558757928,0.0,0.0,0.0,1,0,0,1.0
crossover_11_05_02_fps30.mp4,189,0.1272745281457901,-0.07251337029166138,0.26461413400929146,0.0712556540966034,-0.03720676898956299,0.992618978023529,-0.07306817173957825,-0.018617689609527588,0.9837049841880798,0.037487179040908813,0.007137775421142578,-0.3465869128704071,0.9910606741905212,-0.0690629780292511,0.07563608884811401,-0.4282466471195221,0.9320439100265503,0.1373366415500641,0.2511659264564514,0.988982617855072,-0.1292279064655304,0.24744510650634766,0.9865502715110779,0.27998963567475177,0.1890095414514953,0.09482017275763721,0.0009324128344908034,0.0,0.0,0.0,1,0,0,1.0
crossover_11_05_02_fps30.mp4,190,0.12750017642974854,-0.07237380056057946,0.2647869204602591,0.07132136821746826,-0.03707733750343323,0.9928524494171143,-0.07313638925552368,-0.01788988709449768,0.9852856397628784,0.037755727767944336,0.007299095392227173,-0.36152464151382446,0.9914060235023499,-0.0689646303653717,0.07792076468467712,-0.43416064977645874,0.9387600421905518,0.13738477230072021,0.25131264328956604,0.9897556900978088,-0.1293291449546814,0.24761131405830383,0.9876589775085449,0.2800508758567424,0.1868972514933378,0.00017278645096763245,0.00013956973108192328,0.0,0.0,0.0,1,0,0,1.0
crossover_11_05_02_fps30.mp4,191,0.12943457067012787,-0.07319765444529258,0.2843735620742891,0.07143989205360413,-0.037360310554504395,0.9929611086845398,-0.07372266054153442,-0.018285006284713745,0.9866696000099182,0.037961095571517944,0.00717654824256897,-0.4636492133140564,0.9914903044700623,-0.06910932064056396,0.0792292058467865,-0.4580565392971039,0.9446734189987183,0.1375158727169037,0.25111082196235657,0.9902197122573853,-0.12931609153747559,0.24734213948249817,0.9884495735168457,0.29865440258352566,0.2051850905043916,0.01958664161403001,-0.0008238538847131216,0.0,0.0,0.0,1,0,0,1.0
crossover_11_05_02_fps30.mp4,192,0.13316665589809418,-0.07263239652423537,0.2115817504685099,0.07218602299690247,-0.039886415004730225,0.9926276803016663,-0.0735887885093689,-0.02163192629814148,0.9878483414649963,0.03861251473426819,0.004332453012466431,-0.5265122652053833,0.99071204662323,-0.06985452771186829,0.07053062319755554,-0.45277875661849976,0.9498687982559204,0.1382521092891693,0.24855878949165344,0.9905906915664673,-0.12858858704566956,0.2444213330745697,0.9888473749160767,0.23521841249556957,0.14107847837124446,-0.07279181160577919,0.0005652579210572162,0.0,0.0,0.0,0,0,0,1.0
crossover_11_05_02_fps30.mp4,193,0.13784535229206085,-0.07559256957749189,0.14569914951557061,0.07167184352874756,-0.042353808879852295,0.9924626350402832,-0.0750851035118103,-0.02921360731124878,0.9889301061630249,0.03939086198806763,0.00033658742904663086,-0.5897566080093384,0.9911327362060547,-0.07281696796417236,0.05680370330810547,-0.46598371863365173,0.9547353386878967,0.137689471244812,0.24579906463623047,0.9905214905738831,-0.12916529178619385,0.24185031652450562,0.9883712530136108,0.1853414794128671,0.08893876725444418,-0.0658826009529393,-0.0029601730532565207,0.0,0.0,0.0,0,0,0,1.0
crossover_11_05_02_fps30.mp4,194,0.13928693532943726,-0.07694239313319579,0.09861558908369483,0.07175266742706299,-0.041386812925338745,0.992489755153656,-0.07651928067207336,-0.03549337387084961,0.9898912906646729,0.04219973087310791,-0.002461254596710205,-0.6064546704292297,0.9914841651916504,-0.07357904314994812,0.03470754623413086,-0.5336681008338928,0.9591055512428284,0.13752120733261108,0.2462640404701233,0.9905993342399597,-0.12939003109931946,0.24204248189926147,0.9884937405586243,0.1562413966947508,0.06399648477824009,-0.04708356043187578,-0.0013498235557038996,0.0,0.0,0.0,0,0,1,1.0
crossover_11_05_02_fps30.mp4,195,0.1400250941514969,-0.0770568987070504,0.09886620088321407,0.07194137573242188,-0.04088485240936279,0.9921238422393799,-0.0772266685962677,-0.03762051463127136,0.9907363653182983,0.04352515935897827,-0.0034918487071990967,-0.5984285473823547,0.9914718866348267,-0.07414081692695618,0.030478745698928833,-0.5334314107894897,0.9630200862884521,0.13740313053131104,0.24652066826820374,0.9907231330871582,-0.12954819202423096,0.24203196167945862,0.9885937571525574,0.15816827445285161,0.06844959868056802,0.0002506117995192403,-0.00011450557385461746,0.0,0.0,0.0,0,0,1,1.0
crossover_11_05_02_fps30.mp4,196,0.14060425758361816,-0.07853872048652777,0.05563977418876276,0.07301497459411621,-0.04056811332702637,0.9926722645759583,-0.07816427946090698,-0.04354792833328247,0.9915318489074707,0.04350787401199341,-0.006865352392196655,-0.6307678818702698,0.9921344518661499,-0.07559588551521301,0.004571706056594849,-0.6696509122848511,0.9665859341621399,0.1369728446006775,0.24666431546211243,0.9910823106765747,-0.12998509407043457,0.24225321412086487,0.9888530373573303,0.13712134070810503,0.051152789370865565,-0.043226426694451314,-0.0014818217794773658,0.0,0.0,0.0,0,0,1,1.0
crossover_11_05_02_fps30.mp4,197,0.14002098143100739,-0.07962921221377484,0.026261005750516597,0.07307019829750061,-0.039446741342544556,0.993291437625885,-0.078804612159729,-0.045248836278915405,0.9921406507492065,0.04365888237953186,-0.00898599624633789,-0.6725901365280151,0.9928090572357178,-0.07385414838790894,-0.0020276904106140137,-0.7432867288589478,0.9688401222229004,0.13632038235664368,0.2480565905570984,0.9918195009231567,-0.13087871670722961,0.24340683221817017,0.9897749423980713,0.12822755327235408,0.028872161205728792,-0.02937876843824616,-0.0010904917272470671,0.0,0.0,0.0,0,0,1,1.0
crossover_11_05_02_fps30.mp4,198,0.1386028677225113,-0.07986842424182566,0.008120848783632617,0.07331255078315735,-0.03785496950149536,0.9938780665397644,-0.0795266330242157,-0.04878288507461548,0.9926268458366394,0.04432669281959534,-0.009221434593200684,-0.7156662344932556,0.9934592843055725,-0.07534670829772949,-0.02403956651687622,-0.8077943325042725,0.9711231589317322,0.13576099276542664,0.24959343671798706,0.9924965500831604,-0.13191094994544983,0.24524825811386108,0.9905866384506226,0.1254000872991022,0.03247673363163692,-0.01814015696688398,-0.00023921202805082808,0.0,0.0,0.0,0,0,1,1.0
crossover_11_05_02_fps30.mp4,199,0.13676629960536957,-0.08029937572398427,0.0016364776506656575,0.07361814379692078,-0.03658440709114075,0.994413435459137,-0.07876443862915039,-0.05616515874862671,0.9931244254112244,0.04511573910713196,-0.008424967527389526,-0.7899402379989624,0.9940471053123474,-0.07545095682144165,-0.039934515953063965,-0.8920063376426697,0.9734342694282532,0.13542667031288147,0.25065842270851135,0.9930403828620911,-0.13251954317092896,0.24651548266410828,0.9912835955619812,0.12581805795343162,0.04185277380360663,-0.0064843711329669596,-0.00043095148215860357,0.0,0.0,0.0,0,0,1,1.0
crossover_11_05_02_fps30.mp4,200,0.13592097163200378,-0.08057615979243132,0.002025814027321049,0.0738564133644104,-0.036056846380233765,0.9948859810829163,-0.07831448316574097,-0.057970255613327026,0.9935545921325684,0.04511159658432007,-0.008069723844528198,-0.7853166460990906,0.9945666193962097,-0.07547521591186523,-0.040632277727127075,-0.8847767114639282,0.9754261374473572,0.13509595394134521,0.25098302960395813,0.993526816368103,-0.13281852006912231,0.24690833687782288,0.9918946623802185,0.12609255326125945,0.042961988089514666,0.00038933637665539145,-0.0002767840684470557,0.0,0.0,0.0,0,0,1,1.0
crossover_11_05_02_fps30.mp4,201,0.13545012474060059,-0.08084743497735364,0.005006820690341085,0.0734991729259491,-0.03536820411682129,0.995322048664093,-0.07875216007232666,-0.05449545383453369,0.9938769340515137,0.045172661542892456,-0.0074462890625,-0.7735351920127869,0.9950516223907471,-0.07567760348320007,-0.03351569175720215,-0.8669952750205994,0.9769402146339417,0.13469234108924866,0.25118958950042725,0.9940207004547119,-0.13317051529884338,0.24714446067810059,0.9924889206886292,0.12663390015903503,0.038867867486512116,0.002981006663020036,-0.00027127518492231495,0.0,0.0,0.0,0,0,1,1.0
crossover_11_05_02_fps30.mp4,202,0.13456282019615173,-0.08149074346332225,0.01782435643963698,0.07314065098762512,-0.034954607486724854,0.9955834150314331,-0.07898396253585815,-0.05128312110900879,0.9933932423591614,0.04551765322685242,-0.007029056549072266,-0.7189770340919495,0.9952694177627563,-0.07834920287132263,-0.02539205551147461,-0.7929627299308777,0.9702923893928528,0.1347161829471588,0.25129759311676025,0.9944843649864197,-0.13312962651252747,0.24722832441329956,0.9930306077003479,0.12941725142729663,0.04333044586915027,0.012817535749295894,-0.0006433084859686078,0.0,0.0,0.0,0,0,1,1.0
crossover_11_05_02_fps30.mp4,203,0.13463403284549713,-0.080718131994797,0.04567377567291264,0.07262003421783447,-0.03503519296646118,0.9958558082580566,-0.07836806774139404,-0.04070812463760376,0.9935307502746582,0.046128928661346436,-0.007142126560211182,-0.6740984320640564,0.9955949187278748,-0.07893812656402588,0.006301283836364746,-0.7011945247650146,0.9707968235015869,0.13501876592636108,0.2508113384246826,0.9948806166648865,-0.13275280594825745,0.24701917171478271,0.9935174584388733,0.13740340725688802,0.03941270775717656,0.027849419233275663,0.0007726114685252528,0.0,0.0,0.0,0,0,1,1.0
crossover_11_05_02_fps30.mp4,204,0.13549724221229553,-0.0796494516275697,0.09092626920560509,0.07164835929870605,-0.0372348427772522,0.994211733341217,-0.07756489515304565,-0.033910512924194336,0.9838393926620483,0.047096431255340576,-0.007984697818756104,-0.5630620121955872,0.9930921792984009,-0.07814797759056091,0.0469089150428772,-0.3493484854698181,0.9309948682785034,0.13575875759124756,0.24830740690231323,0.9942003488540649,-0.13185960054397583,0.2444852590560913,0.992491602897644,0.16077281556737966,0.044042955075367395,0.04525249353269245,0.0010686803672272926,0.0,0.0,0.0,0,0,1,1.0
crossover_11_05_02_fps30.mp4,205,0.13602039217948914,-0.07904106388657778,0.08952054003389875,0.07143339514732361,-0.03868505358695984,0.9930548071861267,-0.07683882117271423,-0.032551974058151245,0.9755311608314514,0.04791870713233948,-0.00913211703300476,-0.565224289894104,0.9915057420730591,-0.07747235894203186,0.05070433020591736,-0.34567728638648987,0.8973604440689087,0.13635453581809998,0.24688443541526794,0.9938157200813293,-0.13116896152496338,0.24289503693580627,0.9917263984680176,0.16078286663552174,0.03884789544638065,-0.001405729171706338,0.0006083877409919225,0.0,0.0,0.0,0,0,0,1.0
crossover_11_05_02_fps30.mp4,206,0.13752169907093048,-0.07704703666396062,0.15099620353884813,0.0717087984085083,-0.04004073143005371,0.9929148554801941,-0.07550445199012756,-0.03226596117019653,0.9777551889419556,0.048693954944610596,-0.00971299409866333,-0.5936276316642761,0.9919442534446716,-0.07749679684638977,0.05441099405288696,-0.4524579644203186,0.9073835015296936,0.13696694374084473,0.24555045366287231,0.9940230250358582,-0.13069859147071838,0.24245357513427734,0.9917080998420715,0.20405451030545613,0.0965862566604002,0.061475663504949374,0.0019940272226171563,0.0,0.0,0.0,1,0,0,1.0
crossover_11_05_02_fps30.mp4,207,0.13737116754055023,-0.07564052393880943,0.23564513209389482,0.07135269045829773,-0.04007872939109802,0.9931167364120483,-0.07522997260093689,-0.029582470655441284,0.9798811674118042,0.04868462681770325,-0.007574290037155151,-0.5762454867362976,0.9923452138900757,-0.07719364762306213,0.06717750430107117,-0.46058106422424316,0.916473388671875,0.1370154321193695,0.24601396918296814,0.9944624900817871,-0.13055893778800964,0.24324533343315125,0.9923254251480103,0.273152760213752,0.1684747868593991,0.08464892855504669,0.0014065127251511877,0.0,0.0,0.0,1,1,0,1.0
crossover_11_05_02_fps30.mp4,208,0.13710486888885498,-0.0753229363489959,0.29149479938716427,0.07143163681030273,-0.03971704840660095,0.9934634566307068,-0.07523247599601746,-0.027104049921035767,0.9818542003631592,0.04866701364517212,-0.005207449197769165,-0.5894718766212463,0.9929073452949524,-0.07701340317726135,0.0741068422794342,-0.47461625933647156,0.9247519373893738,0.13704967498779297,0.24686112999916077,0.9946603178977966,-0.13047605752944946,0.24462440609931946,0.9927560687065125,0.32156761655196553,0.2173945297691958,0.055849667293269456,0.0003175875898135394,0.0,0.0,0.0,1,1,0,1.0
crossover_11_05_02_fps30.mp4,209,0.13738738000392914,-0.07460153729228652,0.2305630711520591,0.07180511951446533,-0.040334105491638184,0.9937700629234314,-0.07513740658760071,-0.027106016874313354,0.9835925102233887,0.04877716302871704,-0.004948407411575317,-0.5589949488639832,0.9933068156242371,-0.07683908939361572,0.06798502802848816,-0.44741201400756836,0.9321450591087341,0.13721603155136108,0.247013658285141,0.99506014585495,-0.13022258877754211,0.24436894059181213,0.9932892322540283,0.2658720749310262,0.16259344004385864,-0.060931728235105176,0.0007213990567093709,0.0,0.0,0.0,1,1,0,1.0
crossover_11_05_02_fps30.mp4,210,0.13762176036834717,-0.07452473741466714,0.23063271772570726,0.072154700756073,-0.04082617163658142,0.9940017461776733,-0.07508710026741028,-0.02697157859802246,0.9851564764976501,0.048810720443725586,-0.004824042320251465,-0.5520817041397095,0.993636965751648,-0.07668104767799377,0.06731730699539185,-0.4460532069206238,0.9388079643249512,0.13730478286743164,0.2471216917037964,0.9953958988189697,-0.1301451027393341,0.24401140213012695,0.9937238097190857,0.2658035383821659,0.16332964536777564,6.964657364816329e-05,7.679987761938234e-05,0.0,0.0,0.0,0,0,0,1.0
crossover_11_05_02_fps30.mp4,211,0.13820742070674896,-0.07599696284633572,0.16775002784845305,0.07318586111068726,-0.04117265343666077,0.994163990020752,-0.07524394989013672,-0.02775058150291443,0.9865352511405945,0.04939359426498413,-0.005177348852157593,-0.5746179819107056,0.9941176772117615,-0.0762866735458374,0.06038370728492737,-0.4471217691898346,0.9447874426841736,0.13733214139938354,0.24676063656806946,0.9953509569168091,-0.13017863035202026,0.24365684390068054,0.9932544231414795,0.21360400142610173,0.10736671143161255,-0.0628826898772542,-0.0014722254316685834,0.0,0.0,0.0,0,0,0,1.0
crossover_11_05_02_fps30.mp4,212,0.13862043619155884,-0.07593980360839325,0.12168430002724251,0.07440042495727539,-0.04124435782432556,0.9944778680801392,-0.07588642835617065,-0.031016886234283447,0.9878241419792175,0.05055677890777588,-0.005603134632110596,-0.5813729166984558,0.9946298599243164,-0.07628801465034485,0.041691720485687256,-0.4751512408256531,0.9502751231193542,0.1372501254081726,0.2466760277748108,0.995290219783783,-0.13025245070457458,0.24275606870651245,0.9929209351539612,0.1794532708267784,0.07999333742657436,-0.046065727821210545,5.715923794247235e-05,0.0,0.0,0.0,0,0,1,1.0
crossover_11_05_02_fps30.mp4,213,0.13889582455158234,-0.07484305733341284,0.08274132478527907,0.0752720832824707,-0.04153481125831604,0.9948130249977112,-0.07670339941978455,-0.038522303104400635,0.9889876246452332,0.05234861373901367,-0.005170047283172607,-0.5921686291694641,0.9950650334358215,-0.07615935802459717,0.018212080001831055,-0.5899087190628052,0.9552184343338013,0.13725495338439941,0.24707168340682983,0.9952147603034973,-0.13025417923927307,0.24289721250534058,0.992719292640686,0.15461607461436241,0.06454266867609183,-0.03894297524196344,0.001096746274980409,0.0,0.0,0.0,0,0,1,1.0
crossover_11_05_02_fps30.mp4,214,0.13946469128131866,-0.07470809706186843,0.05473431159810327,0.07558858394622803,-0.042423635721206665,0.99510657787323,-0.07683733105659485,-0.042017608880996704,0.9900085926055908,0.053497254848480225,-0.005112379789352417,-0.6272083520889282,0.9953874945640564,-0.07589858770370483,0.0013092458248138428,-0.6910679936408997,0.9596260786056519,0.1372188925743103,0.24695947766304016,0.9952559471130371,-0.13028854131698608,0.2429099977016449,0.992820143699646,0.14148582518571146,0.05343832820035262,-0.0280070131871758,0.00013496027154441537,0.0,0.0,0.0,0,0,1,1.0
crossover_11_05_02_fps30.mp4,215,0.13962425291538239,-0.0748274555650808,0.054801551307119944,0.07548239827156067,-0.04272744059562683,0.9953956604003906,-0.07697588205337524,-0.044238269329071045,0.9909634590148926,0.05390360951423645,-0.004925668239593506,-0.6362443566322327,0.9957013726234436,-0.07588911056518555,-0.003185868263244629,-0.7046906352043152,0.963630735874176,0.13709577918052673,0.24704062938690186,0.9952836632728577,-0.130552738904953,0.24333924055099487,0.9929749965667725,0.14191204272801067,0.05799713734115459,6.723970901667542e-05,-0.00011935850321237451,0.0,0.0,0.0,0,0,1,1.0
crossover_11_05_02_fps30.mp4,216,0.13973182439804077,-0.07501399769621381,0.03678200259441278,0.07490512728691101,-0.042812228202819824,0.9957654476165771,-0.07753956317901611,-0.04671397805213928,0.9918144345283508,0.05505487322807312,-0.00507625937461853,-0.6666485667228699,0.9960843920707703,-0.07569822669029236,-0.015402406454086304,-0.721969723701477,0.9672174453735352,0.13652798533439636,0.2469337284564972,0.9954276084899902,-0.1312466561794281,0.24390777945518494,0.9933222532272339,0.13663830092103335,0.0521888945759288,-0.018019548712707167,-0.0001865421311330051,0.0,0.0,0.0,0,0,1,1.0
crossover_11_05_02_fps30.mp4,217,0.13951221108436584,-0.07510802664999233,0.028567349038473022,0.07463705539703369,-0.04298818111419678,0.9961049556732178,-0.07747501134872437,-0.0536254346370697,0.9925910830497742,0.05572432279586792,-0.005165278911590576,-0.6777331829071045,0.9964296221733093,-0.0759301483631134,-0.026509106159210205,-0.7538110017776489,0.970461905002594,0.13625091314315796,0.24650901556015015,0.9955844879150391,-0.13160359859466553,0.24389344453811646,0.9937155842781067,0.13511104266469526,0.05508259072750294,-0.008214653555939755,-9.402895377852438e-05,0.0,0.0,0.0,0,0,1,1.0
crossover_11_05_02_fps30.mp4,218,0.139372780919075,-0.07496544930894494,0.031082194898186644,0.07418763637542725,-0.0430927574634552,0.9963991045951843,-0.07698291540145874,-0.052808791399002075,0.9932765364646912,0.05608952045440674,-0.0051724910736083984,-0.7223880887031555,0.9967221021652222,-0.07548278570175171,-0.02333170175552368,-0.8036611080169678,0.9733413457870483,0.13590067625045776,0.24599552154541016,0.9957597255706787,-0.1320781111717224,0.243938148021698,0.994063138961792,0.1359772310152935,0.05441635586828642,0.0025148458597136214,0.00014257734104738962,0.0,0.0,0.0,0,0,1,1.0
crossover_11_05_02_fps30.mp4,219,0.1389891803264618,-0.0746431635598005,0.04685771654291848,0.07370907068252563,-0.04309654235839844,0.9966089129447937,-0.07689809799194336,-0.049697816371917725,0.9938949346542358,0.05632597208023071,-0.005046635866165161,-0.705027163028717,0.9969468116760254,-0.07474413514137268,-0.012957841157913208,-0.7835264801979065,0.9759405851364136,0.13587331771850586,0.24573597311973572,0.995969295501709,-0.1321197748184204,0.2440391480922699,0.9943817853927612,0.14087929687964532,0.05981564292325053,0.015775521644731838,0.0003222857491444464,0.0,0.0,0.0,0,0,1,1.0
crossover_11_05_02_fps30.mp4,220,0.13880717754364014,-0.07468757013143118,0.046775667841841506,0.07325145602226257,-0.04316955804824829,0.9968231916427612,-0.0767136812210083,-0.048696279525756836,0.9944570064544678,0.0562918484210968,-0.0049751996994018555,-0.7100544571876526,0.9971724152565002,-0.07434287667274475,-0.009372532367706299,-0.7810681462287903,0.9782862067222595,0.13582345843315125,0.24558353424072266,0.9961960911750793,-0.13221144676208496,0.24422895908355713,0.9947015643119812,0.1408323839733945,0.05614925823509982,-8.204870107697548e-05,-4.4406571630684066e-05,0.0,0.0,0.0,0,0,1,1.0
crossover_11_05_02_fps30.mp4,221,0.1382686346769333,-0.074527423058526,0.07585990894131545,0.07290196418762207,-0.04314953088760376,0.9968166947364807,-0.07651892304420471,-0.04345616698265076,0.9949290156364441,0.056226372718811035,-0.004682064056396484,-0.6429775357246399,0.997215747833252,-0.07410091161727905,0.010424554347991943,-0.6909045577049255,0.9803498387336731,0.13590574264526367,0.24557805061340332,0.996320366859436,-0.13212424516677856,0.24430084228515625,0.99491286277771,0.15356941272449315,0.06543674459173147,0.02908424109947394,0.00016014707290518126,0.0,0.0,0.0,0,0,1,1.0
crossover_11_05_02_fps30.mp4,222,0.1377357840538025,-0.07365706815557965,0.11623333619862064,0.07333290576934814,-0.0440807044506073,0.9950107336044312,-0.07511401176452637,-0.032019227743148804,0.9948541522026062,0.0578119158744812,-0.005179554224014282,-0.5571145415306091,0.995597779750824,-0.07552129030227661,0.047551244497299194,-0.4144039750099182,0.9812917709350586,0.1372501254081726,0.24494603276252747,0.995887279510498,-0.1308155059814453,0.24367615580558777,0.9940537810325623,0.17895581500100843,0.06870738711871499,0.040373427257305194,0.0008703549029463464,0.0,0.0,0.0,0,0,0,1.0
crossover_11_05_02_fps30.mp4,223,0.13773901760578156,-0.07449206699759275,0.17762441053623101,0.07348483800888062,-0.04408189654350281,0.9944498538970947,-0.07446259260177612,-0.026385843753814697,0.9952749609947205,0.058073341846466064,-0.005173802375793457,-0.5609540343284607,0.9954096674919128,-0.07876825332641602,0.06758689880371094,-0.4329371452331543,0.9829971194267273,0.13751256465911865,0.244911789894104,0.9958742260932922,-0.1307905614376068,0.24387240409851074,0.9940304756164551,0.22580694025167228,0.1101205691857943,0.061391074337610374,-0.0008349988420131016,0.0,0.0,0.0,1,0,0,1.0
crossover_11_05_02_fps30.mp4,224,0.1364566534757614,-0.07627215102567508,0.2524919159528686,0.07335638999938965,-0.04317927360534668,0.9898226857185364,-0.07446002960205078,-0.02104458212852478,0.9955857992172241,0.05797469615936279,-0.004009753465652466,-0.46030744910240173,0.983623206615448,-0.08176985383033752,0.08269134163856506,-0.4357061982154846,0.9842997789382935,0.13749700784683228,0.24580571055412292,0.9960538744926453,-0.1308305561542511,0.24574485421180725,0.994398832321167,0.2895087604781782,0.16988955169049008,0.07486750541663756,-0.0017800840280823294,0.0,0.0,0.0,1,0,0,1.0
crossover_11_05_02_fps30.mp4,225,0.13652458786964417,-0.07629334451788561,0.25273386254543206,0.07327786087989807,-0.04297143220901489,0.9824307560920715,-0.07446399331092834,-0.019617706537246704,0.995841383934021,0.05803832411766052,-0.0018312036991119385,-0.32326540350914,0.9552773833274841,-0.0828971266746521,0.08522889018058777,-0.43747228384017944,0.9853771924972534,0.1374703347682953,0.24603691697120667,0.9962005615234375,-0.1308543086051941,0.2462938129901886,0.994743287563324,0.2878339280739837,0.16763509687926714,0.00024194659256349116,-2.1193492210525022e-05,0.0,0.0,0.0,1,1,0,1.0
crossover_11_05_02_fps30.mp4,226,0.13686005771160126,-0.07926701428526539,0.27460327686333075,0.07332468032836914,-0.042885035276412964,0.9718223810195923,-0.07447394728660583,-0.019271761178970337,0.9960804581642151,0.05795431137084961,-0.0003726780414581299,-0.286420077085495,0.9157810807228088,-0.08532106876373291,0.08537790179252625,-0.4512549340724945,0.9863813519477844,0.137462317943573,0.24621209502220154,0.9961811900138855,-0.13082292675971985,0.2464899718761444,0.9948940873146057,0.30731330591209693,0.1893221966551067,0.021869414317898683,-0.002973669767379783,0.0,0.0,0.0,1,0,0,1.0
crossover_11_05_02_fps30.mp4,227,0.13677768409252167,-0.08132895999035594,0.2155360724867844,0.07353800535202026,-0.04248619079589844,0.9631224870681763,-0.07457157969474792,-0.019000887870788574,0.9961045384407043,0.057774901390075684,-0.000741422176361084,-0.4011133909225464,0.8924611210823059,-0.08772191405296326,0.08906656503677368,-0.43823957443237305,0.9869163632392883,0.13725543022155762,0.24681061506271362,0.9961138367652893,-0.13082033395767212,0.24593663215637207,0.9947047829627991,0.2571494486649996,0.12663098426646982,-0.059067204376546334,-0.002061945705090551,0.0,0.0,0.0,0,0,0,1.0
crossover_11_05_02_fps30.mp4,228,0.13710995018482208,-0.0844561341455427,0.16342863847569722,0.07438108325004578,-0.04245433211326599,0.9511986970901489,-0.0743781328201294,-0.019705384969711304,0.9956490993499756,0.05765381455421448,-0.00449022650718689,-0.45166999101638794,0.8701716661453247,-0.09002295136451721,0.0805877149105072,-0.44235554337501526,0.9865342974662781,0.13714942336082458,0.24739405512809753,0.9959192872047424,-0.13087648153305054,0.24618402123451233,0.993871808052063,0.21998177819216683,0.08302775482381254,-0.052107434011087195,-0.0031271741551867627,0.0,0.0,0.0,0,0,0,1.0
crossover_11_05_02_fps30.mp4,229,0.1391550898551941,-0.0885328192832106,0.12366238541719388,0.0749216377735138,-0.043124884366989136,0.9322794675827026,-0.07531049847602844,-0.020727157592773438,0.9922190308570862,0.05793854594230652,-0.0077269673347473145,-0.5276260375976562,0.8319326639175415,-0.0930560827255249,0.07456189393997192,-0.44174614548683167,0.9740414023399353,0.1359943449497223,0.2472795844078064,0.9953164458274841,-0.13217535614967346,0.24601596593856812,0.9924548864364624,0.1967664169709884,0.04930839863018594,-0.03976625305850334,-0.004076685137667901,0.0,0.0,0.0,0,0,1,1.0
crossover_11_05_02_fps30.mp4,230,0.14029154181480408,-0.08927552396968258,0.1236180870998197,0.07504892349243164,-0.04346349835395813,0.906396746635437,-0.0759289562702179,-0.02130386233329773,0.9889079332351685,0.05787026882171631,-0.008451133966445923,-0.5144839286804199,0.7763386368751526,-0.09415599703788757,0.07204702496528625,-0.4524039030075073,0.9608026742935181,0.1352616548538208,0.24719586968421936,0.9951298236846924,-0.13299044966697693,0.2459309995174408,0.991784930229187,0.19772244053030358,0.0518014813210335,-4.429831737418066e-05,-0.0007427046864719733,0.0,0.0,0.0,0,0,1,1.0
crossover_11_05_02_fps30.mp4,231,0.14021484553813934,-0.0927116371817508,0.09148468782262109,0.07633751630783081,-0.04199513792991638,0.9110918641090393,-0.07613566517829895,-0.025449305772781372,0.983696699142456,0.05957973003387451,-0.014066547155380249,-0.585087239742279,0.7925847172737122,-0.09419825673103333,0.06587520241737366,-0.4271368682384491,0.9372370839118958,0.13477176427841187,0.24908462166786194,0.9949199557304382,-0.1332661509513855,0.24635395407676697,0.9910678267478943,0.1852936149298882,0.025652597927030518,-0.032133399277198604,-0.0034361132120682147,0.0,0.0,0.0,0,0,1,1.0
crossover_11_05_02_fps30.mp4,232,0.14075614511966705,-0.09533034148862807,0.06700921872767007,0.07802876830101013,-0.04049980640411377,0.9196875691413879,-0.07633909583091736,-0.030392944812774658,0.9791050553321838,0.06095406413078308,-0.021858930587768555,-0.6367585062980652,0.8131166696548462,-0.09410136938095093,0.059539079666137695,-0.4033679962158203,0.9021965265274048,0.13404706120491028,0.25116145610809326,0.9952220320701599,-0.13385304808616638,0.24810576438903809,0.9915550947189331,0.17978421344090176,0.007570558106248192,-0.02447546909495102,-0.002618704306877273,0.0,0.0,0.0,0,0,1,1.0
crossover_11_05_02_fps30.mp4,233,0.14223282039165497,-0.0977685431302604,0.04756083735605565,0.0786900520324707,-0.04225027561187744,0.9273307919502258,-0.07622319459915161,-0.03549787402153015,0.9756321310997009,0.06443607807159424,-0.028724342584609985,-0.6652389168739319,0.8315728306770325,-0.09440669417381287,0.03848990797996521,-0.48036104440689087,0.8700810670852661,0.13332056999206543,0.252484530210495,0.9953147768974304,-0.13454362750053406,0.24936482310295105,0.9917765259742737,0.17924778329959032,0.009673871414898377,-0.01944838137161442,-0.0024382016416323316,0.0,0.0,0.0,0,0,1,1.0
crossover_11_05_02_fps30.mp4,234,0.14357656240463257,-0.0991065834538411,0.03411027163994018,0.07517746090888977,-0.04058730602264404,0.9342994689941406,-0.07703602313995361,-0.039656609296798706,0.9740699529647827,0.06574127078056335,-0.03217113018035889,-0.6948557496070862,0.848267138004303,-0.0952349305152893,0.024091601371765137,-0.49897512793540955,0.8495439291000366,0.13261690735816956,0.25380921363830566,0.9954428672790527,-0.13536813855171204,0.2509225010871887,0.992110550403595,0.1776739690358478,0.010740737889875694,-0.01345056571611547,-0.0013380403235807026,0.0,0.0,0.0,0,0,1,1.0
crossover_11_05_02_fps30.mp4,235,0.1438799947500229,-0.09965227933253273,0.03508377380487393,0.07293727993965149,-0.04905390739440918,0.9404211044311523,-0.07757142186164856,-0.04091653227806091,0.9721059799194336,0.06534138321876526,-0.03395342826843262,-0.6931400299072266,0.8632063865661621,-0.09592261910438538,0.02169981598854065,-0.5113632082939148,0.8293141722679138,0.13207414746284485,0.25494036078453064,0.9954763650894165,-0.13592121005058289,0.252151221036911,0.9923167824745178,0.1788548124938274,0.013893908458270945,0.0009735021649337483,-0.0005456958786916322,0.0,0.0,0.0,0,0,1,1.0
crossover_11_05_02_fps30.mp4,236,0.14437279105186462,-0.10123720290297167,0.027222379824010323,0.06998264789581299,-0.042660534381866455,0.9459296464920044,-0.07786455750465393,-0.044187724590301514,0.9727216958999634,0.06599682569503784,-0.035420387983322144,-0.6793586611747742,0.876669704914093,-0.09607824683189392,0.0168725848197937,-0.5468470454216003,0.8313289284706116,0.13181281089782715,0.2564318776130676,0.9955874681472778,-0.13599219918251038,0.2533911466598511,0.9926422834396362,0.1785814567072495,0.011564302156750198,-0.007861393980863607,-0.0015849235704389342,0.0,0.0,0.0,0,0,1,1.0
crossover_11_05_02_fps30.mp4,237,0.1458594650030136,-0.1027506625248214,0.02028229076687882,0.06288298964500427,-0.061031460762023926,0.9487112760543823,-0.07786798477172852,-0.04910805821418762,0.9698019623756409,0.06629255414009094,-0.04259762167930603,-0.6422485113143921,0.8873584270477295,-0.09638810157775879,-0.00023540854454040527,-0.5180556178092957,0.8156375288963318,0.1318514049053192,0.2566284239292145,0.9954134225845337,-0.13589125871658325,0.25384852290153503,0.9927347302436829,0.18035934267362022,0.021481577382466567,-0.006940089057131504,-0.0015134596218497331,0.0,0.0,0.0,0,0,1,1.0
crossover_11_05_02_fps30.mp4,238,0.1477501541376114,-0.10382585151720858,0.015544577051953556,0.06042864918708801,-0.06417912244796753,0.9535194635391235,-0.07783931493759155,-0.0538804829120636,0.962155282497406,0.06597265601158142,-0.04796183109283447,-0.6768339276313782,0.8985050916671753,-0.09611213207244873,-0.01303035020828247,-0.23336145281791687,0.7996184825897217,0.1318969428539276,0.2564961910247803,0.9957459568977356,-0.13576680421829224,0.2538112998008728,0.9932815432548523,0.18128595377043683,0.02959776909836696,-0.004737713714925262,-0.0010751889923871771,0.0,0.0,0.0,0,0,1,1.0
crossover_11_05_02_fps30.mp4,239,0.14894415438175201,-0.10364096972901943,0.012683010973581488,0.061093926429748535,-0.06255027651786804,0.9579826593399048,-0.07773169875144958,-0.05491715669631958,0.9593441486358643,0.06584733724594116,-0.046047985553741455,-0.7470561861991882,0.9085766673088074,-0.09581708908081055,-0.008694946765899658,-0.280803918838501,0.7804794311523438,0.132038414478302,0.2565666437149048,0.9960408806800842,-0.13558152318000793,0.25395578145980835,0.9937095642089844,0.17937562865208553,0.02276466967712159,-0.0028615660783720687,0.0001848817881891507,0.0,0.0,0.0,0,0,1,1.0
crossover_11_05_02_fps30.mp4,240,0.14936861395835876,-0.1035755824234526,0.012761213866675725,0.061472177505493164,-0.061975300312042236,0.9620057344436646,-0.07779288291931152,-0.05453842878341675,0.9575490355491638,0.06580781936645508,-0.04568159580230713,-0.74549800157547,0.9176415801048279,-0.09574699401855469,-0.006849616765975952,-0.38703763484954834,0.7661307454109192,0.13212502002716064,0.2565988600254059,0.9963011145591736,-0.13549047708511353,0.25403323769569397,0.9941017031669617,0.17918230605706095,0.021115668933658044,7.820289309423689e-05,6.538730556682193e-05,0.0,0.0,0.0,0,0,1,1.0
crossover_11_05_02_fps30.mp4,241,0.14993034303188324,-0.10331863882177966,0.011351955227735577,0.06217500567436218,-0.05879706144332886,0.9651928544044495,-0.07762885093688965,-0.059715062379837036,0.9550292491912842,0.06664195656776428,-0.04563409090042114,-0.6971584558486938,0.9255725741386414,-0.09594553709030151,-0.023114562034606934,-0.5046603679656982,0.76700359582901,0.1323019564151764,0.2569512724876404,0.9962831139564514,-0.13530978560447693,0.25442272424697876,0.9942262768745422,0.17925962579032867,0.035246325217504315,-0.0014092586389401474,0.00025694360167294317,0.0,0.0,0.0,0,0,1,1.0
crossover_11_05_02_fps30.mp4,242,0.1505415141582489,-0.10209791205697138,0.010828899464956132,0.06255999207496643,-0.056192100048065186,0.9676531553268433,-0.07775279879570007,-0.06066429615020752,0.9516798853874207,0.06663492321968079,-0.046734780073165894,-0.6860989928245544,0.9323326945304871,-0.09663602709770203,-0.023308992385864258,-0.583774745464325,0.7584261298179626,0.132450670003891,0.25699955224990845,0.9961827993392944,-0.13520142436027527,0.2544988989830017,0.99424809217453,0.17828165049288008,0.03457206744362567,-0.0005230557627794452,0.0012207267648082776,0.0,0.0,0.0,0,0,1,1.0
crossover_11_05_02_fps30.mp4,243,0.15156829357147217,-0.0995708098856069,0.010278191217562016,0.06288805603981018,-0.05435505509376526,0.9706300497055054,-0.07776397466659546,-0.06400871276855469,0.9471524357795715,0.06663236021995544,-0.04889002442359924,-0.736896276473999,0.9389880299568176,-0.096119225025177,-0.028962314128875732,-0.3874875009059906,0.7478334903717041,0.13255617022514343,0.2569749355316162,0.9964035153388977,-0.13517388701438904,0.25453776121139526,0.9945487976074219,0.1764210063889713,0.039392013123126346,-0.0005507082473941161,0.0025271021713644815,0.0,0.0,0.0,0,0,1,1.0
crossover_11_05_02_fps30.mp4,244,0.1521994024515152,-0.09778436008146252,0.009858605338305959,0.06456586718559265,-0.053664594888687134,0.9733365774154663,-0.07814842462539673,-0.0636821985244751,0.9476693272590637,0.0665503442287445,-0.04994165897369385,-0.7121835350990295,0.9449799060821533,-0.09583702683448792,-0.025470435619354248,-0.43412113189697266,0.7544668316841125,0.13266775012016296,0.2569660544395447,0.9964357614517212,-0.13514229655265808,0.2545979619026184,0.9946737885475159,0.17487700435594217,0.03538266866366647,-0.00041958587925605695,0.0017864498041443855,0.0,0.0,0.0,0,0,1,1.0
crossover_11_05_02_fps30.mp4,245,0.15251539647579193,-0.09776532973273327,0.009824060521474665,0.0654413104057312,-0.05327358841896057,0.9758004546165466,-0.07842126488685608,-0.06355732679367065,0.9483106136322021,0.06648862361907959,-0.05042925477027893,-0.712753176689148,0.9503917694091797,-0.09556138515472412,-0.024644076824188232,-0.43155354261398315,0.7615211009979248,0.13274389505386353,0.2569544315338135,0.9965179562568665,-0.13511958718299866,0.2546963691711426,0.9948370456695557,0.1749566323274056,0.034538527238178775,-3.454481683129451e-05,1.903034872924314e-05,0.0,0.0,0.0,0,0,1,1.0
crossover_11_05_02_fps30.mp4,246,0.15287794172763824,-0.09550771884999032,0.010185766656224282,0.06558957695960999,-0.05275934934616089,0.9780601859092712,-0.07873746752738953,-0.06382483243942261,0.9482113718986511,0.06634470820426941,-0.052764892578125,-0.7302807569503784,0.9552939534187317,-0.09435796737670898,-0.027496308088302612,-0.34363141655921936,0.7698121070861816,0.1328243911266327,0.256807416677475,0.9966917037963867,-0.13508662581443787,0.2546254098415375,0.9950769543647766,0.17366344935360933,0.037699611211555274,0.00036170613474961755,0.0022576108827429553,0.0,0.0,0.0,0,0,1,1.0
crossover_11_05_02_fps30.mp4,247,0.1535920649766922,-0.09345805331812068,0.009946948726002769,0.06606075167655945,-0.052302151918411255,0.9796891808509827,-0.0799998939037323,-0.06270730495452881,0.9484155178070068,0.06582298874855042,-0.05559656023979187,-0.6713285446166992,0.9592415690422058,-0.08734574913978577,-0.02652651071548462,-0.5988044142723083,0.7606459856033325,0.1328413188457489,0.25612133741378784,0.9960611462593079,-0.13510066270828247,0.253980815410614,0.9946478605270386,0.17223937392301986,0.03698207006102168,-0.0002388179302215132,0.0020496655318696377,0.0,0.0,0.0,0,0,1,1.0
crossover_11_05_02_fps30.mp4,248,0.15470439195632935,-0.09121240589578272,0.009542642133991919,0.06624820828437805,-0.05281898379325867,0.9811626076698303,-0.0806647539138794,-0.05952399969100952,0.9503458142280579,0.06555047631263733,-0.05697950720787048,-0.6403900384902954,0.9629313349723816,-0.08814585208892822,-0.02504536509513855,-0.6217978000640869,0.7740122079849243,0.1328260600566864,0.25523611903190613,0.9955891966819763,-0.13513076305389404,0.2531537711620331,0.9943370819091797,0.17029326936597355,0.03472368062767418,-0.0004043065920108502,0.0022456474223379597,0.0,0.0,0.0,0,0,1,1.0
crossover_11_05_02_fps30.mp4,249,0.15521790087223053,-0.08871192649259407,0.009780675463560096,0.06614577770233154,-0.05275270342826843,0.9824087023735046,-0.08075448870658875,-0.05906021595001221,0.9525445103645325,0.06556087732315063,-0.05616641044616699,-0.6339198350906372,0.9662110209465027,-0.09061074256896973,-0.024765580892562866,-0.6061030030250549,0.788006603717804,0.13280802965164185,0.25490984320640564,0.995178759098053,-0.13517838716506958,0.2528592050075531,0.9940844178199768,0.16777698333548668,0.03459840069591178,0.0002380333295681769,0.002500479403188649,0.0,0.0,0.0,0,0,1,1.0
crossover_11_05_02_fps30.mp4,250,0.15567035973072052,-0.08856495861279762,0.00949964218023347,0.06607937812805176,-0.052759796380996704,0.9834375977516174,-0.08079811930656433,-0.059094369411468506,0.9535618424415588,0.06549042463302612,-0.05600842833518982,-0.6271012425422668,0.9690752029418945,-0.09124952554702759,-0.024453550577163696,-0.6065672039985657,0.7970387935638428,0.13275355100631714,0.25455138087272644,0.9947836399078369,-0.13524532318115234,0.2525213062763214,0.9938838481903076,0.16740480402208086,0.03405915733022954,-0.000281033283326626,0.00014696787979645576,0.0,0.0,0.0,0,0,1,1.0
crossover_11_05_02_fps30.mp4,251,0.15625634789466858,-0.08667645717071276,0.010178634742411208,0.06602442264556885,-0.05308446288108826,0.9842249751091003,-0.0808163583278656,-0.05865129828453064,0.9542306661605835,0.065479576587677,-0.056067585945129395,-0.6262338757514954,0.9715662002563477,-0.09217333793640137,-0.015016764402389526,-0.5596084594726562,0.7990369200706482,0.13272523880004883,0.2539476454257965,0.9944591522216797,-0.13526403903961182,0.2520039975643158,0.9937790632247925,0.16595186158783087,0.02578805607675815,0.0006789925621777382,0.0018885014420848556,0.0,0.0,0.0,0,0,1,1.0
crossover_11_05_02_fps30.mp4,252,0.15727566182613373,-0.08502810920699166,0.010235514728034412,0.06596478819847107,-0.05383354425430298,0.9850175976753235,-0.08059272170066833,-0.059238165616989136,0.9538037776947021,0.06544557213783264,-0.05658102035522461,-0.61651611328125,0.9738810658454895,-0.09243848919868469,-0.015702813863754272,-0.5762033462524414,0.8029524087905884,0.13268724083900452,0.2531066834926605,0.994056224822998,-0.13529157638549805,0.25117889046669006,0.9935764074325562,0.16464136217243863,0.026976112057835292,5.6879985623203844e-05,0.0016483479637210974,0.0,0.0,0.0,0,0,1,1.0
crossover_11_05_02_fps30.mp4,253,0.15783627331256866,-0.08385542994838652,0.010154676728132306,0.06597226858139038,-0.05419713258743286,0.9858281016349792,-0.08033022284507751,-0.05923691391944885,0.9541154503822327,0.06544190645217896,-0.056822776794433594,-0.61178058385849,0.976039707660675,-0.09168970584869385,-0.01570296287536621,-0.5804539322853088,0.8085644841194153,0.13274139165878296,0.252641499042511,0.9936582446098328,-0.13527065515518188,0.2507207989692688,0.9933706521987915,0.16363274102902234,0.02701839012129611,-8.083799990210583e-05,0.001172679258605147,0.0,0.0,0.0,0,0,1,1.0
crossover_11_05_02_fps30.mp4,254,0.15856127440929413,-0.08277863375211164,0.009050920387593697,0.06593170762062073,-0.05468091368675232,0.9864493012428284,-0.07992011308670044,-0.05930301547050476,0.9547110795974731,0.06540623307228088,-0.05722925066947937,-0.6048835515975952,0.9779518246650696,-0.08984178304672241,-0.016558796167373657,-0.5920538306236267,0.8185226321220398,0.13275554776191711,0.2520923316478729,0.9931638240814209,-0.13522574305534363,0.250169962644577,0.9931077361106873,0.16233242384415325,0.02656587397364765,-0.0011037563405386086,0.0010767961962748762,0.0,0.0,0.0,0,0,1,1.0
crossover_11_05_02_fps30.mp4,255,0.15909920632839203,-0.08279771865424462,0.008633827727015375,0.06591546535491943,-0.05503493547439575,0.9870361685752869,-0.07959124445915222,-0.05958902835845947,0.9552522897720337,0.06541645526885986,-0.05752244591712952,-0.5997635722160339,0.9797104597091675,-0.08918178081512451,-0.01698949933052063,-0.5907779335975647,0.8273406624794006,0.13278919458389282,0.25171568989753723,0.9926580786705017,-0.13514435291290283,0.24970927834510803,0.9928411245346069,0.16230863776825696,0.026406649525667493,-0.00041709266057832206,-1.9084902132981973e-05,0.0,0.0,0.0,0,0,1,1.0
crossover_11_05_02_fps30.mp4,256,0.1595398336648941,-0.08237254033654423,0.008493253661364997,0.06582939624786377,-0.05533239245414734,0.9875342845916748,-0.07953110337257385,-0.05986186861991882,0.9555749893188477,0.06533539295196533,-0.05779865384101868,-0.5989483594894409,0.9812396168708801,-0.08756756782531738,-0.019039690494537354,-0.5961438417434692,0.8345332741737366,0.13275659084320068,0.25145190954208374,0.9921936392784119,-0.13514426350593567,0.24924850463867188,0.9925978183746338,0.16190197823580596,0.02801876736227249,-0.00014057406565037844,0.00042517831770039205,0.0,0.0,0.0,0,0,1,1.0
crossover_11_05_02_fps30.mp4,257,0.15977983176708221,-0.08193682220022558,0.008291806680400193,0.06580862402915955,-0.05538102984428406,0.9879013299942017,-0.07941657304763794,-0.05994418263435364,0.9560336470603943,0.06527695059776306,-0.05798521637916565,-0.6006133556365967,0.9825581312179565,-0.08665984869003296,-0.020496457815170288,-0.6006583571434021,0.8425012230873108,0.13274571299552917,0.25134530663490295,0.9916797876358032,-0.13514909148216248,0.24896302819252014,0.9922947883605957,0.16144515690182856,0.029173123793833702,-0.0002014469809648034,0.0004357181363186524,0.0,0.0,0.0,0,0,1,1.0
crossover_11_05_02_fps30.mp4,258,0.15988656878471375,-0.08176804700140228,0.008297880975211558,0.06591814756393433,-0.05518636107444763,0.9882187247276306,-0.07933637499809265,-0.059907615184783936,0.9567535519599915,0.06525444984436035,-0.058504343032836914,-0.6010205149650574,0.9837260842323303,-0.08622300624847412,-0.020807325839996338,-0.5970707535743713,0.8502510190010071,0.13274520635604858,0.25129783153533936,0.9910454750061035,-0.13512292504310608,0.24882620573043823,0.9919269680976868,0.161487311300869,0.02944417982639515,6.074294811364567e-06,0.00016877519882330105,0.0,0.0,0.0,0,0,1,1.0
crossover_11_05_02_fps30.mp4,259,0.1599026769399643,-0.08165296679836209,0.008242367825857078,0.06593888998031616,-0.05499812960624695,0.9886155724525452,-0.07927051186561584,-0.059895992279052734,0.958408772945404,0.06521439552307129,-0.059524744749069214,-0.5970562100410461,0.9849118590354919,-0.08605033159255981,-0.020582735538482666,-0.5921777486801147,0.8601252436637878,0.1327528953552246,0.25131040811538696,0.9904215931892395,-0.1350942850112915,0.24878960847854614,0.9916094541549683,0.16174796339366354,0.02915859051974426,-5.551314935448026e-05,0.0001150802030401854,0.0,0.0,0.0,0,0,1,1.0
crossover_11_05_02_fps30.mp4,260,0.15991024672985077,-0.08165668309745144,0.008231355213537461,0.06597983837127686,-0.05480042099952698,0.9889532327651978,-0.07921746373176575,-0.05987989902496338,0.959808349609375,0.06518906354904175,-0.060168176889419556,-0.5952903032302856,0.9859573841094971,-0.08586418628692627,-0.020470917224884033,-0.5898056030273438,0.8687801361083984,0.1327611207962036,0.2513086199760437,0.9898055791854858,-0.1350698471069336,0.24875855445861816,0.9913097620010376,0.16199434959303213,0.029009024909824373,-1.1012612319616366e-05,-3.716299089351338e-06,0.0,0.0,0.0,0,0,1,1.0
crossover_11_05_02_fps30.mp4,261,0.15991069376468658,-0.08165686827594953,0.008276113358939519,0.06593433022499084,-0.05478212237358093,0.989187479019165,-0.07915985584259033,-0.05987459421157837,0.9615992307662964,0.0651753842830658,-0.06080186367034912,-0.5998083353042603,0.9868484735488892,-0.0855577290058136,-0.0207594633102417,-0.5942844152450562,0.8772858381271362,0.132769376039505,0.2513108253479004,0.9894951581954956,-0.13506236672401428,0.24874341487884521,0.9912159442901611,0.16226976706094512,0.029296440516651444,4.475814540205736e-05,-1.8517849809107645e-07,0.0,0.0,0.0,0,0,1,1.0
crossover_11_05_02_fps30.mp4,262,0.15997439622879028,-0.08167798468622112,0.008168005071035211,0.0659167468547821,-0.05484017729759216,0.9893446564674377,-0.07913699746131897,-0.05994975566864014,0.9632472395896912,0.06515541672706604,-0.061375707387924194,-0.5989429354667664,0.9876293540000916,-0.08552929759025574,-0.02108854055404663,-0.5932807922363281,0.8853583335876465,0.1327720582485199,0.25125181674957275,0.9891844987869263,-0.13507243990898132,0.2486627697944641,0.991118848323822,0.16246961473817173,0.02950894903240844,-0.00010810828790430715,-2.1116410271582176e-05,0.0,0.0,0.0,0,0,1,1.0
crossover_11_05_02_fps30.mp4,263,0.16008451581001282,-0.08179101943969724,0.008280336420710466,0.06589144468307495,-0.05493447184562683,0.9894571304321289,-0.07910346984863281,-0.060197263956069946,0.9644457101821899,0.06513190269470215,-0.061606258153915405,-0.5946838855743408,0.9883170127868652,-0.08563950657844543,-0.021984487771987915,-0.5914257764816284,0.8921439051628113,0.13277369737625122,0.25114020705223083,0.9888688921928406,-0.13508453965187073,0.24854090809822083,0.9910358786582947,0.16269751427034437,0.03050853055576508,0.00011233134967525427,-0.00011303475347612668,0.0,0.0,0.0,0,0,1,1.0
crossover_11_05_02_fps30.mp4,264,0.16017568111419678,-0.08188315912828609,0.008420945813016223,0.06584888696670532,-0.05507984757423401,0.9894124269485474,-0.07906937599182129,-0.060472190380096436,0.9651283025741577,0.06510865688323975,-0.06170296669006348,-0.5974059700965881,0.9887787699699402,-0.08566004037857056,-0.02311834692955017,-0.5954837203025818,0.896722674369812,0.13275694847106934,0.2510503828525543,0.9886005520820618,-0.13510164618492126,0.2484528124332428,0.990919291973114,0.16286177292141285,0.031764631568460724,0.0001406093923057572,-9.21396885888437e-05,0.0,0.0,0.0,0,0,1,1.0
crossover_11_05_02_fps30.mp4,265,0.16023845970630646,-0.08189317381988137,0.008379534541106848,0.065805584192276,-0.055201828479766846,0.989328145980835,-0.07900801301002502,-0.06065830588340759,0.9658650755882263,0.06509777903556824,-0.06177428364753723,-0.598431408405304,0.9891881942749023,-0.08571180701255798,-0.023852616548538208,-0.5955651998519897,0.9015030860900879,0.13275274634361267,0.250958651304245,0.9883859753608704,-0.13511046767234802,0.2483934462070465,0.9908519983291626,0.16287387275987006,0.03245756496297771,-4.14112719093751e-05,-1.0014691595283676e-05,0.0,0.0,0.0,0,0,1,1.0
crossover_11_05_02_fps30.mp4,266,0.16030247509479523,-0.08188685592958483,0.008342811828706331,0.06581577658653259,-0.05522206425666809,0.9892580509185791,-0.07882988452911377,-0.06117910146713257,0.9662503600120544,0.06509473919868469,-0.060841917991638184,-0.5934334397315979,0.9895819425582886,-0.08572295308113098,-0.0247194766998291,-0.5951388478279114,0.906053364276886,0.1327551305294037,0.2508569359779358,0.9879358410835266,-0.13510897755622864,0.24834829568862915,0.990635871887207,0.16245034978960377,0.03328408875273929,-3.67227124005165e-05,6.317890296536621e-06,0.0,0.0,0.0,0,0,1,1.0
crossover_11_05_02_fps30.mp4,267,0.16077081859111786,-0.08192938636925262,0.007990454755178344,0.06550052762031555,-0.055221498012542725,0.9892027974128723,-0.07836824655532837,-0.06317839026451111,0.9665250778198242,0.06507691740989685,-0.060196876525878906,-0.5894970297813416,0.9899598360061646,-0.08576467633247375,-0.02537447214126587,-0.5937501788139343,0.9097729325294495,0.1327497661113739,0.2507810592651367,0.987741231918335,-0.13511022925376892,0.24834096431732178,0.9905858635902405,0.16205050292436685,0.03358463630750006,-0.00035235707352798684,-4.2530439667787245e-05,0.0,0.0,0.0,0,0,1,1.0
crossover_11_05_02_fps30.mp4,268,0.16160525381565094,-0.08163174794892131,0.006891795484031071,0.06489002704620361,-0.060914844274520874,0.9892814755439758,-0.07838043570518494,-0.0633074939250946,0.9667108058929443,0.06544208526611328,-0.06028899550437927,-0.6015481948852539,0.9902871251106262,-0.08833134174346924,-0.022823631763458252,-0.5943746566772461,0.9086543917655945,0.1327681541442871,0.2508792281150818,0.9879953861236572,-0.13511109352111816,0.24848812818527222,0.990807831287384,0.1616909740659394,0.03046130616885586,-0.0010986592711472731,0.00029763842033131427,0.0,0.0,0.0,0,0,1,1.0
crossover_11_05_02_fps30.mp4,269,0.16236400604248047,-0.08139144040770452,0.006248621097425189,0.07225465774536133,-0.0621911883354187,0.9897770881652832,-0.07835638523101807,-0.06310984492301941,0.9664087295532227,0.06608140468597412,-0.059848278760910034,-0.6043010354042053,0.9908170700073242,-0.08842092752456665,-0.023183077573776245,-0.6066963076591492,0.9079403281211853,0.13278228044509888,0.25127002596855164,0.9873446822166443,-0.1351151168346405,0.2490096390247345,0.9904232621192932,0.16160767373768775,0.030259520415871283,-0.0006431743866058826,0.00024030754121678877,0.0,0.0,0.0,0,0,1,1.0
crossover_11_05_02_fps30.mp4,270,0.16273754835128784,-0.0813793396545669,0.006552291934083132,0.07461881637573242,-0.0627184510231018,0.9902304410934448,-0.0783381462097168,-0.06299954652786255,0.965900719165802,0.06659966707229614,-0.05956006050109863,-0.6054404377937317,0.991288959980011,-0.08842527866363525,-0.023460298776626587,-0.6103991270065308,0.9065332412719727,0.1327965259552002,0.25147584080696106,0.9867758750915527,-0.13514840602874756,0.24935880303382874,0.9900602102279663,0.16207599938418601,0.030828572099403023,0.00030367083665794325,1.210075313762271e-05,0.0,0.0,0.0,0,0,1,1.0
crossover_11_05_02_fps30.mp4,271,0.16441190242767334,-0.08063735891196688,0.005073773134045445,0.07765999436378479,-0.06404578685760498,0.9906445145606995,-0.07834544777870178,-0.0632827877998352,0.9621880054473877,0.06287392973899841,-0.05932977795600891,-0.5684536099433899,0.9917258024215698,-0.08832681179046631,-0.026005715131759644,-0.5805014371871948,0.8977522850036621,0.132846862077713,0.2515423595905304,0.9842563271522522,-0.13519951701164246,0.2496078908443451,0.9889658093452454,0.15730005519156667,0.03201659376690436,-0.001478518800037687,0.0007419807426000125,0.0,0.0,0.0,0,0,1,1.0
crossover_11_05_02_fps30.mp4,272,0.16491182148456573,-0.07960247417627753,0.0018786511770109149,0.07965365052223206,-0.06748765707015991,0.9911083579063416,-0.07830378413200378,-0.0636395514011383,0.9601562023162842,0.058765023946762085,-0.048920273780822754,-0.5761165022850037,0.9921305179595947,-0.08725845813751221,-0.026103734970092773,-0.5841385126113892,0.8912898898124695,0.1329561173915863,0.252521812915802,0.981347382068634,-0.13526177406311035,0.25097811222076416,0.9872429370880127,0.14739774528024838,0.029010825994795514,-0.00319512195703453,0.0010348847356893565,0.0,0.0,0.0,0,0,1,1.0
crossover_11_05_02_fps30.mp4,273,0.16790732741355896,-0.0788519514819323,-0.0031008524138752547,0.08159175515174866,-0.07521533966064453,0.9916175007820129,-0.07861208915710449,-0.06622374057769775,0.9563679695129395,0.05711272358894348,-0.04217687249183655,-0.5496342778205872,0.9925659894943237,-0.08794721961021423,-0.02537629008293152,-0.5611027479171753,0.8750972151756287,0.13287976384162903,0.2525768578052521,0.9796103239059448,-0.1355249285697937,0.2514226734638214,0.9864237308502197,0.1414684707355744,0.024060736183112767,-0.0049795035908861696,0.0007505226943452237,0.0,0.0,0.0,0,0,1,1.0
crossover_11_05_02_fps30.mp4,274,0.17125771939754486,-0.07832036826570155,-0.010504560354279269,0.08288860321044922,-0.08234000205993652,0.9919845461845398,-0.0787222683429718,-0.07361605763435364,0.9533151984214783,0.054314255714416504,-0.037401795387268066,-0.509129524230957,0.9927108287811279,-0.08836272358894348,-0.027130842208862305,-0.558196485042572,0.8690522909164429,0.13272780179977417,0.2528578042984009,0.978167712688446,-0.13567206263542175,0.2512241005897522,0.9857158064842224,0.13533441813067046,0.019423752179902904,-0.007403707940404014,0.0005315832162307577,0.0,0.0,0.0,0,0,1,1.0
crossover_11_05_02_fps30.mp4,275,0.17230170965194702,-0.07842376504914234,-0.010382969059595237,0.08319327235221863,-0.08337792754173279,0.9923269152641296,-0.07878977060317993,-0.07875633239746094,0.9489486217498779,0.05282655358314514,-0.036130040884017944,-0.5131924152374268,0.9928324818611145,-0.08833971619606018,-0.029558151960372925,-0.5556294322013855,0.8548915386199951,0.1326296031475067,0.25298193097114563,0.9771058559417725,-0.13581588864326477,0.2513386309146881,0.9852383732795715,0.13375185175768212,0.021587351074792347,0.0001215912946840314,-0.00010339678344079006,0.0,0.0,0.0,0,0,1,1.0
crossover_11_05_02_fps30.mp4,276,0.1741260141134262,-0.07865561357999251,-0.017746612793061778,0.08480128645896912,-0.08540964126586914,0.9924839735031128,-0.07896146178245544,-0.07983323931694031,0.946759819984436,0.0507378876209259,-0.030888617038726807,-0.5139393210411072,0.9922468662261963,-0.0882386565208435,-0.026996076107025146,-0.5606011152267456,0.845147430896759,0.1324348747730255,0.2537428140640259,0.9756233096122742,-0.135898619890213,0.25208473205566406,0.9841942191123962,0.130059180485751,0.013318681751680543,-0.0073636437334665406,-0.0002318485308501761,0.0,0.0,0.0,0,0,1,1.0
crossover_11_05_02_fps30.mp4,277,0.1758999079465866,-0.07886415659371071,-0.02477865553483727,0.08556473255157471,-0.08769416809082031,0.9923388957977295,-0.07953739166259766,-0.07953035831451416,0.9415017366409302,0.04814833402633667,-0.025339633226394653,-0.4772355854511261,0.9897752404212952,-0.08701163530349731,-0.02216443419456482,-0.5274041891098022,0.8241907358169556,0.1319293975830078,0.25491955876350403,0.9744824767112732,-0.13635388016700745,0.25316938757896423,0.9834365248680115,0.12701372945267786,0.008556609290037839,-0.0070320427417754905,-0.00020854301371819872,0.0,0.0,0.0,0,0,1,1.0
crossover_11_05_02_fps30.mp4,278,0.1778060495853424,-0.07808905324693455,-0.028776678806398004,0.08538183569908142,-0.08901286125183105,0.991939902305603,-0.08005547523498535,-0.08242073655128479,0.9366604089736938,0.04662242531776428,-0.023613393306732178,-0.4174836575984955,0.9870314002037048,-0.08461123704910278,-0.021318495273590088,-0.43158653378486633,0.8067222237586975,0.13151118159294128,0.25527966022491455,0.9739240407943726,-0.1367274522781372,0.25340932607650757,0.9833536148071289,0.12481831757776739,0.009907743595709008,-0.0039980232715607356,0.0007751033467761625,0.0,0.0,0.0,0,0,1,1.0
crossover_11_05_02_fps30.mp4,279,0.17929700016975403,-0.07773402767666315,-0.034230930194622144,0.08391350507736206,-0.0906161367893219,0.9904605150222778,-0.08111414313316345,-0.08640864491462708,0.9260199666023254,0.045272231101989746,-0.02226892113685608,-0.4043084681034088,0.978714108467102,-0.08343160152435303,-0.021910399198532104,-0.43256548047065735,0.7736135721206665,0.13055866956710815,0.2555004060268402,0.9733832478523254,-0.13765844702720642,0.25311413407325745,0.9831557869911194,0.12358652580042453,0.013574160444590855,-0.005454251388224141,0.0003550255702713945,0.0,0.0,0.0,0,0,1,1.0
crossover_11_05_02_fps30.mp4,280,0.18009577691555023,-0.07822372438543934,-0.03423570161912498,0.08309969305992126,-0.09142044186592102,0.9894299507141113,-0.08173128962516785,-0.08811914920806885,0.9197797775268555,0.04481300711631775,-0.02292710542678833,-0.4041416347026825,0.9735416769981384,-0.08273908495903015,-0.022031188011169434,-0.4364601671695709,0.7552282810211182,0.13005265593528748,0.2556798458099365,0.9733657836914062,-0.13812914490699768,0.25302553176879883,0.9830524921417236,0.12355533839732218,0.013013017848151539,-4.771424502836297e-06,-0.0004896967087761883,0.0,0.0,0.0,0,0,1,1.0
crossover_11_05_02_fps30.mp4,281,0.1812005341053009,-0.07650040691181764,-0.0342656836277101,0.08237546682357788,-0.09207221865653992,0.9892310500144958,-0.08176499605178833,-0.08899638056755066,0.9179543256759644,0.044959187507629395,-0.023509323596954346,-0.4449465870857239,0.973949134349823,-0.08113875985145569,-0.028914153575897217,-0.4608638882637024,0.7563852667808533,0.12975502014160156,0.2557029128074646,0.9734491109848022,-0.13844069838523865,0.2530578374862671,0.9830306172370911,0.12193495133737418,0.007081891829737678,-2.998200858511657e-05,0.0017233174736216994,0.0,0.0,0.0,0,0,1,1.0
crossover_11_05_02_fps30.mp4,282,0.18307048082351685,-0.07360955315121148,-0.035006376592124355,0.08129656314849854,-0.09459865093231201,0.9897295236587524,-0.08134880661964417,-0.08961993455886841,0.9204360246658325,0.044796764850616455,-0.028764843940734863,-0.45938214659690857,0.975818932056427,-0.0774812400341034,-0.03315615653991699,-0.45295125246047974,0.7615147233009338,0.12953782081604004,0.2558155655860901,0.9748295545578003,-0.1386205554008484,0.25313323736190796,0.983901858329773,0.11857070832456203,0.004291069046373818,-0.0007406929644142579,0.00289085376060616,0.0,0.0,0.0,0,0,1,1.0
crossover_11_05_02_fps30.mp4,283,0.1845477670431137,-0.07056587106090478,-0.035595397396785466,0.07911419868469238,-0.09605848789215088,0.9901885986328125,-0.08065512776374817,-0.08806228637695312,0.9215537905693054,0.04622995853424072,-0.03749912977218628,-0.46584877371788025,0.9776840209960938,-0.07383912801742554,-0.033334046602249146,-0.4150850474834442,0.7535483837127686,0.1293025016784668,0.2564142644405365,0.9760202169418335,-0.13885942101478577,0.2536614239215851,0.9847811460494995,0.11681134366051704,0.003978431665790121,-0.0005890208046611112,0.0030436820903066986,0.0,0.0,0.0,0,0,1,1.0
crossover_11_05_02_fps30.mp4,284,0.18544353544712067,-0.06772787530543439,-0.037037548495502004,0.07544803619384766,-0.09367629885673523,0.9909672737121582,-0.08042576909065247,-0.08661571145057678,0.925854504108429,0.046167075634002686,-0.04891565442085266,-0.51114821434021,0.9798335433006287,-0.07160887122154236,-0.032358914613723755,-0.42862001061439514,0.7636843919754028,0.12910997867584229,0.2571459412574768,0.9776707291603088,-0.13906368613243103,0.2542802095413208,0.9858827590942383,0.1145126597799153,0.006078794642079144,-0.0014421510987165376,0.0028379957554703905,0.0,0.0,0.0,0,0,1,1.0
crossover_11_05_02_fps30.mp4,285,0.1860288679599762,-0.06789804020170437,-0.036937303223261,0.07371094822883606,-0.0926261842250824,0.9916613698005676,-0.08023613691329956,-0.08603841066360474,0.930206835269928,0.04621127247810364,-0.05178046226501465,-0.5074002742767334,0.9817683696746826,-0.07130122184753418,-0.03296595811843872,-0.4454975128173828,0.7764371037483215,0.1289486587047577,0.2573164403438568,0.9793075323104858,-0.13926351070404053,0.2543431222438812,0.986937940120697,0.1150706505178318,0.005230031286341294,0.00010024527224100632,-0.00017016489626997533,0.0,0.0,0.0,0,0,1,1.0
crossover_11_05_02_fps30.mp4,286,0.18851830065250397,-0.06560703869593343,-0.0383835719852913,0.07002004981040955,-0.09217479825019836,0.9923281073570251,-0.08053275942802429,-0.0867452621459961,0.9342841506004333,0.04668930172920227,-0.06216946244239807,-0.4966410994529724,0.9835402965545654,-0.06895828247070312,-0.0369890034198761,-0.4557839035987854,0.7908205389976501,0.12859490513801575,0.2574927806854248,0.9809730648994446,-0.13962984085083008,0.25454914569854736,0.9880068302154541,0.1147877896717044,0.003629828690389789,-0.0014462687620303005,0.00229100150577094,0.0,0.0,0.0,0,0,1,1.0
crossover_11_05_02_fps30.mp4,287,0.19119617342948914,-0.06426054491835126,-0.041533923294486075,0.06847688555717468,-0.09384003281593323,0.9928698539733887,-0.08026701211929321,-0.08759108185768127,0.936996579170227,0.050312310457229614,-0.06298068165779114,-0.4862673878669739,0.9850963354110718,-0.06868910789489746,-0.038587331771850586,-0.4178270697593689,0.7947458028793335,0.12839654088020325,0.25823768973350525,0.9824547171592712,-0.13971513509750366,0.2556305229663849,0.988973081111908,0.11656286987376284,0.005319264200855517,-0.0031503513091947766,0.0013464937775821695,0.0,0.0,0.0,0,0,1,1.0
crossover_11_05_02_fps30.mp4,288,0.19323092699050903,-0.06400557160377501,-0.046412253089067435,0.06857004761695862,-0.09610810875892639,0.9933884143829346,-0.07950776815414429,-0.09103378653526306,0.9396650791168213,0.05338671803474426,-0.06840530037879944,-0.4514143168926239,0.9865346550941467,-0.06810551881790161,-0.047377973794937134,-0.44387200474739075,0.8078427910804749,0.12831184267997742,0.25890541076660156,0.9839622378349304,-0.1397097110748291,0.2562183141708374,0.9898476004600525,0.11943468422389866,0.004212147153218881,-0.00487832979458136,0.0002549733145762456,0.0,0.0,0.0,0,0,1,1.0
crossover_11_05_02_fps30.mp4,289,0.19537131488323212,-0.06331199326757658,-0.05223116598478178,0.06898057460784912,-0.09869268536567688,0.9937568306922913,-0.07926279306411743,-0.09132975339889526,0.9420099854469299,0.056118547916412354,-0.07120069861412048,-0.4057730734348297,0.9877676963806152,-0.06650057435035706,-0.054694294929504395,-0.4340361952781677,0.8196725249290466,0.128462016582489,0.2598915994167328,0.9853391051292419,-0.13964009284973145,0.2573525607585907,0.9906712770462036,0.12092765331253237,0.004029150471227878,-0.0058189128957143454,0.0006935783361984305,0.0,0.0,0.0,0,0,1,1.0
crossover_11_05_02_fps30.mp4,290,0.1968013346195221,-0.06318233013153074,-0.0517961611108082,0.0692552924156189,-0.09910109639167786,0.9939747452735901,-0.07915544509887695,-0.09230944514274597,0.9436225891113281,0.05709052085876465,-0.07171487808227539,-0.4116985499858856,0.9888620972633362,-0.06560087203979492,-0.0595991313457489,-0.4424484968185425,0.8304867744445801,0.12857937812805176,0.26011529564857483,0.9865232706069946,-0.13953033089637756,0.25775399804115295,0.9913516640663147,0.1219110904352972,0.008169191480764828,0.0004350048739735768,0.00012966313604584334,0.0,0.0,0.0,0,0,1,1.0
crossover_11_05_02_fps30.mp4,291,0.1974441111087799,-0.0628269636024863,-0.05419567532655667,0.06993758678436279,-0.09857156872749329,0.9943863153457642,-0.07905301451683044,-0.09421363472938538,0.9468303322792053,0.057107627391815186,-0.069448322057724,-0.38805991411209106,0.9899076819419861,-0.06626081466674805,-0.05318194627761841,-0.34161633253097534,0.8385921716690063,0.12860393524169922,0.2611088752746582,0.9876804947853088,-0.13962405920028687,0.2587464451789856,0.9920632243156433,0.1209005762983625,0.00358036027742919,-0.002399514215748466,0.000355366529044443,0.0,0.0,0.0,0,0,1,1.0
crossover_11_05_02_fps30.mp4,292,0.19842879474163055,-0.06198051905227919,-0.054630989272419994,0.07421648502349854,-0.09894797205924988,0.9947812557220459,-0.07843855023384094,-0.09521809220314026,0.9494481682777405,0.058209121227264404,-0.06584560871124268,-0.38605931401252747,0.9908390641212463,-0.06633272767066956,-0.05173733830451965,-0.38627761602401733,0.8474943041801453,0.12913554906845093,0.2623339295387268,0.988740861415863,-0.1392466127872467,0.259921669960022,0.9926803112030029,0.12071171160945282,0.0052263692734078725,-0.00043531394586332484,0.0008464445502071039,0.0,0.0,0.0,0,0,1,1.0
crossover_11_05_02_fps30.mp4,293,0.19980379939079285,-0.06081355941497674,-0.05703039314688707,0.07610347867012024,-0.10058972239494324,0.9951262474060059,-0.0778016746044159,-0.09674045443534851,0.9518207311630249,0.05867168307304382,-0.059690773487091064,-0.3972172737121582,0.9916435480117798,-0.06607899069786072,-0.05122274160385132,-0.40703362226486206,0.8546940684318542,0.12970402836799622,0.2626488208770752,0.9896445274353027,-0.13861647248268127,0.2602272033691406,0.9931615591049194,0.11951485596349777,0.00783923357478898,-0.0023994038744670765,0.001166959637302456,0.0,0.0,0.0,0,0,1,1.0
crossover_11_05_02_fps30.mp4,294,0.2010582834482193,-0.06047909512358196,-0.05996333956718447,0.07693091034889221,-0.10095015168190002,0.9952654838562012,-0.07744914293289185,-0.09787115454673767,0.9526548981666565,0.05883130431175232,-0.04083561897277832,-0.4078957140445709,0.9921064376831055,-0.06661665439605713,-0.050647854804992676,-0.5163750052452087,0.8583430051803589,0.13007357716560364,0.26251551508903503,0.99009108543396,-0.13835102319717407,0.2605225145816803,0.993209183216095,0.12083394021779098,0.011155621460849835,-0.0029329464202974,0.00033446429139477596,0.0,0.0,0.0,0,0,1,1.0
crossover_11_05_02_fps30.mp4,295,0.20145797729492188,-0.060251713203171575,-0.05998942474039587,0.07757371664047241,-0.10168963670730591,0.9953557848930359,-0.07722207903862,-0.09925135970115662,0.9536069631576538,0.05902755260467529,-0.0361630916595459,-0.39184823632240295,0.9924529194831848,-0.06735008955001831,-0.04975646734237671,-0.47265633940696716,0.8578568696975708,0.130354642868042,0.2624468207359314,0.9905161261558533,-0.13811877369880676,0.26050204038619995,0.9932660460472107,0.12163567486448452,0.012453929655781272,-2.6085173211398693e-05,0.00022738192041038552,0.0,0.0,0.0,0,0,1,1.0
crossover_11_05_02_fps30.mp4,296,0.2019411027431488,-0.06119591371487765,-0.06602597004029809,0.0776347815990448,-0.10108697414398193,0.9953299164772034,-0.07710054516792297,-0.10047215223312378,0.9535444378852844,0.06071731448173523,-0.022546708583831787,-0.3400757312774658,0.9924847483634949,-0.067098468542099,-0.05538952350616455,-0.5141177177429199,0.8582503795623779,0.13060203194618225,0.2624453902244568,0.9908491969108582,-0.138004869222641,0.26064127683639526,0.9932451844215393,0.1294344675351939,0.012164462518411382,-0.0060365452999022184,-0.0009442005117060726,0.0,0.0,0.0,0,0,1,1.0
crossover_11_05_02_fps30.mp4,297,0.20321084558963776,-0.06247131087012209,-0.0683098919507934,0.07660606503486633,-0.10044091939926147,0.9952828288078308,-0.07673656940460205,-0.10119491815567017,0.9513336420059204,0.06288674473762512,-0.004729181528091431,-0.26033955812454224,0.9924637675285339,-0.06681954860687256,-0.05651906132698059,-0.4853837788105011,0.8484731316566467,0.13115254044532776,0.2626008689403534,0.9911442399024963,-0.13776245713233948,0.26091280579566956,0.9932627081871033,0.14056012536850743,0.012567054476477086,-0.0022839219104953123,-0.0012753971552444399,0.0,0.0,0.0,0,0,1,1.0
crossover_11_05_02_fps30.mp4,298,0.20386908948421478,-0.0626562074079352,-0.0671193769792231,0.07502055168151855,-0.09817081689834595,0.9952940344810486,-0.07635906338691711,-0.10319724678993225,0.9481021165847778,0.06602263450622559,0.006045311689376831,-0.257912278175354,0.992458164691925,-0.06693804264068604,-0.057357996702194214,-0.47624823451042175,0.8343172669410706,0.13133567571640015,0.2636328637599945,0.9915228486061096,-0.13780522346496582,0.2612868845462799,0.9932861924171448,0.14802471423496394,0.010659205311522753,0.0011905149715703,-0.00018489653781311732,0.0,0.0,0.0,0,0,1,1.0
crossover_11_05_02_fps30.mp4,299,0.20516301691532135,-0.062203373848381704,-0.06788447382973462,0.07251957058906555,-0.09767904877662659,0.9952290058135986,-0.07656234502792358,-0.10430607199668884,0.9420565366744995,0.06832286715507507,0.013150244951248169,-0.23627300560474396,0.9922550320625305,-0.06741371750831604,-0.05810031294822693,-0.4307815134525299,0.8081350922584534,0.1310006082057953,0.2642987072467804,0.9918240308761597,-0.138241708278656,0.2612145245075226,0.9933035969734192,0.15363503909722367,0.011085011737018738,-0.0007650968505115152,0.00045283355955350046,0.0,0.0,0.0,0,0,1,1.0
crossover_11_05_02_fps30.mp4,300,0.2057773470878601,-0.06243488768399774,-0.06779215524836285,0.07118582725524902,-0.0973261296749115,0.9951776266098022,-0.07600554823875427,-0.104981929063797,0.9364219307899475,0.06936794519424438,0.014068752527236938,-0.24058398604393005,0.9921524524688721,-0.06767967343330383,-0.05959978699684143,-0.4650150239467621,0.7920666337013245,0.13085055351257324,0.2644354999065399,0.991941511631012,-0.1385050117969513,0.26104721426963806,0.9932684302330017,0.15515538977610502,0.00972741872876152,9.231858137176419e-05,-0.00023151383561603733,0.0,0.0,0.0,0,0,1,1.0
crossover_11_05_02_fps30.mp4,301,0.20618590712547302,-0.061217465441105734,-0.0676237299674895,0.07002860307693481,-0.0961158275604248,0.9951499104499817,-0.07558265328407288,-0.10586678981781006,0.9339991211891174,0.07158750295639038,0.018532663583755493,-0.2332475632429123,0.9920837879180908,-0.06858491897583008,-0.05835011601448059,-0.43758952617645264,0.781579852104187,0.1308644413948059,0.2649860680103302,0.9921720623970032,-0.138666033744812,0.261501282453537,0.9933813214302063,0.15830377058306905,0.011843955730066021,0.00016842528087335218,0.0012174222428920078,0.0,0.0,0.0,0,0,1,1.0
crossover_11_05_02_fps30.mp4,302,0.20641480386257172,-0.0600664394386744,-0.06825865158220618,0.06933704018592834,-0.09552595019340515,0.9947324991226196,-0.07559183239936829,-0.1066884994506836,0.9294177293777466,0.07301095128059387,0.01664060354232788,-0.22697944939136505,0.9912999868392944,-0.06886759400367737,-0.057248055934906006,-0.44226446747779846,0.765482485294342,0.130874365568161,0.2658305764198303,0.9922727942466736,-0.13879302144050598,0.26198697090148926,0.9933289885520935,0.15785270172331392,0.014095869543430728,-0.000634921614716677,0.0011510260024313324,0.0,0.0,0.0,0,0,1,1.0
crossover_11_05_02_fps30.mp4,303,0.20670512318611145,-0.058641413409831145,-0.06886390898285843,0.06947866082191467,-0.09514859318733215,0.9945690631866455,-0.07548075914382935,-0.10706555843353271,0.9253817796707153,0.07424673438072205,0.015395432710647583,-0.23260916769504547,0.9909506440162659,-0.06907039880752563,-0.05385184288024902,-0.4151900112628937,0.7427873015403748,0.13089147210121155,0.26655593514442444,0.9925857186317444,-0.1387418508529663,0.26198163628578186,0.9934828877449036,0.15734959957313813,0.018279110073918792,-0.0006052574006522593,0.001425026028843257,0.0,0.0,0.0,0,0,1,1.0
crossover_11_05_02_fps30.mp4,304,0.2069421261548996,-0.05724711448459302,-0.06824098592851219,0.06962177157402039,-0.09475934505462646,0.9944417476654053,-0.07547178864479065,-0.1071195900440216,0.9225072860717773,0.07592073082923889,0.014408707618713379,-0.2388456165790558,0.990664541721344,-0.06928867101669312,-0.05283728241920471,-0.41199371218681335,0.7247872352600098,0.13090470433235168,0.2671681046485901,0.9928884506225586,-0.13867062330245972,0.2615818381309509,0.9936359524726868,0.1567311292276648,0.019551807218730802,0.0006229230543462472,0.0013942989252381244,0.0,0.0,0.0,0,0,1,1.0
crossover_11_05_02_fps30.mp4,305,0.2068442851305008,-0.05724061828548627,-0.06789386999316332,0.06972771883010864,-0.09451594948768616,0.9941560626029968,-0.07547736167907715,-0.10669788718223572,0.9184738397598267,0.07637661695480347,0.014388859272003174,-0.24389585852622986,0.990031361579895,-0.06929102540016174,-0.05241921544075012,-0.4226435124874115,0.7058863043785095,0.13091135025024414,0.26760703325271606,0.9931098222732544,-0.1386227011680603,0.26127392053604126,0.9936572313308716,0.15692040367200058,0.019613190590669943,0.00034711593534886287,6.496199106753586e-06,0.0,0.0,0.0,0,0,1,1.0
crossover_11_05_02_fps30.mp4,306,0.20698358118534088,-0.05654414275945241,-0.06703146986845065,0.06977763772010803,-0.09456446766853333,0.9936955571174622,-0.0755852460861206,-0.1066235601902008,0.9155654311180115,0.07707932591438293,0.014455020427703857,-0.2411934733390808,0.9891972541809082,-0.06926128268241882,-0.0534212589263916,-0.4697795808315277,0.6989481449127197,0.13090911507606506,0.2679139971733093,0.9931644797325134,-0.13860651850700378,0.2611542344093323,0.9934744238853455,0.15650967855443554,0.018626955996824877,0.00086240012471267,0.0006964755260338573,0.0,0.0,0.0,0,0,1,1.0
crossover_11_05_02_fps30.mp4,307,0.207075297832489,-0.05529309501082208,-0.066934330434334,0.06997480988502502,-0.0952206552028656,0.9933568835258484,-0.07569476962089539,-0.1064227819442749,0.9128412008285522,0.0773744285106659,0.013634830713272095,-0.24099013209342957,0.9885219931602478,-0.06913074851036072,-0.053520411252975464,-0.4601844251155853,0.6912075281143188,0.13092699646949768,0.2682100832462311,0.9932955503463745,-0.13858583569526672,0.2611744701862335,0.9934043288230896,0.15521617675150193,0.01927210113550965,9.713943411665538e-05,0.0012510477486303295,0.0,0.0,0.0,0,0,1,1.0
crossover_11_05_02_fps30.mp4,308,0.2071966826915741,-0.05376550676458974,-0.0667690487896524,0.07009896636009216,-0.0958830714225769,0.9929598569869995,-0.0756409764289856,-0.10625144839286804,0.9107201099395752,0.07749292254447937,0.013385266065597534,-0.24540260434150696,0.9877525568008423,-0.06884559988975525,-0.0540241003036499,-0.48686689138412476,0.6858116388320923,0.1309897005558014,0.26851293444633484,0.9934223294258118,-0.13852286338806152,0.26118430495262146,0.993323802947998,0.15379690976933977,0.019744440244649157,0.000165281644681603,0.0015275882462323365,0.0,0.0,0.0,0,0,1,1.0
crossover_11_05_02_fps30.mp4,309,0.20733416080474854,-0.05241420541779468,-0.06581740393871216,0.07022711634635925,-0.09635120630264282,0.9925302863121033,-0.07564345002174377,-0.10652211308479309,0.9086698889732361,0.07777222990989685,0.013284832239151001,-0.2443893402814865,0.9869763851165771,-0.06874954700469971,-0.057629942893981934,-0.5106652975082397,0.6873149275779724,0.13111010193824768,0.26894232630729675,0.9935013651847839,-0.138408362865448,0.2612047493457794,0.9932056069374084,0.15233407928520018,0.018272326155140836,0.0009516448509402364,0.001351301346795064,0.0,0.0,0.0,0,0,1,1.0
crossover_11_05_02_fps30.mp4,310,0.2074470967054367,-0.052337517980801884,-0.06577732882848603,0.07032519578933716,-0.09667143225669861,0.9921652674674988,-0.07567012310028076,-0.10674121975898743,0.9065805673599243,0.07796496152877808,0.013274788856506348,-0.2443442940711975,0.986338198184967,-0.06873053312301636,-0.05937880277633667,-0.5138468742370605,0.6878311038017273,0.1311858892440796,0.2692728638648987,0.9935587048530579,-0.1383371651172638,0.26121658086776733,0.993096113204956,0.15240726189006346,0.01759750212652088,4.00751102261343e-05,7.668743699279501e-05,0.0,0.0,0.0,0,0,1,1.0
crossover_11_05_02_fps30.mp4,311,0.2075219452381134,-0.05134388642796017,-0.06575880937459994,0.07041063904762268,-0.09659132361412048,0.991852879524231,-0.0756305456161499,-0.10672688484191895,0.9031298756599426,0.07811596989631653,0.013585954904556274,-0.24519523978233337,0.985807478427887,-0.06869298219680786,-0.05907493829727173,-0.5023446083068848,0.6800505518913269,0.1312268078327179,0.2693537771701813,0.9936425685882568,-0.13830700516700745,0.26112499833106995,0.9930431246757507,0.1518401989527715,0.018592075101370297,1.8519453886089998e-05,0.0009936315528417117,0.0,0.0,0.0,0,0,1,1.0
crossover_11_05_02_fps30.mp4,312,0.20758448541164398,-0.0507825969639471,-0.06534416181285208,0.0704675018787384,-0.09657996892929077,0.9915093779563904,-0.07558766007423401,-0.10683023929595947,0.9006582498550415,0.07812759280204773,0.013522922992706299,-0.23736919462680817,0.9853790998458862,-0.06868717074394226,-0.05880352854728699,-0.49546870589256287,0.680160641670227,0.1312345564365387,0.2693554162979126,0.9937160015106201,-0.1382957100868225,0.26086413860321045,0.9930440187454224,0.15112198414271807,0.019061837418200448,0.00041464756174786066,0.0005612894640130706,0.0,0.0,0.0,0,0,1,1.0
crossover_11_05_02_fps30.mp4,313,0.20764999091625214,-0.04992118144439439,-0.06473257846948577,0.07052195072174072,-0.09656926989555359,0.9913588762283325,-0.07551157474517822,-0.10711997747421265,0.9022618532180786,0.07802724838256836,0.01337769627571106,-0.23271624743938446,0.9854006767272949,-0.06866756081581116,-0.05991300940513611,-0.5012798309326172,0.6967912912368774,0.13128602504730225,0.2691607177257538,0.9937917590141296,-0.13827061653137207,0.2605428993701935,0.9931763410568237,0.14990669003068324,0.019356006445109392,0.0006115833433663065,0.0008614155195527107,0.0,0.0,0.0,0,0,1,1.0
crossover_11_05_02_fps30.mp4,314,0.20768484473228455,-0.049316419181177185,-0.06463015777308767,0.07048511505126953,-0.09656092524528503,0.9911932945251465,-0.07549616694450378,-0.10721221566200256,0.9035378694534302,0.07801342010498047,0.01343613862991333,-0.22292503714561462,0.9854217767715454,-0.06865495443344116,-0.06056416034698486,-0.49799081683158875,0.7122459411621094,0.13135981559753418,0.2688596844673157,0.9937836527824402,-0.13822078704833984,0.2602390646934509,0.9932770729064941,0.14935606652131658,0.01976135827245008,0.00010242069639809781,0.0006047622632172067,0.0,0.0,0.0,0,0,1,1.0
crossover_11_05_02_fps30.mp4,315,0.20773127675056458,-0.049305484456531046,-0.0646835282081511,0.07045692205429077,-0.09658381342887878,0.9910112619400024,-0.07548657059669495,-0.10730203986167908,0.904449999332428,0.07800042629241943,0.013457804918289185,-0.21890832483768463,0.9853621125221252,-0.06864669919013977,-0.061143338680267334,-0.4948292374610901,0.7263253927230835,0.13140755891799927,0.2685856521129608,0.9937903881072998,-0.13818928599357605,0.2600158751010895,0.993381142616272,0.14937490704397796,0.01966254127179142,-5.337043506342676e-05,1.0934724646138871e-05,0.0,0.0,0.0,0,0,1,1.0
crossover_11_05_02_fps30.mp4,316,0.20779165625572205,-0.048548597804570603,-0.06315350023711602,0.07043969631195068,-0.09665220975875854,0.9908121228218079,-0.07546281814575195,-0.10726791620254517,0.9035593271255493,0.07777953147888184,0.013458400964736938,-0.21724514663219452,0.9853213429450989,-0.06853720545768738,-0.061430662870407104,-0.49419039487838745,0.7338916063308716,0.1314513087272644,0.2683718502521515,0.9937214255332947,-0.13816729187965393,0.2598825991153717,0.9933763742446899,0.14774362813339584,0.020062716777704038,0.001530027971035075,0.0007568866519604422,0.0,0.0,0.0,0,0,1,1.0
crossover_11_05_02_fps30.mp4,317,0.20755919814109802,-0.04804281804521204,-0.06214477507079519,0.07050615549087524,-0.09696131944656372,0.9904158711433411,-0.07555031776428223,-0.10619696974754333,0.9033016562461853,0.07763868570327759,0.012986093759536743,-0.2226293981075287,0.9848440289497375,-0.06841108202934265,-0.062432557344436646,-0.509090781211853,0.7457395195960999,0.13153576850891113,0.26780977845191956,0.9935912489891052,-0.13783609867095947,0.25962433218955994,0.9933046698570251,0.1464257075642189,0.02037029691399353,0.001008725166320834,0.00050577975935856,0.0,0.0,0.0,0,0,1,1.0
crossover_11_05_02_fps30.mp4,318,0.206965833902359,-0.047641559475559314,-0.0620013324225821,0.07068982720375061,-0.09751507639884949,0.9902013540267944,-0.07594600319862366,-0.10565048456192017,0.904590904712677,0.07739022374153137,0.012014985084533691,-0.2250993400812149,0.9846720695495605,-0.06843483448028564,-0.06400325894355774,-0.5034863352775574,0.7601422071456909,0.13171586394309998,0.2662312388420105,0.9935158491134644,-0.13755518198013306,0.2592453956604004,0.993259608745575,0.1452974950636099,0.020889423046545886,0.00014344264821308794,0.0004012585696527293,0.0,0.0,0.0,0,0,1,1.0
crossover_11_05_02_fps30.mp4,319,0.20613980293273926,-0.04749411496065431,-0.061755517924704184,0.07143446803092957,-0.09767305850982666,0.990123450756073,-0.07594761252403259,-0.1047484278678894,0.903667688369751,0.0779370367527008,0.011720716953277588,-0.23033827543258667,0.9845001101493835,-0.06779828667640686,-0.06067377328872681,-0.4719299376010895,0.7578365206718445,0.13237276673316956,0.2646680474281311,0.9936497211456299,-0.13691341876983643,0.258378803730011,0.9933928847312927,0.1453675717344933,0.02033296733190293,0.0002458144978779164,0.0001474445149050041,0.0,0.0,0.0,0,0,1,1.0
crossover_11_05_02_fps30.mp4,320,0.20568080246448517,-0.04703410863876345,-0.062474678202373235,0.07192307710647583,-0.0973309874534607,0.9900574684143066,-0.07585868239402771,-0.10452893376350403,0.9029704928398132,0.07823187112808228,0.011729538440704346,-0.23385398089885712,0.9843591451644897,-0.06740093231201172,-0.05927985906600952,-0.46194368600845337,0.7560379505157471,0.13283026218414307,0.2639492154121399,0.9937728047370911,-0.13644498586654663,0.25806695222854614,0.9935262799263,0.14559475077955453,0.020615876790747025,-0.0007191602776690509,0.0004600063218908601,0.0,0.0,0.0,0,0,1,1.0
crossover_11_05_02_fps30.mp4,321,0.20541459321975708,-0.04738920492640997,-0.06253382141997177,0.07224681973457336,-0.09673985838890076,0.9899853467941284,-0.07583779096603394,-0.10416635870933533,0.9026706218719482,0.0784635841846466,0.011888444423675537,-0.23477010428905487,0.9843090176582336,-0.06711483001708984,-0.0596809983253479,-0.46499234437942505,0.7608770132064819,0.13307008147239685,0.26304781436920166,0.9938438534736633,-0.13621026277542114,0.2573961019515991,0.9935892820358276,0.14621080049139526,0.019930852586562343,-5.9143217598534026e-05,-0.0003550962876465169,0.0,0.0,0.0,0,0,1,1.0
crossover_11_05_02_fps30.mp4,322,0.20561154186725616,-0.04751138131497268,-0.06378873921022182,0.07235768437385559,-0.0962706208229065,0.9899578094482422,-0.07574567198753357,-0.10445094108581543,0.9022808074951172,0.07842668890953064,0.01246681809425354,-0.23200057446956635,0.984281599521637,-0.06676992774009705,-0.06246215105056763,-0.4907325208187103,0.7680346369743347,0.13330593705177307,0.26280859112739563,0.9939839243888855,-0.13598361611366272,0.25762996077537537,0.9937669038772583,0.1472253631399429,0.019304182100104768,-0.0012549177902500541,-0.0001221763885627114,0.0,0.0,0.0,0,0,1,1.0
crossover_11_05_02_fps30.mp4,323,0.20613424479961395,-0.04810196191577587,-0.06854260113181138,0.07236573100090027,-0.09628996253013611,0.9898024797439575,-0.07521113753318787,-0.10536506772041321,0.9020156860351562,0.07794228196144104,0.012421965599060059,-0.22218474745750427,0.9841024279594421,-0.06621053814888,-0.06669944524765015,-0.5047969222068787,0.7765917778015137,0.13376936316490173,0.26263320446014404,0.9940597414970398,-0.13546323776245117,0.2578175663948059,0.9938880801200867,0.14980791861746515,0.018202136050570056,-0.004753861921589553,-0.0005905806008031922,0.0,0.0,0.0,0,0,1,1.0
crossover_11_05_02_fps30.mp4,324,0.2070130705833435,-0.05011740458213676,-0.08249727356724623,0.07216900587081909,-0.09661203622817993,0.9897480010986328,-0.07336223125457764,-0.11000022292137146,0.8932954668998718,0.07747972011566162,0.012392908334732056,-0.22313441336154938,0.9836207032203674,-0.06329149007797241,-0.06780433654785156,-0.45655062794685364,0.7485921382904053,0.13400131464004517,0.262516051530838,0.9942580461502075,-0.13520383834838867,0.25829216837882996,0.9941515326499939,0.1590131216363481,0.019734207025048807,-0.013954672435434856,-0.0020154426663608893,0.0,0.0,0.0,0,0,1,1.0
crossover_11_05_02_fps30.mp4,325,0.20754970610141754,-0.049945764723470676,-0.0824549462737107,0.07206717133522034,-0.09691068530082703,0.9896804094314575,-0.07255598902702332,-0.11229020357131958,0.8863650560379028,0.0772077739238739,0.012357711791992188,-0.22297608852386475,0.9832019209861755,-0.062302738428115845,-0.06810551881790161,-0.4522344470024109,0.7240706086158752,0.13412979245185852,0.26243168115615845,0.9944353699684143,-0.13502594828605652,0.2584131956100464,0.9943786263465881,0.15861104160816059,0.01893675968709588,4.232729353553788e-05,0.0001716398586660839,0.0,0.0,0.0,0,0,1,1.0
crossover_11_05_02_fps30.mp4,326,0.20754040777683258,-0.05122422293081119,-0.10636200337875179,0.07225605845451355,-0.09630608558654785,0.9893427491188049,-0.06992271542549133,-0.11514383554458618,0.8793259859085083,0.0771239697933197,0.013420134782791138,-0.22403274476528168,0.9820619821548462,-0.059191733598709106,-0.08510217070579529,-0.5362252593040466,0.7058587670326233,0.13425269722938538,0.26357391476631165,0.9944659471511841,-0.1348123848438263,0.2596833407878876,0.9944281578063965,0.17555916153280524,0.022703781877149363,-0.023907057105041096,-0.001278458207340516,0.0,0.0,0.0,0,0,1,1.0
crossover_11_05_02_fps30.mp4,327,0.20734909176826477,-0.050220420603024785,-0.14685481946642803,0.0723157525062561,-0.09578889608383179,0.9894054532051086,-0.06994807720184326,-0.10532519221305847,0.884346604347229,0.0768088698387146,0.01392325758934021,-0.21274183690547943,0.9827390909194946,-0.05733013153076172,-0.10328149795532227,-0.5270012021064758,0.7258453965187073,0.1339917778968811,0.2639353573322296,0.9944717288017273,-0.1348792016506195,0.2603761851787567,0.9944959282875061,0.2049049308627841,0.0441495451503883,-0.04049281608767624,0.0010038023277864072,0.0,0.0,0.0,0,0,1,1.0
crossover_11_05_02_fps30.mp4,328,0.20723307132720947,-0.04955649345608082,-0.190114847479797,0.07259336113929749,-0.09595674276351929,0.9897338151931763,-0.06958544254302979,-0.09281754493713379,0.8910146355628967,0.07654926180839539,0.013360351324081421,-0.19678756594657898,0.9839422702789307,-0.05930754542350769,-0.10857489705085754,-0.5141193866729736,0.7508235573768616,0.13370653986930847,0.264036625623703,0.9944368004798889,-0.13492640852928162,0.26055023074150085,0.99455326795578,0.23938424768372252,0.0821209262638054,-0.04326002801336898,0.0006639271469439656,0.0,0.0,0.0,0,0,1,1.0
crossover_11_05_02_fps30.mp4,329,0.20576277375221252,-0.04960001080723131,-0.22814857610842076,0.07319885492324829,-0.09606388211250305,0.9901053309440613,-0.06867650151252747,-0.0871216356754303,0.8992165923118591,0.07623052597045898,0.013283193111419678,-0.23046903312206268,0.9851078987121582,-0.06299525499343872,-0.10102653503417969,-0.5125413537025452,0.7753495573997498,0.1333799958229065,0.2640109062194824,0.994294285774231,-0.13517138361930847,0.2605322599411011,0.9944929480552673,0.2722547027589863,0.12782584204177636,-0.03803372862862375,-4.351735115049049e-05,0.0,0.0,0.0,0,0,1,1.0
crossover_11_05_02_fps30.mp4,330,0.2051810771226883,-0.04982098179348443,-0.22815846960719038,0.07350534200668335,-0.09629768133163452,0.9903796911239624,-0.06826058030128479,-0.08548185229301453,0.9066063165664673,0.07602334022521973,0.013026416301727295,-0.23495244979858398,0.9861229658126831,-0.06502211093902588,-0.09877347946166992,-0.508111298084259,0.7974503636360168,0.13315081596374512,0.2639595866203308,0.994152307510376,-0.13538628816604614,0.2605533003807068,0.99444979429245,0.27204217058251273,0.13027490165897596,-9.893498769619757e-06,-0.00022097098625312173,0.0,0.0,0.0,0,0,1,1.0
crossover_11_05_02_fps30.mp4,331,0.2053236961364746,-0.04999117780539947,-0.26062937684175447,0.07359406352043152,-0.09620130062103271,0.9907299280166626,-0.06906116008758545,-0.08554363250732422,0.9126842021942139,0.07554909586906433,0.013115286827087402,-0.23897425830364227,0.9871880412101746,-0.0674901008605957,-0.10327500104904175,-0.49186840653419495,0.8173146843910217,0.13247790932655334,0.2640717625617981,0.9939783215522766,-0.13611292839050293,0.26066476106643677,0.9943602681159973,0.301158598086501,0.15832438816937186,-0.032470907234564084,-0.00017019601191503586,0.0,0.0,0.0,0,0,1,1.0
crossover_11_05_02_fps30.mp4,332,0.2059919238090515,-0.049152923337483834,-0.28626183169644054,0.07405790686607361,-0.09616929292678833,0.9912081956863403,-0.07131743431091309,-0.08702701330184937,0.918901264667511,0.07541623711585999,0.012903541326522827,-0.22290003299713135,0.9882380962371826,-0.06766727566719055,-0.11568877100944519,-0.4839319884777069,0.835150420665741,0.1322403848171234,0.263920396566391,0.9940764904022217,-0.13632234930992126,0.2603696882724762,0.9944616556167603,0.3240638766540012,0.17157491155270316,-0.02563245485468607,0.0008382544679156334,0.0,0.0,0.0,0,0,1,1.0
crossover_11_05_02_fps30.mp4,333,0.2066589742898941,-0.048584604364330486,-0.30577117815250304,0.0742848813533783,-0.09641814231872559,0.9915870428085327,-0.07304087281227112,-0.0884053111076355,0.9229174852371216,0.07521083950996399,0.012514233589172363,-0.19022756814956665,0.9891771078109741,-0.06740143895149231,-0.12649774551391602,-0.46291986107826233,0.8506304621696472,0.13210329413414001,0.2636762857437134,0.9941155314445496,-0.13651180267333984,0.26004558801651,0.994479775428772,0.3415126868091454,0.1802582506125659,-0.019509346456062504,0.0005683189731533478,0.0,0.0,0.0,0,0,1,1.0
crossover_11_05_02_fps30.mp4,334,0.20745886862277985,-0.04700121071379065,-0.3177366961793202,0.0744696855545044,-0.0966971218585968,0.9918862581253052,-0.07404527068138123,-0.08941444754600525,0.9265636205673218,0.07493895292282104,0.011741429567337036,-0.18629246950149536,0.9900029897689819,-0.06508302688598633,-0.1342335343360901,-0.45521581172943115,0.8644464015960693,0.13197052478790283,0.26339849829673767,0.9940947890281677,-0.1366748809814453,0.2596975862979889,0.9944438338279724,0.3513192833495675,0.184391872062051,-0.011965518026817168,0.0015833936505398327,0.0,0.0,0.0,0,0,1,1.0
crossover_11_05_02_fps30.mp4,335,0.20796652138233185,-0.04714559478274849,-0.3179294567282607,0.07455462217330933,-0.09690535068511963,0.992133617401123,-0.07480010390281677,-0.09011131525039673,0.9298874735832214,0.07476043701171875,0.011098355054855347,-0.184726282954216,0.9907298684120178,-0.06385546922683716,-0.13594040274620056,-0.451820969581604,0.8769123554229736,0.13185590505599976,0.2631884515285492,0.9940778613090515,-0.1367829144001007,0.259420782327652,0.9943917989730835,0.3508851400596202,0.18275457770798081,-0.00019276054894046268,-0.00014438406895783684,0.0,0.0,0.0,0,0,1,1.0
crossover_11_05_02_fps30.mp4,336,0.20873966813087463,-0.046331145096633386,-0.32373738390643425,0.07464858889579773,-0.09695741534233093,0.9923405051231384,-0.07531538605690002,-0.09067866206169128,0.933747410774231,0.07448551058769226,0.010509341955184937,-0.18393947184085846,0.9913519024848938,-0.061800599098205566,-0.1383761465549469,-0.45760378241539,0.888356626033783,0.13187739253044128,0.2629365026950836,0.9941679239273071,-0.13676095008850098,0.2591424882411957,0.9944314360618591,0.3554117865799576,0.186005624429965,-0.0058079271781735775,0.000814449686115104,0.0,0.0,0.0,0,0,1,1.0
crossover_11_05_02_fps30.mp4,337,0.20908164978027344,-0.044459133431062836,-0.32238176944779184,0.07464146614074707,-0.09694480895996094,0.9924138784408569,-0.07514739036560059,-0.09085997939109802,0.9369442462921143,0.0739392638206482,0.009142398834228516,-0.18059486150741577,0.9918376803398132,-0.05995568633079529,-0.14142313599586487,-0.45698440074920654,0.898316502571106,0.13188153505325317,0.26285165548324585,0.9942417740821838,-0.1367248296737671,0.2589704990386963,0.9944980144500732,0.3520318943318337,0.18162095190963812,0.0013556144586424068,0.0018720116655705499,0.0,0.0,0.0,0,0,1,1.0
crossover_11_05_02_fps30.mp4,338,0.20954009890556335,-0.042978496975817904,-0.3145453073629519,0.07481679320335388,-0.09681916236877441,0.9925743937492371,-0.07415410876274109,-0.09097248315811157,0.9399807453155518,0.07320311665534973,0.008435159921646118,-0.18497464060783386,0.9923312067985535,-0.05664545297622681,-0.13937214016914368,-0.4605090618133545,0.9074362516403198,0.13206163048744202,0.26286301016807556,0.9943224787712097,-0.1365087330341339,0.258845716714859,0.9945415258407593,0.3432412411021135,0.17570550415689032,0.007836462084839957,0.0014806364552449325,0.0,0.0,0.0,0,0,1,1.0
crossover_11_05_02_fps30.mp4,339,0.2096712738275528,-0.041971588841939356,-0.299365683154362,0.07493236660957336,-0.0959542989730835,0.9928671717643738,-0.07185408473014832,-0.09092831611633301,0.9424574971199036,0.07220295071601868,0.00827530026435852,-0.19895324110984802,0.9928834438323975,-0.053858399391174316,-0.1368345320224762,-0.46530693769454956,0.9157926440238953,0.13222679495811462,0.26307734847068787,0.9944876432418823,-0.13631859421730042,0.2589370310306549,0.9946240782737732,0.32814448062112705,0.16296524584490188,0.01517962420858987,0.001006908133878548,0.0,0.0,0.0,0,0,1,1.0
crossover_11_05_02_fps30.mp4,340,0.20969617366790771,-0.041835577508150534,-0.29924058550741617,0.07500556111335754,-0.09546130895614624,0.9931238889694214,-0.07067814469337463,-0.09092211723327637,0.9447619318962097,0.07169666886329651,0.008134812116622925,-0.20634281635284424,0.9933748841285706,-0.05281186103820801,-0.13577252626419067,-0.47393518686294556,0.9233225584030151,0.13234838843345642,0.26329830288887024,0.9946734309196472,-0.13618388772010803,0.2590053975582123,0.9947169423103333,0.32767240657504726,0.1638361534975687,0.00012509764694584868,0.00013601133378882135,0.0,0.0,0.0,0,0,1,1.0
crossover_11_05_02_fps30.mp4,341,0.20823590457439423,-0.04002210124064298,-0.27655424751886504,0.07517904043197632,-0.09536364674568176,0.9933957457542419,-0.06862768530845642,-0.09143999218940735,0.9421892762184143,0.07092630863189697,0.008175551891326904,-0.22740225493907928,0.993823230266571,-0.050048261880874634,-0.1351977288722992,-0.48853936791419983,0.9291894435882568,0.13256698846817017,0.263474702835083,0.9945314526557922,-0.13596227765083313,0.25899171829223633,0.9944193363189697,0.3055824084030579,0.1417116412333886,0.02268633798855113,0.0018134762675075522,0.0,0.0,0.0,0,0,1,1.0
crossover_11_05_02_fps30.mp4,342,0.20723068714141846,-0.038383798983137485,-0.24717586055034546,0.07515349984169006,-0.09544610977172852,0.9934577345848083,-0.0657343864440918,-0.09174379706382751,0.9427450299263,0.06999775767326355,0.008388727903366089,-0.23349614441394806,0.9941363334655762,-0.04706957936286926,-0.1325213611125946,-0.48647651076316833,0.9353200197219849,0.1327228844165802,0.26349255442619324,0.9941917061805725,-0.135809987783432,0.25889071822166443,0.9939342737197876,0.27759650699311694,0.11498302927878594,0.029378386968519576,0.0016383022575054973,0.0,0.0,0.0,0,0,1,1.0
crossover_11_05_02_fps30.mp4,343,0.21186037361621857,-0.03711850461313282,-0.21301922303874316,0.07517564296722412,-0.094745934009552,0.9932345747947693,-0.06438073515892029,-0.09196648001670837,0.9462637305259705,0.06914913654327393,0.008732616901397705,-0.20367714762687683,0.9940391182899475,-0.046078890562057495,-0.13196703791618347,-0.4706527590751648,0.9412938356399536,0.13275903463363647,0.26353907585144043,0.9943351149559021,-0.13576936721801758,0.2587795853614807,0.9940772652626038,0.24589975614828227,0.08154597003834936,0.034156637511602306,0.001265294370004666,0.0,0.0,0.0,0,0,1,1.0
crossover_11_05_02_fps30.mp4,344,0.21163880825042725,-0.03498505172082933,-0.19214978087239148,0.0745207667350769,-0.09495985507965088,0.9926872253417969,-0.06445252895355225,-0.09231376647949219,0.9488124847412109,0.06788557767868042,0.00808688998222351,-0.2040306031703949,0.9936478137969971,-0.045934855937957764,-0.12918990850448608,-0.4808582365512848,0.9462080001831055,0.1325078010559082,0.26335451006889343,0.9943310618400574,-0.13604891300201416,0.257763534784317,0.9940297603607178,0.22511572745588146,0.06390495865718389,0.02086944216635167,0.002133452892303489,0.0,0.0,0.0,0,0,1,1.0
crossover_11_05_02_fps30.mp4,345,0.21149708330631256,-0.03519597740496616,-0.19263901797736566,0.07405227422714233,-0.0951278805732727,0.9922561049461365,-0.06459939479827881,-0.0926554799079895,0.9510591626167297,0.06718271970748901,0.007688283920288086,-0.20384837687015533,0.993362307548523,-0.04603472352027893,-0.12756389379501343,-0.48193323612213135,0.9506165981292725,0.1323392391204834,0.263269305229187,0.9943242073059082,-0.13625168800354004,0.25718003511428833,0.9939932227134705,0.22497205494913705,0.06597158634367353,-0.0004892371049741717,-0.00021092568413683122,0.0,0.0,0.0,0,0,1,1.0
crossover_11_05_02_fps30.mp4,346,0.20989960432052612,-0.03389090047044274,-0.18083439207658536,0.07328084111213684,-0.09502279758453369,0.9916492104530334,-0.06541690230369568,-0.09262382984161377,0.9530253410339355,0.06657299399375916,0.007723063230514526,-0.2039833515882492,0.9926049709320068,-0.04421842098236084,-0.11998540163040161,-0.4850786626338959,0.9541974067687988,0.13184502720832825,0.2634778916835785,0.9942526817321777,-0.13677272200584412,0.2571087181568146,0.9938944578170776,0.21365137032746423,0.06171918112097608,0.011804625900780297,0.0013050769345234192,0.0,0.0,0.0,0,0,1,1.0
crossover_11_05_02_fps30.mp4,347,0.20882536470890045,-0.03161963365845766,-0.16853364720577146,0.07286542654037476,-0.09493815898895264,0.9910774230957031,-0.06579315662384033,-0.09253951907157898,0.9547643661499023,0.06650614738464355,0.007789820432662964,-0.22221149504184723,0.9916892051696777,-0.039861321449279785,-0.11559474468231201,-0.4992997646331787,0.9571712017059326,0.13169097900390625,0.26366952061653137,0.9941419959068298,-0.13694176077842712,0.25710901618003845,0.9937317371368408,0.20178858774807032,0.05357660700370758,0.012300744870813896,0.0022712668119850843,0.0,0.0,0.0,0,0,1,1.0
crossover_11_05_02_fps30.mp4,348,0.20829811692237854,-0.031050316155967095,-0.1603035447074146,0.07259476184844971,-0.09480240941047668,0.9906290769577026,-0.0659591555595398,-0.09304061532020569,0.9554980397224426,0.06657028198242188,0.0076430439949035645,-0.2266789823770523,0.9907156825065613,-0.040343642234802246,-0.1112193763256073,-0.5045419335365295,0.9584762454032898,0.13167506456375122,0.2641122341156006,0.9940927028656006,-0.13696438074111938,0.2574887275695801,0.9936306476593018,0.1942571435948816,0.04995619576530191,0.008230102498356873,0.0005693175024905628,0.0,0.0,0.0,0,0,1,1.0
crossover_11_05_02_fps30.mp4,349,0.20793071389198303,-0.03107593918250784,-0.1599567490379985,0.07238700985908508,-0.09478092193603516,0.9902135133743286,-0.06609046459197998,-0.09341517090797424,0.9561336040496826,0.06664660573005676,0.007515639066696167,-0.2277783900499344,0.9898187518119812,-0.04043963551521301,-0.10961872339248657,-0.5046470761299133,0.9596114158630371,0.13166269659996033,0.26443377137184143,0.9940615892410278,-0.1369771659374237,0.2577448785305023,0.99354487657547,0.19389867601837224,0.051201519849505765,0.00034679566941608897,-2.562302654074422e-05,0.0,0.0,0.0,0,0,1,1.0
crossover_11_05_02_fps30.mp4,350,0.20700499415397644,-0.0308276341123096,-0.15303306390599508,0.07219210267066956,-0.09395009279251099,0.989918053150177,-0.06621477007865906,-0.093595951795578,0.9562135934829712,0.06679341197013855,0.007932513952255249,-0.2271510511636734,0.9890792965888977,-0.03979036211967468,-0.10685205459594727,-0.5047667026519775,0.9593667387962341,0.13162943720817566,0.2654218375682831,0.993976891040802,-0.1370161473751068,0.25867798924446106,0.9934314489364624,0.18825457735065013,0.04704270521801153,0.006923685132003421,0.00024830507019824033,0.0,0.0,0.0,0,0,1,1.0
crossover_11_05_02_fps30.mp4,351,0.20678330957889557,-0.030456717943741052,-0.14632764182439667,0.0721169114112854,-0.09376278519630432,0.9896385669708252,-0.06637027859687805,-0.09319698810577393,0.9553976058959961,0.0669669508934021,0.008276402950286865,-0.2263137251138687,0.9883509874343872,-0.03998076915740967,-0.10462772846221924,-0.5019826889038086,0.9576729536056519,0.13160663843154907,0.26594632863998413,0.9939678907394409,-0.1370353102684021,0.2591720223426819,0.9933789372444153,0.18273965609681356,0.04277371068698257,0.006705422081598411,0.0003709161685685469,0.0,0.0,0.0,0,0,1,1.0
crossover_11_05_02_fps30.mp4,352,0.2069217711687088,-0.03133406295614727,-0.14416310336531662,0.0720943808555603,-0.09379133582115173,0.989597737789154,-0.0665179193019867,-0.09305587410926819,0.9541090726852417,0.0670965313911438,0.008419603109359741,-0.23048439621925354,0.9879029393196106,-0.03991591930389404,-0.10235053300857544,-0.501224160194397,0.9548792839050293,0.13160330057144165,0.26612451672554016,0.994051456451416,-0.13704705238342285,0.2593376338481903,0.9934310913085938,0.18157660702496403,0.04268418088953791,0.0021645384590800454,-0.0008773450124062165,0.0,0.0,0.0,0,0,1,1.0
crossover_11_05_02_fps30.mp4,353,0.2068636268377304,-0.0319620916398905,-0.14425392906840256,0.07204180955886841,-0.0939684808254242,0.9894767999649048,-0.06660237908363342,-0.0929979681968689,0.9534356594085693,0.06717789173126221,0.008484303951263428,-0.23218916356563568,0.9874210357666016,-0.04013007879257202,-0.10127890110015869,-0.50372314453125,0.9535287022590637,0.13157624006271362,0.26634424924850464,0.9940263628959656,-0.13708561658859253,0.2595444321632385,0.993403434753418,0.1820925702185628,0.04374436012788064,-9.08257030859394e-05,-0.0006280286837432314,0.0,0.0,0.0,0,0,1,1.0
crossover_11_05_02_fps30.mp4,354,0.2068415880203247,-0.03199290582689185,-0.14408273013626655,0.07201069593429565,-0.09401071071624756,0.9893823266029358,-0.06667432188987732,-0.09295764565467834,0.9528726935386658,0.06727826595306396,0.008506149053573608,-0.23272283375263214,0.9870051741600037,-0.040325045585632324,-0.1006617546081543,-0.5037227272987366,0.9523915648460388,0.13155364990234375,0.26649484038352966,0.9939895272254944,-0.13711115717887878,0.2596983015537262,0.9933767914772034,0.1820388189342513,0.04421318433196264,0.00017119893213601856,-3.081418700134897e-05,0.0,0.0,0.0,0,0,1,1.0
crossover_11_05_02_fps30.mp4,355,0.20684212446212769,-0.032244337817369906,-0.14371501803398135,0.07196170091629028,-0.09415897727012634,0.9892424941062927,-0.0668647289276123,-0.09291407465934753,0.9520298838615417,0.06727451086044312,0.008294612169265747,-0.23462708294391632,0.9865393042564392,-0.04041010141372681,-0.10018828511238098,-0.505066990852356,0.9508678317070007,0.13153046369552612,0.26645925641059875,0.9939600229263306,-0.13713327050209045,0.259708434343338,0.9933807849884033,0.1816890996088796,0.044286072008475945,0.00036771210228520035,-0.0002514319904780571,0.0,0.0,0.0,0,0,1,1.0
crossover_11_05_02_fps30.mp4,356,0.2067582756280899,-0.03336808701693006,-0.1437049304566732,0.07180905342102051,-0.09436526894569397,0.9891443848609924,-0.06701558828353882,-0.0928424596786499,0.9515500664710999,0.06735432147979736,0.008076131343841553,-0.23442897200584412,0.9862399101257324,-0.04101860523223877,-0.10025835037231445,-0.5046784281730652,0.9501946568489075,0.13153183460235596,0.26647812128067017,0.9938900470733643,-0.13713374733924866,0.259770929813385,0.9933649897575378,0.1821606277291372,0.044115028618254,1.0087577308137696e-05,-0.0011237491995601534,0.0,0.0,0.0,0,0,1,1.0
crossover_11_05_02_fps30.mp4,357,0.2066163569688797,-0.03440457895650706,-0.14382411910266413,0.07167419791221619,-0.09435591101646423,0.9890711307525635,-0.06717798113822937,-0.09256607294082642,0.9509567618370056,0.06735578179359436,0.008215069770812988,-0.23488366603851318,0.9860289096832275,-0.04215848445892334,-0.10052105784416199,-0.5080220103263855,0.9497326016426086,0.13151904940605164,0.2666164040565491,0.9938195943832397,-0.1371515691280365,0.25998395681381226,0.9933695793151855,0.18295104802458945,0.0439917965636548,-0.00011918864599091972,-0.001036491939577,0.0,0.0,0.0,0,0,1,1.0
crossover_11_05_02_fps30.mp4,358,0.20636634528636932,-0.035510657803486945,-0.1443188984219621,0.07153671979904175,-0.09438174962997437,0.9890015721321106,-0.06735068559646606,-0.09207707643508911,0.9507982730865479,0.06734919548034668,0.008486449718475342,-0.23442432284355164,0.9858587980270386,-0.04288628697395325,-0.10114535689353943,-0.5078374743461609,0.9499495029449463,0.1314883828163147,0.26684653759002686,0.9936908483505249,-0.13718745112419128,0.2603035569190979,0.9933400750160217,0.1841999561289092,0.04379902503214736,-0.0004947793192979777,-0.0011060788469798855,0.0,0.0,0.0,0,0,1,1.0
crossover_11_05_02_fps30.mp4,359,0.2062201201915741,-0.035535854101180986,-0.14415885311801258,0.0714699923992157,-0.09437096118927002,0.9889092445373535,-0.0674808919429779,-0.09175920486450195,0.9504576921463013,0.06736156344413757,0.00865146517753601,-0.2348024845123291,0.9856099486351013,-0.04333582520484924,-0.10154739022254944,-0.508116602897644,0.9498565196990967,0.13146665692329407,0.2670007646083832,0.9935656785964966,-0.13721081614494324,0.26049211621284485,0.9933040738105774,0.18422505778281767,0.04331946813280942,0.00016004530394952976,-2.5196297694041192e-05,0.0,0.0,0.0,0,0,1,1.0
crossover_11_05_02_fps30.mp4,360,0.2060498595237732,-0.036545205924470525,-0.14377723801426773,0.0714343786239624,-0.09438923001289368,0.9887599945068359,-0.06752464175224304,-0.09140205383300781,0.9506028890609741,0.06737369298934937,0.00873449444770813,-0.23433144390583038,0.98537278175354,-0.04412272572517395,-0.10273250937461853,-0.5075576901435852,0.9507578611373901,0.131461501121521,0.26709678769111633,0.9933805465698242,-0.13722175359725952,0.2605868875980377,0.993195652961731,0.18455071414116503,0.04173833436341814,0.00038161510374484786,-0.0010093518232895393,0.0,0.0,0.0,0,0,1,1.0
crossover_11_05_02_fps30.mp4,361,0.20584331452846527,-0.03727111816406248,-0.14321751405553118,0.07139801979064941,-0.09437257051467896,0.9886890649795532,-0.06758055090904236,-0.09127306938171387,0.9512456655502319,0.06737774610519409,0.008800536394119263,-0.23392564058303833,0.9853187799453735,-0.04414227604866028,-0.10422778129577637,-0.50658118724823,0.9522530436515808,0.13145709037780762,0.26717445254325867,0.9931733012199402,-0.13723957538604736,0.26065269112586975,0.9930534958839417,0.1845558789509501,0.03959055533018157,0.0005597239587365466,-0.0007259122395919526,0.0,0.0,0.0,0,0,1,1.0
crossover_11_05_02_fps30.mp4,362,0.2056676298379898,-0.038040552603996414,-0.14236552933367286,0.07134798169136047,-0.09436768293380737,0.9886280298233032,-0.06763976812362671,-0.09126195311546326,0.9503536224365234,0.06736859679222107,0.008836239576339722,-0.22963887453079224,0.9852553606033325,-0.04466426372528076,-0.10460951924324036,-0.5048245787620544,0.9516335725784302,0.1314513385295868,0.2672574818134308,0.9929936528205872,-0.13726073503494263,0.260718435049057,0.9929274320602417,0.1843178333692943,0.038332621185709,0.0008519847218583232,-0.0007694344399339359,0.0,0.0,0.0,0,0,1,1.0
crossover_11_05_02_fps30.mp4,363,0.2056070864200592,-0.03848825097084041,-0.1414105110052155,0.071321040391922,-0.09437176585197449,0.9885717630386353,-0.0676831305027008,-0.09170812368392944,0.9486756920814514,0.06736156344413757,0.008793830871582031,-0.22338810563087463,0.9852019548416138,-0.045642197132110596,-0.10464733839035034,-0.5002732872962952,0.9499180912971497,0.1314525306224823,0.2672995924949646,0.9928746819496155,-0.1372746229171753,0.260728120803833,0.992851734161377,0.1837539864338381,0.0374527676732805,0.0009550183284573466,-0.000447698366843996,0.0,0.0,0.0,0,0,1,1.0
crossover_11_05_02_fps30.mp4,364,0.20555716753005981,-0.03854192081144303,-0.1413810032169993,0.07128676772117615,-0.09437939524650574,0.9885163903236389,-0.06771606206893921,-0.0919678807258606,0.9470787644386292,0.06735005974769592,0.00875622034072876,-0.2209514081478119,0.9851592779159546,-0.046173423528671265,-0.10464435815811157,-0.49721261858940125,0.9483956098556519,0.13145020604133606,0.2673344612121582,0.9927842617034912,-0.13728877902030945,0.26074475049972534,0.9927940964698792,0.1837234264985287,0.03752093980573731,2.9507788216198705e-05,-5.366984060262148e-05,0.0,0.0,0.0,0,0,1,1.0
crossover_11_05_02_fps30.mp4,365,0.2054978609085083,-0.03889001466460151,-0.14028847566465052,0.07123786211013794,-0.09433305263519287,0.9883870482444763,-0.06772664189338684,-0.09199544787406921,0.9455354809761047,0.06732809543609619,0.008788645267486572,-0.22040796279907227,0.9849699139595032,-0.046376168727874756,-0.10481411218643188,-0.49733996391296387,0.9470059275627136,0.13142287731170654,0.26740390062332153,0.9926820993423462,-0.13732126355171204,0.26079118251800537,0.9927241802215576,0.18304719309177886,0.036255661169586124,0.0010925275523487876,-0.00034809385315848207,0.0,0.0,0.0,0,0,1,1.0
crossover_11_05_02_fps30.mp4,366,0.2055087685585022,-0.03891912143109211,-0.1399921731251042,0.07120421528816223,-0.09435257315635681,0.988307774066925,-0.06773778796195984,-0.09208068251609802,0.9448199272155762,0.06732764840126038,0.008763790130615234,-0.22036008536815643,0.9848776459693909,-0.04671740531921387,-0.10478442907333374,-0.4958014488220215,0.9468445777893066,0.13142463564872742,0.2674086093902588,0.9925998449325562,-0.13732334971427917,0.26076602935791016,0.9926575422286987,0.1828023870302186,0.03606103815497715,0.0002963025395463226,-2.9106766490594183e-05,0.0,0.0,0.0,0,0,1,1.0
crossover_11_05_02_fps30.mp4,367,0.20549608767032623,-0.038957801713781826,-0.139837788372505,0.0711774230003357,-0.09435036778450012,0.9881944060325623,-0.0677577555179596,-0.09208336472511292,0.9448925852775574,0.0673530101776123,0.008738994598388672,-0.22074130177497864,0.9847391843795776,-0.04684913158416748,-0.10477536916732788,-0.4968265891075134,0.947676956653595,0.13141494989395142,0.26740723848342896,0.9925317764282227,-0.13731631636619568,0.26073968410491943,0.992608368396759,0.18269386733819892,0.035939481460405265,0.00015438475259921258,-3.8680282689718126e-05,0.0,0.0,0.0,0,0,1,1.0
crossover_11_05_02_fps30.mp4,368,0.20533184707164764,-0.03898438679969918,-0.13969601770726647,0.07115823030471802,-0.0943288505077362,0.9881547689437866,-0.06779944896697998,-0.09173038601875305,0.9452686905860901,0.06727355718612671,0.008807957172393799,-0.22552236914634705,0.9847208857536316,-0.04688498377799988,-0.1047920286655426,-0.5023504495620728,0.9488693475723267,0.13138651847839355,0.2674068808555603,0.9923959970474243,-0.13733363151550293,0.2607327699661255,0.9924893975257874,0.18260389156629078,0.035786979247183104,0.00014177066523851645,-2.6585085917352203e-05,0.0,0.0,0.0,0,0,1,1.0
crossover_11_05_02_fps30.mp4,369,0.20520202815532684,-0.03903489850335207,-0.1396877112911969,0.07114610075950623,-0.09428942203521729,0.9881095886230469,-0.06784617900848389,-0.0913737416267395,0.9457237720489502,0.06718876957893372,0.008856922388076782,-0.22892862558364868,0.9846815466880798,-0.04692047834396362,-0.10484433174133301,-0.5064834952354431,0.9500367045402527,0.13135883212089539,0.2674083411693573,0.992275595664978,-0.13735726475715637,0.2607310712337494,0.9923864603042603,0.18261701962239232,0.035724549932483855,8.306416069581157e-06,-5.051170365288904e-05,0.0,0.0,0.0,0,0,1,1.0
crossover_11_05_02_fps30.mp4,370,0.205033078789711,-0.03916632543175902,-0.14038412018520074,0.07124072313308716,-0.09405863285064697,0.9878638386726379,-0.06785526871681213,-0.09144285321235657,0.9453535079956055,0.06717729568481445,0.008867502212524414,-0.23510882258415222,0.9841426014900208,-0.04692643880844116,-0.10495215654373169,-0.5168460011482239,0.9496134519577026,0.13135313987731934,0.26729434728622437,0.992134690284729,-0.13736090064048767,0.26064008474349976,0.992243766784668,0.18326214159105111,0.03627179906083163,-0.0006964088940038526,-0.00013142692840695247,0.0,0.0,0.0,0,0,1,1.0
crossover_11_05_02_fps30.mp4,371,0.20468516647815704,-0.03966536855293534,-0.14164840898862702,0.0712917149066925,-0.09451821446418762,0.9878005385398865,-0.06779807806015015,-0.09142428636550903,0.9459325671195984,0.06844767928123474,9.199976921081543e-05,-0.20399512350559235,0.9844395518302917,-0.047095268964767456,-0.10492226481437683,-0.49346381425857544,0.9503790140151978,0.1314304769039154,0.26733991503715515,0.9922400712966919,-0.1372866928577423,0.26069018244743347,0.9924139380455017,0.1782660219638967,0.03747016261023635,-0.0012642888034262723,-0.0004990431211763235,0.0,0.0,0.0,0,0,1,1.0
crossover_11_05_02_fps30.mp4,372,0.20406101644039154,-0.040704962459661154,-0.14273194220007918,0.07072868943214417,-0.09866195917129517,0.9875925779342651,-0.0678110420703888,-0.09157565236091614,0.9469518065452576,0.07001355290412903,-0.01318371295928955,-0.18257831037044525,0.9846760630607605,-0.04815053939819336,-0.10307642817497253,-0.4705883860588074,0.9513875246047974,0.13144239783287048,0.2678847312927246,0.9924218058586121,-0.13726064562797546,0.2612553834915161,0.9926438927650452,0.170415179323281,0.04034843749816134,-0.001083533211452159,-0.0010395939067258109,0.0,0.0,0.0,0,0,1,1.0
crossover_11_05_02_fps30.mp4,373,0.20401151478290558,-0.041457090337397695,-0.14311028399118564,0.0697329044342041,-0.10292917490005493,0.9870002865791321,-0.0677960216999054,-0.09175574779510498,0.9479679465293884,0.0717172622680664,-0.021436095237731934,-0.17858107388019562,0.9848269820213318,-0.048275917768478394,-0.10342139005661011,-0.46701183915138245,0.9527559280395508,0.13143599033355713,0.26774823665618896,0.9926583766937256,-0.1372300386428833,0.2612570524215698,0.9929006695747375,0.16617172532196023,0.04027039494821034,-0.0003783417911064624,-0.0007521278777365414,0.0,0.0,0.0,0,0,1,1.0
crossover_11_05_02_fps30.mp4,374,0.20395120978355408,-0.0414757056761596,-0.14308666179819807,0.06917044520378113,-0.1045977771282196,0.9864479303359985,-0.06779170036315918,-0.09190157055854797,0.9489738941192627,0.07252845168113708,-0.02333638072013855,-0.17846918106079102,0.984967052936554,-0.04832577705383301,-0.1036578118801117,-0.4660182595252991,0.9540800452232361,0.13142874836921692,0.2676694691181183,0.992899477481842,-0.13717803359031677,0.26128068566322327,0.9931512475013733,0.16533928061117698,0.04001946631006216,2.362219298757129e-05,-1.861533876190702e-05,0.0,0.0,0.0,0,0,1,1.0
crossover_11_05_02_fps30.mp4,375,0.20397014915943146,-0.04206612726389353,-0.14302134542930417,0.0687774121761322,-0.10746133327484131,0.9854369759559631,-0.06775516271591187,-0.09253165125846863,0.9496302604675293,0.0741780698299408,-0.036396950483322144,-0.1918955296278,0.9847151041030884,-0.04839769005775452,-0.10489621758460999,-0.44905272126197815,0.9551615118980408,0.13145717978477478,0.267564058303833,0.9930863380432129,-0.13712459802627563,0.26124757528305054,0.9933391213417053,0.15773862860944035,0.03864730340640703,6.531636889389736e-05,-0.0005904215877339247,0.0,0.0,0.0,0,0,1,1.0
crossover_11_05_02_fps30.mp4,376,0.20413343608379364,-0.04246450106976396,-0.14322814534350137,0.06871840357780457,-0.11110010743141174,0.9836113452911377,-0.06769740581512451,-0.09300887584686279,0.9499250054359436,0.07658800482749939,-0.042331963777542114,-0.19344492256641388,0.9833248257637024,-0.048364728689193726,-0.10622286796569824,-0.4451116919517517,0.9557451009750366,0.13150444626808167,0.2673620581626892,0.9932294487953186,-0.1370469629764557,0.26113206148147583,0.9934903383255005,0.15605620338521933,0.0374726999263361,-0.00020679991419719768,-0.00039837380587043336,0.0,0.0,0.0,0,0,1,1.0
crossover_11_05_02_fps30.mp4,377,0.2042386531829834,-0.04269033326941024,-0.1433243764609825,0.0686725378036499,-0.11386623978614807,0.9819071292877197,-0.0676012635231018,-0.09307023882865906,0.949918806552887,0.07827550172805786,-0.05120694637298584,-0.2356777936220169,0.982420802116394,-0.04832273721694946,-0.10658833384513855,-0.42955899238586426,0.9560007452964783,0.13156336545944214,0.2671644389629364,0.993370532989502,-0.13696134090423584,0.2610273063182831,0.9936157464981079,0.1520472103086789,0.03716531718284345,-9.62311174811381e-05,-0.00022583219964628087,0.0,0.0,0.0,0,0,1,1.0
crossover_11_05_02_fps30.mp4,378,0.20411455631256104,-0.04291816767999679,-0.1435758295582562,0.06869560480117798,-0.11406740546226501,0.9788243174552917,-0.06741830706596375,-0.09277397394180298,0.9497432112693787,0.07999908924102783,-0.05010309815406799,-0.25712764263153076,0.9797898530960083,-0.048092037439346313,-0.10713225603103638,-0.43867141008377075,0.9562636613845825,0.1315751075744629,0.26701620221138,0.9934412837028503,-0.13692468404769897,0.2609419524669647,0.9937025904655457,0.1544208650576362,0.036809006774437554,-0.0002514530972737017,-0.00022783441058654708,0.0,0.0,0.0,0,0,1,1.0
crossover_11_05_02_fps30.mp4,379,0.20404161512851715,-0.042908958863403845,-0.14362714799439036,0.0687108039855957,-0.1142551600933075,0.9762715697288513,-0.06730270385742188,-0.09253546595573425,0.9498791694641113,0.08070272207260132,-0.04987272620201111,-0.25942426919937134,0.9777761697769165,-0.047915637493133545,-0.10753118991851807,-0.4409831464290619,0.9569322466850281,0.13157808780670166,0.2668404281139374,0.9934985637664795,-0.136895090341568,0.2608579695224762,0.9937835335731506,0.15514425309836039,0.03644152878676363,-5.131843613415121e-05,9.208816592942703e-06,0.0,0.0,0.0,0,0,1,1.0
crossover_11_05_02_fps30.mp4,380,0.20395934581756592,-0.0431112335900129,-0.14348753908785378,0.06876575946807861,-0.11481940746307373,0.9738664627075195,-0.06722027063369751,-0.09241065382957458,0.9501420259475708,0.08101856708526611,-0.052018582820892334,-0.285584956407547,0.9760857224464417,-0.04776144027709961,-0.10775119066238403,-0.4405843913555145,0.957608699798584,0.13162344694137573,0.2667790353298187,0.9935135245323181,-0.1368228793144226,0.2608549892902374,0.9938257336616516,0.1541907175424377,0.03603763339925639,0.0001396089065365813,-0.000202274726609053,0.0,0.0,0.0,0,0,1,1.0
crossover_11_05_02_fps30.mp4,381,0.20391258597373962,-0.04329889669256698,-0.14264370624612016,0.06881844997406006,-0.11515656113624573,0.972633421421051,-0.06713235378265381,-0.09246125817298889,0.9500381350517273,0.08136630058288574,-0.05242195725440979,-0.2699480950832367,0.9755862355232239,-0.047721296548843384,-0.10762840509414673,-0.43667152523994446,0.957628071308136,0.13166731595993042,0.26672109961509705,0.9935892224311829,-0.13676145672798157,0.2608024775981903,0.9938967227935791,0.15388754141531646,0.03529346873363662,0.0008438328417336161,-0.00018766310255408092,0.0,0.0,0.0,0,0,1,1.0
crossover_11_05_02_fps30.mp4,382,0.20395269989967346,-0.04338449977212033,-0.14168484632561845,0.06885132193565369,-0.11504438519477844,0.9710265398025513,-0.06698280572891235,-0.09274998307228088,0.9502388834953308,0.08137199282646179,-0.05330097675323486,-0.2871846556663513,0.9747619032859802,-0.04777628183364868,-0.10775035619735718,-0.43867388367652893,0.9582461714744568,0.131695955991745,0.2666068375110626,0.993635892868042,-0.1367053985595703,0.2606818974018097,0.9939126968383789,0.15289176186468711,0.03421750093067909,0.000958859920501709,-8.560307955335356e-05,0.0,0.0,0.0,0,0,1,1.0
crossover_11_05_02_fps30.mp4,383,0.20395715534687042,-0.04360057762113667,-0.14084699662720285,0.0688624382019043,-0.1147812008857727,0.9702281355857849,-0.06684070825576782,-0.09352317452430725,0.9509419202804565,0.08111661672592163,-0.054048001766204834,-0.28685927391052246,0.9746783375740051,-0.04836535453796387,-0.10777238011360168,-0.4365941882133484,0.9592928886413574,0.13170760869979858,0.26657482981681824,0.9937099814414978,-0.1366683840751648,0.26065221428871155,0.9939529299736023,0.151948820576803,0.03341606434918553,0.0008378496984156047,-0.00021607784901633842,0.0,0.0,0.0,0,0,1,1.0
crossover_11_05_02_fps30.mp4,384,0.20394952595233917,-0.04359078942719152,-0.14086344678227497,0.06887546181678772,-0.11460128426551819,0.9695430397987366,-0.06670290231704712,-0.0940386950969696,0.9515206813812256,0.08094534277915955,-0.05426490306854248,-0.28942862153053284,0.9746249914169312,-0.04873940348625183,-0.1077832579612732,-0.4377974271774292,0.9601905941963196,0.13171973824501038,0.2665412425994873,0.9937890768051147,-0.1366330087184906,0.2606244683265686,0.9939967393875122,0.15168571454905366,0.03347845753857672,-1.6450155072122996e-05,9.788193945148294e-06,0.0,0.0,0.0,0,0,1,1.0
crossover_11_05_02_fps30.mp4,385,0.20394711196422577,-0.04375708183999788,-0.1404021555330695,0.06888753175735474,-0.11466366052627563,0.9685853719711304,-0.06642234325408936,-0.09597891569137573,0.9519023895263672,0.08086568117141724,-0.05387943983078003,-0.27942726016044617,0.974155068397522,-0.0487421452999115,-0.10760706663131714,-0.43033209443092346,0.9608380198478699,0.13177192211151123,0.2665453255176544,0.9938587546348572,-0.13655546307563782,0.2606344521045685,0.9940564036369324,0.15171359000794407,0.033171806007108014,0.0004612912492054644,-0.00016629241280635698,0.0,0.0,0.0,0,0,1,1.0
crossover_11_05_02_fps30.mp4,386,0.20396830141544342,-0.043972513231180455,-0.13964564349593184,0.06889379024505615,-0.11468145251274109,0.9681451320648193,-0.06633785367012024,-0.09663036465644836,0.9526534080505371,0.08081483840942383,-0.05297842621803284,-0.23503130674362183,0.9740689396858215,-0.04916107654571533,-0.10749095678329468,-0.42655736207962036,0.96200031042099,0.13180190324783325,0.26652345061302185,0.9939690828323364,-0.13651308417320251,0.26062896847724915,0.9941731691360474,0.15193120048288428,0.03257061661769365,0.0007565120371376688,-0.00021543139118257448,0.0,0.0,0.0,0,0,1,1.0
crossover_11_05_02_fps30.mp4,387,0.20395563542842865,-0.04446443763829894,-0.13819169111368135,0.06890082359313965,-0.11439007520675659,0.968495786190033,-0.0662527084350586,-0.09652745723724365,0.9533331394195557,0.0793347954750061,-0.052563995122909546,-0.23630006611347198,0.974683403968811,-0.04927551746368408,-0.10757720470428467,-0.42855173349380493,0.9632793664932251,0.13179999589920044,0.2665213644504547,0.9939936399459839,-0.1365140974521637,0.2606382668018341,0.9942181706428528,0.15052691599886872,0.03099021244195273,0.0014539523822504896,-0.0004919244071184825,0.0,0.0,0.0,0,0,1,1.0
crossover_11_05_02_fps30.mp4,388,0.20395901799201965,-0.04453026743258459,-0.13731726422542478,0.06927645206451416,-0.11324402689933777,0.9697111248970032,-0.06616571545600891,-0.0964302122592926,0.9520074725151062,0.07896435260772705,-0.04454773664474487,-0.22915895283222198,0.9755937457084656,-0.049305856227874756,-0.10777643322944641,-0.4653264582157135,0.9612908959388733,0.1318138837814331,0.2665978968143463,0.9941088557243347,-0.13650760054588318,0.2606888711452484,0.9943381547927856,0.15445745830630347,0.029924353698528854,0.0008744268882565631,-6.58297942856545e-05,0.0,0.0,0.0,0,0,1,1.0
crossover_11_05_02_fps30.mp4,389,0.2039603739976883,-0.04452917777885823,-0.13725870571485382,0.06954938173294067,-0.1124880313873291,0.9709262251853943,-0.0661005973815918,-0.09628021717071533,0.9511162042617798,0.07868355512619019,-0.04097062349319458,-0.22815515100955963,0.9765671491622925,-0.049335330724716187,-0.10787895321846008,-0.47115322947502136,0.9598435759544373,0.1318175196647644,0.26663997769355774,0.994215190410614,-0.13650166988372803,0.2607860267162323,0.9944614171981812,0.15637382238679148,0.029770269781920575,5.855851057096073e-05,1.0896537263604955e-06,0.0,0.0,0.0,0,0,1,1.0
crossover_11_05_02_fps30.mp4,390,0.2038625329732895,-0.04446198475562918,-0.13604017815938813,0.07034224271774292,-0.10889625549316406,0.9724911451339722,-0.06608638167381287,-0.09611672163009644,0.9520347118377686,0.07655853033065796,-0.026200294494628906,-0.19595713913440704,0.9777597784996033,-0.0493294894695282,-0.10777446627616882,-0.48898470401763916,0.9605309367179871,0.13183218240737915,0.2667641043663025,0.9943355917930603,-0.1364854872226715,0.2609565854072571,0.9946219325065613,0.16343428378170258,0.02868175500915162,0.0012185275554656982,6.719302322905074e-05,0.0,0.0,0.0,0,0,1,1.0
crossover_11_05_02_fps30.mp4,391,0.20367081463336945,-0.04415267968581893,-0.13371566185137118,0.07119095325469971,-0.10599732398986816,0.9739561676979065,-0.06605854630470276,-0.09583142399787903,0.9528745412826538,0.07417458295822144,-0.02032911777496338,-0.19975531101226807,0.9788092374801636,-0.0492880642414093,-0.10756731033325195,-0.48683175444602966,0.9612783193588257,0.131860613822937,0.2669786214828491,0.9944025874137878,-0.13645294308662415,0.2612394690513611,0.9947124123573303,0.16388364611035136,0.02664786035780217,0.002324516308016944,0.00030930506981025063,0.0,0.0,0.0,0,0,1,1.0
crossover_11_05_02_fps30.mp4,392,0.2036631852388382,-0.04399501691430302,-0.1317139834892459,0.0716436505317688,-0.102611243724823,0.9753928184509277,-0.06612226366996765,-0.09577786922454834,0.9524451494216919,0.07007640600204468,-0.011822223663330078,-0.20680493116378784,0.9797183275222778,-0.04916486144065857,-0.10756349563598633,-0.4929242730140686,0.9597163796424866,0.13188618421554565,0.2670047879219055,0.9944274425506592,-0.13642919063568115,0.2612934708595276,0.9947470426559448,0.16548813734015902,0.024697638672090225,0.002001678362125281,0.00015766277151590957,0.0,0.0,0.0,0,0,1,1.0
crossover_11_05_02_fps30.mp4,393,0.20399701595306396,-0.04366769527984876,-0.12921685809042394,0.07200884819030762,-0.09908565878868103,0.976518988609314,-0.06608626246452332,-0.09618756175041199,0.9513946771621704,0.0638849139213562,-0.004185348749160767,-0.20884670317173004,0.9801791906356812,-0.049090415239334106,-0.1063983142375946,-0.49195629358291626,0.9577924609184265,0.13195699453353882,0.2666713297367096,0.9943753480911255,-0.13635143637657166,0.2609885632991791,0.9946767091751099,0.1649255652533636,0.02345403665304751,0.0024971253988219644,0.00032732163445425844,0.0,0.0,0.0,0,0,1,1.0
crossover_11_05_02_fps30.mp4,394,0.20423536002635956,-0.04361540654958307,-0.12948824196327025,0.07225313782691956,-0.09783172607421875,0.9775556325912476,-0.06604644656181335,-0.09649690985679626,0.9502986073493958,0.06219634413719177,-0.002672135829925537,-0.2096569687128067,0.9806264638900757,-0.04903373122215271,-0.10542720556259155,-0.49160078167915344,0.9557818174362183,0.13201436400413513,0.26642942428588867,0.9943330883979797,-0.13629096746444702,0.2607654929161072,0.9946153163909912,0.16516189438918394,0.024663570603871653,-0.00027138387284630916,5.2288730265692696e-05,0.0,0.0,0.0,0,0,1,1.0
crossover_11_05_02_fps30.mp4,395,0.2047910988330841,-0.043076446500875165,-0.12850260080360787,0.07223200798034668,-0.09609144926071167,0.9781658053398132,-0.0658363401889801,-0.0996643602848053,0.947029709815979,0.05800503492355347,0.0022972524166107178,-0.21207505464553833,0.9800872802734375,-0.0487348735332489,-0.10361239314079285,-0.4884730577468872,0.9502058625221252,0.13216382265090942,0.2658486068248749,0.9942783713340759,-0.13613417744636536,0.2602008879184723,0.9945262670516968,0.1653059814083805,0.025525286168400805,0.000985641159662376,0.0005389600487079038,0.0,0.0,0.0,0,0,1,1.0
crossover_11_05_02_fps30.mp4,396,0.20499187707901,-0.043191063202033586,-0.12707843620602677,0.07178616523742676,-0.09330031275749207,0.9785797595977783,-0.06581810116767883,-0.10248419642448425,0.9427111148834229,0.055799245834350586,0.0036990344524383545,-0.21817882359027863,0.9789754748344421,-0.04894104599952698,-0.10261884331703186,-0.5052591562271118,0.9396857619285583,0.1322312355041504,0.2657453119754791,0.9942881464958191,-0.13606134057044983,0.2601129114627838,0.9944634437561035,0.16401776768065265,0.025126360390371708,0.0014241645975811013,-0.00011461670115842093,0.0,0.0,0.0,0,0,1,1.0
crossover_11_05_02_fps30.mp4,397,0.20543216168880463,-0.04337693079043242,-0.12438581658572684,0.07138422131538391,-0.09295251965522766,0.9791006445884705,-0.06600111722946167,-0.10658103227615356,0.9403514266014099,0.05467596650123596,0.003363370895385742,-0.2177867591381073,0.9783572554588318,-0.04976367950439453,-0.10098102688789368,-0.503516674041748,0.9333049654960632,0.13245448470115662,0.26557105779647827,0.9943660497665405,-0.13583362102508545,0.25997525453567505,0.9944373369216919,0.16104106795899895,0.024260559349180182,0.0026926196202999297,-0.00018586758839883588,0.0,0.0,0.0,0,0,1,1.0
crossover_11_05_02_fps30.mp4,398,0.20574666559696198,-0.04381906996339052,-0.1203958296194309,0.07129880785942078,-0.09386759996414185,0.9797273278236389,-0.0664023756980896,-0.10889926552772522,0.9376155138015747,0.05425414443016052,0.0003484487533569336,-0.2187737226486206,0.9784373641014099,-0.051019519567489624,-0.09656986594200134,-0.4902113974094391,0.9262274503707886,0.1326223909854889,0.2653083801269531,0.9942743182182312,-0.13566794991493225,0.25961804389953613,0.9942564964294434,0.15555557251750485,0.02489021935739747,0.003989986966295933,-0.00044213917295810035,0.0,0.0,0.0,0,0,1,1.0
crossover_11_05_02_fps30.mp4,399,0.20599618554115295,-0.04370777576656665,-0.12060947025694496,0.0712381899356842,-0.09447428584098816,0.9802355170249939,-0.0666826069355011,-0.10993081331253052,0.9350490570068359,0.054300516843795776,-0.0010206401348114014,-0.22075501084327698,0.9784059524536133,-0.05160421133041382,-0.09494495391845703,-0.48805713653564453,0.9199055433273315,0.13273480534553528,0.2650814950466156,0.9941720962524414,-0.13555237650871277,0.2592553198337555,0.9940659999847412,0.15461925400925638,0.0268518359428644,-0.00021364063751405649,0.00011129419682387454,0.0,0.0,0.0,0,0,1,1.0
crossover_11_05_02_fps30.mp4,400,0.206594318151474,-0.0443356506905313,-0.11579855346098178,0.0712333619594574,-0.09539714455604553,0.9799274802207947,-0.06674045324325562,-0.11128246784210205,0.9260007739067078,0.053143590688705444,-0.0024252235889434814,-0.2171361893415451,0.9769185781478882,-0.05445098876953125,-0.0936865508556366,-0.4851052463054657,0.8951486349105835,0.13292863965034485,0.26457199454307556,0.994046688079834,-0.13536322116851807,0.25858214497566223,0.9938636422157288,0.14951827455580644,0.024315853340388004,0.004810916795963183,-0.0006278749239646553,0.0,0.0,0.0,0,0,1,1.0
crossover_11_05_02_fps30.mp4,401,0.2068924903869629,-0.046459767778041006,-0.11066855046807267,0.07140016555786133,-0.09777900576591492,0.9798113107681274,-0.06736969947814941,-0.11195474863052368,0.9207038283348083,0.05448424816131592,-0.018510103225708008,-0.23793451488018036,0.9761543869972229,-0.05770963430404663,-0.09287071228027344,-0.4605449140071869,0.8804716467857361,0.13313472270965576,0.2645885944366455,0.9940245747566223,-0.1351725161075592,0.25857120752334595,0.9938010573387146,0.1366853092036187,0.021055225978650206,0.005130002992909111,-0.0021241170875097026,0.0,0.0,0.0,0,0,1,1.0
crossover_11_05_02_fps30.mp4,402,0.2069777250289917,-0.04942769852735229,-0.10501714625009678,0.07149013876914978,-0.1013074517250061,0.9794650077819824,-0.06839218735694885,-0.11312603950500488,0.9103143215179443,0.05527201294898987,-0.03619450330734253,-0.27185556292533875,0.9753199815750122,-0.06192284822463989,-0.0866854190826416,-0.4341264069080353,0.8516219854354858,0.13320425152778625,0.26453715562820435,0.9938085079193115,-0.13511893153190613,0.2586451768875122,0.9935569167137146,0.12529399732171984,0.02218515239748514,0.005651404217975886,-0.002967930749311287,0.0,0.0,0.0,0,0,1,1.0
crossover_11_05_02_fps30.mp4,403,0.20661787688732147,-0.0543442879692983,-0.09831403770097874,0.07170510292053223,-0.1044478714466095,0.9799774885177612,-0.06968030333518982,-0.11217683553695679,0.9089663624763489,0.0557628870010376,-0.05424860119819641,-0.32491156458854675,0.9764955043792725,-0.06496661901473999,-0.0814690887928009,-0.419227659702301,0.8461910486221313,0.13334161043167114,0.2648598253726959,0.9937355518341064,-0.1349824070930481,0.25907275080680847,0.9934401512145996,0.11859743957661525,0.019914472640722276,0.006703108549118042,-0.0049165894419460066,0.0,0.0,0.0,0,0,1,1.0
crossover_11_05_02_fps30.mp4,404,0.20645126700401306,-0.054267613059383324,-0.0981091228927054,0.07184210419654846,-0.10582619905471802,0.9804705381393433,-0.07037577033042908,-0.11161068081855774,0.9083264470100403,0.05615803599357605,-0.05715516209602356,-0.32896843552589417,0.9776326417922974,-0.06612151861190796,-0.07986459136009216,-0.4177701771259308,0.8426312208175659,0.13341650366783142,0.2649928331375122,0.9936384558677673,-0.13492098450660706,0.25934678316116333,0.9933233857154846,0.11777542559338727,0.021757251841459508,0.00020491480827333763,7.66749099149755e-05,0.0,0.0,0.0,0,0,1,1.0
crossover_11_05_02_fps30.mp4,405,0.20656131207942963,-0.05875911005472734,-0.0912113071941748,0.07192420959472656,-0.10715848207473755,0.981486439704895,-0.07228413224220276,-0.1110210120677948,0.9113484025001526,0.05802762508392334,-0.06687209010124207,-0.3725176751613617,0.979328453540802,-0.06979897618293762,-0.07331112027168274,-0.39819955825805664,0.8461654186248779,0.13329976797103882,0.26526257395744324,0.9937283992767334,-0.13505086302757263,0.2597222626209259,0.993399441242218,0.11929601415404563,0.02103081871894104,0.006897815698530596,-0.004491496995344013,0.0,0.0,0.0,0,0,1,1.0
crossover_11_05_02_fps30.mp4,406,0.20677167177200317,-0.06327930810087817,-0.08361041662169666,0.07269269227981567,-0.10711389780044556,0.9824488759040833,-0.07604148983955383,-0.11037999391555786,0.9155855774879456,0.058075547218322754,-0.07736384868621826,-0.4039381146430969,0.9809563159942627,-0.07343074679374695,-0.06966900825500488,-0.39076322317123413,0.8517332077026367,0.1332491636276245,0.26584166288375854,0.993919312953949,-0.1351158618927002,0.2603217363357544,0.9935819506645203,0.1215155155546679,0.017245711779510196,0.007600890572478147,-0.004520198046150836,0.0,0.0,0.0,0,0,1,1.0
crossover_11_05_02_fps30.mp4,407,0.20533445477485657,-0.06733897419299112,-0.07468799759701983,0.07346129417419434,-0.10507369041442871,0.9833152294158936,-0.08015826344490051,-0.10766968131065369,0.9215123057365417,0.05793029069900513,-0.08756130933761597,-0.40290987491607666,0.982450544834137,-0.07813805341720581,-0.0636364221572876,-0.36054807901382446,0.8620432615280151,0.13328194618225098,0.26835840940475464,0.9940858483314514,-0.13509026169776917,0.26289087533950806,0.9938099980354309,0.12592899142672306,0.015451777625598876,0.008922419024676831,-0.004059666092112946,0.0,0.0,0.0,0,0,1,1.0
crossover_11_05_02_fps30.mp4,408,0.20652149617671967,-0.07301136548236264,-0.06348961024749572,0.07361593842506409,-0.1057426929473877,0.9838931560516357,-0.08210757374763489,-0.11224979162216187,0.9252769351005554,0.05784067511558533,-0.09773227572441101,-0.36714163422584534,0.9836939573287964,-0.08928963541984558,-0.06512323021888733,-0.3234238028526306,0.8692262768745422,0.13267001509666443,0.2695747911930084,0.9942693114280701,-0.13570311665534973,0.2642020285129547,0.9940528273582458,0.1352583330801136,0.016360036258165515,0.011198387349524108,-0.005672391289371526,0.0,0.0,0.0,0,0,1,1.0
crossover_11_05_02_fps30.mp4,409,0.20703473687171936,-0.0731767042208526,-0.06271609722114191,0.07382744550704956,-0.10573545098304749,0.9844145178794861,-0.0827513039112091,-0.11366793513298035,0.9287241697311401,0.05788397789001465,-0.09829020500183105,-0.3620721995830536,0.9847829937934875,-0.09115058183670044,-0.06565508246421814,-0.3238391578197479,0.8759050369262695,0.13245898485183716,0.27038082480430603,0.994409441947937,-0.13598224520683289,0.2650119960308075,0.9942097067832947,0.13580287014550865,0.018212575622588257,0.0007735130263538115,-0.00016533873848995073,0.0,0.0,0.0,0,0,1,1.0
crossover_11_05_02_fps30.mp4,410,0.2075943648815155,-0.07888172531532028,-0.052097809750859314,0.07355400919914246,-0.10490891337394714,0.9848732352256775,-0.08491179347038269,-0.11507898569107056,0.9309585094451904,0.05840906500816345,-0.10934260487556458,-0.3562241494655609,0.9858306050300598,-0.09971487522125244,-0.06626012921333313,-0.3106050491333008,0.878766655921936,0.13164129853248596,0.27105727791786194,0.9945410490036011,-0.13673141598701477,0.26552972197532654,0.9943351745605469,0.14874719384417392,0.02519109818090918,0.010618287470282595,-0.005705021094467688,0.0,0.0,0.0,0,0,1,1.0
crossover_11_05_02_fps30.mp4,411,0.2080037146806717,-0.0826341800770517,-0.04311203389632995,0.07365727424621582,-0.10335585474967957,0.9848325848579407,-0.08905011415481567,-0.11466678977012634,0.9321473240852356,0.058785080909729004,-0.11596199870109558,-0.4129830002784729,0.9864227175712585,-0.11156943440437317,-0.05981922149658203,-0.30496224761009216,0.8725478649139404,0.13080614805221558,0.2707879841327667,0.9945207238197327,-0.1372431218624115,0.2655962407588959,0.9943178296089172,0.159080246259876,0.033412259134886296,0.008985775854529365,-0.0037524547617314163,0.0,0.0,0.0,0,0,1,1.0
crossover_11_05_02_fps30.mp4,412,0.20825764536857605,-0.08292115320593624,-0.03504281494675615,0.07338142395019531,-0.10127443075180054,0.9847931265830994,-0.09354513883590698,-0.11410605907440186,0.936238706111908,0.0593799352645874,-0.1200447678565979,-0.4283888339996338,0.9870807528495789,-0.11714053153991699,-0.04633095860481262,-0.30453771352767944,0.8791823983192444,0.12968677282333374,0.27052024006843567,0.9943631291389465,-0.13773182034492493,0.26535800099372864,0.9941343069076538,0.1657556387529026,0.036033151968833256,0.008069218949573798,-0.00028697312888453785,0.0,0.0,0.0,0,0,1,1.0
crossover_11_05_02_fps30.mp4,413,0.20888327062129974,-0.08208364359403059,-0.024514459109887865,0.07224658131599426,-0.09844106435775757,0.9842610359191895,-0.09567752480506897,-0.11419305205345154,0.9409412741661072,0.058470338582992554,-0.12373301386833191,-0.44984814524650574,0.987570583820343,-0.11937609314918518,-0.03811153769493103,-0.30453649163246155,0.888816773891449,0.12821605801582336,0.26965397596359253,0.9940615892410278,-0.13883590698242188,0.2642795443534851,0.9937322735786438,0.17204575994244467,0.03969392069160704,0.010528355836868286,0.0008375096119056513,0.0,0.0,0.0,0,0,1,1.0
crossover_11_05_02_fps30.mp4,414,0.20901599526405334,-0.08253212379196945,-0.024895398064357477,0.07179319858551025,-0.0969209372997284,0.9839059710502625,-0.09682604670524597,-0.11315512657165527,0.9451797604560852,0.05803835391998291,-0.12531450390815735,-0.4551944434642792,0.9880499839782715,-0.11984780430793762,-0.035585224628448486,-0.30767422914505005,0.8974143862724304,0.1276254653930664,0.26931771636009216,0.9938463568687439,-0.13932901620864868,0.2639237940311432,0.9934868216514587,0.17275432273212377,0.038816651122168595,-0.0003809389544696118,-0.00044848019793886085,0.0,0.0,0.0,0,0,1,1.0
crossover_11_05_02_fps30.mp4,415,0.20897100865840912,-0.08170110946994719,-0.015654817441614677,0.07125332951545715,-0.09615805745124817,0.9834573268890381,-0.09716099500656128,-0.11088860034942627,0.9495077729225159,0.05731138586997986,-0.12801268696784973,-0.4458971917629242,0.9885170459747314,-0.11876824498176575,-0.030470967292785645,-0.29467007517814636,0.9065468311309814,0.12669751048088074,0.2689712643623352,0.9935899972915649,-0.1399703025817871,0.2623462677001953,0.993137776851654,0.1787421738289755,0.03991855247205082,0.0092405806227428,0.000831014322022261,0.0,0.0,0.0,0,0,1,1.0
crossover_11_05_02_fps30.mp4,416,0.20893710851669312,-0.08023985321238891,-0.016292111757324923,0.07092583179473877,-0.09519761800765991,0.9827232956886292,-0.09678441286087036,-0.1088738739490509,0.9532718062400818,0.05666327476501465,-0.12740692496299744,-0.4408573508262634,0.9888566136360168,-0.11747702956199646,-0.02837851643562317,-0.2780654728412628,0.9148820042610168,0.1260809302330017,0.26905131340026855,0.9927713871002197,-0.14027240872383118,0.26217854022979736,0.9922996759414673,0.17632064020904878,0.0391495655217189,-0.0006372943157102462,0.0014612562575582744,0.0,0.0,0.0,0,0,1,1.0
crossover_11_05_02_fps30.mp4,417,0.20883473753929138,-0.07826945862527623,-0.016982448391798077,0.07017290592193604,-0.09501788020133972,0.9826005697250366,-0.09772109985351562,-0.10841616988182068,0.95677250623703,0.055622220039367676,-0.12420111894607544,-0.43024715781211853,0.9894376993179321,-0.11749443411827087,-0.029428869485855103,-0.27790993452072144,0.9225127696990967,0.12501680850982666,0.2690737843513489,0.9924517273902893,-0.1407412886619568,0.2620542049407959,0.9920485019683838,0.17153082793207444,0.04115230370801394,-0.0006903366344731543,0.0019703945871126782,0.0,0.0,0.0,0,0,1,1.0
crossover_11_05_02_fps30.mp4,418,0.20847351849079132,-0.07668719645273886,-0.017671968733392163,0.07068035006523132,-0.0942283570766449,0.9828463792800903,-0.09759208559989929,-0.10745033621788025,0.9603607654571533,0.05511930584907532,-0.12227508425712585,-0.43941929936408997,0.990060031414032,-0.11635380983352661,-0.027512729167938232,-0.2822713255882263,0.9298354983329773,0.12477031350135803,0.26919618248939514,0.9921066164970398,-0.14059695601463318,0.262552410364151,0.9917097687721252,0.1682699195528117,0.04086906878106005,-0.0006895203415940854,0.0015822621725373742,0.0,0.0,0.0,0,0,1,1.0
crossover_11_05_02_fps30.mp4,419,0.20816917717456818,-0.07677805251994374,-0.017727168158787054,0.07101574540138245,-0.09377461671829224,0.9831534028053284,-0.09740146994590759,-0.10642683506011963,0.9636881351470947,0.05495569109916687,-0.1216282844543457,-0.4481348693370819,0.9906530976295471,-0.11568188667297363,-0.027060866355895996,-0.2927248179912567,0.9364984631538391,0.1246776282787323,0.2693438231945038,0.9919312000274658,-0.1405087411403656,0.26300856471061707,0.9915471076965332,0.16777729636446276,0.04000782715720975,-5.5199425394891755e-05,-9.085606720488082e-05,0.0,0.0,0.0,0,0,1,1.0
crossover_11_05_02_fps30.mp4,420,0.20784954726696014,-0.0767132436825057,-0.018273652181392763,0.07106557488441467,-0.09316092729568481,0.9835879802703857,-0.09672418236732483,-0.10563984513282776,0.9667486548423767,0.05502697825431824,-0.12059956789016724,-0.4580237865447998,0.9912631511688232,-0.11513262987136841,-0.028245747089385986,-0.31189489364624023,0.9425368905067444,0.1247166097164154,0.2699589729309082,0.9917356967926025,-0.14050525426864624,0.26402872800827026,0.991417407989502,0.16681150770136588,0.03969246669058246,-0.0005464840226057088,6.480883743803512e-05,0.0,0.0,0.0,0,0,1,1.0
crossover_11_05_02_fps30.mp4,421,0.20781484246253967,-0.07803769929934357,-0.01933779091369814,0.07130762934684753,-0.09319782257080078,0.9842759966850281,-0.09628215432167053,-0.10519012808799744,0.9696274399757385,0.05498555302619934,-0.11992883682250977,-0.4618619680404663,0.9919121265411377,-0.1147741973400116,-0.0285511314868927,-0.32190850377082825,0.9480539560317993,0.12466737627983093,0.2700498402118683,0.9916583895683289,-0.14053258299827576,0.2643601596355438,0.9914072155952454,0.16677453095809835,0.03787421197608841,-0.0010641387323053753,-0.0013244556168378607,0.0,0.0,0.0,0,0,1,1.0
crossover_11_05_02_fps30.mp4,422,0.20751643180847168,-0.0782780726077193,-0.020586609404261547,0.07213824987411499,-0.0929868221282959,0.9847612977027893,-0.09582269191741943,-0.10429707169532776,0.9722277522087097,0.05580180883407593,-0.11926698684692383,-0.4636542499065399,0.9924417734146118,-0.11406019330024719,-0.029238790273666382,-0.3315488398075104,0.9530091881752014,0.12492817640304565,0.27027472853660583,0.9914560317993164,-0.13991570472717285,0.26509734988212585,0.9912890791893005,0.16647892208826964,0.03681331817496934,-0.001248818490563408,-0.0002403733083757298,0.0,0.0,0.0,0,0,1,1.0
crossover_11_05_02_fps30.mp4,423,0.20690090954303741,-0.07793698856386089,-0.020703216006116187,0.07304435968399048,-0.09200209379196167,0.9851068258285522,-0.09489044547080994,-0.10329777002334595,0.9746822118759155,0.055900752544403076,-0.1210533082485199,-0.4717676341533661,0.9928151965141296,-0.11363819241523743,-0.02873024344444275,-0.34784528613090515,0.9575567841529846,0.125715970993042,0.2713133692741394,0.9914798736572266,-0.13876551389694214,0.2665010094642639,0.9912915229797363,0.16728024975478015,0.036592473624137395,-0.00011660660185464078,0.0003410840438584084,0.0,0.0,0.0,0,0,1,1.0
crossover_11_05_02_fps30.mp4,424,0.20651459693908691,-0.07720106739108845,-0.01994075498929837,0.07352584600448608,-0.09128889441490173,0.9852827191352844,-0.09428408741950989,-0.10258358716964722,0.9768832921981812,0.056169092655181885,-0.12130656838417053,-0.4651903510093689,0.9931356310844421,-0.11331042647361755,-0.02841886878013611,-0.34158340096473694,0.9616576433181763,0.12584912776947021,0.27198532223701477,0.9913369417190552,-0.13801676034927368,0.2674724757671356,0.9912154674530029,0.16751903687632583,0.03709129583610446,0.000762461016817817,0.0007359211727724357,0.0,0.0,0.0,0,0,1,1.0
crossover_11_05_02_fps30.mp4,425,0.20597033202648163,-0.07731015106378974,-0.019852032748664317,0.07409259676933289,-0.0906430184841156,0.9855372309684753,-0.09342804551124573,-0.10186472535133362,0.9788068532943726,0.05507180094718933,-0.12872371077537537,-0.4741733968257904,0.9934239387512207,-0.11227691173553467,-0.0279274582862854,-0.3441118001937866,0.965314507484436,0.12676295638084412,0.27254006266593933,0.991482675075531,-0.13674670457839966,0.26819655299186707,0.9913421869277954,0.17140018522332176,0.0358871404473629,8.872224063405376e-05,-0.00010908367270129338,0.0,0.0,0.0,0,0,1,1.0
crossover_11_05_02_fps30.mp4,426,0.2057824432849884,-0.07743750265089133,-0.01951495103719758,0.07396352291107178,-0.09030672907829285,0.9858238101005554,-0.0930820107460022,-0.10168048739433289,0.9802954196929932,0.054743826389312744,-0.13707774877548218,-0.4732775092124939,0.9937283396720886,-0.11249509453773499,-0.028032511472702026,-0.3319282829761505,0.9683987498283386,0.12740695476531982,0.2726708948612213,0.991652250289917,-0.13596731424331665,0.26840487122535706,0.9915264248847961,0.17689803605152746,0.0360774664392742,0.0003370817114667357,-0.00012735158710158734,0.0,0.0,0.0,0,0,1,1.0
crossover_11_05_02_fps30.mp4,427,0.20623695850372314,-0.07648785185005708,-0.01854832114242927,0.07369652390480042,-0.09052175283432007,0.9860438704490662,-0.09269770979881287,-0.10161188244819641,0.9816874265670776,0.05283346772193909,-0.1425953507423401,-0.46753978729248047,0.9940155148506165,-0.11280393600463867,-0.02819809317588806,-0.3190062642097473,0.9712435603141785,0.12797102332115173,0.27271896600723267,0.9917042255401611,-0.1354483962059021,0.2684541940689087,0.9915516972541809,0.17919729140922724,0.03757627002005888,0.0009666298947683116,0.0009496508008342563,0.0,0.0,0.0,0,0,1,1.0
crossover_11_05_02_fps30.mp4,428,0.20677489042282104,-0.0766639973147441,-0.018104803271409953,0.07275846600532532,-0.09086298942565918,0.9861821532249451,-0.09267506003379822,-0.10168594121932983,0.9828452467918396,0.05206325650215149,-0.14681518077850342,-0.4588495194911957,0.9942667484283447,-0.11332997679710388,-0.028332442045211792,-0.30159854888916016,0.9737234711647034,0.1282285749912262,0.2726726531982422,0.9918538331985474,-0.13546612858772278,0.2684381604194641,0.9916428327560425,0.1820358952329402,0.03806571484010517,0.0004435178710193166,-0.00017614546468702752,0.0,0.0,0.0,0,0,1,1.0
crossover_11_05_02_fps30.mp4,429,0.20714852213859558,-0.07662972787679251,-0.018145321200533637,0.07231542468070984,-0.09119373559951782,0.9861924052238464,-0.09262678027153015,-0.10173672437667847,0.9839913249015808,0.05179372429847717,-0.1478540599346161,-0.4496709406375885,0.9944632649421692,-0.11351907253265381,-0.028479576110839844,-0.30072298645973206,0.976058304309845,0.1283944547176361,0.272720605134964,0.9919313192367554,-0.13544130325317383,0.2684068977832794,0.9916500449180603,0.1825292852465057,0.03830953632831009,-4.051792912368457e-05,3.4269437951595094e-05,0.0,0.0,0.0,0,0,1,1.0
crossover_11_05_02_fps30.mp4,430,0.20736615359783173,-0.07653045179480211,-0.01785415280156022,0.0720001757144928,-0.09212437272071838,0.9861276745796204,-0.09263601899147034,-0.1017625629901886,0.9850017428398132,0.05190882086753845,-0.1506306231021881,-0.4385576546192169,0.9946211576461792,-0.11362051963806152,-0.0285642147064209,-0.29338914155960083,0.9781675338745117,0.1284421980381012,0.27276667952537537,0.991943895816803,-0.13551592826843262,0.26841792464256287,0.9916077256202698,0.18473288236674212,0.038605421363113415,0.0002911683989734182,9.927608199039595e-05,0.0,0.0,0.0,0,0,1,1.0
crossover_11_05_02_fps30.mp4,431,0.20735661685466766,-0.07623623084213776,-0.017197812039677685,0.07174879312515259,-0.09285110235214233,0.9858731031417847,-0.09263104200363159,-0.10138967633247375,0.9858802556991577,0.05209171772003174,-0.14991623163223267,-0.4401070177555084,0.9946719408035278,-0.113552987575531,-0.028348326683044434,-0.3000022768974304,0.9800165295600891,0.1284814476966858,0.27318713068962097,0.9920125603675842,-0.1355527937412262,0.26867738366127014,0.9915634393692017,0.18461376243747457,0.03894707062040977,0.0006563407618825345,0.000294220952664348,0.0,0.0,0.0,0,0,1,1.0
crossover_11_05_02_fps30.mp4,432,0.2069944590330124,-0.07609325637251646,-0.016692428036433893,0.07171675562858582,-0.09372907876968384,0.9843165874481201,-0.09256908297538757,-0.10086265206336975,0.986662745475769,0.05312350392341614,-0.1470051407814026,-0.47198057174682617,0.9939773678779602,-0.11352267861366272,-0.027811288833618164,-0.32868054509162903,0.9816957116127014,0.12862750887870789,0.27372995018959045,0.9919079542160034,-0.1356428861618042,0.26908257603645325,0.99127197265625,0.1835166865555534,0.039046007667022445,0.0005053840032437917,0.00014297446962130422,0.0,0.0,0.0,0,0,1,1.0
crossover_11_05_02_fps30.mp4,433,0.20697206258773804,-0.0756899791248774,-0.016124668353941385,0.0714845061302185,-0.09529232978820801,0.984264075756073,-0.09230363368988037,-0.10027274489402771,0.9874438047409058,0.056431710720062256,-0.141963392496109,-0.4527205526828766,0.9941227436065674,-0.1133793294429779,-0.027221381664276123,-0.31480348110198975,0.9832311272621155,0.1286734938621521,0.2743297219276428,0.9919793009757996,-0.13583147525787354,0.26954346895217896,0.9912793040275574,0.1824596542285746,0.039288982853877275,0.000567759682492508,0.0004032772476390556,0.0,0.0,0.0,0,0,1,1.0
crossover_11_05_02_fps30.mp4,434,0.2068927139043808,-0.07573514459496838,-0.0157850031445666,0.0713224709033966,-0.09605520963668823,0.9840541481971741,-0.09201553463935852,-0.0999370813369751,0.9881187081336975,0.05812886357307434,-0.13783878087997437,-0.4464676082134247,0.9942190051078796,-0.1132114827632904,-0.02691483497619629,-0.3078588843345642,0.9846060872077942,0.12878915667533875,0.27464476227760315,0.991965651512146,-0.13594147562980652,0.2698124945163727,0.991218626499176,0.18115379472232462,0.03909410542660859,0.0003396652093747843,-4.516547009097982e-05,0.0,0.0,0.0,0,0,1,1.0
crossover_11_05_02_fps30.mp4,435,0.20747670531272888,-0.07594100913759005,-0.01577563736496901,0.07072535157203674,-0.0966579020023346,0.9836795330047607,-0.0921807587146759,-0.10014578700065613,0.9886654019355774,0.05839630961418152,-0.13782161474227905,-0.434058278799057,0.9942001700401306,-0.11377021670341492,-0.02680271863937378,-0.2867864966392517,0.985809862613678,0.12824919819831848,0.2747701108455658,0.9916937351226807,-0.13680493831634521,0.2699391543865204,0.9909999370574951,0.18149858347490747,0.03940362250467068,9.365779597592105e-06,-0.00020586454262166987,0.0,0.0,0.0,0,0,1,1.0
crossover_11_05_02_fps30.mp4,436,0.2081327587366104,-0.07605231081025077,-0.01619379316888203,0.07023683190345764,-0.09713980555534363,0.9831345677375793,-0.09235116839408875,-0.1005983054637909,0.9890138506889343,0.05861946940422058,-0.13789555430412292,-0.4300771653652191,0.994063675403595,-0.11426478624343872,-0.026935487985610962,-0.28384506702423096,0.9867944717407227,0.12762948870658875,0.27475506067276,0.9912950992584229,-0.13767719268798828,0.26993411779403687,0.9906134605407715,0.1815153080309044,0.039693542122966725,-0.00041815580391302287,-0.000111301672660713,0.0,0.0,0.0,0,0,1,1.0
crossover_11_05_02_fps30.mp4,437,0.20881187915802002,-0.07619359856944974,-0.016474717710076303,0.06998252868652344,-0.0975240170955658,0.9824448227882385,-0.0926339328289032,-0.10089164972305298,0.9893934726715088,0.05831754207611084,-0.13849177956581116,-0.4405093491077423,0.993882417678833,-0.11455819010734558,-0.027240246534347534,-0.2883431017398834,0.987736165523529,0.12712794542312622,0.27484458684921265,0.9910273551940918,-0.1383482813835144,0.2698792815208435,0.9903072714805603,0.18160784768747196,0.03984643641200307,-0.0002809245411942718,-0.0001412877591989714,0.0,0.0,0.0,0,0,1,1.0
crossover_11_05_02_fps30.mp4,438,0.20955392718315125,-0.0763821618031647,-0.01644935389844382,0.06982511281967163,-0.09813237190246582,0.9818416237831116,-0.09275117516517639,-0.10108011960983276,0.9897401332855225,0.058314740657806396,-0.13852572441101074,-0.4441089630126953,0.9937542676925659,-0.11461767554283142,-0.027557075023651123,-0.29183247685432434,0.9886028170585632,0.12687808275222778,0.2746560275554657,0.990466296672821,-0.1386672854423523,0.2698305547237396,0.9898332953453064,0.18178530130376847,0.03981627782115775,2.5363811632483912e-05,-0.00018856323371496675,0.0,0.0,0.0,0,0,1,1.0
crossover_11_05_02_fps30.mp4,439,0.20997203886508942,-0.07655822836746606,-0.01640508000443619,0.069753497838974,-0.09846147894859314,0.9814518094062805,-0.09276151657104492,-0.1011878252029419,0.9900316596031189,0.05836179852485657,-0.13848689198493958,-0.44424179196357727,0.9936931729316711,-0.11458691954612732,-0.02787727117538452,-0.2945763170719147,0.9893717765808105,0.1267099678516388,0.274411678314209,0.9898251295089722,-0.13897296786308289,0.26980388164520264,0.9893583059310913,0.1819543417263464,0.039721436567988995,4.4273894007629266e-05,-0.00017606656430135814,0.0,0.0,0.0,0,0,1,1.0
crossover_11_05_02_fps30.mp4,440,0.2103148251771927,-0.07720004017070187,-0.016062274502544882,0.06968539953231812,-0.09872716665267944,0.9811611771583557,-0.09284630417823792,-0.1014503538608551,0.9901552200317383,0.05814081430435181,-0.13853615522384644,-0.44366151094436646,0.9936168789863586,-0.11477473378181458,-0.028258711099624634,-0.29664885997772217,0.9899411797523499,0.12639480829238892,0.2741605043411255,0.9894599914550781,-0.1394500434398651,0.26965564489364624,0.9890996813774109,0.18252944515604397,0.03950456512399017,0.0003428055018913079,-0.0006418118032358033,0.0,0.0,0.0,0,0,1,1.0
crossover_11_05_02_fps30.mp4,441,0.21033835411071777,-0.07734609094716732,-0.015285786768285237,0.06965869665145874,-0.09899437427520752,0.981042742729187,-0.09283995628356934,-0.10164904594421387,0.990227460861206,0.05852460861206055,-0.13740277290344238,-0.44286003708839417,0.9935908913612366,-0.1148364245891571,-0.028386354446411133,-0.2947249710559845,0.9903496503829956,0.1262364387512207,0.27395355701446533,0.9893330335617065,-0.1396763026714325,0.26974737644195557,0.9890376329421997,0.1826838944774501,0.039713347757106394,0.0007764877342596455,-0.00014605077646545617,0.0,0.0,0.0,0,0,1,1.0
crossover_11_05_02_fps30.mp4,442,0.2100912630558014,-0.07738075155322832,-0.014347303204420125,0.0696256160736084,-0.09896469116210938,0.9807710647583008,-0.09267938137054443,-0.10160583257675171,0.9901898503303528,0.058594465255737305,-0.13677921891212463,-0.43659651279449463,0.9935535192489624,-0.11471223831176758,-0.028084635734558105,-0.2875489294528961,0.9906551241874695,0.1261507272720337,0.2742100954055786,0.9890746474266052,-0.13978645205497742,0.270047664642334,0.9888453483581543,0.18297222076070366,0.03977881607899585,0.0009384835638651112,-3.4660606060998855e-05,0.0,0.0,0.0,0,0,1,1.0
crossover_11_05_02_fps30.mp4,443,0.20980387926101685,-0.07743483892941877,-0.013425663477036998,0.06978926062583923,-0.0986039936542511,0.9804655909538269,-0.09245440363883972,-0.10126897692680359,0.9903242588043213,0.05860987305641174,-0.13598808646202087,-0.4442501664161682,0.9934605956077576,-0.11446812748908997,-0.02775236964225769,-0.2974897623062134,0.9911022186279297,0.12610945105552673,0.27454546093940735,0.9888921976089478,-0.13985416293144226,0.2703324854373932,0.9887161254882812,0.18311119896734246,0.03970792076007564,0.0009216397273831278,-5.408737619044812e-05,0.0,0.0,0.0,0,0,1,1.0
crossover_11_05_02_fps30.mp4,444,0.20965790748596191,-0.07746259267047301,-0.013290992451877148,0.06991645693778992,-0.09842920303344727,0.9800509214401245,-0.0922580361366272,-0.10110926628112793,0.9905301332473755,0.05858531594276428,-0.13560742139816284,-0.4465590715408325,0.9933469891548157,-0.11429965496063232,-0.027594387531280518,-0.2992582619190216,0.991602897644043,0.12609371542930603,0.27468517422676086,0.9885985255241394,-0.13989782333374023,0.27031293511390686,0.9885101914405823,0.1829490153791693,0.03951653159079853,0.0001346710251598493,-2.7753741054237224e-05,0.0,0.0,0.0,0,0,1,1.0
crossover_11_05_02_fps30.mp4,445,0.20956720411777496,-0.07740408404398774,-0.013082585392928725,0.07003432512283325,-0.09835395216941833,0.9799124002456665,-0.09205996990203857,-0.10103058815002441,0.9908794164657593,0.0586128830909729,-0.13518297672271729,-0.44461479783058167,0.9933793544769287,-0.11416718363761902,-0.027177363634109497,-0.29826560616493225,0.9921655654907227,0.12612545490264893,0.2747441530227661,0.9884973168373108,-0.13991495966911316,0.2700476050376892,0.9884774088859558,0.18278162082518162,0.03937243027042292,0.00020840705894842326,5.8508626485265225e-05,0.0,0.0,0.0,0,0,1,1.0
crossover_11_05_02_fps30.mp4,446,0.20942999422550201,-0.07734138490790027,-0.013001984212456685,0.07010582089424133,-0.09822243452072144,0.9799195528030396,-0.09189194440841675,-0.10091537237167358,0.9913002848625183,0.05865129828453064,-0.1345081925392151,-0.438946008682251,0.9934555292129517,-0.11400541663169861,-0.02677255868911743,-0.2937318980693817,0.9927281737327576,0.12621483206748962,0.27485108375549316,0.9884001612663269,-0.1398996114730835,0.2698671817779541,0.9884698987007141,0.18236712572122887,0.0391647793771515,8.060118047203968e-05,6.269913608747402e-05,0.0,0.0,0.0,0,0,1,1.0
crossover_11_05_02_fps30.mp4,447,0.20946763455867767,-0.07727429715253537,-0.013075277863479229,0.07016429305076599,-0.09821683168411255,0.9800994396209717,-0.09177646040916443,-0.10095927119255066,0.9916808605194092,0.058687955141067505,-0.13415414094924927,-0.428935170173645,0.993635356426239,-0.11387676000595093,-0.026275992393493652,-0.28414979577064514,0.9932476282119751,0.12629994750022888,0.27480214834213257,0.9883511066436768,-0.1398753523826599,0.26969343423843384,0.9884939193725586,0.18205994928839225,0.03891014200743297,-7.329365102254348e-05,6.708775536490297e-05,0.0,0.0,0.0,0,0,1,1.0
crossover_11_05_02_fps30.mp4,448,0.20952141284942627,-0.07729925796137016,-0.01320818822558334,0.07019767165184021,-0.09821939468383789,0.980256974697113,-0.09165135025978088,-0.10102188587188721,0.992016613483429,0.058718591928482056,-0.1338975727558136,-0.42547711730003357,0.9937927722930908,-0.11379384994506836,-0.02616417407989502,-0.2804582715034485,0.9937021732330322,0.12639740109443665,0.2747627794742584,0.9883434772491455,-0.13986149430274963,0.2695043981075287,0.9885214567184448,0.1818427425743028,0.03872612572300169,-0.00013291036210411056,-2.4960808834795234e-05,0.0,0.0,0.0,0,0,1,1.0
crossover_11_05_02_fps30.mp4,449,0.20959053933620453,-0.07729192790338546,-0.013297836228114812,0.07021188735961914,-0.09824603796005249,0.9804113507270813,-0.0915689766407013,-0.10109922289848328,0.9923190474510193,0.05873596668243408,-0.13379564881324768,-0.42326852679252625,0.9939491152763367,-0.11374810338020325,-0.02609977126121521,-0.2770427465438843,0.9941104650497437,0.1264696717262268,0.2747149169445038,0.9883491396903992,-0.13986468315124512,0.2693183720111847,0.9885461926460266,0.18172317117872624,0.038638611142072045,-8.964800253147276e-05,7.330057984700211e-06,0.0,0.0,0.0,0,0,1,1.0
crossover_11_05_02_fps30.mp4,450,0.209866002202034,-0.07748224462492992,-0.013614453920503922,0.07020589709281921,-0.0984310507774353,0.9806697964668274,-0.09146970510482788,-0.1013990044593811,0.9924622774124146,0.05874940752983093,-0.13371708989143372,-0.42564424872398376,0.9941251277923584,-0.11373308300971985,-0.026226043701171875,-0.27563390135765076,0.9943708181381226,0.12651744484901428,0.2744596600532532,0.9883909225463867,-0.13987937569618225,0.2689831852912903,0.9885830879211426,0.18161416854414592,0.03838196816730491,-0.00031661769238910953,-0.000190316721544459,0.0,0.0,0.0,0,0,1,1.0
crossover_11_05_02_fps30.mp4,451,0.20991256833076477,-0.0774451802342625,-0.01362456155986319,0.07019010186195374,-0.09835934638977051,0.980930507183075,-0.09139895439147949,-0.10149163007736206,0.9926006197929382,0.058777064085006714,-0.13349634408950806,-0.4265223443508148,0.994280993938446,-0.11371919512748718,-0.026177585124969482,-0.27486106753349304,0.994608998298645,0.12656095623970032,0.27442535758018494,0.9884262681007385,-0.13990449905395508,0.2688852846622467,0.9885891675949097,0.18145452348787877,0.038384665650491215,-1.0107639359269172e-05,3.70643906674184e-05,0.0,0.0,0.0,0,0,1,1.0
crossover_11_05_02_fps30.mp4,452,0.20993517339229584,-0.0774179468720646,-0.013570556117267152,0.07016909122467041,-0.09827187657356262,0.981239914894104,-0.09133660793304443,-0.10159766674041748,0.9927488565444946,0.058884620666503906,-0.1330103874206543,-0.4275048077106476,0.9944524765014648,-0.11370360851287842,-0.02618888020515442,-0.2764686346054077,0.994829535484314,0.1266186237335205,0.2744210958480835,0.9885736107826233,-0.13990291953086853,0.268796443939209,0.9886717796325684,0.18122986293485854,0.038417070990623206,5.400544259603901e-05,2.723336219789818e-05,0.0,0.0,0.0,0,0,1,1.0
crossover_11_05_02_fps30.mp4,453,0.20990405976772308,-0.07737414998523262,-0.013342005014419567,0.07017302513122559,-0.09817394614219666,0.9815980195999146,-0.09131404757499695,-0.10161012411117554,0.9929378032684326,0.05894172191619873,-0.13246142864227295,-0.43042120337486267,0.9946318864822388,-0.11369076371192932,-0.026084840297698975,-0.2765805125236511,0.9950622916221619,0.12667196989059448,0.274464875459671,0.9887171387672424,-0.13990750908851624,0.2687710225582123,0.9887744784355164,0.18102887619846572,0.03848735225539535,0.00022855110284758506,4.3796886831981574e-05,0.0,0.0,0.0,0,0,1,1.0
crossover_11_05_02_fps30.mp4,454,0.20988829433918,-0.07733812594817857,-0.013318016761686757,0.07018637657165527,-0.0981006920337677,0.9819149374961853,-0.09127792716026306,-0.10163524746894836,0.9931188225746155,0.059009432792663574,-0.13206198811531067,-0.4318522810935974,0.9948000311851501,-0.11366996169090271,-0.026017457246780396,-0.27719786763191223,0.9952831268310547,0.12672704458236694,0.27449631690979004,0.9888505339622498,-0.13990315794944763,0.2687336802482605,0.9888607263565063,0.18080593880571968,0.0384873755544688,2.3988252732809467e-05,3.6024037054049884e-05,0.0,0.0,0.0,0,0,1,1.0
crossover_11_05_02_fps30.mp4,455,0.20989641547203064,-0.07721055826898349,-0.0131504170778321,0.07021892070770264,-0.09810438752174377,0.9819551110267639,-0.09125277400016785,-0.10170778632164001,0.9932577610015869,0.05882495641708374,-0.13248074054718018,-0.43126988410949707,0.994852602481842,-0.11363878846168518,-0.025972366333007812,-0.2771662175655365,0.9954814314842224,0.126783549785614,0.27452507615089417,0.9888573288917542,-0.1398909091949463,0.26871511340141296,0.9888657331466675,0.1809568660073512,0.03861888576428331,0.00016759968385465784,0.00012756767919508416,0.0,0.0,0.0,0,0,1,1.0
crossover_11_05_02_fps30.mp4,456,0.20990875363349915,-0.07694848705146273,-0.013239883213508441,0.07055720686912537,-0.09810394048690796,0.9815828204154968,-0.09121084213256836,-0.10202613472938538,0.9933722615242004,0.05868449807167053,-0.13579776883125305,-0.4415939152240753,0.9946556091308594,-0.11358851194381714,-0.026009857654571533,-0.286502480506897,0.9956502914428711,0.12686410546302795,0.2745193839073181,0.9889817833900452,-0.1398545205593109,0.26865655183792114,0.9889854192733765,0.18280246710726927,0.03880159367007694,-8.946613567634154e-05,0.000262071217520754,0.0,0.0,0.0,0,0,1,1.0
crossover_11_05_02_fps30.mp4,457,0.20993049442768097,-0.07690936640157536,-0.01331865525827175,0.07069411873817444,-0.09806939959526062,0.9815345406532288,-0.09121042490005493,-0.10250183939933777,0.9933794736862183,0.058786243200302124,-0.1376737356185913,-0.44350501894950867,0.9946317076683044,-0.11358270049095154,-0.026378095149993896,-0.286769300699234,0.9957196712493896,0.12689605355262756,0.27452099323272705,0.9889391660690308,-0.13986453413963318,0.2686181664466858,0.988944411277771,0.1840583724709275,0.03892919731405343,-7.87720447633089e-05,3.912064988736974e-05,0.0,0.0,0.0,0,0,1,1.0
crossover_11_05_02_fps30.mp4,458,0.20984230935573578,-0.07672282800836078,-0.01334971974535687,0.07071042060852051,-0.09777063131332397,0.9807186722755432,-0.0912037193775177,-0.10312291979789734,0.9930493831634521,0.05903971195220947,-0.13981255888938904,-0.45341217517852783,0.9942526817321777,-0.1135735809803009,-0.02687150239944458,-0.2888301908969879,0.9954904913902283,0.12694334983825684,0.27472394704818726,0.9885547757148743,-0.13986486196517944,0.2687870264053345,0.9885132908821106,0.1855379124085285,0.03925323681867957,-3.106448708511955e-05,0.00018653839321458587,0.0,0.0,0.0,0,0,1,1.0
crossover_11_05_02_fps30.mp4,459,0.20976096391677856,-0.07677406426203454,-0.013193096038771834,0.07073661684989929,-0.09755778312683105,0.9799357652664185,-0.09119278192520142,-0.10339275002479553,0.9927429556846619,0.05920162796974182,-0.14101645350456238,-0.45674577355384827,0.9938642382621765,-0.1135583221912384,-0.02707698941230774,-0.2902665436267853,0.9952907562255859,0.12697729468345642,0.27486589550971985,0.9881700277328491,-0.1398550570011139,0.26891735196113586,0.9880605340003967,0.18662314859560708,0.0393172242994074,0.0001566237065850351,-5.1236253673758725e-05,0.0,0.0,0.0,0,0,1,1.0
crossover_11_05_02_fps30.mp4,460,0.20980209112167358,-0.07687624167587798,-0.0132806740156034,0.07076305150985718,-0.09748208522796631,0.97968989610672,-0.09114047884941101,-0.10378184914588928,0.9926635026931763,0.06024712324142456,-0.14346790313720703,-0.45823508501052856,0.9937973618507385,-0.1135055422782898,-0.027243852615356445,-0.29391586780548096,0.9952701330184937,0.12703603506088257,0.27492570877075195,0.9878279566764832,-0.13981181383132935,0.26893770694732666,0.9876905679702759,0.18908075479171496,0.03920045942626755,-8.757797683156543e-05,-0.00010217741384344059,0.0,0.0,0.0,0,0,1,1.0
crossover_11_05_02_fps30.mp4,461,0.2099565714597702,-0.07687855312379738,-0.013339212173368864,0.07045739889144897,-0.09766840934753418,0.9793622493743896,-0.09115099906921387,-0.1041889488697052,0.9927271604537964,0.060559749603271484,-0.14431041479110718,-0.457586407661438,0.9937562346458435,-0.113514244556427,-0.027438849210739136,-0.29952681064605713,0.9953884482383728,0.12702792882919312,0.27490878105163574,0.9876874089241028,-0.13983076810836792,0.26890021562576294,0.9876194000244141,0.18984926381641326,0.0392552372471806,-5.853815776546423e-05,-2.3114479194008553e-06,0.0,0.0,0.0,0,0,1,1.0
crossover_11_05_02_fps30.mp4,462,0.21007438004016876,-0.07695690252013127,-0.01335448346486906,0.0702928900718689,-0.09766066074371338,0.9792273044586182,-0.0911308228969574,-0.10443362593650818,0.9927852749824524,0.06236875057220459,-0.14398357272148132,-0.4630621373653412,0.9937210083007812,-0.11349928379058838,-0.027639836072921753,-0.306179404258728,0.995486855506897,0.12702608108520508,0.2748792767524719,0.9875665903091431,-0.13984373211860657,0.2687957286834717,0.9875035285949707,0.19098585437046875,0.03923540401285366,-1.5271291500196238e-05,-7.834939633388771e-05,0.0,0.0,0.0,0,0,1,1.0
crossover_11_05_02_fps30.mp4,463,0.2098572850227356,-0.07691029027356938,-0.013132651986145383,0.07008451223373413,-0.09751543402671814,0.9793550372123718,-0.09108290076255798,-0.10419699549674988,0.9928813576698303,0.06337839365005493,-0.14338430762290955,-0.47643762826919556,0.9937911629676819,-0.11345142126083374,-0.02752631902694702,-0.31453999876976013,0.9955620169639587,0.12703484296798706,0.2751489579677582,0.9873939752578735,-0.13985159993171692,0.26898428797721863,0.9872811436653137,0.19143251717809273,0.039273806852785115,0.00022183147872367748,4.661224656188345e-05,0.0,0.0,0.0,0,0,1,1.0
crossover_11_05_02_fps30.mp4,464,0.20977747440338135,-0.07691597625360652,-0.013002723019297557,0.06992301344871521,-0.09748244285583496,0.9793893694877625,-0.09103438258171082,-0.10415953397750854,0.9929675459861755,0.06390157341957092,-0.14303314685821533,-0.47640296816825867,0.9938361644744873,-0.11340588331222534,-0.02752777934074402,-0.3127211630344391,0.9956440329551697,0.12704208493232727,0.2752087116241455,0.9870621562004089,-0.13985741138458252,0.2690064311027527,0.9869085550308228,0.1916702726551157,0.03927455382671879,0.0001299289668478254,-5.685980037140048e-06,0.0,0.0,0.0,0,0,1,1.0
crossover_11_05_02_fps30.mp4,465,0.2093953937292099,-0.07690659832146207,-0.012761587340657299,0.06978216767311096,-0.09691399335861206,0.9793804287910461,-0.09085488319396973,-0.10386839509010315,0.9931210279464722,0.065483957529068,-0.14185738563537598,-0.4718785583972931,0.9938860535621643,-0.11328855156898499,-0.027455776929855347,-0.3100831210613251,0.9958069324493408,0.12709566950798035,0.2754560708999634,0.9867482781410217,-0.13981452584266663,0.2692367434501648,0.9865911602973938,0.19219988432039603,0.03923730023572263,0.00024113567864025853,9.377932144449819e-06,0.0,0.0,0.0,0,0,1,1.0
crossover_11_05_02_fps30.mp4,466,0.20925241708755493,-0.07677226106999285,-0.01272097535249661,0.06952768564224243,-0.09674304723739624,0.9791494011878967,-0.09055724740028381,-0.1037544310092926,0.9932429790496826,0.06781870126724243,-0.13747522234916687,-0.4740639328956604,0.9938557744026184,-0.1131114661693573,-0.027570903301239014,-0.3113771378993988,0.9959338903427124,0.127191960811615,0.2755047082901001,0.9863925576210022,-0.13972964882850647,0.2692958116531372,0.9862114191055298,0.19097164327018293,0.039256313980511666,4.061198816068812e-05,0.0001343372514692187,0.0,0.0,0.0,0,0,1,1.0
crossover_11_05_02_fps30.mp4,467,0.20900006592273712,-0.07668288764307052,-0.012863611884233406,0.06885826587677002,-0.09676340222358704,0.9783434271812439,-0.09026801586151123,-0.10382133722305298,0.9934078454971313,0.07089036703109741,-0.12905287742614746,-0.47327348589897156,0.9935893416404724,-0.1129399836063385,-0.02766948938369751,-0.3096941113471985,0.9960893988609314,0.12728804349899292,0.2754201889038086,0.9860557317733765,-0.13964107632637024,0.26924532651901245,0.9859004020690918,0.18782388272606934,0.039163644062047656,-0.00014263653173679502,8.937342692233452e-05,0.0,0.0,0.0,0,0,1,1.0
crossover_11_05_02_fps30.mp4,468,0.20879678428173065,-0.07667747180340656,-0.012956328799084926,0.06840172410011292,-0.09677249193191528,0.9773249626159668,-0.08999946713447571,-0.10387304425239563,0.9934334754943848,0.0720648467540741,-0.12244278192520142,-0.4723813235759735,0.9932539463043213,-0.11280643939971924,-0.027744799852371216,-0.30264681577682495,0.9961729049682617,0.12736055254936218,0.2753636837005615,0.9852767586708069,-0.13957583904266357,0.2692146897315979,0.9851008057594299,0.18469315295373664,0.039038457649724044,-9.271691485152056e-05,5.415839663958089e-06,0.0,0.0,0.0,0,0,1,1.0
crossover_11_05_02_fps30.mp4,469,0.2086552530527115,-0.07660014568749118,-0.01296449943286615,0.06812214851379395,-0.09677845239639282,0.9763550162315369,-0.08978977799415588,-0.10390281677246094,0.9934494495391846,0.07254213094711304,-0.12031900882720947,-0.47087186574935913,0.9929248690605164,-0.11269176006317139,-0.027808040380477905,-0.30207929015159607,0.9962362051010132,0.12742942571640015,0.27533093094825745,0.9844909310340881,-0.13951194286346436,0.2691921889781952,0.9842818379402161,0.18376182782899433,0.039024804113617695,-8.170633781223735e-06,7.732611591537708e-05,0.0,0.0,0.0,0,0,1,1.0
crossover_11_05_02_fps30.mp4,470,0.2086065411567688,-0.07647537245588787,-0.013047179507046203,0.06742504239082336,-0.09670612215995789,0.975813627243042,-0.08961224555969238,-0.10402068495750427,0.9935425519943237,0.07242235541343689,-0.11731237173080444,-0.4674781858921051,0.9927685856819153,-0.11258986592292786,-0.027839750051498413,-0.29474472999572754,0.9963259696960449,0.12751850485801697,0.2752726972103119,0.9841002821922302,-0.13942700624465942,0.2691620886325836,0.9838912487030029,0.18177393562913455,0.03902661632390732,-8.268007418005263e-05,0.00012477323160331455,0.0,0.0,0.0,0,0,1,1.0
crossover_11_05_02_fps30.mp4,471,0.2085885852575302,-0.0767087011014001,-0.0132577432364952,0.066700279712677,-0.09699228405952454,0.9752819538116455,-0.08948346972465515,-0.10423997044563293,0.9934722185134888,0.07229501008987427,-0.11634281277656555,-0.4659634232521057,0.9925411343574524,-0.11251553893089294,-0.027849674224853516,-0.2739347219467163,0.996275007724762,0.12758594751358032,0.27520236372947693,0.9837859869003296,-0.13935589790344238,0.26914164423942566,0.9835653305053711,0.18118674761376408,0.03866592925712004,-0.00021056372944899815,-0.00023332864551223187,0.0,0.0,0.0,0,0,1,1.0
crossover_11_05_02_fps30.mp4,472,0.20869044959545135,-0.07674965898869401,-0.01350989210896375,0.06658774614334106,-0.09701460599899292,0.9747901558876038,-0.08925938606262207,-0.10461542010307312,0.993350088596344,0.07219332456588745,-0.11620819568634033,-0.46513646841049194,0.9923444986343384,-0.11234557628631592,-0.02794027328491211,-0.2721998393535614,0.9961659908294678,0.12776458263397217,0.2750776708126068,0.9834983944892883,-0.13918015360832214,0.26910147070884705,0.9832680821418762,0.1809169807060999,0.03840970227875117,-0.00025214887246854945,-4.095788729391314e-05,0.0,0.0,0.0,0,0,1,1.0
crossover_11_05_02_fps30.mp4,473,0.20880413055419922,-0.07658050686626111,-0.013675493147315032,0.06618565320968628,-0.0969972014427185,0.9743666052818298,-0.08913072943687439,-0.1047816276550293,0.993327796459198,0.07217180728912354,-0.11543944478034973,-0.461923748254776,0.9922080636024475,-0.11231100559234619,-0.02792629599571228,-0.2701422870159149,0.9961273670196533,0.12784159183502197,0.27504056692123413,0.9834629893302917,-0.1391047239303589,0.26921212673187256,0.9833074808120728,0.1802308320420035,0.038467569731380935,-0.00016560103835128182,0.0001691521224329029,0.0,0.0,0.0,0,0,1,1.0
crossover_11_05_02_fps30.mp4,474,0.20883768796920776,-0.07652192499678012,-0.013668665217190235,0.065959632396698,-0.09698209166526794,0.9738592505455017,-0.0890604555606842,-0.10484066605567932,0.9933730959892273,0.07209599018096924,-0.11517804861068726,-0.46192291378974915,0.9920504093170166,-0.1122795045375824,-0.027884870767593384,-0.27317526936531067,0.9961453676223755,0.1278907060623169,0.27501586079597473,0.9833362102508545,-0.13906130194664001,0.26944610476493835,0.9833338856697083,0.1799762196200061,0.03847992976693324,6.827930124797543e-06,5.85818694809892e-05,0.0,0.0,0.0,0,0,1,1.0
crossover_11_05_02_fps30.mp4,475,0.20889079570770264,-0.07662338220467002,-0.013726799953274638,0.06578278541564941,-0.0968649685382843,0.973543107509613,-0.08897680044174194,-0.10489502549171448,0.9934582114219666,0.07211953401565552,-0.11467552185058594,-0.46031317114830017,0.9920234084129333,-0.1122584342956543,-0.02786809206008911,-0.2758621871471405,0.9961865544319153,0.12795108556747437,0.2749231457710266,0.983312726020813,-0.13902080059051514,0.269661009311676,0.9834944605827332,0.1797640107986787,0.038338402157333265,-5.8134736084403116e-05,-0.00010145720788989898,0.0,0.0,0.0,0,0,1,1.0
crossover_11_05_02_fps30.mp4,476,0.20901401340961456,-0.07660557961059827,-0.013816599002698549,0.06556880474090576,-0.0969533622264862,0.9734371900558472,-0.0889124870300293,-0.10500821471214294,0.9935656189918518,0.07209569215774536,-0.11404871940612793,-0.4588358700275421,0.9920647144317627,-0.11223307251930237,-0.02792060375213623,-0.2774044871330261,0.9962487816810608,0.12798869609832764,0.27477172017097473,0.9834910035133362,-0.13899409770965576,0.2696567475795746,0.9838324785232544,0.179328040713354,0.038317635638592334,-8.979904942391093e-05,1.7802594071747446e-05,0.0,0.0,0.0,0,0,1,1.0
crossover_11_05_02_fps30.mp4,477,0.20906215906143188,-0.07649589251663724,-0.01379775928287974,0.0653996467590332,-0.0969204306602478,0.9736542105674744,-0.08891230821609497,-0.10507014393806458,0.9937010407447815,0.07201260328292847,-0.11412012577056885,-0.4588691294193268,0.9922202229499817,-0.11223888397216797,-0.027935504913330078,-0.2825435400009155,0.9963246583938599,0.12799984216690063,0.27474334836006165,0.9836679100990295,-0.13900235295295715,0.2697513997554779,0.9842153787612915,0.17921872263337843,0.03843744645136381,1.8839719818808387e-05,0.0001096870939610306,0.0,0.0,0.0,0,0,1,1.0
crossover_11_05_02_fps30.mp4,478,0.20910820364952087,-0.07647177142612005,-0.013766389067580043,0.06536674499511719,-0.09702840447425842,0.9740806818008423,-0.0888565182685852,-0.10528409481048584,0.993857741355896,0.07190448045730591,-0.1145952045917511,-0.4618111252784729,0.9924522638320923,-0.11219185590744019,-0.028148889541625977,-0.2921122908592224,0.9964724779129028,0.12802398204803467,0.2746158838272095,0.9839423298835754,-0.1390080451965332,0.26971977949142456,0.9846843481063843,0.17939331694068533,0.03850689230824242,3.1370215299697524e-05,2.412109051719291e-05,0.0,0.0,0.0,0,0,1,1.0
crossover_11_05_02_fps30.mp4,479,0.2091847062110901,-0.07643273361658648,-0.013904668645160934,0.06531369686126709,-0.09715914726257324,0.974419891834259,-0.08882266283035278,-0.10549777746200562,0.9939844012260437,0.07181596755981445,-0.11495500802993774,-0.46183931827545166,0.992645263671875,-0.11216184496879578,-0.028375297784805298,-0.29314321279525757,0.9965985417366028,0.12802892923355103,0.2744773030281067,0.9841828346252441,-0.1390226185321808,0.2696126103401184,0.9851133227348328,0.17941250929148836,0.0385482620323627,-0.00013827957758089093,3.903780953357083e-05,0.0,0.0,0.0,0,0,1,1.0
crossover_11_05_02_fps30.mp4,480,0.2091739922761917,-0.07609555721282957,-0.01387691992085155,0.06526297330856323,-0.09724089503288269,0.9748392701148987,-0.08883774280548096,-0.10559314489364624,0.9941776394844055,0.07172328233718872,-0.11520665884017944,-0.46117839217185974,0.9929090142250061,-0.11214125156402588,-0.028469860553741455,-0.29364731907844543,0.9967718720436096,0.1280055046081543,0.27440112829208374,0.9843812584877014,-0.1390599012374878,0.269536554813385,0.9854857921600342,0.17921530435588698,0.03888760724928849,2.7748724309384354e-05,0.0003371764037569114,0.0,0.0,0.0,0,0,1,1.0
crossover_11_05_02_fps30.mp4,481,0.20917926728725433,-0.07591049671173095,-0.01393712497339017,0.06522005796432495,-0.09735569357872009,0.9749171137809753,-0.08885842561721802,-0.10566374659538269,0.9943190813064575,0.07166850566864014,-0.11540019512176514,-0.45383933186531067,0.9930883646011353,-0.11211064457893372,-0.028542429208755493,-0.2877103388309479,0.9969115853309631,0.12799495458602905,0.2743397355079651,0.9844046831130981,-0.1390828788280487,0.2694717049598694,0.9857186675071716,0.17909303880251637,0.0390354405305605,-6.020505253861996e-05,0.0001850605010986217,0.0,0.0,0.0,0,0,1,1.0
crossover_11_05_02_fps30.mp4,482,0.20921750366687775,-0.07605942326076959,-0.013890387953781502,0.06510567665100098,-0.09760460257530212,0.974804699420929,-0.0889466404914856,-0.10576695203781128,0.9944106340408325,0.0715475082397461,-0.11559280753135681,-0.4436570405960083,0.9932165741920471,-0.11215054988861084,-0.028608381748199463,-0.2754991054534912,0.9970219135284424,0.1279030442237854,0.2742413878440857,0.984333872795105,-0.13917669653892517,0.2693735361099243,0.98586505651474,0.17925174580720576,0.038976772090559234,4.673701960866694e-05,-0.00014892654903864155,0.0,0.0,0.0,0,0,1,1.0
crossover_11_05_02_fps30.mp4,483,0.20929914712905884,-0.07614696106668245,-0.013982472914021216,0.06499344110488892,-0.09777092933654785,0.9744545817375183,-0.08895120024681091,-0.10596197843551636,0.9943573474884033,0.07146203517913818,-0.11565110087394714,-0.4443078637123108,0.9932438731193542,-0.11215773224830627,-0.028795719146728516,-0.273349791765213,0.997043251991272,0.127860426902771,0.27406415343284607,0.9841461777687073,-0.13922491669654846,0.26919475197792053,0.9858648180961609,0.1792342759740796,0.038938514417554325,-9.208496023971335e-05,-8.753780591286286e-05,0.0,0.0,0.0,0,0,1,1.0
crossover_11_05_02_fps30.mp4,484,0.20935745537281036,-0.0762520157684714,-0.01410073129142203,0.06490051746368408,-0.09788355231285095,0.974188506603241,-0.08896484971046448,-0.10609930753707886,0.99432772397995,0.0713653564453125,-0.11568540334701538,-0.444014310836792,0.9932839870452881,-0.11217096447944641,-0.02892822027206421,-0.27340662479400635,0.9970743656158447,0.12781625986099243,0.2739429473876953,0.983967661857605,-0.13927510380744934,0.2690739631652832,0.9858896136283875,0.1791935662236378,0.03885904406920889,-0.00011825837740081502,-0.0001050547017889536,0.0,0.0,0.0,0,0,1,1.0
crossover_11_05_02_fps30.mp4,485,0.20930810272693634,-0.07621214056419112,-0.013957506127473762,0.06479713320732117,-0.09790560603141785,0.9740431904792786,-0.0889236330986023,-0.10617560148239136,0.9942420721054077,0.07131949067115784,-0.11561283469200134,-0.44587188959121704,0.9932668209075928,-0.11215633153915405,-0.029099762439727783,-0.27354896068573,0.9970647692680359,0.12781885266304016,0.273921936750412,0.9838781356811523,-0.13928267359733582,0.269052118062973,0.9859073162078857,0.1791630208511931,0.039003497164621065,0.00014322516394826845,3.9875204280281906e-05,0.0,0.0,0.0,0,0,1,1.0
crossover_11_05_02_fps30.mp4,486,0.20917673408985138,-0.07622092649088069,-0.013664693221813295,0.06469377875328064,-0.09782931208610535,0.9741668701171875,-0.0889405906200409,-0.10611900687217712,0.9941983222961426,0.07115194201469421,-0.1155133843421936,-0.44716987013816833,0.9932995438575745,-0.11217537522315979,-0.029024869203567505,-0.269345223903656,0.9970595240592957,0.12778130173683167,0.27399930357933044,0.9837833046913147,-0.13932430744171143,0.26912733912467957,0.9858714938163757,0.1791421732995782,0.03909804841462736,0.0002928129056604667,-8.785926689569568e-06,0.0,0.0,0.0,0,0,1,1.0
crossover_11_05_02_fps30.mp4,487,0.20914708077907562,-0.07605626381049724,-0.013573981785192701,0.06462454795837402,-0.0978320837020874,0.973979651927948,-0.08893126249313354,-0.10613766312599182,0.9942249059677124,0.07103103399276733,-0.1155552864074707,-0.44501975178718567,0.9932927489280701,-0.11215919256210327,-0.028963476419448853,-0.2710314393043518,0.9970921874046326,0.1277686357498169,0.273975670337677,0.9836350083351135,-0.13934072852134705,0.2691125273704529,0.9858603477478027,0.17898284741149947,0.03924612094897202,9.071143662059411e-05,0.00016466268038345389,0.0,0.0,0.0,0,0,1,1.0
crossover_11_05_02_fps30.mp4,488,0.2091258019208908,-0.07603510739439623,-0.013492599493119761,0.06458169221878052,-0.09782198071479797,0.9737035632133484,-0.08892646431922913,-0.10614398121833801,0.9941842555999756,0.07067978382110596,-0.11561909317970276,-0.4434645175933838,0.9932613968849182,-0.11215460300445557,-0.028820157051086426,-0.2711850106716156,0.9970623850822449,0.12774091958999634,0.27392616868019104,0.9834246635437012,-0.13937264680862427,0.2690792381763458,0.985745906829834,0.17875983893786745,0.039237125070752533,8.138229207294012e-05,2.1156416101009157e-05,0.0,0.0,0.0,0,0,1,1.0
crossover_11_05_02_fps30.mp4,489,0.20909444987773895,-0.07608209656456771,-0.013528756106772066,0.0645456612110138,-0.0978047251701355,0.9735018014907837,-0.08891996741294861,-0.10614946484565735,0.9941802620887756,0.0704101026058197,-0.11567595601081848,-0.4416115880012512,0.9932577610015869,-0.11214619874954224,-0.028739571571350098,-0.2713160812854767,0.9970659613609314,0.12772098183631897,0.2738823890686035,0.9832654595375061,-0.1393972635269165,0.26904356479644775,0.9856813549995422,0.17858895505045566,0.03914062305975379,-3.615661365230505e-05,-4.6989170171485295e-05,0.0,0.0,0.0,0,0,1,1.0
crossover_11_05_02_fps30.mp4,490,0.20907030999660492,-0.07613141284150593,-0.013360076415829536,0.06453940272331238,-0.09799757599830627,0.9733730554580688,-0.08887037634849548,-0.1061776876449585,0.9942634701728821,0.07032647728919983,-0.11577814817428589,-0.4423253834247589,0.9932604432106018,-0.11212840676307678,-0.028647780418395996,-0.27400240302085876,0.9971191883087158,0.1277245581150055,0.27385348081588745,0.9832519292831421,-0.13939902186393738,0.26903361082077026,0.9857481122016907,0.17871590585132088,0.039108790125235215,0.00016867969094253032,-4.931627693821605e-05,0.0,0.0,0.0,0,0,1,1.0
crossover_11_05_02_fps30.mp4,491,0.20915740728378296,-0.07603077888488768,-0.013415784952117149,0.06460332870483398,-0.09812399744987488,0.9733891487121582,-0.08881407976150513,-0.10629871487617493,0.9943328499794006,0.07031536102294922,-0.11668002605438232,-0.4423615038394928,0.99331134557724,-0.11212170124053955,-0.02857908606529236,-0.27560433745384216,0.997166633605957,0.12773066759109497,0.2737300395965576,0.9832616448402405,-0.13941723108291626,0.2689570188522339,0.9857969284057617,0.1791108487957972,0.039146907631772296,-5.5708536287613075e-05,0.0001006339566182457,0.0,0.0,0.0,0,0,1,1.0
crossover_11_05_02_fps30.mp4,492,0.20969519019126892,-0.07612273097038269,-0.01399297278101852,0.06530925631523132,-0.0981496274471283,0.9735641479492188,-0.08878684043884277,-0.10685190558433533,0.9944283366203308,0.07043549418449402,-0.12265321612358093,-0.4649589955806732,0.9932830333709717,-0.11212882399559021,-0.028985649347305298,-0.3030439019203186,0.9972134232521057,0.12772193551063538,0.2731468081474304,0.9836136102676392,-0.13943827152252197,0.2683994174003601,0.9860472679138184,0.1824455037643088,0.039002808688108376,-0.000577187828901371,-9.195208549500622e-05,0.0,0.0,0.0,0,0,1,1.0
crossover_11_05_02_fps30.mp4,493,0.21052150428295135,-0.07621398537845936,-0.014873372200058743,0.06602728366851807,-0.09871315956115723,0.973922848701477,-0.08879616856575012,-0.10767802596092224,0.9944478273391724,0.07062125205993652,-0.13360562920570374,-0.4636751413345337,0.9933581948280334,-0.1121479868888855,-0.029789477586746216,-0.2973070442676544,0.9972510933876038,0.12770825624465942,0.27230194211006165,0.9841970801353455,-0.13946157693862915,0.2675692141056061,0.9865420460700989,0.18883308981014063,0.03890684598445465,-0.0008803994190402231,-9.125440807666862e-05,0.0,0.0,0.0,0,0,1,1.0
crossover_11_05_02_fps30.mp4,494,0.21102532744407654,-0.07623156723329577,-0.015387696173132903,0.06650862097740173,-0.09897509217262268,0.9742029309272766,-0.08880200982093811,-0.10817793011665344,0.9944815039634705,0.07073763012886047,-0.13721519708633423,-0.45997071266174316,0.993403434753418,-0.11216750741004944,-0.030273139476776123,-0.2962520718574524,0.9972947835922241,0.12769904732704163,0.27175426483154297,0.9847346544265747,-0.13947266340255737,0.26706206798553467,0.9869949221611023,0.19089757712457353,0.03889689214748648,-0.00051432397307416,-1.7581854836412614e-05,0.0,0.0,0.0,0,0,1,1.0
crossover_11_05_02_fps30.mp4,495,0.2116805911064148,-0.0763273812956729,-0.016096109587971752,0.06769680976867676,-0.09904396533966064,0.9745608568191528,-0.08887249231338501,-0.10889789462089539,0.9944782257080078,0.07081007957458496,-0.14824050664901733,-0.4591115117073059,0.9934136271476746,-0.11226311326026917,-0.031018823385238647,-0.30158957839012146,0.9973120093345642,0.12762105464935303,0.27098655700683594,0.9852125644683838,-0.13955098390579224,0.2663249373435974,0.9874643683433533,0.19776646345114718,0.038910978128369446,-0.0007084134148388488,-9.581406237713086e-05,0.0,0.0,0.0,0,0,1,1.0
crossover_11_05_02_fps30.mp4,496,0.21198764443397522,-0.07638032143398865,-0.016293102648200053,0.06859776377677917,-0.09923163056373596,0.974646270275116,-0.08892625570297241,-0.10917577147483826,0.9944193363189697,0.07076498866081238,-0.1556868553161621,-0.4576963782310486,0.9933328628540039,-0.11231833696365356,-0.031359732151031494,-0.30313676595687866,0.9973016977310181,0.12757304310798645,0.27063214778900146,0.9856496453285217,-0.13959375023841858,0.26598304510116577,0.9878432154655457,0.2026878402020016,0.03896850375349337,-0.000196993060228301,-5.2940138315749063e-05,0.0,0.0,0.0,0,0,1,1.0
crossover_11_05_02_fps30.mp4,497,0.2121579796075821,-0.07638844039480563,-0.01621192591946302,0.06965312361717224,-0.09937551617622375,0.9742968678474426,-0.08900007605552673,-0.10915085673332214,0.9941588044166565,0.07069078087806702,-0.16382136940956116,-0.4572286903858185,0.9931114315986633,-0.11240309476852417,-0.03144901990890503,-0.3008553683757782,0.9971972703933716,0.1274934709072113,0.2705105245113373,0.9857091903686523,-0.13966450095176697,0.2658924162387848,0.9879659414291382,0.20837669048550297,0.0391052983993409,8.11767287370313e-05,-8.118960816982934e-06,0.0,0.0,0.0,0,0,1,1.0
crossover_11_05_02_fps30.mp4,498,0.21231813728809357,-0.0765098494998479,-0.01638140780169789,0.07099723815917969,-0.09947079420089722,0.9734542369842529,-0.08914527297019958,-0.1092379093170166,0.9937849640846252,0.07064682245254517,-0.16755208373069763,-0.45655274391174316,0.9926737546920776,-0.11254024505615234,-0.03158661723136902,-0.2992907464504242,0.997025191783905,0.127375066280365,0.2703452408313751,0.9856446385383606,-0.13977277278900146,0.2657581865787506,0.9879248738288879,0.21096838474267868,0.039107388019962705,-0.0001694818822348676,-0.00012140910504226943,0.0,0.0,0.0,0,0,1,1.0
crossover_11_05_02_fps30.mp4,499,0.21246515214443207,-0.07663309412487485,-0.016467509327865226,0.0715407133102417,-0.09955254197120667,0.9725748896598816,-0.08926787972450256,-0.10930958390235901,0.9934077858924866,0.0706014633178711,-0.1684524118900299,-0.4509860873222351,0.992237389087677,-0.11265802383422852,-0.03172034025192261,-0.29895350337028503,0.9968467354774475,0.12726861238479614,0.2702367305755615,0.9855838418006897,-0.13982877135276794,0.26557356119155884,0.9878096580505371,0.21160677095072347,0.03912089482312175,-8.610152616733702e-05,-0.00012324462502694145,0.0,0.0,0.0,0,0,1,1.0
crossover_11_05_02_fps30.mp4,500,0.2125137597322464,-0.07703160593065167,-0.016576130797223365,0.07191181182861328,-0.09953570365905762,0.9722510576248169,-0.08936908841133118,-0.10927492380142212,0.9932461977005005,0.07061547040939331,-0.1706380546092987,-0.4515383541584015,0.9921020865440369,-0.11275443434715271,-0.031723618507385254,-0.3047032654285431,0.9967978596687317,0.12720894813537598,0.27025026082992554,0.9854968190193176,-0.13978785276412964,0.2653999924659729,0.9877105951309204,0.2133886958590843,0.038801634682114616,-0.00010862146935813888,-0.00039851180577682443,0.0,0.0,0.0,0,0,1,1.0
crossover_11_05_02_fps30.mp4,501,0.21251334249973297,-0.07716238751249799,-0.016860685406661635,0.07167437672615051,-0.09949809312820435,0.972197413444519,-0.08946976065635681,-0.10920333862304688,0.99306321144104,0.07043978571891785,-0.16849249601364136,-0.45717737078666687,0.9921064972877502,-0.11282500624656677,-0.03171488642692566,-0.3095747232437134,0.9967520236968994,0.1271180808544159,0.27030056715011597,0.9853149652481079,-0.1398264467716217,0.26535284519195557,0.9874907732009888,0.2116095638920601,0.03863249490936311,-0.00028455460943827005,-0.0001307815818463176,0.0,0.0,0.0,0,0,1,1.0
crossover_11_05_02_fps30.mp4,502,0.21242238581180573,-0.07731989601911127,-0.016935451873918872,0.07152664661407471,-0.09923607110977173,0.9726316928863525,-0.08947303891181946,-0.1091083288192749,0.9930371046066284,0.07035845518112183,-0.1659398078918457,-0.45195767283439636,0.9922979474067688,-0.11281725764274597,-0.03185927867889404,-0.30693957209587097,0.9967837333679199,0.12712687253952026,0.2704099714756012,0.9855239391326904,-0.13980767130851746,0.26534268260002136,0.9876231551170349,0.20978844945691477,0.038506925205006814,-7.476646725723679e-05,-0.00015750850661327975,0.0,0.0,0.0,0,0,1,1.0
crossover_11_05_02_fps30.mp4,503,0.21217790246009827,-0.07729457738035816,-0.01676802228136759,0.07147949934005737,-0.09889435768127441,0.9731088876724243,-0.0894429087638855,-0.10904881358146667,0.9929819703102112,0.07042533159255981,-0.16149258613586426,-0.4512804448604584,0.9924800992012024,-0.11281657218933105,-0.03205263614654541,-0.3061361610889435,0.9967712163925171,0.1271510124206543,0.27048349380493164,0.9855051636695862,-0.1397889256477356,0.2653074264526367,0.9875783324241638,0.2068003164645583,0.03867080987277462,0.00016742959255128254,2.5318638753102363e-05,0.0,0.0,0.0,0,0,1,1.0
crossover_11_05_02_fps30.mp4,504,0.21202659606933594,-0.07729371563862947,-0.016726098409513168,0.07141530513763428,-0.09861364960670471,0.97354656457901,-0.08942151069641113,-0.10898768901824951,0.9929255247116089,0.07046341896057129,-0.15878990292549133,-0.4509502947330475,0.9926426410675049,-0.11281761527061462,-0.032171815633773804,-0.30584582686424255,0.9967525601387024,0.12716788053512573,0.2705467939376831,0.9854937195777893,-0.13977578282356262,0.2653055787086487,0.9875415563583374,0.20497388950429854,0.038736515403881865,4.192387185442126e-05,8.617417286971296e-07,0.0,0.0,0.0,0,0,1,1.0
crossover_11_05_02_fps30.mp4,505,0.21198974549770355,-0.07722862413374043,-0.01666790654019612,0.07014870643615723,-0.09845361113548279,0.9737583994865417,-0.08940792083740234,-0.10890534520149231,0.992893397808075,0.07086437940597534,-0.14650389552116394,-0.4426567554473877,0.9928092360496521,-0.11280640959739685,-0.032160162925720215,-0.3023763597011566,0.9967490434646606,0.12720894813537598,0.2705753445625305,0.9855113625526428,-0.13975441455841064,0.265227735042572,0.9874816536903381,0.19694903333624228,0.03880449492536624,5.8191869317048006e-05,6.509150488903659e-05,0.0,0.0,0.0,0,0,1,1.0
crossover_11_05_02_fps30.mp4,506,0.2118798941373825,-0.07735538149284105,-0.016616757613856614,0.06933233141899109,-0.09863683581352234,0.9736042618751526,-0.08934324979782104,-0.10887333750724792,0.9929492473602295,0.0709441602230072,-0.13796889781951904,-0.44249051809310913,0.992855966091156,-0.11274847388267517,-0.03215646743774414,-0.3023463487625122,0.99679034948349,0.1272946298122406,0.2706412672996521,0.9851211905479431,-0.13967007398605347,0.2652648687362671,0.9871153235435486,0.1916222742940532,0.03865428269061477,5.114892633950596e-05,-0.00012675735910061547,0.0,0.0,0.0,0,0,1,1.0
crossover_11_05_02_fps30.mp4,507,0.21177953481674194,-0.07741922049199118,-0.01682614713180358,0.0689326822757721,-0.09861713647842407,0.973563015460968,-0.08921188116073608,-0.10889184474945068,0.9929841160774231,0.07086440920829773,-0.1325303018093109,-0.4425105154514313,0.9929341077804565,-0.11264771223068237,-0.03223863244056702,-0.3012062609195709,0.9968020915985107,0.12744227051734924,0.27065691351890564,0.9846100211143494,-0.13952374458312988,0.2652459442615509,0.9865986704826355,0.18808372137622367,0.038452455494751986,-0.00020938951794696736,-6.383899915013425e-05,0.0,0.0,0.0,0,0,1,1.0
crossover_11_05_02_fps30.mp4,508,0.2116318792104721,-0.07745650461164572,-0.017244460524582284,0.0689745545387268,-0.0982045829296112,0.9740582704544067,-0.08913004398345947,-0.10899549722671509,0.9929332137107849,0.07096552848815918,-0.13428565859794617,-0.44300737977027893,0.9931178689002991,-0.1127178966999054,-0.03246420621871948,-0.30176296830177307,0.9967162013053894,0.12752848863601685,0.27071142196655273,0.9845250248908997,-0.13943633437156677,0.26522296667099,0.9864526987075806,0.18901783502074077,0.03840581246369083,-0.00041831339277870194,-3.728411965453482e-05,0.0,0.0,0.0,0,0,1,1.0
crossover_11_05_02_fps30.mp4,509,0.21148069202899933,-0.07744911414081768,-0.017208844423294067,0.06902679800987244,-0.09789687395095825,0.9743964076042175,-0.08906048536300659,-0.10906198620796204,0.9928267598152161,0.07105669379234314,-0.13517829775810242,-0.4432870149612427,0.9932491779327393,-0.11277076601982117,-0.03264215588569641,-0.3014867603778839,0.9965950846672058,0.12760797142982483,0.2707579433917999,0.9844125509262085,-0.13935664296150208,0.2652059495449066,0.9863423705101013,0.18965960800864895,0.03854615667167131,3.561610128821613e-05,7.390470828039231e-06,0.0,0.0,0.0,0,0,1,1.0
crossover_11_05_02_fps30.mp4,510,0.21130841970443726,-0.0773939667111736,-0.01737910727175268,0.06927338242530823,-0.09749716520309448,0.974915623664856,-0.08892416954040527,-0.10903814435005188,0.9928044676780701,0.07128944993019104,-0.13629725575447083,-0.44359248876571655,0.9934345483779907,-0.11275860667228699,-0.03267863392829895,-0.3017335534095764,0.9965311884880066,0.12774792313575745,0.2707960903644562,0.9844613671302795,-0.1392318308353424,0.2652134597301483,0.9863187670707703,0.19038982226659973,0.038532236834805576,-0.00017026284845861328,5.514742964407571e-05,0.0,0.0,0.0,0,0,1,1.0
crossover_11_05_02_fps30.mp4,511,0.21107308566570282,-0.07751808914087588,-0.017342141488703278,0.0703476071357727,-0.09708577394485474,0.9754801392555237,-0.08890905976295471,-0.10900896787643433,0.9927216172218323,0.07157045602798462,-0.13671261072158813,-0.44318830966949463,0.9936218857765198,-0.11280345916748047,-0.03269165754318237,-0.30159616470336914,0.9964190125465393,0.12780100107192993,0.270846962928772,0.9846735000610352,-0.13920888304710388,0.2652217745780945,0.9864237904548645,0.19098875156785142,0.03847940983202727,3.696578304940301e-05,-0.00012412242970227805,0.0,0.0,0.0,0,0,1,1.0
crossover_11_05_02_fps30.mp4,512,0.2110251486301422,-0.07738058213460242,-0.017407887301793934,0.0715777575969696,-0.09690701961517334,0.9756576418876648,-0.08896395564079285,-0.1090637743473053,0.9925200939178467,0.07189783453941345,-0.1421615481376648,-0.44601255655288696,0.9936628937721252,-0.11285895109176636,-0.03275993466377258,-0.3030591607093811,0.9962000250816345,0.12778916954994202,0.2708165943622589,0.9848462343215942,-0.13925984501838684,0.2651900351047516,0.9865542054176331,0.1945443948733877,0.03865747045611093,-6.57458130906563e-05,0.0001375070062734629,0.0,0.0,0.0,0,0,1,1.0
crossover_11_05_02_fps30.mp4,513,0.21111218631267548,-0.07736953698982629,-0.017555530623691862,0.07331174612045288,-0.09692710638046265,0.9756316542625427,-0.08906057476997375,-0.10925498604774475,0.9924099445343018,0.07394599914550781,-0.14741042256355286,-0.4530915915966034,0.9935312867164612,-0.11290428042411804,-0.03293606638908386,-0.3132983148097992,0.9960194826126099,0.12779074907302856,0.2706618010997772,0.9851775169372559,-0.1392802894115448,0.2650426924228668,0.9868578910827637,0.1993957984427871,0.03872052261232334,-0.00014764332189792784,1.104514477612284e-05,0.0,0.0,0.0,0,0,1,1.0
crossover_11_05_02_fps30.mp4,514,0.21120412647724152,-0.07735104136547799,-0.01770384805958447,0.07418137788772583,-0.09696453809738159,0.9755458831787109,-0.0891357958316803,-0.10942238569259644,0.9922981262207031,0.07494276762008667,-0.14979451894760132,-0.454191654920578,0.99338698387146,-0.11293274164199829,-0.033080458641052246,-0.315966933965683,0.9958402514457703,0.12779498100280762,0.2705329656600952,0.9854776859283447,-0.1392877697944641,0.2649141550064087,0.9871239066123962,0.2015969979711455,0.03876206325187337,-0.0001483174358926087,1.8495624348302542e-05,0.0,0.0,0.0,0,0,1,1.0
crossover_11_05_02_fps30.mp4,515,0.2112703025341034,-0.07696608769691599,-0.018084807221482424,0.0744478702545166,-0.09706172347068787,0.9759130477905273,-0.08912304043769836,-0.10959422588348389,0.9924142956733704,0.07817041873931885,-0.15587639808654785,-0.4640709459781647,0.9933186173439026,-0.11291110515594482,-0.03325921297073364,-0.3295068144798279,0.9957969784736633,0.12785190343856812,0.2704428434371948,0.9861440062522888,-0.13924741744995117,0.26483696699142456,0.9877106547355652,0.20749423640758197,0.039016751145793734,-0.00038095916189795354,0.00038495366856200475,0.0,0.0,0.0,0,0,1,1.0
crossover_11_05_02_fps30.mp4,516,0.21102692186832428,-0.07640153351476636,-0.018414669065940692,0.07468515634536743,-0.09685268998146057,0.9763075709342957,-0.08907252550125122,-0.1097240149974823,0.9926164746284485,0.08259719610214233,-0.1566949188709259,-0.4676652252674103,0.9932572245597839,-0.11285442113876343,-0.03418806195259094,-0.34088003635406494,0.9958614706993103,0.12790215015411377,0.27045461535453796,0.9866539239883423,-0.13922318816184998,0.26490095257759094,0.9882500171661377,0.21071787656940724,0.03971917596431712,-0.00032986184445826794,0.0005645541821496236,0.0,0.0,0.0,0,0,1,1.0
crossover_11_05_02_fps30.mp4,517,0.21090911328792572,-0.07637187909271759,-0.018434913710850043,0.07488822937011719,-0.09690415859222412,0.9766566157341003,-0.08906808495521545,-0.10977745056152344,0.9928995966911316,0.08802032470703125,-0.15865379571914673,-0.46065419912338257,0.993252694606781,-0.11280056834220886,-0.034736812114715576,-0.33362266421318054,0.9960277080535889,0.12792229652404785,0.27044054865837097,0.9871375560760498,-0.13920894265174866,0.2650109827518463,0.988785982131958,0.21606973768159848,0.03990991470807667,-2.024464490935074e-05,2.9654422048774887e-05,0.0,0.0,0.0,0,0,1,1.0
crossover_11_05_02_fps30.mp4,518,0.21094845235347748,-0.07609232057959348,-0.018368687426171648,0.07493418455123901,-0.09695631265640259,0.9765793681144714,-0.08907419443130493,-0.11010408401489258,0.993040919303894,0.09324347972869873,-0.1585068702697754,-0.4331057667732239,0.9931021928787231,-0.11279147863388062,-0.035150378942489624,-0.3320719301700592,0.9960713386535645,0.12788432836532593,0.2703801691532135,0.987500011920929,-0.1393083930015564,0.2653719484806061,0.9892617464065552,0.2198029198094446,0.04035409981702488,6.622628467839453e-05,0.00027955851312411184,0.0,0.0,0.0,0,0,1,1.0
crossover_11_05_02_fps30.mp4,519,0.21102780103683472,-0.07612847968683406,-0.018482574020943998,0.07494291663169861,-0.09705227613449097,0.9764379858970642,-0.08907568454742432,-0.11033356189727783,0.9931525588035583,0.09443172812461853,-0.15843629837036133,-0.426981657743454,0.9929428100585938,-0.11278790235519409,-0.03549608588218689,-0.32915905117988586,0.9961256384849548,0.12784472107887268,0.2702738642692566,0.98790442943573,-0.13948988914489746,0.265686571598053,0.9897556304931641,0.22063052700829633,0.04041500780935372,-0.00011388659477234997,-3.615910724058535e-05,0.0,0.0,0.0,0,0,1,1.0
crossover_11_05_02_fps30.mp4,520,0.21099472045898438,-0.07598046296733924,-0.018455617456901385,0.07496467232704163,-0.09704071283340454,0.9764362573623657,-0.08907324075698853,-0.11069414019584656,0.9932894110679626,0.09713384509086609,-0.1583583950996399,-0.41004008054733276,0.9928982257843018,-0.11273887753486633,-0.035622745752334595,-0.31501540541648865,0.9961957931518555,0.12779155373573303,0.2702425420284271,0.9882391691207886,-0.1396833062171936,0.26606252789497375,0.9901997447013855,0.22257886433043175,0.04056958633545642,2.695656404261282e-05,0.00014801671949482564,0.0,0.0,0.0,0,0,1,1.0
crossover_11_05_02_fps30.mp4,521,0.21096187829971313,-0.07563308618836484,-0.018526866668608144,0.07490986585617065,-0.09706723690032959,0.9764312505722046,-0.08902829885482788,-0.11128553748130798,0.9934054017066956,0.09909242391586304,-0.15618190169334412,-0.41150349378585815,0.9928492307662964,-0.1126374900341034,-0.035753220319747925,-0.3152298629283905,0.9962317943572998,0.12776368856430054,0.270111083984375,0.988483726978302,-0.13976341485977173,0.2662935256958008,0.990529477596283,0.22243631121928795,0.04081755950681823,-7.124921170675869e-05,0.00034737677897439534,0.0,0.0,0.0,0,0,1,1.0
crossover_11_05_02_fps30.mp4,522,0.21094368398189545,-0.07630597150931923,-0.01847768600394084,0.07478630542755127,-0.09658727049827576,0.9764691591262817,-0.08877906203269958,-0.11198636889457703,0.993545651435852,0.09685277938842773,-0.15109315514564514,-0.42008933424949646,0.9928029775619507,-0.11231690645217896,-0.036067694425582886,-0.32486242055892944,0.9963318109512329,0.12776470184326172,0.2699960768222809,0.9887255430221558,-0.13976368308067322,0.2667748034000397,0.9908062815666199,0.21810734895491785,0.0400773730642655,4.91806646673032e-05,-0.0006728853209543861,0.0,0.0,0.0,0,0,1,1.0
crossover_11_05_02_fps30.mp4,523,0.21068798005580902,-0.07498154034048826,-0.01925320436314837,0.07490664720535278,-0.09615957736968994,0.9767113327980042,-0.08809566497802734,-0.1117902398109436,0.9933833479881287,0.09628957509994507,-0.14658579230308533,-0.4442659914493561,0.9926472306251526,-0.11136969923973083,-0.037425607442855835,-0.33675023913383484,0.9960923194885254,0.1280578374862671,0.2702532708644867,0.989139974117279,-0.1395576298236847,0.2675214111804962,0.9911699891090393,0.21341832849053058,0.04067350909090446,-0.0007755183592075277,0.001324431168830964,0.0,0.0,0.0,0,0,1,1.0
crossover_11_05_02_fps30.mp4,524,0.21059711277484894,-0.0748722979577921,-0.019149798300208132,0.07478678226470947,-0.09604683518409729,0.977095365524292,-0.08777347207069397,-0.11171039938926697,0.9933934211730957,0.09585756063461304,-0.1444931924343109,-0.4443478286266327,0.9926719069480896,-0.11092543601989746,-0.03808450698852539,-0.33289459347724915,0.9960724711418152,0.12817829847335815,0.2704393267631531,0.9895447492599487,-0.1394222378730774,0.26762884855270386,0.9914957284927368,0.2118009704133569,0.04072286774327991,0.00010340606294023669,0.00010924238269616193,0.0,0.0,0.0,0,0,1,1.0
crossover_11_05_02_fps30.mp4,525,0.2107359766960144,-0.0753597640385062,-0.020520989487810837,0.07438686490058899,-0.09738680720329285,0.9770935773849487,-0.08775776624679565,-0.11182910203933716,0.9928560256958008,0.09137818217277527,-0.1381298303604126,-0.43226832151412964,0.9926894307136536,-0.11094549298286438,-0.03981441259384155,-0.3102043569087982,0.9955723285675049,0.12818095088005066,0.27045637369155884,0.9898200035095215,-0.1394016146659851,0.26752138137817383,0.9916734099388123,0.2040425988810992,0.04047938091979238,-0.001371191187602705,-0.00048746608071409403,0.0,0.0,0.0,0,0,1,1.0
crossover_11_05_02_fps30.mp4,526,0.21089249849319458,-0.07559221851623665,-0.02140245030565957,0.07382634282112122,-0.10484001040458679,0.9765893220901489,-0.0881110429763794,-0.11232975125312805,0.9926924109458923,0.0847577154636383,-0.12398141622543335,-0.43239331245422363,0.9925739765167236,-0.11158087849617004,-0.04192674160003662,-0.29747846722602844,0.9953905940055847,0.12809863686561584,0.2706789970397949,0.9898717403411865,-0.13946768641471863,0.2675856947898865,0.9916403293609619,0.1903537380156228,0.04142982235404469,-0.0008814608178487338,-0.00023245447773045935,0.0,0.0,0.0,0,0,1,1.0
crossover_11_05_02_fps30.mp4,527,0.21198277175426483,-0.07664989475476541,-0.021006030135038434,0.07386326789855957,-0.11021885275840759,0.9312663078308105,-0.08918610215187073,-0.11363533139228821,0.991499125957489,0.08006608486175537,-0.11223694682121277,-0.40127021074295044,0.9292890429496765,-0.11332860589027405,-0.04292804002761841,-0.28503596782684326,0.9944506287574768,0.12806212902069092,0.2708132565021515,0.9901125431060791,-0.1394646167755127,0.26761743426322937,0.9918659329414368,0.18133664391557885,0.0427305788434051,0.00039642017062113677,-0.0010576762385287597,0.0,0.0,0.0,0,0,1,1.0
crossover_11_05_02_fps30.mp4,528,0.21222949028015137,-0.07850597329058889,-0.019536556267156835,0.07429748773574829,-0.11796948313713074,0.9359698295593262,-0.08985167741775513,-0.11531952023506165,0.9911307692527771,0.07305514812469482,-0.09116283059120178,-0.4072969853878021,0.9356666207313538,-0.11468341946601868,-0.04338979721069336,-0.2556808590888977,0.9940487742424011,0.12801909446716309,0.27086132764816284,0.9901098608970642,-0.13943269848823547,0.26753807067871094,0.99174964427948,0.1676338172869714,0.043333413381437265,0.0014694738678815988,-0.00185607853582348,0.0,0.0,0.0,0,0,1,1.0
crossover_11_05_02_fps30.mp4,529,0.21242626011371613,-0.07852389792264519,-0.019625037763176922,0.07456386089324951,-0.12017571926116943,0.9402872920036316,-0.09021073579788208,-0.11628895998001099,0.9908019304275513,0.07132267951965332,-0.08828908205032349,-0.4072016179561615,0.9414448738098145,-0.11537569761276245,-0.04367932677268982,-0.2517271041870117,0.9936760067939758,0.1279628872871399,0.2708573341369629,0.9900600910186768,-0.13941645622253418,0.2674264907836914,0.9915999174118042,0.16482945049061468,0.04400754435495918,-8.848149602008748e-05,-1.7924632056298684e-05,0.0,0.0,0.0,0,0,1,1.0
crossover_11_05_02_fps30.mp4,530,0.21305511891841888,-0.08042170455900288,-0.018355050610332935,0.07472139596939087,-0.11911627650260925,0.9453216195106506,-0.09147143363952637,-0.11694172024726868,0.9900200963020325,0.07178974151611328,-0.07174175977706909,-0.38076597452163696,0.9468806982040405,-0.11619338393211365,-0.04335951805114746,-0.2688141465187073,0.9920252561569214,0.12793123722076416,0.27019232511520386,0.9901441931724548,-0.13936853408813477,0.2666609287261963,0.991491436958313,0.16130240243694968,0.04364443191486621,0.0012699871528439877,-0.0018978066363576906,0.0,0.0,0.0,0,0,1,1.0
crossover_11_05_02_fps30.mp4,531,0.21482649445533752,-0.081477616095947,-0.020406725784627378,0.07480201125144958,-0.11920171976089478,0.950097918510437,-0.09289619326591492,-0.11859747767448425,0.9892868995666504,0.06679829955101013,-0.05484253168106079,-0.3598646819591522,0.9518566727638245,-0.11773234605789185,-0.043720364570617676,-0.29523348808288574,0.990166962146759,0.12786570191383362,0.26807060837745667,0.9898875951766968,-0.13930228352546692,0.2644338309764862,0.9910643100738525,0.15222211366513205,0.043103726034499294,-0.002051675174294443,-0.0010559115369441208,0.0,0.0,0.0,0,0,1,1.0
crossover_11_05_02_fps30.mp4,532,0.21491219103336334,-0.07921731764987366,-0.022004375952046074,0.07575979828834534,-0.11529868841171265,0.9542214274406433,-0.09235399961471558,-0.11847513914108276,0.988110363483429,0.064557284116745,-0.040289491415023804,-0.34804603457450867,0.9561546444892883,-0.11661338806152344,-0.04153406620025635,-0.2949671149253845,0.988018274307251,0.12883415818214417,0.26758405566215515,0.9899107813835144,-0.1383080780506134,0.2639305889606476,0.9908668398857117,0.14493267940890422,0.0421885634197718,-0.001597650167418696,0.002260298446073339,0.0,0.0,0.0,0,0,1,1.0
crossover_11_05_02_fps30.mp4,533,0.21507897973060608,-0.07655723216169974,-0.024491149332465212,0.07572561502456665,-0.11319774389266968,0.9575279355049133,-0.09195578098297119,-0.11545488238334656,0.9873185157775879,0.06199038028717041,-0.027994543313980103,-0.3093039393424988,0.9593769311904907,-0.11538958549499512,-0.039534300565719604,-0.299136757850647,0.9867100119590759,0.12932324409484863,0.26712745428085327,0.990196943283081,-0.1377682387828827,0.2632486820220947,0.9908187985420227,0.1385918997801532,0.04164430410546513,-0.0024867733804191383,0.0026600854881739244,0.0,0.0,0.0,0,0,1,1.0
crossover_11_05_02_fps30.mp4,534,0.21530766785144806,-0.0763243827779414,-0.02491935317109273,0.07548102736473083,-0.1122642457485199,0.960395336151123,-0.09172728657722473,-0.1143556535243988,0.9861396551132202,0.06149664521217346,-0.027294814586639404,-0.3031530976295471,0.9621511697769165,-0.11472725868225098,-0.039203912019729614,-0.30064675211906433,0.9843112826347351,0.1295563280582428,0.2667132616043091,0.9904783964157104,-0.1374760866165161,0.26244115829467773,0.9908451437950134,0.13784149800836024,0.040973521928459745,-0.00042820383862751665,0.00023284938375833786,0.0,0.0,0.0,0,0,1,1.0
crossover_11_05_02_fps30.mp4,535,0.21548740565776825,-0.07327496166956626,-0.028337065330365785,0.07338222861289978,-0.10913461446762085,0.962426483631134,-0.09072268009185791,-0.11398077011108398,0.9827516078948975,0.058491259813308716,-0.015383034944534302,-0.2896527349948883,0.9639216065406799,-0.10966023802757263,-0.03875380754470825,-0.30538997054100037,0.9787609577178955,0.12953045964241028,0.26635661721229553,0.9904903769493103,-0.1373995542526245,0.261690229177475,0.9906644225120544,0.1324014502454981,0.037847019090128636,-0.0034177121592730564,0.003049421108375139,0.0,0.0,0.0,0,0,1,1.0
crossover_11_05_02_fps30.mp4,536,0.21518932282924652,-0.06853790980274393,-0.03412725416625417,0.07123616337776184,-0.10397017002105713,0.9644575715065002,-0.0870119035243988,-0.11353975534439087,0.9769043326377869,0.055226534605026245,-0.0013308227062225342,-0.2848956286907196,0.9651196002960205,-0.09635493159294128,-0.04135787487030029,-0.34566453099250793,0.9670166969299316,0.12935695052146912,0.26640191674232483,0.9905527830123901,-0.13750392198562622,0.2615933120250702,0.9906351566314697,0.12803610278384994,0.028741408751870437,-0.005790188835888388,0.004737051866822328,0.0,0.0,0.0,0,0,1,1.0
crossover_11_05_02_fps30.mp4,537,0.21397460997104645,-0.06382541828236338,-0.04226963069380785,0.06809267401695251,-0.10189026594161987,0.9666024446487427,-0.08345106244087219,-0.11180001497268677,0.9670429825782776,0.05573341250419617,0.0018299520015716553,-0.29331880807876587,0.966306746006012,-0.0883302092552185,-0.040818363428115845,-0.3478919565677643,0.9374831914901733,0.1294165551662445,0.2673535645008087,0.9905391335487366,-0.13742074370384216,0.2625090181827545,0.9905651211738586,0.1274326771787982,0.024547728149460008,-0.008142376527553674,0.004712491520380557,0.0,0.0,0.0,0,0,1,1.0
crossover_11_05_02_fps30.mp4,538,0.21352718770503998,-0.059314690201969444,-0.05337931193956513,0.06542098522186279,-0.10224029421806335,0.9688218235969543,-0.08045783638954163,-0.10937121510505676,0.9549003839492798,0.05652284622192383,0.0004678666591644287,-0.2707098424434662,0.9678357839584351,-0.08029401302337646,-0.04076465964317322,-0.3551044166088104,0.8941815495491028,0.1295899748802185,0.2675388753414154,0.9905145168304443,-0.13724157214164734,0.262716680765152,0.9904899597167969,0.12774135386710242,0.024479816964260073,-0.011109681245757286,0.004510728080393933,0.0,0.0,0.0,0,0,1,1.0
crossover_11_05_02_fps30.mp4,539,0.21339872479438782,-0.05921616241083305,-0.053332106950806424,0.06429579854011536,-0.1024426817893982,0.970741868019104,-0.07933655381202698,-0.10856419801712036,0.9431121349334717,0.05683735013008118,0.000493168830871582,-0.26436367630958557,0.9691221714019775,-0.07875996828079224,-0.04075160622596741,-0.35095977783203125,0.8522815108299255,0.12968292832374573,0.2676185965538025,0.9904593229293823,-0.13715487718582153,0.2630980610847473,0.9904193878173828,0.12792801915943916,0.023242834301571876,4.720498875870893e-05,9.852779113639354e-05,0.0,0.0,0.0,0,0,1,1.0
crossover_11_05_02_fps30.mp4,540,0.21303443610668182,-0.055250389394113586,-0.07038526084364916,0.06449362635612488,-0.10266783833503723,0.9725563526153564,-0.07526883482933044,-0.10766822099685669,0.9369263052940369,0.056425005197525024,-0.0006522834300994873,-0.23784911632537842,0.9706504940986633,-0.07292264699935913,-0.041481584310531616,-0.3755500912666321,0.8302257657051086,0.13018867373466492,0.2674548923969269,0.9906857013702393,-0.13665977120399475,0.26342448592185974,0.9905269145965576,0.13165896056158433,0.033878181857904484,-0.017053153892842732,0.003965773016719465,0.0,0.0,0.0,0,0,1,1.0
crossover_11_05_02_fps30.mp4,541,0.21179968118667603,-0.05343086567975708,-0.08511904521686275,0.06522402167320251,-0.10263225436210632,0.9739253520965576,-0.0707755982875824,-0.10854628682136536,0.9198535084724426,0.056013911962509155,-0.0018770396709442139,-0.22866451740264893,0.9715814590454102,-0.06815436482429504,-0.047114431858062744,-0.364797979593277,0.7927419543266296,0.13054737448692322,0.2672906816005707,0.9909149408340454,-0.13629794120788574,0.26370158791542053,0.9905903339385986,0.1375041484482262,0.04075698791141331,-0.014733784373213599,0.001819523714356508,0.0,0.0,0.0,0,0,1,1.0
crossover_11_05_02_fps30.mp4,542,0.2106659710407257,-0.051964862265829304,-0.10602301780770462,0.06570231914520264,-0.10095813870429993,0.9737722873687744,-0.06747865676879883,-0.10811462998390198,0.8877018690109253,0.055163562297821045,-0.00015547871589660645,-0.2566644847393036,0.9698505401611328,-0.06143057346343994,-0.07244575023651123,-0.5325440168380737,0.7494118809700012,0.1306130290031433,0.26783958077430725,0.9904698729515076,-0.13624197244644165,0.264658123254776,0.9898301959037781,0.15061352921582186,0.03488599412406198,-0.02090397259084187,0.0014660034139277744,0.0,0.0,0.0,0,0,1,1.0
crossover_11_05_02_fps30.mp4,543,0.20902268588542938,-0.051890312008938566,-0.13042436271179014,0.06601238250732422,-0.09980052709579468,0.9745097160339355,-0.06880632042884827,-0.10056403279304504,0.8853319883346558,0.0547337532043457,-0.0005519688129425049,-0.2356187403202057,0.9705265164375305,-0.05731746554374695,-0.09999719262123108,-0.5084280967712402,0.7577691078186035,0.13069039583206177,0.26883748173713684,0.99045729637146,-0.13619592785835266,0.2661495506763458,0.9896743297576904,0.1680343119116573,0.030907388683131986,-0.02440134490408552,7.455025689073747e-05,0.0,0.0,0.0,0,0,1,1.0
crossover_11_05_02_fps30.mp4,544,0.2083102911710739,-0.05185954166670975,-0.12993843162932045,0.0662112832069397,-0.09932732582092285,0.9750585556030273,-0.06953978538513184,-0.09810933470726013,0.8850529193878174,0.0546380877494812,-0.0006754696369171143,-0.2338666468858719,0.9708976745605469,-0.05638778209686279,-0.10400280356407166,-0.5126749277114868,0.7673437595367432,0.13072115182876587,0.2693880498409271,0.990456759929657,-0.13618507981300354,0.26672056317329407,0.9895125031471252,0.16748330786773305,0.026327965446121992,0.00048593108246969274,3.077034222881414e-05,0.0,0.0,0.0,0,0,1,1.0
crossover_11_05_02_fps30.mp4,545,0.20682348310947418,-0.05340955035161166,-0.16148624754533536,0.06624013185501099,-0.09917259216308594,0.9751477241516113,-0.06918200850486755,-0.08969369530677795,0.8855404853820801,0.05460619926452637,-0.0007484853267669678,-0.24293409287929535,0.9713161587715149,-0.05383959412574768,-0.11553549766540527,-0.5318576097488403,0.7794821858406067,0.1306908130645752,0.26936468482017517,0.9903084635734558,-0.13620197772979736,0.26664021611213684,0.9891761541366577,0.1936595733966417,0.04595276218221891,-0.03154781591601491,-0.0015500086849019046,0.0,0.0,0.0,0,0,1,1.0
crossover_11_05_02_fps30.mp4,546,0.20717424154281616,-0.05514023495932757,-0.18578029827373782,0.06649944186210632,-0.09908494353294373,0.9752809405326843,-0.06760445237159729,-0.09056243300437927,0.8867296576499939,0.0548686683177948,-0.0008694231510162354,-0.22339028120040894,0.9722571969032288,-0.05783006548881531,-0.11898547410964966,-0.5255643129348755,0.7954696416854858,0.13068905472755432,0.26938918232917786,0.9900643825531006,-0.136119544506073,0.2662542760372162,0.9885278940200806,0.2151603832932215,0.06684896202177579,-0.02429405072840246,-0.0017306846077159155,0.0,0.0,0.0,0,0,1,1.0
crossover_11_05_02_fps30.mp4,547,0.21012964844703674,-0.05871498281672849,-0.20718257776120813,0.06677877902984619,-0.098562091588974,0.9755781888961792,-0.06659212708473206,-0.09010204672813416,0.8924182057380676,0.05508488416671753,-0.000520169734954834,-0.21572712063789368,0.9736109972000122,-0.05935537815093994,-0.13876810669898987,-0.514837384223938,0.8137538433074951,0.13072621822357178,0.2697386145591736,0.990079402923584,-0.1360144317150116,0.2662847638130188,0.9880783557891846,0.23592320915217227,0.06841746821468316,-0.02140227948747031,-0.0035747478574009173,0.0,0.0,0.0,0,0,1,1.0
crossover_11_05_02_fps30.mp4,548,0.21013708412647247,-0.06033991080219464,-0.22646750807762145,0.0672900378704071,-0.09802219271659851,0.9759616255760193,-0.06664681434631348,-0.0911666750907898,0.8967118859291077,0.05527880787849426,-0.00019416213035583496,-0.19758301973342896,0.9748908281326294,-0.06019243597984314,-0.15124216675758362,-0.488672137260437,0.8302707076072693,0.13080468773841858,0.26968440413475037,0.9899854063987732,-0.13594597578048706,0.26619645953178406,0.9877284169197083,0.2541009940860823,0.07522548587772244,-0.019284930316413318,-0.0016249279854661514,0.0,0.0,0.0,0,0,1,1.0
crossover_11_05_02_fps30.mp4,549,0.2101665586233139,-0.060286517062429656,-0.22647181603966687,0.06771016120910645,-0.09777778387069702,0.9760239124298096,-0.06649985909461975,-0.09169867634773254,0.8984158039093018,0.05541473627090454,9.948015213012695e-05,-0.19518521428108215,0.9758424162864685,-0.06056210398674011,-0.1533336043357849,-0.4804925322532654,0.8446131348609924,0.13085883855819702,0.2696704864501953,0.9895914196968079,-0.13590008020401,0.2664530277252197,0.9871947169303894,0.2544038763087846,0.07313873091184114,-4.307962045424496e-06,5.339373976498418e-05,0.0,0.0,0.0,0,0,1,1.0
crossover_11_05_02_fps30.mp4,550,0.21017545461654663,-0.06210983456191371,-0.24176366314655395,0.06798949837684631,-0.09777507185935974,0.9757441282272339,-0.06598630547523499,-0.09271308779716492,0.8971011638641357,0.05542519688606262,-6.827712059020996e-05,-0.19071979820728302,0.9764645099639893,-0.060418277978897095,-0.15889018774032593,-0.47648945450782776,0.8564416766166687,0.13084474205970764,0.2695562541484833,0.9893853068351746,-0.13581889867782593,0.2663417160511017,0.9868401885032654,0.26875852217877,0.08289073705535636,-0.01529184710688708,-0.0018233174994840562,0.0,0.0,0.0,0,0,1,1.0
crossover_11_05_02_fps30.mp4,551,0.21045072376728058,-0.06362441828695392,-0.25059492820646706,0.06835457682609558,-0.09779733419418335,0.9759802222251892,-0.06568264961242676,-0.09710222482681274,0.8980517983436584,0.05564799904823303,-0.0002592802047729492,-0.17963799834251404,0.9774736762046814,-0.06050470471382141,-0.1669047474861145,-0.4750466048717499,0.868208646774292,0.13082900643348694,0.26948219537734985,0.9893397092819214,-0.1357651948928833,0.2662162184715271,0.9865511655807495,0.27729739666539804,0.08374830721742176,-0.008831265059913107,-0.0015145837250402083,0.0,0.0,0.0,0,0,1,1.0
crossover_11_05_02_fps30.mp4,552,0.21124275028705597,-0.06479368199736385,-0.2595443064119758,0.06869128346443176,-0.09779500961303711,0.9765602946281433,-0.06559023261070251,-0.10074138641357422,0.8958351016044617,0.056001216173172,-0.0004107058048248291,-0.1814519464969635,0.9786187410354614,-0.060637712478637695,-0.17862075567245483,-0.47450345754623413,0.8769263029098511,0.13078656792640686,0.26948460936546326,0.9894935488700867,-0.13573375344276428,0.26621535420417786,0.986560583114624,0.28590493242974413,0.08103019898119715,-0.008949378205508729,-0.001169263710409929,0.0,0.0,0.0,0,0,1,1.0
crossover_11_05_02_fps30.mp4,553,0.21173982322216034,-0.06674375645184921,-0.2621714450964114,0.06899425387382507,-0.0978158712387085,0.9770916700363159,-0.06558993458747864,-0.10255932807922363,0.8939952254295349,0.056230753660202026,-0.0005511343479156494,-0.17521272599697113,0.9796804785728455,-0.060259073972702026,-0.18203192949295044,-0.4642452001571655,0.8849163055419922,0.1307462751865387,0.2694337069988251,0.9896241426467896,-0.13566991686820984,0.26609453558921814,0.9865659475326538,0.28908116011500723,0.08040144941487509,-0.0026271386844355926,-0.001950074454485362,0.0,0.0,0.0,0,0,1,1.0
crossover_11_05_02_fps30.mp4,554,0.2119458168745041,-0.06678726602408847,-0.2621801527535043,0.0691898763179779,-0.09783107042312622,0.9775418639183044,-0.06558343768119812,-0.10343968868255615,0.8923123478889465,0.05641123652458191,-0.0006579160690307617,-0.1749904751777649,0.9806702136993408,-0.06001672148704529,-0.1824670135974884,-0.46339353919029236,0.8919478058815002,0.1306610405445099,0.26939326524734497,0.9898021817207336,-0.13562622666358948,0.26592713594436646,0.9866340160369873,0.28908779170121407,0.08000015517131477,-8.707657092932308e-06,-4.3509572239253114e-05,0.0,0.0,0.0,0,0,1,1.0
crossover_11_05_02_fps30.mp4,555,0.21207889914512634,-0.06755013405266452,-0.26277086647545417,0.0692821741104126,-0.09790179133415222,0.9780830144882202,-0.06564822793006897,-0.10423707962036133,0.8907063603401184,0.056671321392059326,-0.000732421875,-0.17211158573627472,0.9816257953643799,-0.06001958250999451,-0.18294665217399597,-0.4621961712837219,0.8982807993888855,0.13057923316955566,0.2693420648574829,0.9900104999542236,-0.135637104511261,0.2658683657646179,0.986732006072998,0.2899915799491958,0.08017864051841944,-0.0005907137219498537,-0.0007628680285760581,0.0,0.0,0.0,0,0,1,1.0
crossover_11_05_02_fps30.mp4,556,0.2121499925851822,-0.06773252224518078,-0.2609478771686554,0.06934452056884766,-0.09790089726448059,0.9783626794815063,-0.06566011905670166,-0.10452014207839966,0.88933926820755,0.0567554235458374,-0.0007672011852264404,-0.1775275021791458,0.982330858707428,-0.06000453233718872,-0.1812993884086609,-0.47298532724380493,0.9035138487815857,0.130499005317688,0.26925143599510193,0.9901722073554993,-0.13568031787872314,0.26585474610328674,0.9868376851081848,0.28842890424238266,0.08002251926657272,0.0018229893067987502,-0.00018238819251625848,0.0,0.0,0.0,0,0,1,1.0
crossover_11_05_02_fps30.mp4,557,0.21208928525447845,-0.06738194661625363,-0.25337523352809066,0.06942912936210632,-0.09787231683731079,0.9785662889480591,-0.06573477387428284,-0.10439562797546387,0.8905503153800964,0.05676731467247009,-0.0007919967174530029,-0.1816326379776001,0.9829396605491638,-0.060072630643844604,-0.175696462392807,-0.4756404459476471,0.9099767804145813,0.1304323971271515,0.26917764544487,0.9902377724647522,-0.13570615649223328,0.26579156517982483,0.9868757128715515,0.28144507562981885,0.0780219045209247,0.007572643640564758,0.0003505756289271522,0.0,0.0,0.0,0,0,1,1.0
crossover_11_05_02_fps30.mp4,558,0.21144570410251617,-0.06682491454027467,-0.2442855525307539,0.06951722502708435,-0.09774947166442871,0.9786977767944336,-0.06582555174827576,-0.10202550888061523,0.8929005265235901,0.05676260590553284,-0.0007028281688690186,-0.18367132544517517,0.9834796786308289,-0.06100773811340332,-0.17054736614227295,-0.4745846390724182,0.9165946245193481,0.1303822100162506,0.2691698372364044,0.9902141690254211,-0.13572505116462708,0.26580551266670227,0.9868620038032532,0.27314175590249995,0.07396728786053809,0.009089680997336758,0.0005570320759789582,0.0,0.0,0.0,0,0,1,1.0
crossover_11_05_02_fps30.mp4,559,0.2110399454832077,-0.06683617284742455,-0.24427424174983325,0.06958162784576416,-0.09769076108932495,0.9788337349891663,-0.06588682532310486,-0.10079038143157959,0.8951075077056885,0.05675762891769409,-0.0006159543991088867,-0.18515941500663757,0.9839373826980591,-0.06167450547218323,-0.16634368896484375,-0.47824615240097046,0.9225345849990845,0.1303238868713379,0.26910966634750366,0.9901965260505676,-0.1357436180114746,0.26581138372421265,0.986868143081665,0.2732119851497068,0.07810130515853539,1.1310780920648078e-05,-1.125830714987508e-05,0.0,0.0,0.0,0,0,1,1.0
crossover_11_05_02_fps30.mp4,560,0.2104739546775818,-0.06578265590182808,-0.2272062442651609,0.06961005926132202,-0.09749692678451538,0.9793930649757385,-0.06640371680259705,-0.09701278805732727,0.8994758725166321,0.05674773454666138,-0.0005695521831512451,-0.1874508559703827,0.9845972061157227,-0.06239670515060425,-0.15585678815841675,-0.47773265838623047,0.9283205270767212,0.13033998012542725,0.2690288722515106,0.9904116988182068,-0.1357278823852539,0.2658216059207916,0.9871324896812439,0.2576390629957634,0.07142975254904585,0.01706799748467236,0.0010535169455964666,0.0,0.0,0.0,0,0,1,1.0
crossover_11_05_02_fps30.mp4,561,0.21106725931167603,-0.06412317176996651,-0.20661852301620853,0.06965401768684387,-0.09726092219352722,0.9798680543899536,-0.06681549549102783,-0.09248688817024231,0.9026086926460266,0.056652337312698364,-0.0006819367408752441,-0.2015325427055359,0.9850971698760986,-0.06353259086608887,-0.14274483919143677,-0.48601287603378296,0.9324114918708801,0.13039299845695496,0.2688037157058716,0.9906399250030518,-0.13569501042366028,0.26565849781036377,0.9874064326286316,0.23873960953497989,0.06387641404423808,0.020587721248952362,0.001659484131861566,0.0,0.0,0.0,0,0,1,1.0
crossover_11_05_02_fps30.mp4,562,0.21110405027866364,-0.0614135028952259,-0.1877413691543951,0.06965404748916626,-0.09741237759590149,0.980124294757843,-0.06766268610954285,-0.09290781617164612,0.8987972736358643,0.05656009912490845,-0.0008878707885742188,-0.22264999151229858,0.9849410057067871,-0.06352418661117554,-0.1313423216342926,-0.509877622127533,0.9281385540962219,0.1304606795310974,0.26855796575546265,0.9906901121139526,-0.13562902808189392,0.2654591202735901,0.9874906539916992,0.22097963848542895,0.0564385289223909,0.018877153861813434,0.0027096688747406117,0.0,0.0,0.0,0,0,1,1.0
crossover_11_05_02_fps30.mp4,563,0.2086428850889206,-0.06039993510407915,-0.16507505570969933,0.06955823302268982,-0.09747776389122009,0.9800326824188232,-0.06793281435966492,-0.09684470295906067,0.8962476849555969,0.05647793412208557,-0.0009638965129852295,-0.2383989691734314,0.9841310977935791,-0.06351262331008911,-0.11202961206436157,-0.5306750535964966,0.9244760870933533,0.13048365712165833,0.2684321105480194,0.9905040860176086,-0.1356077790260315,0.2653794586658478,0.9873746037483215,0.2014768197280712,0.053136690896202196,0.022666313444695774,0.0010135677911467522,0.0,0.0,0.0,0,0,1,1.0
crossover_11_05_02_fps30.mp4,564,0.20740243792533875,-0.06038679126965796,-0.16515925337628623,0.06949037313461304,-0.09759807586669922,0.9799048900604248,-0.06813085079193115,-0.09696957468986511,0.8945415019989014,0.05642521381378174,-0.0010819435119628906,-0.24088016152381897,0.9833083152770996,-0.06350481510162354,-0.10953813791275024,-0.5339398384094238,0.9216958284378052,0.1304723024368286,0.2682608962059021,0.9903082251548767,-0.13559430837631226,0.26524806022644043,0.9872567057609558,0.20141104275567095,0.05570844243043156,-8.419766658690486e-05,1.3143834421192047e-05,0.0,0.0,0.0,0,0,1,1.0
crossover_11_05_02_fps30.mp4,565,0.20680536329746246,-0.05820184531858413,-0.1419435961944301,0.06936314702033997,-0.09737509489059448,0.9801210761070251,-0.06992468237876892,-0.11047539114952087,0.89009690284729,0.05640694499015808,-0.0005547702312469482,-0.23881372809410095,0.9822047352790833,-0.06168219447135925,-0.10724994540214539,-0.5182892084121704,0.9045972228050232,0.13046672940254211,0.26878151297569275,0.9904116988182068,-0.135597825050354,0.2658269703388214,0.9875164031982422,0.18200542553253884,0.03486778219964986,0.023215657181856142,0.0021849459510738245,0.0,0.0,0.0,0,0,1,1.0
crossover_11_05_02_fps30.mp4,566,0.2064496874809265,-0.05606441881697055,-0.12056830932454365,0.06919324398040771,-0.09707704186439514,0.9803837537765503,-0.07008734345436096,-0.11549985408782959,0.883773148059845,0.05636298656463623,-0.00020930171012878418,-0.23563183844089508,0.9811626076698303,-0.061556607484817505,-0.09620136022567749,-0.5135053396224976,0.8865033984184265,0.13044434785842896,0.26912721991539,0.9904581904411316,-0.13562020659446716,0.2662353217601776,0.9876853823661804,0.16470037096123044,0.024978237422803896,0.021375286869886434,0.002137426501613582,0.0,0.0,0.0,0,0,1,1.0
crossover_11_05_02_fps30.mp4,567,0.20601795613765717,-0.05490867040925107,-0.10544662780878022,0.069100022315979,-0.09669998288154602,0.980117917060852,-0.06989377737045288,-0.11511117219924927,0.8732969760894775,0.05624699592590332,0.00016376376152038574,-0.25122585892677307,0.9789485335350037,-0.0615479052066803,-0.08141094446182251,-0.5141165852546692,0.856282651424408,0.1304382085800171,0.2695406973361969,0.9900538921356201,-0.13561636209487915,0.26663824915885925,0.987273097038269,0.15332689576863023,0.0249357877888511,0.01512168151576343,0.0011557484077194813,0.0,0.0,0.0,0,0,1,1.0
crossover_11_05_02_fps30.mp4,568,0.20606718957424164,-0.054068100553447906,-0.09541693155358477,0.06907299160957336,-0.09680011868476868,0.979945957660675,-0.06958287954330444,-0.11336907744407654,0.867559015750885,0.05613282322883606,2.524256706237793e-05,-0.25960978865623474,0.9779192805290222,-0.06098735332489014,-0.07377573847770691,-0.5100802779197693,0.8418052792549133,0.1304333508014679,0.26942870020866394,0.9898419380187988,-0.1355838179588318,0.26649150252342224,0.9870119094848633,0.14578563785004572,0.022720415855845045,0.010029696255195453,0.0008405698558031638,0.0,0.0,0.0,0,0,1,1.0
crossover_11_05_02_fps30.mp4,569,0.20608989894390106,-0.0540576051857512,-0.0955017197422865,0.06906962394714355,-0.09686288237571716,0.9798897504806519,-0.06941989064216614,-0.11238822340965271,0.8647350668907166,0.05605030059814453,-7.778406143188477e-05,-0.2640082538127899,0.9772112965583801,-0.06059432029724121,-0.072808176279068,-0.5057942271232605,0.8334755301475525,0.13043642044067383,0.2694193124771118,0.9896402359008789,-0.13553571701049805,0.2663866877555847,0.986748456954956,0.14570339191981474,0.02361621390836747,-8.478818870172322e-05,1.049536769670567e-05,0.0,0.0,0.0,0,0,1,1.0
crossover_11_05_02_fps30.mp4,570,0.20632025599479675,-0.05377424187579399,-0.08705220164322269,0.06905001401901245,-0.09708797931671143,0.979470431804657,-0.06873658299446106,-0.11202394962310791,0.857547402381897,0.05585277080535889,-0.0003959536552429199,-0.27555158734321594,0.9759191870689392,-0.060495078563690186,-0.06595978140830994,-0.505587637424469,0.8177821636199951,0.1304226517677307,0.26916396617889404,0.9890751242637634,-0.13549363613128662,0.2660105228424072,0.9860740900039673,0.1397404280254927,0.022137295163400805,0.008449518099063802,0.0002833633099572075,0.0,0.0,0.0,0,0,1,1.0
crossover_11_05_02_fps30.mp4,571,0.20679818093776703,-0.053609639002104914,-0.08271790001450513,0.06903132796287537,-0.09748134016990662,0.9789784550666809,-0.06848001480102539,-0.11104682087898254,0.8418641090393066,0.05556485056877136,-0.001113981008529663,-0.27878469228744507,0.9743273258209229,-0.06053915619850159,-0.06354531645774841,-0.5054299235343933,0.7860127091407776,0.13040104508399963,0.2684608995914459,0.988614022731781,-0.135513037443161,0.265276700258255,0.9855294823646545,0.13630212313164888,0.02038642118705427,0.004334301628717563,0.00016460287368907922,0.0,0.0,0.0,0,0,1,1.0
crossover_11_05_02_fps30.mp4,572,0.20707273483276367,-0.053689892413252505,-0.08002241951663319,0.06899923086166382,-0.09767207503318787,0.978337287902832,-0.06834742426872253,-0.11123529076576233,0.8228362202644348,0.055314481258392334,-0.001529783010482788,-0.2689414322376251,0.9722545146942139,-0.06065022945404053,-0.0648871660232544,-0.49918895959854126,0.7460536956787109,0.1303699016571045,0.26802340149879456,0.988598644733429,-0.1355666220188141,0.2648265063762665,0.9854429960250854,0.13432441127819705,0.016658997269649842,0.0026954804978719382,-8.025341114759055e-05,0.0,0.0,0.0,0,0,1,1.0
crossover_11_05_02_fps30.mp4,573,0.20745070278644562,-0.05373839665267427,-0.07888923069325887,0.06898075342178345,-0.09797355532646179,0.9779117107391357,-0.06842625141143799,-0.11110314726829529,0.8059749007225037,0.0551719069480896,-0.0019341707229614258,-0.2649986445903778,0.9703688621520996,-0.06075507402420044,-0.06519857048988342,-0.4888831675052643,0.7108885645866394,0.13035690784454346,0.26746106147766113,0.9885671734809875,-0.13566288352012634,0.26435917615890503,0.9854549765586853,0.1333549229891519,0.015384015670181037,0.0011331888233743204,-4.850423942176496e-05,0.0,0.0,0.0,0,0,1,1.0
crossover_11_05_02_fps30.mp4,574,0.20761080086231232,-0.05375108062210732,-0.07920575287283921,0.06896969676017761,-0.09804835915565491,0.9775336384773254,-0.06854599714279175,-0.11097404360771179,0.7880874872207642,0.05505684018135071,-0.0020999908447265625,-0.26366832852363586,0.9685772061347961,-0.060905009508132935,-0.06463584303855896,-0.48479050397872925,0.6737614274024963,0.13036170601844788,0.2671942710876465,0.9884498715400696,-0.13570210337638855,0.2640489935874939,0.9852633476257324,0.1333583974390347,0.016231480865446873,-0.00031652217958033635,-1.268396943304717e-05,0.0,0.0,0.0,0,0,1,1.0
crossover_11_05_02_fps30.mp4,575,0.20778807997703552,-0.0536785299495115,-0.07875251828170404,0.06898266077041626,-0.09813985228538513,0.9775180220603943,-0.06869623064994812,-0.11023002862930298,0.7812220454216003,0.05497235059738159,-0.0022698640823364258,-0.2646939158439636,0.9679601788520813,-0.06104728579521179,-0.06488841772079468,-0.4870215058326721,0.6549006104469299,0.1303774118423462,0.2669020891189575,0.9885554909706116,-0.13569232821464539,0.26361846923828125,0.9853211641311646,0.13287065227880562,0.015700695751352856,0.0004532345911351654,7.255067259581693e-05,0.0,0.0,0.0,0,0,1,1.0
crossover_11_05_02_fps30.mp4,576,0.20785322785377502,-0.05379679960719608,-0.07920305321856241,0.0690031349658966,-0.09819924831390381,0.9775122404098511,-0.06895214319229126,-0.10958993434906006,0.7760044932365417,0.05486789345741272,-0.0023726224899291992,-0.26342013478279114,0.9674484729766846,-0.06135651469230652,-0.0624883770942688,-0.4866692125797272,0.6365236639976501,0.13040104508399963,0.2668270468711853,0.9886570572853088,-0.13563716411590576,0.26322275400161743,0.985339343547821,0.1330824203445855,0.018344745572181624,-0.0004505349368583711,-0.00011826965768457764,0.0,0.0,0.0,0,0,1,1.0
crossover_11_05_02_fps30.mp4,577,0.20778784155845642,-0.05395851165561355,-0.08026686485220746,0.06901732087135315,-0.09816786646842957,0.9773526191711426,-0.06944665312767029,-0.10917285084724426,0.768668532371521,0.054785579442977905,-0.0022991597652435303,-0.26083192229270935,0.9665800929069519,-0.0617641806602478,-0.06259998679161072,-0.48640525341033936,0.6143913269042969,0.13041427731513977,0.2668561637401581,0.9885382652282715,-0.13557058572769165,0.2629658281803131,0.9850873947143555,0.13380672772841634,0.0193144259303222,-0.001063811633645051,-0.00016171204841747278,0.0,0.0,0.0,0,0,1,1.0
crossover_11_05_02_fps30.mp4,578,0.20775482058525085,-0.053950608887914864,-0.08026917504101266,0.06902715563774109,-0.09812188148498535,0.9773159027099609,-0.06974712014198303,-0.10888689756393433,0.7619693279266357,0.05469349026679993,-0.0022507905960083008,-0.26050588488578796,0.9659028053283691,-0.06210401654243469,-0.06122702360153198,-0.48243051767349243,0.5924534201622009,0.13042506575584412,0.2668754458427429,0.9884433746337891,-0.13551709055900574,0.2628259062767029,0.9849050641059875,0.1337550320270157,0.02071428463222659,-2.310188805199065e-06,7.902767698686475e-06,0.0,0.0,0.0,0,0,1,1.0
crossover_11_05_02_fps30.mp4,579,0.2077486664056778,-0.05422772785364571,-0.0816666815339065,0.06906172633171082,-0.09803938865661621,0.977563202381134,-0.06978672742843628,-0.10887879133224487,0.7602697014808655,0.054612189531326294,-0.0021829605102539062,-0.2612929344177246,0.9658021330833435,-0.06261524558067322,-0.06073850393295288,-0.47912588715553284,0.5820094347000122,0.13046136498451233,0.2668730616569519,0.988431453704834,-0.13542979955673218,0.26263904571533203,0.9848353266716003,0.1347731038602783,0.022546376012970624,-0.0013975064928938297,-0.00027711896573084926,0.0,0.0,0.0,0,0,1,1.0
crossover_11_05_02_fps30.mp4,580,0.2077779769897461,-0.05423901030572792,-0.08299222079718988,0.06906464695930481,-0.09801453351974487,0.9773953557014465,-0.06976965069770813,-0.10894712805747986,0.7593216896057129,0.05459234118461609,-0.0021449923515319824,-0.26122328639030457,0.965377151966095,-0.06281554698944092,-0.06183665990829468,-0.48940351605415344,0.5767955780029297,0.13046839833259583,0.2668420672416687,0.9882174134254456,-0.1354089081287384,0.2625173330307007,0.9845445156097412,0.1355748406399919,0.022827937664423977,-0.0013255392632833818,-1.1282452082206351e-05,0.0,0.0,0.0,0,0,1,1.0
crossover_11_05_02_fps30.mp4,581,0.20785357058048248,-0.05430276909116971,-0.0846577938010053,0.06907919049263,-0.09800851345062256,0.9773128032684326,-0.06975236535072327,-0.10923635959625244,0.7578079700469971,0.05458745360374451,-0.0021443963050842285,-0.2537218928337097,0.9650266170501709,-0.0630803108215332,-0.06280475854873657,-0.48938775062561035,0.5712110996246338,0.13048681616783142,0.26677238941192627,0.9881304502487183,-0.13538622856140137,0.26240211725234985,0.9844333529472351,0.13662189196782443,0.023549955171192412,-0.0016655730038154237,-6.375878544179203e-05,0.0,0.0,0.0,0,0,1,1.0
crossover_11_05_02_fps30.mp4,582,0.20803691446781158,-0.05403913623195583,-0.08645898525307816,0.0691525936126709,-0.09812718629837036,0.9776589870452881,-0.06974157691001892,-0.10954129695892334,0.7653712034225464,0.05463796854019165,-0.0022378861904144287,-0.24537721276283264,0.9657193422317505,-0.06300473213195801,-0.06327423453330994,-0.4871392846107483,0.5872398614883423,0.13055431842803955,0.26660826802253723,0.9882168769836426,-0.13531586527824402,0.26213619112968445,0.984515905380249,0.1374914783867689,0.024857887596896257,-0.001801191452072859,0.00026363285921388036,0.0,0.0,0.0,0,0,1,1.0
crossover_11_05_02_fps30.mp4,583,0.20813590288162231,-0.053994935346862005,-0.08656415357822322,0.06919839978218079,-0.09816575050354004,0.9780198931694031,-0.06972649693489075,-0.10974887013435364,0.7714831829071045,0.05464687943458557,-0.002257823944091797,-0.2404763102531433,0.9663805365562439,-0.06292980909347534,-0.06354188919067383,-0.48479360342025757,0.5994194149971008,0.13061895966529846,0.26652467250823975,0.9882556200027466,-0.13525989651679993,0.26196885108947754,0.9845291972160339,0.13751582140024904,0.02469527538615728,-0.00010516832514506635,4.4200885093825804e-05,0.0,0.0,0.0,0,0,1,1.0
crossover_11_05_02_fps30.mp4,584,0.20818762481212616,-0.053786068346540816,-0.08736674189567567,0.06920978426933289,-0.09809869527816772,0.9782296419143677,-0.06968185305595398,-0.11004382371902466,0.7733548879623413,0.05461046099662781,-0.0021277964115142822,-0.243352010846138,0.9666088819503784,-0.06320592761039734,-0.06402239203453064,-0.4837985932826996,0.6001795530319214,0.13064220547676086,0.266506165266037,0.9881840348243713,-0.135245680809021,0.2619398534297943,0.9844066500663757,0.13789664753320238,0.025173248081850813,-0.0008025883174524462,0.000208867000321189,0.0,0.0,0.0,0,0,1,1.0
crossover_11_05_02_fps30.mp4,585,0.20816822350025177,-0.0536498523364633,-0.08814279742357206,0.06922182440757751,-0.09801265597343445,0.9786830544471741,-0.06968560814857483,-0.11004525423049927,0.7803295254707336,0.05460521578788757,-0.001994490623474121,-0.24269999563694,0.9674004316329956,-0.0631958544254303,-0.06431856751441956,-0.475151926279068,0.6145092844963074,0.13066062331199646,0.26650935411453247,0.9881781339645386,-0.13523343205451965,0.2619290351867676,0.9844040870666504,0.13834988449265742,0.025665542788858357,-0.000776055527896391,0.00013621601007751671,0.0,0.0,0.0,0,0,1,1.0
crossover_11_05_02_fps30.mp4,586,0.20822471380233765,-0.053503289263127196,-0.08830823069665489,0.06923842430114746,-0.09800511598587036,0.979059636592865,-0.06967973709106445,-0.11011728644371033,0.7869611382484436,0.05458962917327881,-0.001957803964614868,-0.24298173189163208,0.9680961966514587,-0.06317245960235596,-0.0646342933177948,-0.4740578830242157,0.6285308599472046,0.13067889213562012,0.26643750071525574,0.988189697265625,-0.13521873950958252,0.2618378698825836,0.9844164848327637,0.13834910629601094,0.02557241025142546,-0.00016543327308282674,0.0001465630733361034,0.0,0.0,0.0,0,0,1,1.0
crossover_11_05_02_fps30.mp4,587,0.20830924808979034,-0.05336233589608791,-0.0880304763956768,0.06924483180046082,-0.09790381789207458,0.9792916774749756,-0.06967216730117798,-0.11048105359077454,0.7891018986701965,0.05457797646522522,-0.0018710494041442871,-0.2411380261182785,0.9684238433837891,-0.06318268179893494,-0.06473284959793091,-0.4745021462440491,0.6304839253425598,0.13068678975105286,0.26639240980148315,0.9881064295768738,-0.13521036505699158,0.26178520917892456,0.984282374382019,0.13811067262223825,0.025282772950343313,0.0002777543009780947,0.00014095336703928707,0.0,0.0,0.0,0,0,1,1.0
crossover_11_05_02_fps30.mp4,588,0.2083536833524704,-0.05334849206067749,-0.08808715416163931,0.06925126910209656,-0.09778514504432678,0.9795306921005249,-0.06966671347618103,-0.1106635332107544,0.7923875451087952,0.05456778407096863,-0.001792818307876587,-0.24092626571655273,0.9688037037849426,-0.06318208575248718,-0.06485500931739807,-0.4755265712738037,0.6356962323188782,0.13069704174995422,0.2663574516773224,0.9880207180976868,-0.13520261645317078,0.2617447078227997,0.9841740131378174,0.1381761016043067,0.0252276062867527,-5.667776596252061e-05,1.384383541042089e-05,0.0,0.0,0.0,0,0,1,1.0
crossover_11_05_02_fps30.mp4,589,0.20834720134735107,-0.05364563919730103,-0.08753688175503799,0.06925317645072937,-0.09770065546035767,0.9798096418380737,-0.06966519355773926,-0.1110372543334961,0.7945586442947388,0.054552704095840454,-0.001656264066696167,-0.237851083278656,0.9691691994667053,-0.06334522366523743,-0.06487199664115906,-0.4744316041469574,0.6369701027870178,0.13070937991142273,0.26636531949043274,0.9879234433174133,-0.13520082831382751,0.2617514431476593,0.9840619564056396,0.13813892277671644,0.024653173346974293,0.0005502724066013265,-0.0002971471366235434,0.0,0.0,0.0,0,0,1,1.0
crossover_11_05_02_fps30.mp4,590,0.2083505094051361,-0.05400215811648612,-0.08648572665889087,0.06925338506698608,-0.09764900803565979,0.979978084564209,-0.06966745853424072,-0.11114895343780518,0.7952304482460022,0.05452287197113037,-0.001534879207611084,-0.2389378696680069,0.9693463444709778,-0.06348749995231628,-0.06500917673110962,-0.4694322943687439,0.6334304809570312,0.13071781396865845,0.266340434551239,0.987916886806488,-0.13519993424415588,0.2617442011833191,0.9840761423110962,0.13781991379408373,0.02347794510903863,0.001051155096147116,-0.00035651891918508927,0.0,0.0,0.0,0,0,1,1.0
crossover_11_05_02_fps30.mp4,591,0.20837122201919556,-0.05536821565385591,-0.08566511055318321,0.0692804753780365,-0.09770897030830383,0.9803993701934814,-0.0697019100189209,-0.1111917495727539,0.7959362864494324,0.05441728234291077,-0.0015665888786315918,-0.25931963324546814,0.9699015021324158,-0.06377413868904114,-0.06477954983711243,-0.47088122367858887,0.6288184523582458,0.1307159960269928,0.2662962079048157,0.9881231188774109,-0.1352030336856842,0.2617303729057312,0.9843572378158569,0.13829467422226746,0.02251368891359514,0.0008206161057076611,-0.0013660575373697914,0.0,0.0,0.0,0,0,1,1.0
crossover_11_05_02_fps30.mp4,592,0.20828337967395782,-0.05722931865918435,-0.08586112711487748,0.06942915916442871,-0.09784510731697083,0.9806643724441528,-0.06968867778778076,-0.11111649870872498,0.7914712429046631,0.054028332233428955,-0.002184957265853882,-0.300830602645874,0.9700058698654175,-0.06480827927589417,-0.06453537940979004,-0.5055772662162781,0.6183282732963562,0.1307206153869629,0.26632335782051086,0.9880387187004089,-0.13520288467407227,0.2617688477039337,0.9842035174369812,0.1392119473419766,0.022632458090333023,-0.00019601656169426773,-0.001861103005328435,0.0,0.0,0.0,0,0,1,1.0
crossover_11_05_02_fps30.mp4,593,0.20820632576942444,-0.057230832819211264,-0.08584153870256933,0.06953942775726318,-0.09791749715805054,0.9809329509735107,-0.06951957941055298,-0.11105513572692871,0.7873753309249878,0.053756892681121826,-0.0025722086429595947,-0.3069576025009155,0.9700981974601746,-0.06539195775985718,-0.06439658999443054,-0.5126458406448364,0.6086884140968323,0.13072389364242554,0.2663678824901581,0.9880046248435974,-0.13520580530166626,0.2618180215358734,0.9841052293777466,0.1387517803140324,0.0229453652268064,1.9588412308146896e-05,-1.5141600269164002e-06,0.0,0.0,0.0,0,0,1,1.0
crossover_11_05_02_fps30.mp4,594,0.20804361999034882,-0.059791253077781825,-0.0861812287714423,0.07006916403770447,-0.09796363115310669,0.9808683395385742,-0.06917950510978699,-0.11045625805854797,0.7794525027275085,0.052425891160964966,-0.007740288972854614,-0.3271051347255707,0.9701395630836487,-0.06768310070037842,-0.06316062808036804,-0.5206066966056824,0.5972485542297363,0.13095423579216003,0.26630303263664246,0.9877354502677917,-0.13498055934906006,0.2617717683315277,0.9835140109062195,0.13691482205219915,0.024335762060723968,-0.0003396900688729665,-0.0025604202585705615,0.0,0.0,0.0,0,0,1,1.0
crossover_11_05_02_fps30.mp4,595,0.20715877413749695,-0.0629428959498971,-0.08715801747833812,0.07040265202522278,-0.09804823994636536,0.981468141078949,-0.0690065324306488,-0.10981887578964233,0.7757120728492737,0.048218995332717896,-0.014505058526992798,-0.36720824241638184,0.9714319705963135,-0.07181373238563538,-0.06348496675491333,-0.5388915538787842,0.601951539516449,0.13097473978996277,0.2667449414730072,0.9878751039505005,-0.13499587774276733,0.262200266122818,0.9836840033531189,0.13279841308507337,0.025280527479138264,-0.0009767887068958259,-0.003151642872115279,0.0,0.0,0.0,0,0,1,1.0
crossover_11_05_02_fps30.mp4,596,0.20600683987140656,-0.06452278343297668,-0.08841752162793787,0.07036364078521729,-0.09817454218864441,0.9814035296440125,-0.06907513737678528,-0.10841888189315796,0.7723491787910461,0.04214209318161011,-0.02787458896636963,-0.3464753329753876,0.9727187752723694,-0.07581329345703125,-0.07049715518951416,-0.4918958842754364,0.6188263893127441,0.13089370727539062,0.2673940658569336,0.9879688620567322,-0.1350780725479126,0.26284682750701904,0.9837567210197449,0.1226492666038742,0.02118053705387707,-0.0012595041495997439,-0.0015798874830795784,0.0,0.0,0.0,0,0,1,1.0
crossover_11_05_02_fps30.mp4,597,0.20543205738067627,-0.06432992290642303,-0.08712854138234766,0.06985285878181458,-0.0982174277305603,0.9804943203926086,-0.06951931118965149,-0.10779696702957153,0.7602970600128174,0.037170737981796265,-0.0403008759021759,-0.3279162645339966,0.9733579754829407,-0.07694387435913086,-0.0722355842590332,-0.4502773582935333,0.6236343383789062,0.13030293583869934,0.26770374178886414,0.987740159034729,-0.13565096259117126,0.26315221190452576,0.9834854602813721,0.11178199503975655,0.019516965520494027,0.00128898024559021,0.00019286052655365093,0.0,0.0,0.0,0,0,1,1.0
crossover_11_05_02_fps30.mp4,598,0.20512069761753082,-0.06470695582486813,-0.08692997446874295,0.06957730650901794,-0.09822902083396912,0.979591965675354,-0.06979739665985107,-0.10731801390647888,0.7497674822807312,0.03548833727836609,-0.04253748059272766,-0.3216531276702881,0.9737555980682373,-0.07763147354125977,-0.07304805517196655,-0.4365028440952301,0.6282723546028137,0.1299457848072052,0.26787564158439636,0.9876166582107544,-0.13600850105285645,0.263362854719162,0.9834213852882385,0.1095891886664696,0.01896709892322846,0.00019856691360470302,-0.0003770329184450971,0.0,0.0,0.0,0,0,1,1.0
crossover_11_05_02_fps30.mp4,599,0.2048838883638382,-0.06179331197577009,-0.08336757406955814,0.06940793991088867,-0.09848719835281372,0.9767823815345764,-0.06886863708496094,-0.10719257593154907,0.7405644655227661,0.031109929084777832,-0.053009361028671265,-0.362087219953537,0.9724036455154419,-0.07900211215019226,-0.07362726330757141,-0.4571479856967926,0.6386022567749023,0.12976109981536865,0.26747462153434753,0.9868173003196716,-0.13619399070739746,0.2631584107875824,0.983311116695404,0.09773757362749574,0.019774136066672214,0.0035624003991848174,0.0029136438490980354,0.0,0.0,0.0,0,0,1,1.0
crossover_11_05_02_fps30.mp4,600,0.20314012467861176,-0.057209729441141666,-0.07183082379945893,0.06925854086875916,-0.09703812003135681,0.9768837690353394,-0.07433831691741943,-0.1059093177318573,0.7583134174346924,0.027761787176132202,-0.0630531907081604,-0.3605596721172333,0.9732252955436707,-0.07863825559616089,-0.07313445210456848,-0.39999836683273315,0.6669418215751648,0.12974271178245544,0.2688939869403839,0.9869839549064636,-0.1363409459590912,0.2653704583644867,0.9841444492340088,0.08542368219015795,0.021468143374177136,0.011536750270099205,0.004583582534628428,0.0,0.0,0.0,0,0,1,1.0
crossover_11_05_02_fps30.mp4,601,0.2000093013048172,-0.04968785987061969,-0.05205441756946283,0.06874033808708191,-0.09435784816741943,0.9779355525970459,-0.07921859622001648,-0.10265001654624939,0.7794128060340881,0.022896260023117065,-0.0618533194065094,-0.3991565406322479,0.9749346971511841,-0.07862809300422668,-0.06842207908630371,-0.4196425676345825,0.698456346988678,0.12954023480415344,0.27119824290275574,0.9863132238388062,-0.1365836262702942,0.2678705155849457,0.9844669103622437,0.07324256233885067,0.03324811930556972,0.019776406229996102,0.007521869570521977,0.0,0.0,0.0,0,0,1,1.0
crossover_11_05_02_fps30.mp4,602,0.19293078780174255,-0.04312361650547741,-0.02630460887420466,0.06617698073387146,-0.08806288242340088,0.9796353578567505,-0.08275756239891052,-0.09106674790382385,0.800014078617096,0.0133725106716156,-0.05142414569854736,-0.3843689262866974,0.977121114730835,-0.07528483867645264,-0.058579862117767334,-0.3685438632965088,0.7279511094093323,0.12981131672859192,0.2746482789516449,0.9859603643417358,-0.1364906132221222,0.27148422598838806,0.985118567943573,0.06182882431584622,0.0455635400673272,0.02574980869525817,0.006564243365142275,0.0,0.0,0.0,0,0,1,1.0
crossover_11_05_02_fps30.mp4,603,0.18978053331375122,-0.043039412417654244,-0.024768029189691287,0.06501853466033936,-0.08551231026649475,0.9810975790023804,-0.08367207646369934,-0.0867743194103241,0.8182052373886108,0.010563910007476807,-0.047873854637145996,-0.35386744141578674,0.979000449180603,-0.07344210147857666,-0.05383408069610596,-0.3640362620353699,0.7541245818138123,0.1299448013305664,0.2763848900794983,0.9858134388923645,-0.13641616702079773,0.2730236053466797,0.9856497049331665,0.05837118591069401,0.04206137007170216,0.0015365796845133728,8.420408782316979e-05,0.0,0.0,0.0,0,0,1,1.0
crossover_11_05_02_fps30.mp4,604,0.18655087053775787,-0.04110827122704458,-0.002259785082282084,0.06163877248764038,-0.08050045371055603,0.9816055297851562,-0.08424347639083862,-0.08440759778022766,0.8329479098320007,0.0035460591316223145,-0.04438599944114685,-0.4414587914943695,0.9788227677345276,-0.07002010941505432,-0.042768508195877075,-0.45147281885147095,0.775533139705658,0.1298317313194275,0.2767883539199829,0.9826782941818237,-0.13663867115974426,0.2734692692756653,0.9849323034286499,0.061389145261927076,0.049767971987047695,0.022508244107409203,0.0019311411906096643,0.0,0.0,0.0,0,0,1,1.0
crossover_11_05_02_fps30.mp4,605,0.1837710440158844,-0.04065235358173569,0.014074220017688988,0.05880650877952576,-0.0733603835105896,0.980283260345459,-0.08465424180030823,-0.08043667674064636,0.8453344702720642,0.0004540979862213135,-0.023743003606796265,-0.45560944080352783,0.9717634916305542,-0.06569811701774597,-0.02734220027923584,-0.46193334460258484,0.7923986911773682,0.13005325198173523,0.27662771940231323,0.9796798229217529,-0.136508047580719,0.27328628301620483,0.9838351607322693,0.055855910727273264,0.04840051793425476,0.016334005099971072,0.0004559176453088898,0.0,0.0,0.0,0,0,1,1.0
crossover_11_05_02_fps30.mp4,606,0.1802932620048523,-0.04078543277110086,0.02611099685110696,0.05882611870765686,-0.06826603412628174,0.9783790111541748,-0.08300018310546875,-0.07550862431526184,0.8529571890830994,0.0017070472240447998,-0.011201202869415283,-0.4587324857711792,0.9612600207328796,-0.06385466456413269,-0.018526792526245117,-0.4655618965625763,0.8018021583557129,0.1309308111667633,0.2766140103340149,0.9764073491096497,-0.13564658164978027,0.27301234006881714,0.9817116260528564,0.0565491918962773,0.05024660880116664,0.012036776833417973,-0.0001330791893651706,0.0,0.0,0.0,0,0,1,1.0
crossover_11_05_02_fps30.mp4,607,0.17738065123558044,-0.04067226678638136,0.03356221550848426,0.05946788191795349,-0.0644330382347107,0.976951539516449,-0.08177384734153748,-0.07075589895248413,0.8626294136047363,0.0040129125118255615,-0.002696305513381958,-0.43607017397880554,0.9528990983963013,-0.06296974420547485,-0.013031363487243652,-0.45510315895080566,0.8150131702423096,0.131801575422287,0.27541008591651917,0.9745723605155945,-0.13501593470573425,0.2715020477771759,0.9807869791984558,0.057545161357024754,0.051654032784344356,0.007451218657377301,0.00011316598471949879,0.0,0.0,0.0,0,0,1,1.0
crossover_11_05_02_fps30.mp4,608,0.1761251538991928,-0.04010455628572884,0.03343595760624585,0.059752047061920166,-0.06402885913848877,0.9752855896949768,-0.08089295029640198,-0.06955590844154358,0.8711704611778259,0.005231499671936035,-0.0008844733238220215,-0.4181768298149109,0.9423992037773132,-0.062313079833984375,-0.012302666902542114,-0.4288698136806488,0.8262779116630554,0.132343590259552,0.2746906280517578,0.9728411436080933,-0.13451805710792542,0.2709141969680786,0.9799260497093201,0.05686167381481203,0.05084525828579613,-0.0001262579022384136,0.0005677105006525185,0.0,0.0,0.0,0,0,1,1.0
crossover_11_05_02_fps30.mp4,609,0.17337918281555176,-0.04067455580679036,0.041716926853831215,0.05995902419090271,-0.06020611524581909,0.974288821220398,-0.08042261004447937,-0.06707307696342468,0.877845823764801,0.005853563547134399,0.005127310752868652,-0.44144153594970703,0.9362850189208984,-0.062129974365234375,-0.011941075325012207,-0.46097007393836975,0.8360130786895752,0.13279250264167786,0.2737668752670288,0.9718024730682373,-0.13405829668045044,0.2701706886291504,0.9786185622215271,0.05919177220719858,0.057788547164146546,0.008280969247585368,-0.000569999521061515,0.0,0.0,0.0,0,0,1,1.0
crossover_11_05_02_fps30.mp4,610,0.17234350740909576,-0.04145549000319787,0.046674817364390275,0.05944821238517761,-0.05756452679634094,0.9739595055580139,-0.08007651567459106,-0.0666833221912384,0.8877686262130737,0.005699187517166138,0.008558988571166992,-0.48110491037368774,0.9343990087509155,-0.06211388111114502,-0.010111033916473389,-0.5371615886688232,0.8509399890899658,0.13298353552818298,0.27191293239593506,0.9686151146888733,-0.1339970827102661,0.2682364583015442,0.9766742587089539,0.06063315938200674,0.06042683202734755,0.00495789051055906,-0.0007809341964075123,0.0,0.0,0.0,0,0,1,1.0
crossover_11_05_02_fps30.mp4,611,0.1696731597185135,-0.042319930205910905,0.05244681297278986,0.059255123138427734,-0.055494457483291626,0.9708777666091919,-0.0795694887638092,-0.06581121683120728,0.8943523168563843,0.005941212177276611,0.01173672080039978,-0.5137584805488586,0.9156326055526733,-0.061644554138183594,-0.004139453172683716,-0.5356025695800781,0.8559297323226929,0.1336526870727539,0.27119043469429016,0.9659167528152466,-0.13332223892211914,0.26760444045066833,0.9745171666145325,0.06313833596805346,0.05979503830929565,0.005771995608399583,-0.0008644402027130349,0.0,0.0,0.0,0,0,1,1.0
crossover_11_05_02_fps30.mp4,612,0.16758285462856293,-0.043427983886104526,0.05741342989409837,0.05864313244819641,-0.05261752009391785,0.9682888984680176,-0.07910710573196411,-0.06373000144958496,0.9025818109512329,0.003489941358566284,0.016026467084884644,-0.5355627536773682,0.8991841077804565,-0.06112387776374817,0.0019882023334503174,-0.5712940692901611,0.8662614822387695,0.13429948687553406,0.2704964578151703,0.9638820886611938,-0.13264399766921997,0.2670438587665558,0.9720558524131775,0.06256334709584965,0.05818161660076528,0.004966616921308509,-0.0011080536801936214,0.0,0.0,0.0,0,0,1,1.0
crossover_11_05_02_fps30.mp4,613,0.1670718938112259,-0.04316049682891976,0.056715912789833234,0.058134645223617554,-0.052479714155197144,0.9656208157539368,-0.07893288135528564,-0.06350308656692505,0.9098761081695557,0.002817124128341675,0.0162944495677948,-0.5346227288246155,0.8815995454788208,-0.06091371178627014,0.003066509962081909,-0.5685322284698486,0.8754916787147522,0.13456329703330994,0.2696288526058197,0.9628070592880249,-0.13232865929603577,0.26631060242652893,0.9704769253730774,0.06121957463018027,0.056510486328611796,-0.0006975171042651329,0.0002674870571847676,0.0,0.0,0.0,0,0,1,1.0
crossover_11_05_02_fps30.mp4,614,0.1671334207057953,-0.04352190343000123,0.06046931147575374,0.058115154504776,-0.05174762010574341,0.9643482565879822,-0.07841947674751282,-0.06326460838317871,0.9164382815361023,0.0032035410404205322,0.017548412084579468,-0.5320143103599548,0.871038019657135,-0.05980426073074341,0.005257934331893921,-0.5484495759010315,0.8832899928092957,0.1355859339237213,0.26855453848838806,0.9619916081428528,-0.13130447268486023,0.2652072608470917,0.969260036945343,0.06344659774570872,0.05756223871072562,0.003753398685920506,-0.00036140660108147094,0.0,0.0,0.0,0,0,1,1.0
crossover_11_05_02_fps30.mp4,615,0.1659606695175171,-0.04478009302737351,0.063007782726753,0.05760201811790466,-0.050343096256256104,0.9650677442550659,-0.07829579710960388,-0.060901910066604614,0.9222843050956726,0.002454429864883423,0.01875758171081543,-0.5117264986038208,0.8736509680747986,-0.05932322144508362,0.006785988807678223,-0.5325149893760681,0.8916751146316528,0.13605061173439026,0.2679656147956848,0.9633673429489136,-0.13080736994743347,0.26460254192352295,0.9695969820022583,0.06472387845926747,0.05807230575457566,0.0025384712509992635,-0.0012581895973722834,0.0,0.0,0.0,0,0,1,1.0
crossover_11_05_02_fps30.mp4,616,0.16461117565631866,-0.0459549110824779,0.06547298882065755,0.05666497349739075,-0.04889702796936035,0.9665274620056152,-0.07837879657745361,-0.05896961688995361,0.928441047668457,0.0002931654453277588,0.02089783549308777,-0.495603084564209,0.8804364204406738,-0.05923527479171753,0.00782516598701477,-0.5139046907424927,0.9009740948677063,0.1361430585384369,0.2671259343624115,0.9651008248329163,-0.13068032264709473,0.26412859559059143,0.9705030918121338,0.0642326153655456,0.05915775129016277,0.0024652060939045484,-0.0011748180551043874,0.0,0.0,0.0,0,0,1,1.0
crossover_11_05_02_fps30.mp4,617,0.16372361779212952,-0.04770637225296537,0.06819612034937228,0.055659592151641846,-0.0475926399230957,0.9682168960571289,-0.07847291231155396,-0.058331966400146484,0.9340912103652954,-0.002274751663208008,0.023739486932754517,-0.4915626049041748,0.8870965838432312,-0.0592825710773468,0.0067140161991119385,-0.5123124718666077,0.9094594120979309,0.13620012998580933,0.26592889428138733,0.9671666622161865,-0.13060402870178223,0.26304373145103455,0.9717007875442505,0.0635643327987575,0.06256242890077934,0.0027231315287147284,-0.0017514611704874672,0.0,0.0,0.0,0,0,1,1.0
crossover_11_05_02_fps30.mp4,618,0.16343730688095093,-0.04750948922108794,0.06731054841018302,0.05510038137435913,-0.047604143619537354,0.9690604209899902,-0.07846564054489136,-0.05767199397087097,0.9391419887542725,-0.0027137398719787598,0.02399510145187378,-0.4937327206134796,0.8917500972747803,-0.05959439277648926,0.00645136833190918,-0.5208780765533447,0.917400062084198,0.1363363265991211,0.2646484971046448,0.967609703540802,-0.13043934106826782,0.26210546493530273,0.9710532426834106,0.062312816538384115,0.0620474390587002,-0.0008855719391892558,0.00019688303187742617,0.0,0.0,0.0,0,0,1,1.0
crossover_11_05_02_fps30.mp4,619,0.16244778037071228,-0.04852799753011283,0.06988317472178762,0.05507799983024597,-0.04719439148902893,0.9698801040649414,-0.07808586955070496,-0.05719536542892456,0.9429455399513245,-0.0035656988620758057,0.026156485080718994,-0.506614625453949,0.895262598991394,-0.06006684899330139,0.00841212272644043,-0.5366626381874084,0.9230077266693115,0.1366521418094635,0.2637574076652527,0.9680303931236267,-0.1300266683101654,0.2615182399749756,0.9701516032218933,0.06271867097188924,0.06254466665115585,0.0025726263116045978,-0.0010185083090248903,0.0,0.0,0.0,0,0,1,1.0
crossover_11_05_02_fps30.mp4,620,0.16138553619384766,-0.04991178219601261,0.0703903685255749,0.05403146147727966,-0.04657605290412903,0.9706377983093262,-0.07811921834945679,-0.05648207664489746,0.9457693099975586,-0.0064382851123809814,0.02858993411064148,-0.5086280703544617,0.8995553255081177,-0.0614447295665741,0.009900599718093872,-0.5501869320869446,0.9278140068054199,0.13659021258354187,0.2623045742511749,0.9678299427032471,-0.13000798225402832,0.2603400647640228,0.967788577079773,0.06030937958524924,0.06157938782932683,0.0005071938037872759,-0.0013837846658997788,0.0,0.0,0.0,0,0,1,1.0
crossover_11_05_02_fps30.mp4,621,0.15975002944469452,-0.05042379872273589,0.0719477457244222,0.05304408073425293,-0.04421469569206238,0.9701173901557922,-0.07789349555969238,-0.05567902326583862,0.9474895000457764,-0.006486058235168457,0.029383867979049683,-0.5088359713554382,0.8979150056838989,-0.06133377552032471,0.013688594102859497,-0.5421873331069946,0.9307906627655029,0.13680803775787354,0.26116523146629333,0.9681150317192078,-0.1298016607761383,0.25967684388160706,0.9668421745300293,0.06117359502167451,0.05927188491509409,0.0015573771988472984,-0.0005120165267232801,0.0,0.0,0.0,0,0,1,1.0
crossover_11_05_02_fps30.mp4,622,0.15818189084529877,-0.05081033009593772,0.0734334640386628,0.05277946591377258,-0.0423562228679657,0.9696704149246216,-0.07775408029556274,-0.05521330237388611,0.9487109780311584,-0.005937367677688599,0.030484259128570557,-0.5067340135574341,0.8956928253173828,-0.06135207414627075,0.015865027904510498,-0.5256110429763794,0.9318569898605347,0.1369090974330902,0.2606412172317505,0.9688210487365723,-0.12966859340667725,0.2591959834098816,0.9668408632278442,0.06211454707714361,0.058525662803207146,0.0014857183142406027,-0.00038653137320182607,0.0,0.0,0.0,0,0,1,1.0
crossover_11_05_02_fps30.mp4,623,0.15815111994743347,-0.050753699621911785,0.07291657982802968,0.052665263414382935,-0.041977256536483765,0.9689234495162964,-0.07769331336021423,-0.05499696731567383,0.9496025443077087,-0.005954116582870483,0.03036123514175415,-0.5048967599868774,0.8917495012283325,-0.061370909214019775,0.016815125942230225,-0.5173901915550232,0.9320410490036011,0.1369834840297699,0.2602494955062866,0.9697927832603455,-0.12960892915725708,0.2586618661880493,0.9672256112098694,0.06178964315999629,0.05709727022917324,-0.0005168842106331173,5.6630474025931576e-05,0.0,0.0,0.0,0,0,1,1.0
crossover_11_05_02_fps30.mp4,624,0.15671676397323608,-0.05106459946955666,0.07396642013293941,0.052343934774398804,-0.0403139591217041,0.966566801071167,-0.07788923382759094,-0.05347472429275513,0.9468379020690918,-0.005913406610488892,0.03071734309196472,-0.5112166404724121,0.8797234892845154,-0.06156638264656067,0.019703775644302368,-0.518051266670227,0.9232501983642578,0.13685914874076843,0.26028868556022644,0.9697579145431519,-0.1298045814037323,0.25836291909217834,0.9661836624145508,0.06252289885708193,0.05526953986416946,0.0010498403049097327,-0.00031089984764487433,0.0,0.0,0.0,0,0,1,1.0
crossover_11_05_02_fps30.mp4,625,0.1553226262331009,-0.051499720347129685,0.0755597877793196,0.05210155248641968,-0.03928527235984802,0.9649640321731567,-0.07809004187583923,-0.05329495668411255,0.9474963545799255,-0.005818963050842285,0.03077712655067444,-0.5141075253486633,0.8728421926498413,-0.06181734800338745,0.020607084035873413,-0.5181933045387268,0.9234924912452698,0.13660109043121338,0.259645015001297,0.9690142869949341,-0.13006442785263062,0.2575751841068268,0.9645131826400757,0.06397044891105512,0.05591290628440038,0.0015933676463801838,-0.0004351208775730253,0.0,0.0,0.0,0,0,1,1.0
crossover_11_05_02_fps30.mp4,626,0.15284152328968048,-0.05165055040585792,0.07747468192402907,0.05179840326309204,-0.036520183086395264,0.9629786610603333,-0.07806962728500366,-0.05195680260658264,0.9490585923194885,-0.0056610107421875,0.03213822841644287,-0.5056225061416626,0.8654937744140625,-0.06168472766876221,0.02341318130493164,-0.4982163906097412,0.9258553385734558,0.1364876627922058,0.2593494653701782,0.9683887362480164,-0.13022282719612122,0.2573087215423584,0.963485598564148,0.06457888025602364,0.0549848212012375,0.001914894144709467,-0.00015083005872823518,0.0,0.0,0.0,0,0,1,1.0
crossover_11_05_02_fps30.mp4,627,0.1524198353290558,-0.051437333882865255,0.07859502042212141,0.051534831523895264,-0.03518170118331909,0.9612100720405579,-0.0781002938747406,-0.05136418342590332,0.9490871429443359,-0.005549252033233643,0.0336032509803772,-0.49605491757392883,0.859489381313324,-0.06163138151168823,0.02571558952331543,-0.48637109994888306,0.9246811866760254,0.1363653540611267,0.25816768407821655,0.9675235748291016,-0.13030481338500977,0.2559674382209778,0.9622838497161865,0.06426488444973319,0.053853066943678404,0.0011203384980923436,0.00021321652299266525,0.0,0.0,0.0,0,0,1,1.0
crossover_11_05_02_fps30.mp4,628,0.15236365795135498,-0.05148380287623,0.07833550136263778,0.05136770009994507,-0.034841686487197876,0.9606979489326477,-0.07805964350700378,-0.050949305295944214,0.9513292908668518,-0.005586683750152588,0.033872634172439575,-0.4925251007080078,0.8598141074180603,-0.06167346239089966,0.026308268308639526,-0.49152833223342896,0.9285306334495544,0.13630050420761108,0.25809839367866516,0.9673849940299988,-0.1303493082523346,0.25572285056114197,0.9617896676063538,0.06390220733939121,0.05301567824973992,-0.0002595190594836261,-4.6468993364745526e-05,0.0,0.0,0.0,0,0,1,1.0
crossover_11_05_02_fps30.mp4,629,0.1510402113199234,-0.051797632948826944,0.08186665133732118,0.05120542645454407,-0.03293868899345398,0.9594265222549438,-0.07806053757667542,-0.04990825057029724,0.9515866041183472,-0.00555381178855896,0.03571993112564087,-0.49330034852027893,0.8570674657821655,-0.061719149351119995,0.03038311004638672,-0.4827546179294586,0.9276090860366821,0.13622024655342102,0.25809359550476074,0.966639518737793,-0.13037437200546265,0.2554101347923279,0.9602826833724976,0.06533001440224817,0.052430825966947384,0.0035311499746834007,-0.0003138300725969434,0.0,0.0,0.0,0,0,1,1.0
crossover_11_05_02_fps30.mp4,630,0.15203194320201874,-0.052542894270460494,0.08254110522386504,0.051046162843704224,-0.03245729207992554,0.959691047668457,-0.07806837558746338,-0.04808366298675537,0.9532673358917236,-0.005619555711746216,0.03761613368988037,-0.4925304353237152,0.8595567345619202,-0.06192362308502197,0.031139791011810303,-0.48580285906791687,0.9302467703819275,0.13606587052345276,0.25681060552597046,0.9670230746269226,-0.13047507405281067,0.25375884771347046,0.9600046873092651,0.06496193322881529,0.052250293547679946,0.0006744538865438576,-0.0007452613216335502,0.0,0.0,0.0,0,0,1,1.0
crossover_11_05_02_fps30.mp4,631,0.15136303007602692,-0.05396271691483967,0.08381460149113729,0.050780683755874634,-0.031461358070373535,0.9592790007591248,-0.07804867625236511,-0.04745730757713318,0.955451250076294,-0.005561083555221558,0.04002350568771362,-0.49013179540634155,0.8612560033798218,-0.06301230192184448,0.03171330690383911,-0.4895794987678528,0.9345357418060303,0.13605061173439026,0.2563527226448059,0.9668142795562744,-0.13051605224609375,0.2529687285423279,0.9593828916549683,0.06527157255301519,0.05288137561061959,0.001273496267272245,-0.0014198226443791762,0.0,0.0,0.0,0,0,1,1.0
crossover_11_05_02_fps30.mp4,632,0.15017150342464447,-0.056075285147812404,0.08348550273150934,0.04984411597251892,-0.029492199420928955,0.9588297605514526,-0.07803070545196533,-0.0471133291721344,0.9562938213348389,-0.005511254072189331,0.04221612215042114,-0.4904143214225769,0.8628649711608887,-0.0635015070438385,0.031712234020233154,-0.48640117049217224,0.9360507130622864,0.13604941964149475,0.2551671266555786,0.966417133808136,-0.13051405549049377,0.2516237497329712,0.95854252576828,0.06526777928015688,0.052303155972646884,-0.00032909875962794377,-0.0021125682329727336,0.0,0.0,0.0,0,0,1,1.0
crossover_11_05_02_fps30.mp4,633,0.1503617912530899,-0.05602535948914994,0.08311426799471788,0.04935547709465027,-0.029464811086654663,0.9590196013450623,-0.07796269655227661,-0.04760444164276123,0.9570388793945312,-0.005464524030685425,0.04327675700187683,-0.49083563685417175,0.8666646480560303,-0.06384888291358948,0.03234627842903137,-0.48731860518455505,0.9371010661125183,0.13610008358955383,0.25486043095588684,0.9663748145103455,-0.13047108054161072,0.2512570917606354,0.9580389857292175,0.06436944433784289,0.05136726859892794,-0.00037123473679145924,4.992565866246412e-05,0.0,0.0,0.0,0,0,1,1.0
crossover_11_05_02_fps30.mp4,634,0.1497606635093689,-0.05967003814244676,0.08240086799714619,0.04751765727996826,-0.027371466159820557,0.9577602744102478,-0.07793548703193665,-0.04822012782096863,0.9547023773193359,-0.006690323352813721,0.04275411367416382,-0.49994081258773804,0.8663116693496704,-0.06626039743423462,0.033054888248443604,-0.4864695966243744,0.9311793446540833,0.13613474369049072,0.2535916566848755,0.965486466884613,-0.13042312860488892,0.24999237060546875,0.9556416869163513,0.06617186190170096,0.04978411948557712,-0.0007133999975716954,-0.003644678653296818,0.0,0.0,0.0,0,0,1,1.0
crossover_11_05_02_fps30.mp4,635,0.14794832468032837,-0.06314847489534797,0.08036209911834902,0.04615074396133423,-0.025278180837631226,0.9566705822944641,-0.07768726348876953,-0.0484045147895813,0.949316680431366,-0.012342631816864014,0.04187539219856262,-0.5054346323013306,0.8655524849891663,-0.06930986046791077,0.03171244263648987,-0.48714858293533325,0.9197747707366943,0.1364927887916565,0.25360986590385437,0.9639724493026733,-0.13008278608322144,0.2501690685749054,0.952170193195343,0.0637374324902178,0.049038268199200145,-0.0020387688787971703,-0.003478436752901215,0.0,0.0,0.0,0,0,1,1.0
crossover_11_05_02_fps30.mp4,636,0.14769570529460907,-0.06795452610921049,0.0758926224417803,0.04441654682159424,-0.023928970098495483,0.9557603597640991,-0.07784801721572876,-0.049352794885635376,0.9450557231903076,-0.017593741416931152,0.04032042622566223,-0.5209749937057495,0.8639543056488037,-0.07267811894416809,0.03064379096031189,-0.510206401348114,0.911037027835846,0.13678503036499023,0.2530103027820587,0.9622974991798401,-0.1298619508743286,0.2496720850467682,0.9485340714454651,0.06165703348734937,0.04549471485468163,-0.004469476676568718,-0.004806051213862517,0.0,0.0,0.0,0,0,1,1.0
crossover_11_05_02_fps30.mp4,637,0.14684216678142548,-0.07107940114150613,0.06886302508958952,0.043515294790267944,-0.023418337106704712,0.9543352127075195,-0.07803124189376831,-0.04919406771659851,0.9385234713554382,-0.02001938223838806,0.04068747162818909,-0.5291856527328491,0.861014187335968,-0.07696366310119629,0.03017321228981018,-0.5266746878623962,0.8950676918029785,0.1375426948070526,0.25355538725852966,0.9602324962615967,-0.12943673133850098,0.2503562271595001,0.945122480392456,0.05831798473235343,0.039134718004506255,-0.007029597352190775,-0.0031248750322956376,0.0,0.0,0.0,0,0,1,1.0
crossover_11_05_02_fps30.mp4,638,0.14613822102546692,-0.07063050068030924,0.06931224741586828,0.04338991641998291,-0.02308499813079834,0.9523217082023621,-0.07790639996528625,-0.04884612560272217,0.933112382888794,-0.019736111164093018,0.04073077440261841,-0.5328010320663452,0.8551870584487915,-0.07736003398895264,0.029428064823150635,-0.533514142036438,0.8804349303245544,0.1381886601448059,0.25414955615997314,0.9590718150138855,-0.12901616096496582,0.25098711252212524,0.942847490310669,0.05837070741249818,0.04044792503505442,0.00044922232627875314,0.0004489004611968883,0.0,0.0,0.0,0,0,1,1.0
crossover_11_05_02_fps30.mp4,639,0.14558379352092743,-0.07475160410848714,0.05903624165348886,0.04130932688713074,-0.022020846605300903,0.95270836353302,-0.07864341139793396,-0.050455242395401,0.9319198727607727,-0.02647748589515686,0.036722034215927124,-0.5449928641319275,0.8580440282821655,-0.08040562272071838,0.024210304021835327,-0.5554313063621521,0.8729560375213623,0.13818833231925964,0.2548125088214874,0.9581641554832458,-0.12910863757133484,0.2513815462589264,0.9420804977416992,0.053181898638927146,0.03528191970955208,-0.010276005762379414,-0.004121103428177897,0.0,0.0,0.0,0,0,1,1.0
crossover_11_05_02_fps30.mp4,640,0.14505435526371002,-0.08053155874801893,0.0446137406477114,0.039359867572784424,-0.021103471517562866,0.9555612206459045,-0.0802665650844574,-0.04976630210876465,0.9320248365402222,-0.031572163105010986,0.02874496579170227,-0.5579226016998291,0.86673504114151,-0.08350557088851929,0.019760698080062866,-0.6044510006904602,0.8624945878982544,0.13727539777755737,0.2557603418827057,0.9591208696365356,-0.13009488582611084,0.25211772322654724,0.9433645009994507,0.051466886802674326,0.02503035103791382,-0.014422501005777466,-0.0057799546395317924,0.0,0.0,0.0,0,0,1,1.0
crossover_11_05_02_fps30.mp4,641,0.14531518518924713,-0.08550511952173911,0.021913324623573094,0.03800627589225769,-0.02097034454345703,0.9583225846290588,-0.08152309060096741,-0.055864185094833374,0.9315552115440369,-0.03550460934638977,0.01560664176940918,-0.5955740213394165,0.8756710886955261,-0.0870310366153717,-0.0031332969665527344,-0.6996411085128784,0.8554192185401917,0.13656774163246155,0.2558494806289673,0.9600449204444885,-0.13083815574645996,0.25224804878234863,0.9449297189712524,0.05039667912093235,0.025093060316661208,-0.022700416024138304,-0.004973560773720187,0.0,0.0,0.0,0,0,1,1.0
crossover_11_05_02_fps30.mp4,642,0.1457316279411316,-0.09344674550880822,-0.0047811844000001935,0.035894155502319336,-0.021534115076065063,0.9603517055511475,-0.0840890109539032,-0.06495305895805359,0.9299416542053223,-0.03468954563140869,-0.0014563500881195068,-0.6121336817741394,0.8831169009208679,-0.08812668919563293,-0.014700263738632202,-0.7052648067474365,0.8403517007827759,0.13397705554962158,0.2554894983768463,0.9607397317886353,-0.13325005769729614,0.251893550157547,0.9468234777450562,0.05885119421587074,0.011255715619250185,-0.026694509023573287,-0.0079416259870691,0.0,0.0,0.0,0,0,1,1.0
crossover_11_05_02_fps30.mp4,643,0.14619746804237366,-0.09424493292630731,-0.005106117812598621,0.035491883754730225,-0.022082597017288208,0.9619810581207275,-0.08448246121406555,-0.06934818625450134,0.9270000457763672,-0.03415340185165405,-0.00518915057182312,-0.6159295439720154,0.8883391618728638,-0.08757084608078003,-0.01768997311592102,-0.7065805196762085,0.821546196937561,0.13318872451782227,0.25514253973960876,0.9606254696846008,-0.13409319519996643,0.25174644589424133,0.9480289220809937,0.060091588440772,0.014244186516491408,-0.0003249334125984271,-0.0007981874174990966,0.0,0.0,0.0,0,0,1,1.0
crossover_11_05_02_fps30.mp4,644,0.1454353630542755,-0.09792007591764806,-0.033195223168628996,0.036679744720458984,-0.022070646286010742,0.9639247059822083,-0.08502888679504395,-0.07625126838684082,0.926738440990448,-0.03319889307022095,-0.012161195278167725,-0.6477137804031372,0.8956964015960693,-0.09252375364303589,-0.03867363929748535,-0.7577868103981018,0.8137660622596741,0.133050799369812,0.2555633783340454,0.9630530476570129,-0.13424456119537354,0.2524632215499878,0.9511781930923462,0.06805337492341432,0.007689820373219974,-0.028089105356030375,-0.003675142991340752,0.0,0.0,0.0,0,0,1,1.0
crossover_11_05_02_fps30.mp4,645,0.1449449062347412,-0.10102751073190719,-0.05535875704230331,0.0377160906791687,-0.021501779556274414,0.9655175805091858,-0.0853358805179596,-0.0753069818019867,0.921680212020874,-0.033159732818603516,-0.0172005295753479,-0.6954873204231262,0.902722954750061,-0.0954466164112091,-0.051792800426483154,-0.7675151824951172,0.7937294244766235,0.13244742155075073,0.25613367557525635,0.9646074771881104,-0.13466951251029968,0.25340521335601807,0.9537124633789062,0.0778593963649181,0.006622871582985105,-0.022163533873674313,-0.0031074348142591246,0.0,0.0,0.0,0,0,1,1.0
crossover_11_05_02_fps30.mp4,646,0.14419607818126678,-0.1036592811851178,-0.07198698331670061,0.04077228903770447,-0.020847350358963013,0.9665293097496033,-0.08135217428207397,-0.08179834485054016,0.9162405729293823,-0.030630379915237427,-0.020352154970169067,-0.745371401309967,0.9085137248039246,-0.09736526012420654,-0.06911709904670715,-0.8405956029891968,0.7788673043251038,0.13252893090248108,0.2565903961658478,0.9648541212081909,-0.13454082608222961,0.25441184639930725,0.954456090927124,0.08943923031344642,0.006917437158250907,-0.016628226274397306,-0.0026317704532106134,0.0,0.0,0.0,0,0,1,1.0
crossover_11_05_02_fps30.mp4,647,0.14389728009700775,-0.1055743806442972,-0.08395198699904649,0.042862266302108765,-0.020418286323547363,0.9678551554679871,-0.0816771388053894,-0.0882561206817627,0.913962185382843,-0.02613767981529236,-0.02229243516921997,-0.7871747016906738,0.9131121635437012,-0.09553715586662292,-0.08178162574768066,-0.8910670280456543,0.7592957615852356,0.13240554928779602,0.2563653588294983,0.9635940194129944,-0.13459190726280212,0.25456374883651733,0.9539837837219238,0.10055888707842724,0.010269194184500969,-0.011965003682345876,-0.0019150994591793924,0.0,0.0,0.0,0,0,1,1.0
crossover_11_05_02_fps30.mp4,648,0.14402548968791962,-0.1055472082000668,-0.08402229692877794,0.04380372166633606,-0.020403504371643066,0.9690545797348022,-0.08208879828453064,-0.09151396155357361,0.9127490520477295,-0.024209171533584595,-0.022750496864318848,-0.7841737866401672,0.9172497391700745,-0.09571623802185059,-0.08877161145210266,-0.8815509080886841,0.7452473640441895,0.1323796808719635,0.25610023736953735,0.9636672735214233,-0.134598970413208,0.25472593307495117,0.9546310305595398,0.10183373552952407,0.010918056744972508,-7.030992973144912e-05,2.7172444230394444e-05,0.0,0.0,0.0,0,0,1,1.0
crossover_11_05_02_fps30.mp4,649,0.1435972899198532,-0.10681779526047785,-0.08966295922674783,0.04602080583572388,-0.019879281520843506,0.9713227152824402,-0.08538773655891418,-0.10694539546966553,0.8709060549736023,-0.02108699083328247,-0.021441340446472168,-0.7354516386985779,0.9248097538948059,-0.1033804714679718,-0.10458597540855408,-0.26606285572052,0.7018659114837646,0.13290035724639893,0.25586485862731934,0.9654201865196228,-0.13410323858261108,0.25486212968826294,0.9568091034889221,0.10956258529596354,0.015313771802432584,-0.0056406622979698895,-0.0012705870604110547,0.0,0.0,0.0,0,0,1,1.0
crossover_11_05_02_fps30.mp4,650,0.14309464395046234,-0.10797174865916626,-0.08882250088017163,0.04846656322479248,-0.019726336002349854,0.9735278487205505,-0.08205711841583252,-0.09816241264343262,0.8151819109916687,-0.017608463764190674,-0.019833624362945557,-0.6794021725654602,0.9317247867584229,-0.1008756160736084,-0.10033470392227173,-0.2084771990776062,0.6512446403503418,0.1331385374069214,0.2557574510574341,0.9672155380249023,-0.13388869166374207,0.25526928901672363,0.9591249227523804,0.11368811872891374,0.013523531955608152,0.0008404583465762006,-0.001153953398688401,0.0,0.0,0.0,0,0,1,1.0
crossover_11_05_02_fps30.mp4,651,0.14179334044456482,-0.10973952220658123,-0.08082061017431863,0.05042684078216553,-0.019341230392456055,0.9727046489715576,-0.0809546709060669,-0.0945177972316742,0.7840157151222229,-0.015298843383789062,-0.01746422052383423,-0.7605507373809814,0.9327600002288818,-0.09835389256477356,-0.0890946090221405,-0.51790851354599,0.5990603566169739,0.13324183225631714,0.2558642029762268,0.9590712785720825,-0.1338835060596466,0.25587475299835205,0.9500333666801453,0.11372367355152485,0.014074502452099938,0.008001890705852999,-0.0017677735474149747,0.0,0.0,0.0,0,0,1,1.0
crossover_11_05_02_fps30.mp4,652,0.14052848517894745,-0.11172631180892556,-0.06728340256504894,0.05155327916145325,-0.019579201936721802,0.9740073084831238,-0.07853138446807861,-0.07527714967727661,0.7947564125061035,-0.012783616781234741,-0.015731781721115112,-0.8148309588432312,0.9361737966537476,-0.09168657660484314,-0.06709668040275574,-0.9253784418106079,0.59695965051651,0.13314077258110046,0.2552129924297333,0.9596925377845764,-0.13386738300323486,0.255536824464798,0.9521335959434509,0.11156713902838661,0.020040605086065436,0.013537207609269686,-0.00198678960234433,0.0,0.0,0.0,0,0,1,1.0
crossover_11_05_02_fps30.mp4,653,0.14051787555217743,-0.11168177764294512,-0.06788957118988037,0.052055150270462036,-0.02009749412536621,0.9750495553016663,-0.07841625809669495,-0.07556596398353577,0.805525541305542,-0.012266606092453003,-0.015013337135314941,-0.8128742575645447,0.9392653703689575,-0.09207108616828918,-0.06284010410308838,-0.9299267530441284,0.6021981239318848,0.13320180773735046,0.2545759081840515,0.9610683917999268,-0.13380134105682373,0.25492751598358154,0.9545611143112183,0.11260227556407092,0.02025034167550609,-0.0006061686248314269,4.453416598043658e-05,0.0,0.0,0.0,0,0,1,1.0
crossover_11_05_02_fps30.mp4,654,0.13901114463806152,-0.11320028880895194,-0.04512296987742914,0.05301693081855774,-0.020076781511306763,0.975476861000061,-0.07917267084121704,-0.07253336906433105,0.8161094784736633,-0.010676354169845581,-0.010049253702163696,-0.7862997055053711,0.940941572189331,-0.09143850207328796,-0.04931500554084778,-0.8988319635391235,0.6037576198577881,0.1337713897228241,0.2547769844532013,0.9618056416511536,-0.1331648826599121,0.25466564297676086,0.9553083181381226,0.10835738433640242,0.022161870970924237,0.02276660131245123,-0.0015185111660068196,0.0,0.0,0.0,0,0,1,1.0
crossover_11_05_02_fps30.mp4,655,0.13796629011631012,-0.11537537423230831,-0.014749845208191337,0.054127246141433716,-0.020494431257247925,0.9742193222045898,-0.07738801836967468,-0.047337085008621216,0.8232927918434143,-0.007952958345413208,-0.004230886697769165,-0.6862406730651855,0.941545307636261,-0.08724105358123779,-0.02737829089164734,-0.7845545411109924,0.6277759671211243,0.13462409377098083,0.25452283024787903,0.9627428650856018,-0.132420152425766,0.25429216027259827,0.9557846188545227,0.10793620302345751,0.030838573878784532,0.030373124669237805,-0.002175085423356371,0.0,0.0,0.0,0,0,1,1.0
crossover_11_05_02_fps30.mp4,656,0.1357305943965912,-0.11759308445251593,0.026371230439442006,0.05507621169090271,-0.02160543203353882,0.9755429625511169,-0.07910913228988647,-0.03387171030044556,0.8348761200904846,-0.00602385401725769,0.0019629597663879395,-0.6633118987083435,0.9457416534423828,-0.08884966373443604,0.008867919445037842,-0.7393582463264465,0.6533421874046326,0.13550135493278503,0.2535160183906555,0.9646047353744507,-0.1316257119178772,0.2531282305717468,0.9573025107383728,0.11420795443910563,0.03365338215311166,0.04112107564763334,-0.0022177102202076138,0.0,0.0,0.0,0,0,1,1.0
crossover_11_05_02_fps30.mp4,657,0.1345134824514389,-0.12096327078544489,0.08012277876458518,0.055686354637145996,-0.022315561771392822,0.9756901860237122,-0.08054471015930176,-0.027712523937225342,0.847006618976593,-0.004572510719299316,0.007067263126373291,-0.5962306261062622,0.9479044675827026,-0.10037100315093994,0.052215516567230225,-0.5138249397277832,0.6828362345695496,0.1363881230354309,0.25293177366256714,0.964275598526001,-0.13104137778282166,0.25311988592147827,0.9556769132614136,0.13741876652750196,0.03468222555838937,0.05375154832514317,-0.0033701863329289594,0.0,0.0,0.0,0,0,0,1.0
crossover_11_05_02_fps30.mp4,658,0.13464577496051788,-0.12040277376013286,0.07937879373387591,0.05615067481994629,-0.023044615983963013,0.975703239440918,-0.08092036843299866,-0.027214258909225464,0.8579242825508118,-0.003774106502532959,0.0078047215938568115,-0.6187525987625122,0.9494551420211792,-0.10226774215698242,0.05282464623451233,-0.5271845459938049,0.7091330885887146,0.1370549201965332,0.25228092074394226,0.9629340171813965,-0.13049203157424927,0.2529430687427521,0.9531230926513672,0.13683966467727335,0.03215590335638578,-0.000743985030709271,0.0005604970253120234,0.0,0.0,0.0,0,0,0,1.0
crossover_11_05_02_fps30.mp4,659,0.13433432579040527,-0.12936489127450068,0.1705839351909917,0.05696108937263489,-0.02300584316253662,0.9758634567260742,-0.0808718204498291,-0.021385908126831055,0.8703380227088928,-0.002674609422683716,0.011663198471069336,-0.5867599844932556,0.9511650800704956,-0.10511839389801025,0.06880438327789307,-0.5076589584350586,0.7366794943809509,0.13794580101966858,0.25264638662338257,0.9616250991821289,-0.12966817617416382,0.2547107934951782,0.950308084487915,0.20323933692889204,0.10462776793308408,0.09120514145711578,-0.008962117514367818,0.0,0.0,0.0,1,0,0,1.0
crossover_11_05_02_fps30.mp4,660,0.13420964777469635,-0.1308153948541415,0.26791522168531645,0.05685567855834961,-0.0229550302028656,0.9760462045669556,-0.08395034074783325,-0.015670210123062134,0.882447361946106,-0.00170058012008667,0.015612214803695679,-0.5664529800415039,0.952494204044342,-0.10625037550926208,0.0894722044467926,-0.5152079463005066,0.762074887752533,0.13794618844985962,0.2527943551540375,0.9576119184494019,-0.12765741348266602,0.24687722325325012,0.9438647627830505,0.28342096370119924,0.18012592977304076,0.09733128649432476,-0.0014505035796408272,0.0,0.0,0.0,1,1,0,1.0
crossover_11_05_02_fps30.mp4,661,0.1332700401544571,-0.13366905299283688,0.25891024732008217,0.057216912508010864,-0.021911293268203735,0.9745773077011108,-0.08480355143547058,-0.01438036561012268,0.891970694065094,-0.0013695061206817627,0.019869357347488403,-0.5549308657646179,0.9506524205207825,-0.10871809720993042,0.09305360913276672,-0.520369291305542,0.7822599411010742,0.13847216963768005,0.25397905707359314,0.949012279510498,-0.12495854496955872,0.24106964468955994,0.9301149249076843,0.2732100239403146,0.16772291025759903,-0.009004974365234286,-0.0028536581386953697,0.0,0.0,0.0,1,1,0,1.0
crossover_11_05_02_fps30.mp4,662,0.1320955455303192,-0.13510064371561598,0.1886648630223623,0.05808413028717041,-0.021008402109146118,0.9736999869346619,-0.08462351560592651,-0.01731935143470764,0.9008017182350159,-0.00028443336486816406,0.024222582578659058,-0.5616463422775269,0.9500893354415894,-0.11110377311706543,0.07658222317695618,-0.5115448832511902,0.8023359775543213,0.13942450284957886,0.2557491362094879,0.946469783782959,-0.12434741854667664,0.2448585331439972,0.9260948300361633,0.2126421269900737,0.11462272005688313,-0.07024538429771987,-0.001431590722779097,0.0,0.0,0.0,0,0,0,1.0
crossover_11_05_02_fps30.mp4,663,0.1318579465150833,-0.13476833670826283,0.18941026882427492,0.0583987832069397,-0.020825356245040894,0.9723267555236816,-0.08462134003639221,-0.01792636513710022,0.9088004231452942,-8.058547973632812e-05,0.025793462991714478,-0.5578823089599609,0.9473215341567993,-0.11101716756820679,0.0753314197063446,-0.5074154138565063,0.8202136158943176,0.1397424340248108,0.2564012110233307,0.9453186988830566,-0.1244930624961853,0.2474401891231537,0.9244276285171509,0.21192274413532688,0.11652511253627289,0.0007454058019126242,0.0003323070073531498,0.0,0.0,0.0,0,0,0,1.0
crossover_11_05_02_fps30.mp4,664,0.13065597414970398,-0.13622567906218058,0.12436229383073205,0.058627158403396606,-0.019995123147964478,0.9698790907859802,-0.08550208806991577,-0.01885548233985901,0.9160061478614807,0.0004936158657073975,0.028936713933944702,-0.5471743941307068,0.942267119884491,-0.11605039238929749,0.06669440865516663,-0.5030031800270081,0.8366950750350952,0.1400892436504364,0.2579513490200043,0.9453199505805969,-0.12496384978294373,0.2532542049884796,0.9246405959129333,0.16672794278169742,0.06109523036174929,-0.06504797499354287,-0.0014573423539177566,0.0,0.0,0.0,0,0,1,1.0
crossover_11_05_02_fps30.mp4,665,0.129701629281044,-0.13929342960907243,0.08103253463419469,0.058624863624572754,-0.017510592937469482,0.964600145816803,-0.08662164211273193,-0.022737741470336914,0.9118214845657349,0.0016040802001953125,0.03358113765716553,-0.558799147605896,0.9297466278076172,-0.12203589081764221,0.04964184761047363,-0.5333042740821838,0.8297016024589539,0.14078199863433838,0.2606580853462219,0.9439287185668945,-0.12450963258743286,0.25632697343826294,0.9227079749107361,0.14867327717355366,0.03582175145018635,-0.043329759196537365,-0.0030677505468918453,0.0,0.0,0.0,0,0,1,1.0
crossover_11_05_02_fps30.mp4,666,0.12924805283546448,-0.14294063236753818,0.05210260080128182,0.05722004175186157,-0.016409724950790405,0.9527539014816284,-0.0884702205657959,-0.03280431032180786,0.8552889227867126,0.0017307400703430176,0.037079960107803345,-0.5615832805633545,0.9021368026733398,-0.12838336825370789,0.01566329598426819,-0.5208845138549805,0.7539525628089905,0.14100462198257446,0.26202550530433655,0.9393324255943298,-0.12425795197486877,0.25871679186820984,0.9141343235969543,0.1454492548501555,0.03923948106215275,-0.02892993383291287,-0.0036472027584657507,0.0,0.0,0.0,0,0,1,1.0
crossover_11_05_02_fps30.mp4,667,0.12978152930736542,-0.1486049944061344,0.03479374719829098,0.0548078715801239,-0.0157681405544281,0.9419174790382385,-0.09179860353469849,-0.04034152626991272,0.8138001561164856,-0.0002497732639312744,0.040369123220443726,-0.5471376180648804,0.8848376274108887,-0.1372939646244049,-0.0007136762142181396,-0.4796663820743561,0.6957799792289734,0.14127108454704285,0.2624962627887726,0.9347501397132874,-0.12403711676597595,0.2596580684185028,0.9079508781433105,0.14845994900288895,0.037265486876175015,-0.017308853602990837,-0.005664362038596216,0.0,0.0,0.0,0,0,1,1.0
crossover_11_05_02_fps30.mp4,668,0.12999778985977173,-0.148517906665802,0.034942422698183706,0.05371123552322388,-0.015346318483352661,0.9322357773780823,-0.09310853481292725,-0.04224348068237305,0.7726011276245117,-0.000956118106842041,0.04137268662452698,-0.5352955460548401,0.8687533736228943,-0.1401771605014801,-0.0018573105335235596,-0.46209457516670227,0.6394343376159668,0.1414194107055664,0.262754887342453,0.9297090172767639,-0.12433788180351257,0.2604229748249054,0.9031912088394165,0.14770182712776994,0.03773312089534168,0.00014867549989272533,8.70877403323922e-05,0.0,0.0,0.0,0,0,1,1.0
crossover_11_05_02_fps30.mp4,669,0.13171005249023438,-0.15313346486980633,0.02660905922331458,0.051215410232543945,-0.013876646757125854,0.9277183413505554,-0.09618264436721802,-0.04555061459541321,0.741879940032959,-0.005454838275909424,0.04485002160072327,-0.5119329690933228,0.866486668586731,-0.14850962162017822,-0.01147720217704773,-0.4538217782974243,0.5993114113807678,0.1420263648033142,0.2621820867061615,0.9295141100883484,-0.12392190098762512,0.25987669825553894,0.9036027193069458,0.14880090544453578,0.03836591239438806,-0.008333363474869127,-0.004615558204004333,0.0,0.0,0.0,0,0,1,1.0
crossover_11_05_02_fps30.mp4,670,0.1337823122739792,-0.1565685151492135,0.022947646786526943,0.047239258885383606,-0.011634081602096558,0.9273943305015564,-0.10092122852802277,-0.05534359812736511,0.7353711724281311,-0.007956787943840027,0.0485968291759491,-0.5111479163169861,0.8712339997291565,-0.1507004350423813,-0.018896788358688354,-0.4565609097480774,0.5945011377334595,0.1426260620355606,0.26195016503334045,0.9315726161003113,-0.12358520925045013,0.25971654057502747,0.9053966999053955,0.15080890563958807,0.0422538887768017,-0.0036614124367876366,-0.003435050279407159,0.0,0.0,0.0,0,0,1,1.0
crossover_11_05_02_fps30.mp4,671,0.13402876257896423,-0.15814806722988517,0.02282261528619911,0.044030532240867615,-0.008397221565246582,0.9296504855155945,-0.10314576327800751,-0.05990615487098694,0.7388843297958374,-0.01035793125629425,0.052813827991485596,-0.5213026404380798,0.879156768321991,-0.15064842998981476,-0.021149873733520508,-0.46362993121147156,0.60914146900177,0.14309661090373993,0.2621994614601135,0.9342588782310486,-0.12318481504917145,0.2601702809333801,0.9083496332168579,0.15080251035916553,0.044607447240589924,-0.0001250315003278324,-0.0015795520806716756,0.0,0.0,0.0,0,0,1,1.0
crossover_11_05_02_fps30.mp4,672,0.13403232395648956,-0.15558290375491318,0.02601944033692527,0.03986899554729462,-0.006490647792816162,0.9295893311500549,-0.10373105108737946,-0.05999079346656799,0.7155444622039795,-0.011088266968727112,0.05752599239349365,-0.511504054069519,0.88137286901474,-0.15058715641498566,-0.017506003379821777,-0.4634304642677307,0.5729954838752747,0.14303521811962128,0.26218539476394653,0.9376485347747803,-0.12343420088291168,0.2602144479751587,0.9123097062110901,0.14788969836491347,0.04381120566960133,0.0031968250507261597,0.0025651634749719876,0.0,0.0,0.0,0,0,1,1.0
crossover_11_05_02_fps30.mp4,673,0.13414068520069122,-0.15547230870036755,0.02579151202992691,0.03889775276184082,-0.0059559643268585205,0.9291471838951111,-0.10377505421638489,-0.0601465106010437,0.6940816640853882,-0.011225998401641846,0.05848678946495056,-0.510493278503418,0.8831555843353271,-0.15116745233535767,-0.01780107617378235,-0.4473714530467987,0.540414571762085,0.142902672290802,0.26189056038856506,0.9392957091331482,-0.12366026639938354,0.2601113021373749,0.9143394827842712,0.14790530484519285,0.04380462914603361,-0.00022792830699835953,0.0001105950545456369,0.0,0.0,0.0,0,0,1,1.0
crossover_11_05_02_fps30.mp4,674,0.13485267758369446,-0.14743832976131116,0.031092059321519816,0.03759944438934326,-0.006577491760253906,0.9286558628082275,-0.10223188996315002,-0.05901554226875305,0.6640245914459229,-0.01010662317276001,0.06358706951141357,-0.5029578804969788,0.8842218518257141,-0.1471714973449707,-0.013431847095489502,-0.44672149419784546,0.5064528584480286,0.14269506931304932,0.26085931062698364,0.9414710402488708,-0.12385565042495728,0.25964808464050293,0.9165473580360413,0.14112378722867808,0.044524705975098965,0.005300547291592905,0.008033978939056385,0.0,0.0,0.0,0,0,1,1.0
crossover_11_05_02_fps30.mp4,675,0.13712801039218903,-0.13399673144696123,0.04175562611440331,0.03823778033256531,-0.008844941854476929,0.9279224276542664,-0.0993783175945282,-0.05766099691390991,0.635330080986023,-0.004895120859146118,0.06634822487831116,-0.4945162534713745,0.8850269317626953,-0.14031687378883362,-0.010880440473556519,-0.4114277958869934,0.47961825132369995,0.14243653416633606,0.25825753808021545,0.9424899816513062,-0.12376758456230164,0.25734367966651917,0.9173687696456909,0.13142306407297927,0.0530141462731757,0.010663566792883494,0.013441598314349934,0.0,0.0,0.0,0,0,1,1.0
crossover_11_05_02_fps30.mp4,676,0.13836674392223358,-0.1173686833199808,0.06146173535323729,0.03903387486934662,-0.010338068008422852,0.9325065016746521,-0.0890926867723465,-0.04981675744056702,0.6387966275215149,-0.0011253505945205688,0.07231736183166504,-0.5148087739944458,0.8930848240852356,-0.12140636146068573,0.007169544696807861,-0.5370413064956665,0.479766309261322,0.14184974133968353,0.25619256496429443,0.9454389214515686,-0.12416873872280121,0.25527018308639526,0.9200569987297058,0.11674912003677455,0.05444212349864771,0.01970610923883398,0.016628048126980433,0.0,0.0,0.0,0,0,1,1.0
crossover_11_05_02_fps30.mp4,677,0.14400434494018555,-0.09584232851610347,0.08707772885880816,0.03968626260757446,-0.01815757155418396,0.9312578439712524,-0.078439861536026,-0.03733012080192566,0.6517441868782043,0.00607609748840332,0.07008209824562073,-0.4913157820701599,0.8891922235488892,-0.10188239812850952,0.04431238770484924,-0.4657736122608185,0.4864346385002136,0.14102929830551147,0.24774637818336487,0.9458492398262024,-0.12504994869232178,0.24709317088127136,0.9179830551147461,0.1033257809995939,0.043189777088301844,0.025615993505570867,0.021526354803877323,0.0,0.0,0.0,0,0,1,1.0
crossover_11_05_02_fps30.mp4,678,0.14551016688346863,-0.09591870813046471,0.08438201706583903,0.04009801149368286,-0.020807743072509766,0.9297378063201904,-0.07556763291358948,-0.03609567880630493,0.664119303226471,0.0080338716506958,0.0693703293800354,-0.4834864139556885,0.8827679753303528,-0.0974380373954773,0.052709996700286865,-0.4556584656238556,0.48299047350883484,0.1411920189857483,0.24572229385375977,0.9462748765945435,-0.1256636083126068,0.24490761756896973,0.9171488881111145,0.10503089836012376,0.0317084410757053,-0.0026957117929691243,-7.637961436124385e-05,0.0,0.0,0.0,0,0,1,1.0
crossover_11_05_02_fps30.mp4,679,0.1428268849849701,-0.06766115497734587,0.13406146924670148,0.04089018702507019,-0.01902744174003601,0.9331001043319702,-0.0683935284614563,-0.03322407603263855,0.6942877173423767,0.014318674802780151,0.07524672150611877,-0.47718608379364014,0.8868485689163208,-0.06822139024734497,0.06714078783988953,-0.459814190864563,0.5204921960830688,0.13938483595848083,0.2472902238368988,0.9489355087280273,-0.12790265679359436,0.2469266951084137,0.9223036170005798,0.10089532715922386,0.06692302640728211,0.04967945218086245,0.028257553153118842,0.0,0.0,0.0,0,0,0,1.0
crossover_11_05_02_fps30.mp4,680,0.1419561356306076,-0.021124543982037003,0.19896414047334254,0.04537224769592285,-0.018384814262390137,0.93869549036026,-0.06448566913604736,-0.031056344509124756,0.7246953845024109,0.02951216697692871,0.08263933658599854,-0.44406670331954956,0.8967902064323425,-0.05247443914413452,0.07237690687179565,-0.47046518325805664,0.5682291388511658,0.13787436485290527,0.2484036087989807,0.9529387950897217,-0.1297760307788849,0.24763959646224976,0.9292178750038147,0.1268681855161919,0.13041143982629402,0.06490267122664106,0.04653661099530887,0.0,0.0,0.0,1,1,0,1.0
crossover_11_05_02_fps30.mp4,681,0.13832692801952362,0.023027407516867382,0.2813232961224347,0.05331146717071533,-0.017080038785934448,0.9441152215003967,-0.05564385652542114,-0.02143523097038269,0.7521061897277832,0.04508262872695923,0.09840419888496399,-0.44851410388946533,0.9062068462371826,-0.03505405783653259,0.08860710263252258,-0.5073505640029907,0.6112496852874756,0.1378551721572876,0.2503838837146759,0.9569401144981384,-0.1299493908882141,0.2481832206249237,0.9356920719146729,0.18424393861616545,0.20127838396320513,0.08235915564909213,0.044151951498904385,0.0,0.0,0.0,1,1,0,1.0
crossover_11_05_02_fps30.mp4,682,0.1385723203420639,0.05407275123111277,0.23790334274129166,0.06443583965301514,-0.019733518362045288,0.9494506120681763,-0.04897141456604004,-0.020111531019210815,0.7768510580062866,0.06930428743362427,0.08785125613212585,-0.4514443576335907,0.9152378439903259,-0.0201108455657959,0.08553323149681091,-0.5121048092842102,0.6500747203826904,0.137026846408844,0.25001654028892517,0.960001528263092,-0.13050395250320435,0.24842461943626404,0.9414138197898865,0.150823169277313,0.16946933892117994,-0.04341995338114302,0.031045343714245388,0.0,0.0,0.0,1,1,0,1.0
crossover_11_05_02_fps30.mp4,683,0.1373067945241928,0.05372855966374024,0.23880016745590582,0.06594288349151611,-0.02143043279647827,0.9542620182037354,-0.04853010177612305,-0.01930367946624756,0.7991243004798889,0.06949377059936523,0.0841515064239502,-0.4417424499988556,0.9233388900756836,-0.01898181438446045,0.08652454614639282,-0.5053313374519348,0.6850195527076721,0.13681131601333618,0.25084859132766724,0.9625840187072754,-0.13084864616394043,0.24947941303253174,0.946579098701477,0.15545015353746505,0.1687443727637383,0.0008968247146141639,-0.00034419156737253154,0.0,0.0,0.0,1,0,0,1.0
crossover_11_05_02_fps30.mp4,684,0.13777704536914825,0.0807151917683876,0.18340102870289876,0.0735960602760315,-0.022556424140930176,0.9579486846923828,-0.045076966285705566,-0.016838490962982178,0.8191125988960266,0.08585214614868164,0.0840606689453125,-0.45615532994270325,0.9285706281661987,-0.008778631687164307,0.08401072025299072,-0.5160719752311707,0.7164026498794556,0.13506048917770386,0.25090909004211426,0.9641501903533936,-0.13358891010284424,0.24968713521957397,0.9511247277259827,0.09947308870781024,0.13374444979310862,-0.05539913875300706,0.026986632104647357,0.0,0.0,0.0,0,0,0,1.0
crossover_11_05_02_fps30.mp4,685,0.13833259046077728,0.10374817524926139,0.13988264857268917,0.08396869897842407,-0.028300821781158447,0.9617030024528503,-0.045297980308532715,-0.018290579319000244,0.8371330499649048,0.10802853107452393,0.073783278465271,-0.4596130847930908,0.9349726438522339,-0.0062964558601379395,0.07657492160797119,-0.5197746157646179,0.7446948289871216,0.13342517614364624,0.2508566379547119,0.9638888239860535,-0.13572680950164795,0.24981635808944702,0.954829216003418,0.06623781529148064,0.1269554612036956,-0.04351838013020959,0.023032983480873792,0.0,0.0,0.0,0,0,1,1.0
crossover_11_05_02_fps30.mp4,686,0.1388057917356491,0.12349118630764844,0.10614006272176413,0.0929436981678009,-0.03671178221702576,0.9649789929389954,-0.04310205578804016,-0.017054110765457153,0.8533491492271423,0.1304354965686798,0.05293300747871399,-0.48899152874946594,0.9403432607650757,-6.470084190368652e-05,0.07466456294059753,-0.5723975896835327,0.7701480388641357,0.13360121846199036,0.25143811106681824,0.9652069211006165,-0.13555294275283813,0.250264972448349,0.9582208395004272,0.05365830944633324,0.1275020169871327,-0.033742585850925044,0.01974301105838705,0.0,0.0,0.0,0,0,1,1.0
crossover_11_05_02_fps30.mp4,687,0.14000362157821655,0.13739210215665532,0.07706118618569724,0.09994944930076599,-0.04893109202384949,0.9673292636871338,-0.04317152500152588,-0.015510380268096924,0.8679154515266418,0.14412763714790344,0.03385192155838013,-0.48450788855552673,0.9421249628067017,0.0023685991764068604,0.07357519865036011,-0.5512405633926392,0.7930123805999756,0.1338309943675995,0.25190138816833496,0.9646978974342346,-0.135468989610672,0.25068920850753784,0.9601157903671265,0.04373108712634349,0.1350684954612055,-0.02907887653606689,0.013900915849006878,0.0,0.0,0.0,0,0,1,1.0
crossover_11_05_02_fps30.mp4,688,0.1383182257413864,0.13763351086842812,0.07931430427039543,0.10126391053199768,-0.04837021231651306,0.9700550436973572,-0.043073832988739014,-0.01380378007888794,0.881053626537323,0.1452692449092865,0.03349339962005615,-0.4703475832939148,0.9462980031967163,0.002769559621810913,0.07470208406448364,-0.5373292565345764,0.8136391639709473,0.13408395648002625,0.25425511598587036,0.9662845730781555,-0.1353881061077118,0.2529449462890625,0.9631240367889404,0.04645276888752927,0.1349427949950562,0.0022531180846981913,0.00024140871177280587,0.0,0.0,0.0,0,0,1,1.0
crossover_11_05_02_fps30.mp4,689,0.1403845250606537,0.1485159548662477,0.05282324988667553,0.10650026798248291,-0.058634281158447266,0.9723929762840271,-0.044803500175476074,-0.01447838544845581,0.892829179763794,0.15281909704208374,0.011576294898986816,-0.45402899384498596,0.9505229592323303,-0.0012246370315551758,0.07461553812026978,-0.5439073443412781,0.8321591019630432,0.13401943445205688,0.25567424297332764,0.9677702188491821,-0.1354103982448578,0.2533988356590271,0.9657689929008484,0.04147081296938701,0.15131803821210607,-0.026491054383719903,0.010882443997819569,0.0,0.0,0.0,0,0,1,1.0
crossover_11_05_02_fps30.mp4,690,0.14321810007095337,0.1549843464867543,0.03300803798000984,0.11131829023361206,-0.06125262379646301,0.9738587141036987,-0.0466369092464447,-0.01479843258857727,0.9033821225166321,0.15962272882461548,0.005398839712142944,-0.4633152186870575,0.9511809349060059,-0.005978584289550781,0.0753042995929718,-0.5356161594390869,0.8487405776977539,0.1336382031440735,0.25683674216270447,0.9665812253952026,-0.13545018434524536,0.25475719571113586,0.9663461446762085,0.027996114368007696,0.16642727790398334,-0.019815211906665686,0.006468391620506608,0.0,0.0,0.0,0,0,1,1.0
crossover_11_05_02_fps30.mp4,691,0.14485880732536316,0.16063376392348339,0.013660508684995687,0.11145994067192078,-0.06265333294868469,0.9736539125442505,-0.0485190749168396,-0.015592426061630249,0.9128559231758118,0.15978094935417175,-0.005295425653457642,-0.47490736842155457,0.9479472041130066,-0.010539025068283081,0.07557281851768494,-0.5317891836166382,0.8636006712913513,0.13293102383613586,0.2577574551105499,0.9667544960975647,-0.13558036088943481,0.25549301505088806,0.967656135559082,0.018975108414272215,0.18202543173973992,-0.019347529295014154,0.005649417436729087,0.0,0.0,0.0,0,0,1,1.0
crossover_11_05_02_fps30.mp4,692,0.14761072397232056,0.16304238287069028,-0.003866017737039651,0.11212301254272461,-0.06053745746612549,0.9719725251197815,-0.05061790347099304,-0.017358481884002686,0.9213319420814514,0.15778976678848267,-0.012000858783721924,-0.49352964758872986,0.9415708184242249,-0.01487267017364502,0.07469743490219116,-0.5337985754013062,0.8769232630729675,0.1313793659210205,0.25710415840148926,0.9671370387077332,-0.13676047325134277,0.2547183036804199,0.96942138671875,0.009683264664453453,0.1944890284575593,-0.017526526422035338,0.0024086189472068975,0.0,0.0,0.0,0,0,1,1.0
crossover_11_05_02_fps30.mp4,693,0.14839258790016174,0.16251951981399015,-0.004386211459229683,0.11051398515701294,-0.060962557792663574,0.9676871299743652,-0.05138537287712097,-0.018183141946792603,0.9288999438285828,0.153298020362854,-0.013729304075241089,-0.5167974233627319,0.9241757392883301,-0.016684353351593018,0.07410219311714172,-0.5317833423614502,0.8887922167778015,0.13088631629943848,0.2565796673297882,0.9669367074966431,-0.13708814978599548,0.25395646691322327,0.9707421660423279,0.013127430508620915,0.1956385897784243,-0.0005201937221900321,-0.0005228630567001291,0.0,0.0,0.0,0,0,1,1.0
crossover_11_05_02_fps30.mp4,694,0.15081773698329926,0.16447526196301998,-0.018575230022756073,0.10836338996887207,-0.06158822774887085,0.9623521566390991,-0.052635788917541504,-0.02068766951560974,0.9357315897941589,0.15348970890045166,-0.0161149799823761,-0.5035405158996582,0.9031197428703308,-0.01893824338912964,0.07374098896980286,-0.5276211500167847,0.8994925618171692,0.1302085518836975,0.2554696500301361,0.9669740200042725,-0.1377178132534027,0.25288859009742737,0.9721118211746216,0.011257673221038789,0.2053358181970333,-0.01418901856352639,0.0019557421490298266,0.0,0.0,0.0,0,0,1,1.0
crossover_11_05_02_fps30.mp4,695,0.15263360738754272,0.16731204420833268,-0.026968469125468575,0.10743308067321777,-0.060161441564559937,0.9589360952377319,-0.0538046658039093,-0.022683531045913696,0.9419428706169128,0.15454387664794922,-0.016415506601333618,-0.45365723967552185,0.8871123790740967,-0.024247586727142334,0.07436713576316833,-0.49937620759010315,0.9092494249343872,0.129876971244812,0.25490328669548035,0.9679415822029114,-0.13809436559677124,0.25232723355293274,0.9738719463348389,0.016564755382613573,0.21671178330280366,-0.008393239102712502,0.0028367822453126967,0.0,0.0,0.0,0,0,1,1.0
crossover_11_05_02_fps30.mp4,696,0.15444281697273254,0.16882925589205855,-0.03267344192760746,0.10560831427574158,-0.059883683919906616,0.958656907081604,-0.05489552021026611,-0.026980966329574585,0.947587251663208,0.15561112761497498,-0.015914469957351685,-0.4141615927219391,0.8843465447425842,-0.02992108464241028,0.07399258017539978,-0.48231181502342224,0.9180862307548523,0.12972602248191833,0.25433149933815,0.9693783521652222,-0.1382898986339569,0.25176653265953064,0.9758021235466003,0.021344368265405634,0.22556448774983742,-0.005704972802138886,0.001517211683725872,0.0,0.0,0.0,0,0,1,1.0
crossover_11_05_02_fps30.mp4,697,0.1560976207256317,0.17005605313737515,-0.03552859527308766,0.10440999269485474,-0.059977948665618896,0.9599620699882507,-0.05597522854804993,-0.02969491481781006,0.9527079463005066,0.15457123517990112,-0.013305425643920898,-0.3928227424621582,0.8892862200737,-0.034937381744384766,0.07381337881088257,-0.47207337617874146,0.9261240363121033,0.12981730699539185,0.25426435470581055,0.9709978699684143,-0.13831117749214172,0.25167953968048096,0.9777061939239502,0.027085953103829115,0.23233160706456185,-0.002855153345480199,0.001226797245316602,0.0,0.0,0.0,0,0,1,1.0
crossover_11_05_02_fps30.mp4,698,0.15638713538646698,0.1701423898591834,-0.035704899997245965,0.10373988747596741,-0.060272663831710815,0.9607178568840027,-0.05662447214126587,-0.030775010585784912,0.9573156833648682,0.15369930863380432,-0.01217639446258545,-0.3868098855018616,0.8912986516952515,-0.03633275628089905,0.07359105348587036,-0.4748537242412567,0.9333654642105103,0.12990835309028625,0.2548345923423767,0.9725325107574463,-0.13846656680107117,0.2516510486602783,0.9794372916221619,0.028704799126260477,0.23361847405834996,-0.0001763047241583049,8.633672180824448e-05,0.0,0.0,0.0,0,0,1,1.0
crossover_11_05_02_fps30.mp4,699,0.15745563805103302,0.17050395537230933,-0.03978253225000894,0.10316616296768188,-0.06031244993209839,0.96177738904953,-0.05717399716377258,-0.03294414281845093,0.9614633917808533,0.1522865891456604,-0.010968565940856934,-0.3956422507762909,0.8948112726211548,-0.039423227310180664,0.07271897792816162,-0.47247615456581116,0.9398829936981201,0.12987357378005981,0.2548792362213135,0.9738344550132751,-0.13855189085006714,0.2515960931777954,0.9809360504150391,0.03408983846692143,0.23817223142376726,-0.004077632252762975,0.00036156551312593876,0.0,0.0,0.0,0,0,1,1.0
crossover_11_05_02_fps30.mp4,700,0.1583186686038971,0.17020138158636577,-0.04143727552600024,0.1012718677520752,-0.060152798891067505,0.9631191492080688,-0.05764782428741455,-0.03539583086967468,0.9652354717254639,0.15147602558135986,-0.010048747062683105,-0.3792356848716736,0.900173544883728,-0.04193231463432312,0.0712326169013977,-0.4691513776779175,0.9458014369010925,0.1298622488975525,0.2549842596054077,0.9751283526420593,-0.1386207938194275,0.25165456533432007,0.9823492765426636,0.036549674097133625,0.24019827170871347,-0.0016547432759912994,-0.00030257378594356066,0.0,0.0,0.0,0,0,1,1.0
crossover_11_05_02_fps30.mp4,701,0.1593436896800995,0.16945337097523572,-0.04227106353131738,0.09911072254180908,-0.059252381324768066,0.9635639190673828,-0.05827423930168152,-0.03664201498031616,0.9686340689659119,0.15066730976104736,-0.009381741285324097,-0.38367584347724915,0.9032345414161682,-0.044271618127822876,0.069085031747818,-0.46988949179649353,0.9511163234710693,0.12991738319396973,0.2550130784511566,0.9763715267181396,-0.13860422372817993,0.25151070952415466,0.9836605191230774,0.0378764255671522,0.24099491887365257,-0.0008337880053171376,-0.0007480106111300566,0.0,0.0,0.0,0,0,1,1.0
crossover_11_05_02_fps30.mp4,702,0.15976166725158691,0.16839148887133193,-0.042346519231796276,0.09776255488395691,-0.05811697244644165,0.9636930823326111,-0.05868002772331238,-0.037321388721466064,0.971681535243988,0.15014830231666565,-0.008855670690536499,-0.38485226035118103,0.9054092764854431,-0.045304328203201294,0.06761446595191956,-0.4680989980697632,0.9558810591697693,0.13000133633613586,0.2551392614841461,0.9774483442306519,-0.13855695724487305,0.2515259087085724,0.9848213791847229,0.03813726250902073,0.24032752754881356,-7.545570047889916e-05,-0.0010618821039037885,0.0,0.0,0.0,0,0,1,1.0
crossover_11_05_02_fps30.mp4,703,0.15997177362442017,0.1684585054041976,-0.0423353852295294,0.09702944755554199,-0.05739298462867737,0.9639686942100525,-0.05892348289489746,-0.037649452686309814,0.9744247794151306,0.14982599020004272,-0.0084761381149292,-0.38273942470550537,0.9078744053840637,-0.04554837942123413,0.06682276725769043,-0.46771717071533203,0.9601707458496094,0.13007158041000366,0.2552529573440552,0.9784852266311646,-0.13851654529571533,0.25154995918273926,0.9858914017677307,0.03864737038920791,0.24023831710846782,1.1134002266877108e-05,6.701653286567133e-05,0.0,0.0,0.0,0,0,1,1.0
crossover_11_05_02_fps30.mp4,704,0.16046889126300812,0.1670190498990528,-0.04115531022955732,0.09653148055076599,-0.05688446760177612,0.9643489122390747,-0.05921819806098938,-0.03851813077926636,0.9768968820571899,0.1496499478816986,-0.008507400751113892,-0.3907950222492218,0.910362184047699,-0.04646465182304382,0.06557318568229675,-0.4682205319404602,0.9640184640884399,0.13013401627540588,0.2552131116390228,0.9793593287467957,-0.13849052786827087,0.2513960897922516,0.9868206977844238,0.036980693587355735,0.23867606235350827,0.0011800749999720805,-0.0014394555051447933,0.0,0.0,0.0,0,0,1,1.0
crossover_11_05_02_fps30.mp4,705,0.1609031856060028,0.16629176877312746,-0.042072681392111455,0.09577891230583191,-0.05656999349594116,0.9636585116386414,-0.05953302979469299,-0.03911322355270386,0.9791169762611389,0.14848211407661438,-0.006956040859222412,-0.38750168681144714,0.9096871018409729,-0.047240763902664185,0.06479233503341675,-0.46216627955436707,0.9674776792526245,0.13026395440101624,0.2552483081817627,0.9802178740501404,-0.13839873671531677,0.2513219714164734,0.9876611828804016,0.039374639588511486,0.23878080795274656,-0.000917371162554137,-0.0007272811259253498,0.0,0.0,0.0,0,0,1,1.0
crossover_11_05_02_fps30.mp4,706,0.1612088680267334,0.16510098202753876,-0.041871066209746566,0.09529882669448853,-0.056028276681900024,0.9625407457351685,-0.0597916841506958,-0.03948983550071716,0.98110032081604,0.14725875854492188,-0.005118727684020996,-0.39143869280815125,0.9076614379882812,-0.04799380898475647,0.06418275833129883,-0.4617444574832916,0.9705554246902466,0.130301833152771,0.2552211880683899,0.9809429049491882,-0.13841095566749573,0.25126779079437256,0.988402247428894,0.04085436728078379,0.23802689691788326,0.0002016151823648893,-0.0011907867455887011,0.0,0.0,0.0,0,0,1,1.0
crossover_11_05_02_fps30.mp4,707,0.16132590174674988,0.16418646856889885,-0.04058722243076418,0.09483921527862549,-0.055611222982406616,0.9607399702072144,-0.05989101529121399,-0.03963279724121094,0.982882022857666,0.14638906717300415,-0.003555208444595337,-0.3990226686000824,0.9033263921737671,-0.048385679721832275,0.06390133500099182,-0.4648045003414154,0.9733278155326843,0.1304260492324829,0.25522497296333313,0.9814733862876892,-0.13834914565086365,0.2512604296207428,0.9890146255493164,0.04108670778145165,0.23686446939780975,0.0012838437789823853,-0.0009145134586399095,0.0,0.0,0.0,0,0,1,1.0
crossover_11_05_02_fps30.mp4,708,0.16139940917491913,0.16428595730813889,-0.040593957464869435,0.09459689259529114,-0.05531221628189087,0.9589027762413025,-0.059935063123703,-0.03975608944892883,0.9844864010810852,0.14586493372917175,-0.002660781145095825,-0.40290960669517517,0.8988425731658936,-0.048477739095687866,0.06371471285820007,-0.4650215208530426,0.9758270382881165,0.13052961230278015,0.25521883368492126,0.9819462895393372,-0.13831624388694763,0.25126340985298157,0.9895610809326172,0.04216941990831622,0.2369571463619246,-6.735034105254112e-06,9.948873924003898e-05,0.0,0.0,0.0,0,0,1,1.0
crossover_11_05_02_fps30.mp4,709,0.1614096611738205,0.16366758144507976,-0.039668367403309535,0.09466570615768433,-0.05488738417625427,0.956922173500061,-0.059814453125,-0.03976002335548401,0.9859277606010437,0.14556866884231567,-0.0016365349292755127,-0.40658673644065857,0.8931187987327576,-0.04835236072540283,0.06370875239372253,-0.46818241477012634,0.978070855140686,0.13074100017547607,0.2552189528942108,0.9823826551437378,-0.13822254538536072,0.2512742578983307,0.990037739276886,0.042118771572013845,0.2358798100209187,0.0009255900615599,-0.0006183758630591285,0.0,0.0,0.0,0,0,1,1.0
crossover_11_05_02_fps30.mp4,710,0.16140051186084747,0.16364065681473683,-0.03824544679827807,0.09486523270606995,-0.05429217219352722,0.9547717571258545,-0.059621185064315796,-0.03979206085205078,0.987218976020813,0.14568999409675598,-0.001161813735961914,-0.4100373089313507,0.8863927125930786,-0.048145592212677,0.06369036436080933,-0.468879371881485,0.9800716042518616,0.13098952174186707,0.2551940083503723,0.9827404618263245,-0.13811302185058594,0.2512635588645935,0.990441083908081,0.041199783168303396,0.2350411131563218,0.0014229206050314636,-2.6924630342928246e-05,0.0,0.0,0.0,0,0,1,1.0
crossover_11_05_02_fps30.mp4,711,0.1613817662000656,0.16356185159440773,-0.03724342017638976,0.09494951367378235,-0.0539989173412323,0.9532858729362488,-0.05957973003387451,-0.04016026854515076,0.9883810877799988,0.1456659734249115,-0.0014525353908538818,-0.409830242395401,0.8822740316390991,-0.048192232847213745,0.06327465176582336,-0.4683636724948883,0.9818679094314575,0.13108089566230774,0.25484171509742737,0.9830125570297241,-0.13816964626312256,0.25093063712120056,0.9908045530319214,0.040015620564836374,0.23440067206535328,0.0010020266218883078,-7.880522032910342e-05,0.0,0.0,0.0,0,0,1,1.0
crossover_11_05_02_fps30.mp4,712,0.1613301783800125,0.1636750439466056,-0.03567503487191548,0.09498882293701172,-0.05372518301010132,0.9520248174667358,-0.05950486660003662,-0.04032817482948303,0.9894208312034607,0.1455364227294922,-0.001630246639251709,-0.41166916489601135,0.8794004917144775,-0.04811027646064758,0.06304287910461426,-0.46790558099746704,0.9834709763526917,0.13116717338562012,0.25461816787719727,0.9832085967063904,-0.13821247220039368,0.25073349475860596,0.9911426305770874,0.03857534426890884,0.23366268097383547,0.0015683853044742846,0.00011319235219786616,0.0,0.0,0.0,0,0,1,1.0
crossover_11_05_02_fps30.mp4,713,0.16136407852172852,0.163720564923044,-0.035862960902656005,0.09499526023864746,-0.053621917963027954,0.9510197639465332,-0.05947449803352356,-0.040489912033081055,0.9903626441955566,0.14546459913253784,-0.0018225610256195068,-0.40954139828681946,0.877042829990387,-0.048111408948898315,0.06282493472099304,-0.4644554555416107,0.9849298596382141,0.13120615482330322,0.254412442445755,0.9834496974945068,-0.13827407360076904,0.250540167093277,0.9914839863777161,0.03862679265396853,0.23369228891238045,-0.00018792603074052616,4.55209764383957e-05,0.0,0.0,0.0,0,0,1,1.0
crossover_11_05_02_fps30.mp4,714,0.16124574840068817,0.16351560172388113,-0.03490541664565483,0.09473448991775513,-0.053466796875,0.949457049369812,-0.059415578842163086,-0.040100276470184326,0.9912093877792358,0.14509093761444092,-0.001386016607284546,-0.4091776907444,0.8707669973373413,-0.04792451858520508,0.06326404213905334,-0.46494415402412415,0.9862546920776367,0.13126331567764282,0.2544120252132416,0.9836618304252625,-0.1382947564125061,0.25057509541511536,0.9917789101600647,0.03824942387119043,0.23311835430614075,0.000957544257001175,-0.00020496319916285533,0.0,0.0,0.0,0,0,1,1.0
crossover_11_05_02_fps30.mp4,715,0.16099944710731506,0.16347498287588869,-0.032938802242279075,0.09466654062271118,-0.053121089935302734,0.9471098780632019,-0.05929723381996155,-0.03971177339553833,0.9919542670249939,0.1442183256149292,-0.0003733634948730469,-0.4166121184825897,0.8604890704154968,-0.04778614640235901,0.0639910101890564,-0.46547120809555054,0.9874100685119629,0.13137316703796387,0.25440436601638794,0.9835110306739807,-0.13825824856758118,0.2506190538406372,0.9919372797012329,0.03783287789313837,0.23243634242926461,0.001966614403375755,-4.0618847992446305e-05,0.0,0.0,0.0,0,0,1,1.0
crossover_11_05_02_fps30.mp4,716,0.1606437712907791,0.16379791609311511,-0.03147631127659867,0.09469714760780334,-0.0525704026222229,0.9456725120544434,-0.0590398907661438,-0.038954973220825195,0.9926336407661438,0.14331993460655212,0.002652406692504883,-0.4161520004272461,0.8542811870574951,-0.047082990407943726,0.06540077924728394,-0.46679776906967163,0.9884882569313049,0.13157662749290466,0.25456762313842773,0.9836118221282959,-0.13812440633773804,0.2508324980735779,0.9921866655349731,0.039800968781910674,0.23206879884008721,0.0014624909656804075,0.00032293321722642876,0.0,0.0,0.0,0,0,1,1.0
crossover_11_05_02_fps30.mp4,717,0.16035684943199158,0.16428613167698103,-0.02899671487691924,0.09463384747505188,-0.051875174045562744,0.9436110258102417,-0.058747798204422,-0.03854137659072876,0.993237316608429,0.14235052466392517,0.005308300256729126,-0.4193801283836365,0.8434873819351196,-0.04636600613594055,0.06578794121742249,-0.46830397844314575,0.9894499778747559,0.13184085488319397,0.2547473609447479,0.9833832383155823,-0.13792136311531067,0.25105568766593933,0.9922994375228882,0.040718606537442664,0.23099448953617213,0.002479596399679429,0.0004882155838659141,0.0,0.0,0.0,0,0,1,1.0
crossover_11_05_02_fps30.mp4,718,0.16011133790016174,0.16449336439876228,-0.028833417485399915,0.09464871883392334,-0.05136731266975403,0.9418489336967468,-0.05851837992668152,-0.03823176026344299,0.9937822222709656,0.14191681146621704,0.00658261775970459,-0.4198663532733917,0.8347272872924805,-0.045860111713409424,0.06607550382614136,-0.4693700671195984,0.990321159362793,0.13205015659332275,0.25490236282348633,0.9831979870796204,-0.13776427507400513,0.251254677772522,0.9924008846282959,0.04199995589043519,0.2307732399066112,0.00016329739151932365,0.00020723272178124752,0.0,0.0,0.0,0,0,1,1.0
crossover_11_05_02_fps30.mp4,719,0.15996932983398438,0.1645271667989634,-0.026880304406328936,0.09475037455558777,-0.05102020502090454,0.9400914907455444,-0.0582461953163147,-0.038122862577438354,0.9942743182182312,0.1423320472240448,0.007668554782867432,-0.4284842610359192,0.8254256844520569,-0.044160425662994385,0.06588935852050781,-0.47039076685905457,0.9911087155342102,0.1323305070400238,0.2548843026161194,0.9828395247459412,-0.1375046670436859,0.25126469135284424,0.9924045205116272,0.04106393800185088,0.22837846134678963,0.0019531130790709783,3.3802400201121685e-05,0.0,0.0,0.0,0,0,1,1.0
crossover_11_05_02_fps30.mp4,720,0.15974988043308258,0.16516047716140747,-0.02579482343138717,0.09515857696533203,-0.05045786499977112,0.9384689927101135,-0.05775776505470276,-0.038021206855773926,0.9946619868278503,0.1429762840270996,0.008697599172592163,-0.43668121099472046,0.8156428933143616,-0.03910738229751587,0.06575599312782288,-0.4799287021160126,0.991723895072937,0.13288402557373047,0.2548827826976776,0.9826982021331787,-0.1369629204273224,0.2513100802898407,0.9924277663230896,0.04101055525241979,0.22384572906488207,0.001085480974941766,0.0006333103624440728,0.0,0.0,0.0,0,0,1,1.0
crossover_11_05_02_fps30.mp4,721,0.15914177894592285,0.1654138096308304,-0.0236582959570536,0.0951308012008667,-0.04971662163734436,0.937645673751831,-0.05764159560203552,-0.038238704204559326,0.9949636459350586,0.14324414730072021,0.009985864162445068,-0.4701908528804779,0.8146786689758301,-0.03134143352508545,0.05950373411178589,-0.5000753402709961,0.9922822713851929,0.1331319808959961,0.2552682161331177,0.9833728671073914,-0.13671225309371948,0.2517372965812683,0.9927829504013062,0.040291729151000356,0.21360840094554834,0.0021365274743335716,0.00025333246942293997,0.0,0.0,0.0,0,0,1,1.0
crossover_11_05_02_fps30.mp4,722,0.15623877942562103,0.1659606145600141,-0.020178090799145565,0.09506100416183472,-0.04688766598701477,0.9378889799118042,-0.05780762434005737,-0.037514567375183105,0.9951431751251221,0.1431843638420105,0.013174742460250854,-0.5150246024131775,0.8190538883209229,-0.02006995677947998,0.04724183678627014,-0.5578786730766296,0.9927565455436707,0.13351750373840332,0.2580969035625458,0.9842691421508789,-0.13635167479515076,0.2545088231563568,0.9931132793426514,0.04038773431623095,0.19787071564160597,0.003480205157908034,0.0005468049291836863,0.0,0.0,0.0,0,0,1,1.0
crossover_11_05_02_fps30.mp4,723,0.15453924238681793,0.16629566843226806,-0.0185261091081107,0.09531545639038086,-0.0450650155544281,0.9377217292785645,-0.0578574538230896,-0.03718990087509155,0.9951921105384827,0.14297622442245483,0.015252858400344849,-0.5320988893508911,0.8230267763137817,-0.017800748348236084,0.04559323191642761,-0.5753116607666016,0.9930936098098755,0.1338125467300415,0.2599639594554901,0.9847924709320068,-0.13605788350105286,0.25607410073280334,0.9931333661079407,0.04104649942277794,0.19494301876405354,0.001651981691034865,0.0003350538722539653,0.0,0.0,0.0,0,0,1,1.0
crossover_11_05_02_fps30.mp4,724,0.15352225303649902,0.16665372646461096,-0.017392497673267227,0.09560126066207886,-0.04385271668434143,0.9372929930686951,-0.0578150749206543,-0.036454230546951294,0.9947957992553711,0.14264249801635742,0.017253726720809937,-0.526469886302948,0.8266983032226562,-0.006211221218109131,0.031021088361740112,-0.6212185621261597,0.9927891492843628,0.13407361507415771,0.2608669698238373,0.9857430458068848,-0.1357564628124237,0.25693294405937195,0.9933934211730957,0.0421532911687684,0.1795164768207047,0.0011336114348434734,0.00035805803234290057,0.0,0.0,0.0,0,0,1,1.0
crossover_11_05_02_fps30.mp4,725,0.15442414581775665,0.16688842440055585,-0.017639606900331506,0.09581640362739563,-0.044229596853256226,0.9363399147987366,-0.05759677290916443,-0.03740626573562622,0.9945502281188965,0.1424596607685089,0.016590744256973267,-0.5284692049026489,0.8267226815223694,0.004034608602523804,0.013192743062973022,-0.6588703393936157,0.9928581714630127,0.13429579138755798,0.2602153718471527,0.986388087272644,-0.13553941249847412,0.2562474310398102,0.9934900403022766,0.04205331655104999,0.1657467921989413,-0.0002471092270642794,0.00023469793594488308,0.0,0.0,0.0,0,0,1,1.0
crossover_11_05_02_fps30.mp4,726,0.15505968034267426,0.16685984235698892,-0.017730960467966628,0.0957787036895752,-0.04464051127433777,0.9337602257728577,-0.0568697452545166,-0.037814199924468994,0.9943398237228394,0.1420263648033142,0.015957564115524292,-0.5196848511695862,0.8202371001243591,0.010282337665557861,-9.72449779510498e-05,-0.6996674537658691,0.9928158521652222,0.13425981998443604,0.25979867577552795,0.9867978692054749,-0.13558116555213928,0.25579139590263367,0.9935281872749329,0.04185233919413989,0.15756732814063304,-9.135356763512181e-05,-2.8582043566927062e-05,0.0,0.0,0.0,0,0,1,1.0
crossover_11_05_02_fps30.mp4,727,0.1556439995765686,0.1670642892182883,-0.017785132076682086,0.09591493010520935,-0.04508090019226074,0.9276376962661743,-0.05315732955932617,-0.03835597634315491,0.9942970275878906,0.14165779948234558,0.015521258115768433,-0.5128917098045349,0.805077850818634,0.015288025140762329,-0.0052776038646698,-0.6789788603782654,0.9929565787315369,0.13442984223365784,0.2594124972820282,0.9870768189430237,-0.13541269302368164,0.2553999125957489,0.9936426281929016,0.041890396851239395,0.15229075020927957,-5.4171608715458675e-05,0.00020444686129938994,0.0,0.0,0.0,0,0,1,1.0
crossover_11_05_02_fps30.mp4,728,0.1560872197151184,0.16715895998275887,-0.018073294802409823,0.0959915816783905,-0.04539668560028076,0.922929584980011,-0.0516090989112854,-0.038726359605789185,0.9942499995231628,0.14140233397483826,0.015149116516113281,-0.5115931630134583,0.7931815981864929,0.01600232720375061,-0.006238222122192383,-0.6781563758850098,0.9930893778800964,0.13453051447868347,0.25913006067276,0.9873908162117004,-0.1353146731853485,0.2551115155220032,0.9937640428543091,0.04203727390220523,0.15161924870686436,-0.0002881627257277364,9.467076447056133e-05,0.0,0.0,0.0,0,0,1,1.0
crossover_11_05_02_fps30.mp4,729,0.1562957614660263,0.16706889342453524,-0.017760722520874794,0.09579461812973022,-0.04557597637176514,0.920343816280365,-0.04936835169792175,-0.039203494787216187,0.9942112565040588,0.13973987102508545,0.014938771724700928,-0.5115886330604553,0.7874251008033752,0.019797921180725098,-0.006643533706665039,-0.6596718430519104,0.9931609034538269,0.13456040620803833,0.259047269821167,0.9875357747077942,-0.1352960467338562,0.2550300359725952,0.9938360452651978,0.04261610481057681,0.14768998325129531,0.0003125722815350285,-9.006655822363374e-05,0.0,0.0,0.0,0,0,1,1.0
crossover_11_05_02_fps30.mp4,730,0.15675275027751923,0.16691113609378616,-0.017711663827663537,0.09569817781448364,-0.045944154262542725,0.9185790419578552,-0.04758605360984802,-0.03993862867355347,0.9940812587738037,0.13921219110488892,0.014534711837768555,-0.5076730847358704,0.7828028202056885,0.020746707916259766,-0.009048938751220703,-0.645654559135437,0.9930952191352844,0.13464492559432983,0.25873059034347534,0.987691342830658,-0.13522368669509888,0.25471216440200806,0.9939197897911072,0.04250953183762586,0.14642090994872728,4.905869321125689e-05,-0.00015775733074907539,0.0,0.0,0.0,0,0,1,1.0
crossover_11_05_02_fps30.mp4,731,0.1572253555059433,0.1667433641724667,-0.017794321077625908,0.09566926956176758,-0.046223223209381104,0.9162605404853821,-0.04675379395484924,-0.04045477509498596,0.9937679171562195,0.13917160034179688,0.014330834150314331,-0.5057066082954407,0.774883508682251,0.021911323070526123,-0.011226803064346313,-0.6520848274230957,0.9925790429115295,0.13467055559158325,0.2583973705768585,0.9878352284431458,-0.13521116971969604,0.2543872892856598,0.9939993023872375,0.04233471104369899,0.14498086916075845,-8.265724996237012e-05,-0.0001677719213194484,0.0,0.0,0.0,0,0,1,1.0
crossover_11_05_02_fps30.mp4,732,0.1574520319700241,0.16654281171701724,-0.017642284893408022,0.09560984373092651,-0.04616963863372803,0.91424161195755,-0.04656261205673218,-0.04070568084716797,0.9938273429870605,0.1392006278038025,0.014316260814666748,-0.5027722120285034,0.7693288326263428,0.022144317626953125,-0.013067483901977539,-0.650698721408844,0.9927413463592529,0.13464266061782837,0.2582736015319824,0.9879114627838135,-0.13524582982063293,0.2542661428451538,0.9941122531890869,0.042058811977030014,0.1444709448283269,0.00015203618421788523,-0.00020055245544947642,0.0,0.0,0.0,0,0,1,1.0
crossover_11_05_02_fps30.mp4,733,0.157632514834404,0.1665174394340838,-0.01768564058513178,0.09556517004966736,-0.04617568850517273,0.9131693243980408,-0.04649984836578369,-0.040899068117141724,0.9938992261886597,0.13921448588371277,0.014252394437789917,-0.5018365383148193,0.7666407823562622,0.02215304970741272,-0.013601630926132202,-0.6526044011116028,0.9929122924804688,0.13462355732917786,0.25815823674201965,0.9879941344261169,-0.13526901602745056,0.2541544735431671,0.9942098259925842,0.04201772666029294,0.14442214565657505,-4.335569172375653e-05,-2.537228293342242e-05,0.0,0.0,0.0,0,0,1,1.0
crossover_11_05_02_fps30.mp4,734,0.15797777473926544,0.1664697911779759,-0.01784697233176813,0.09555602073669434,-0.04633256793022156,0.9112691283226013,-0.046611636877059937,-0.041275084018707275,0.9938749670982361,0.1391773819923401,0.014174133539199829,-0.500507652759552,0.7618348002433777,0.02222418785095215,-0.013391882181167603,-0.6501144170761108,0.9929122924804688,0.13461518287658691,0.25787046551704407,0.9881022572517395,-0.13528001308441162,0.25387218594551086,0.9942905306816101,0.042074063511335774,0.14431438565654867,-0.00016133174663635064,-4.764825610792389e-05,0.0,0.0,0.0,0,0,1,1.0
crossover_11_05_02_fps30.mp4,735,0.15843741595745087,0.16640958099041958,-0.017938681782745713,0.09557861089706421,-0.046636104583740234,0.9091660976409912,-0.046796202659606934,-0.041934192180633545,0.9938023686408997,0.13911980390548706,0.013897091150283813,-0.4995148777961731,0.7551471590995789,0.021804094314575195,-0.012910515069961548,-0.6463901400566101,0.99285888671875,0.1346341371536255,0.257475882768631,0.9880568981170654,-0.13526135683059692,0.25350573658943176,0.9942862391471863,0.04193147232793911,0.14469287901361752,-9.170945097758398e-05,-6.02101875563088e-05,0.0,0.0,0.0,0,0,1,1.0
crossover_11_05_02_fps30.mp4,736,0.15907765924930573,0.16631938097840648,-0.017813644321953426,0.09558576345443726,-0.047102779150009155,0.9078643321990967,-0.046960413455963135,-0.04272305965423584,0.9937324523925781,0.13909119367599487,0.013511329889297485,-0.4994758665561676,0.7502230405807495,0.021429598331451416,-0.012721449136734009,-0.644473135471344,0.9927962422370911,0.13463133573532104,0.2569602429866791,0.9880152344703674,-0.13527464866638184,0.25300535559654236,0.9942795038223267,0.041504556293384745,0.14497923840083535,0.00012503746079228772,-9.020001201309746e-05,0.0,0.0,0.0,0,0,1,1.0
crossover_11_05_02_fps30.mp4,737,0.1593695729970932,0.16625774593676546,-0.01736692858905331,0.09558457136154175,-0.04732748866081238,0.9077392220497131,-0.04708588123321533,-0.04320704936981201,0.9937244057655334,0.13886374235153198,0.013514399528503418,-0.4993599057197571,0.7492687106132507,0.021582961082458496,-0.012434899806976318,-0.6452857851982117,0.992824137210846,0.1346191167831421,0.2566984295845032,0.9880377650260925,-0.1352909803390503,0.2527601718902588,0.9943022131919861,0.04128059905975184,0.1447588279883035,0.0004467157329001159,-6.163504164102829e-05,0.0,0.0,0.0,0,0,1,1.0
crossover_11_05_02_fps30.mp4,738,0.15959757566452026,0.16625223392147126,-0.01755615981613723,0.09558352828025818,-0.04750967025756836,0.9076130986213684,-0.04718071222305298,-0.0435200035572052,0.9937261939048767,0.13870707154273987,0.01347532868385315,-0.4992437958717346,0.7485762238502502,0.021660715341567993,-0.012344509363174438,-0.6473019123077393,0.9928591251373291,0.13460710644721985,0.2565007507801056,0.9880560040473938,-0.13530102372169495,0.25256994366645813,0.9943159818649292,0.041493243413786234,0.14468541234584217,-0.00018923122708391915,-5.512015294195649e-06,0.0,0.0,0.0,0,0,1,1.0
crossover_11_05_02_fps30.mp4,739,0.15970143675804138,0.16612184340670955,-0.017193388357395034,0.09558525681495667,-0.047571808099746704,0.9084146618843079,-0.047251880168914795,-0.04369071125984192,0.9937431216239929,0.13867297768592834,0.013515472412109375,-0.49848654866218567,0.7519028186798096,0.021723181009292603,-0.012267470359802246,-0.6532227396965027,0.9929021596908569,0.1345990002155304,0.256411612033844,0.9880921244621277,-0.1353062391281128,0.2524784207344055,0.9943423867225647,0.041188279390116364,0.14448265768002125,0.00036277145874219485,-0.00013039051476171348,0.0,0.0,0.0,0,0,1,1.0
crossover_11_05_02_fps30.mp4,740,0.1597786843776703,0.16574716567993164,-0.017304439370225078,0.09558069705963135,-0.047586411237716675,0.9095027446746826,-0.04730650782585144,-0.04379326105117798,0.9937829375267029,0.13862234354019165,0.013824164867401123,-0.4984798729419708,0.7560600638389587,0.02181917428970337,-0.012138545513153076,-0.6553593873977661,0.9929724335670471,0.1345968246459961,0.25636720657348633,0.9882012605667114,-0.1353103220462799,0.2524259090423584,0.9943954348564148,0.041288569579186064,0.14402066922830264,-0.00011105101283004348,-0.00037467772677790556,0.0,0.0,0.0,0,0,1,1.0
crossover_11_05_02_fps30.mp4,741,0.15995311737060547,0.16549090914807074,-0.016599887318727413,0.09554851055145264,-0.04766133427619934,0.909819483757019,-0.047342002391815186,-0.043997764587402344,0.9937463998794556,0.13858020305633545,0.013816982507705688,-0.4998491704463959,0.7575488686561584,0.021728932857513428,-0.012209385633468628,-0.6551875472068787,0.9929397106170654,0.13459742069244385,0.2562476098537445,0.9882703423500061,-0.13531208038330078,0.25229665637016296,0.9943986535072327,0.04061246203314859,0.14382900379275043,0.0007045520514976644,-0.0002562565318608989,0.0,0.0,0.0,0,0,1,1.0
crossover_11_05_02_fps30.mp4,742,0.16003069281578064,0.1652847303172289,-0.015947136355609404,0.09548380970954895,-0.04765576124191284,0.9094406366348267,-0.047368258237838745,-0.044139713048934937,0.9936422109603882,0.138545423746109,0.013798952102661133,-0.5012710094451904,0.7571375370025635,0.021612435579299927,-0.012275516986846924,-0.6544320583343506,0.9928352236747742,0.13459542393684387,0.25621241331100464,0.9882754683494568,-0.13531526923179626,0.25224965810775757,0.994373619556427,0.039997753617816975,0.14371920214102013,0.0006527509631180095,-0.00020617883084184108,0.0,0.0,0.0,0,0,1,1.0
crossover_11_05_02_fps30.mp4,743,0.16009683907032013,0.16527608471401667,-0.01597297744053161,0.09542220830917358,-0.04765382409095764,0.9091377854347229,-0.04739311337471008,-0.04427558183670044,0.9935497045516968,0.13851964473724365,0.013770580291748047,-0.5020061135292053,0.7569425106048584,0.02153676748275757,-0.012331604957580566,-0.6534909009933472,0.9927491545677185,0.1345934271812439,0.2561854124069214,0.9883027076721191,-0.13531869649887085,0.2522156238555908,0.9943632483482361,0.04000732816377657,0.14378543358653592,-2.5841084922206825e-05,-8.645603212231734e-06,0.0,0.0,0.0,0,0,1,1.0
crossover_11_05_02_fps30.mp4,744,0.16013295948505402,0.16490715186474691,-0.015177807575318836,0.09529682993888855,-0.04765483736991882,0.9079105257987976,-0.047414928674697876,-0.04435351490974426,0.9934665560722351,0.13839831948280334,0.01376265287399292,-0.5050497651100159,0.7538118958473206,0.021473675966262817,-0.012380778789520264,-0.6530102491378784,0.9926714301109314,0.13459059596061707,0.2561802864074707,0.9882771372795105,-0.1353209912776947,0.2521968483924866,0.9943304657936096,0.039246253901132504,0.14346074507805123,0.0007951698652127748,-0.0003689328492697541,0.0,0.0,0.0,0,0,1,1.0
crossover_11_05_02_fps30.mp4,745,0.16013962030410767,0.1647267831584155,-0.014351567262556486,0.0950758159160614,-0.04762446880340576,0.9057115912437439,-0.047447413206100464,-0.044380366802215576,0.9933841228485107,0.1380862295627594,0.013766199350357056,-0.5059773921966553,0.7483245134353638,0.0214175283908844,-0.01242491602897644,-0.6508708000183105,0.9925919771194458,0.13458159565925598,0.2562178671360016,0.9882622957229614,-0.13533061742782593,0.2522068917751312,0.9943055510520935,0.038734066339351725,0.14332220514282143,0.0008262403127623497,-0.0001803687063314241,0.0,0.0,0.0,0,0,1,1.0
crossover_11_05_02_fps30.mp4,746,0.16016006469726562,0.16460137266223718,-0.013664829876364748,0.09472888708114624,-0.047653526067733765,0.9026118516921997,-0.047461509704589844,-0.04443362355232239,0.993317723274231,0.1368226408958435,0.0137692391872406,-0.505821168422699,0.7386886477470398,0.021383285522460938,-0.012441426515579224,-0.6486021280288696,0.9925490617752075,0.13458126783370972,0.25622692704200745,0.9881697297096252,-0.13533172011375427,0.2521918714046478,0.9942445755004883,0.03904210655095236,0.14322331234739588,0.0006867373861917381,-0.00012541049617831312,0.0,0.0,0.0,0,0,1,1.0
crossover_11_05_02_fps30.mp4,747,0.16021879017353058,0.16437485763582138,-0.012968961349347774,0.09443193674087524,-0.04774177074432373,0.898671567440033,-0.04746812582015991,-0.044573426246643066,0.9933896660804749,0.13542556762695312,0.01374855637550354,-0.5040582418441772,0.7286748886108398,0.021354258060455322,-0.012587398290634155,-0.6421241760253906,0.9926869869232178,0.13458704948425293,0.2561933696269989,0.9880527853965759,-0.13532602787017822,0.2521441876888275,0.9942023158073425,0.03939399885001907,0.14302110855836972,0.000695868527016974,-0.00022651502641579668,0.0,0.0,0.0,0,0,1,1.0
crossover_11_05_02_fps30.mp4,748,0.16027289628982544,0.16438945168155739,-0.013022508708442126,0.09420961141586304,-0.04781484603881836,0.8944754004478455,-0.04748234152793884,-0.044689327478408813,0.9934408664703369,0.1347256898880005,0.013751238584518433,-0.5028862357139587,0.7179000377655029,0.021332263946533203,-0.012693911790847778,-0.6370190978050232,0.9927957653999329,0.13459336757659912,0.2561674416065216,0.9879186749458313,-0.1353197991847992,0.25208982825279236,0.9941484928131104,0.039959633479953224,0.1430575651218355,-5.354735909435249e-05,1.4594045736004979e-05,0.0,0.0,0.0,0,0,1,1.0
crossover_11_05_02_fps30.mp4,749,0.16048887372016907,0.16408000133805356,-0.012511368786416455,0.09412580728530884,-0.04800328612327576,0.8924479484558105,-0.047490864992141724,-0.04493701457977295,0.9935672879219055,0.1344224214553833,0.013666152954101562,-0.4964187443256378,0.7149476408958435,0.02127474546432495,-0.01296687126159668,-0.6330721378326416,0.9929891228675842,0.13459908962249756,0.2559621334075928,0.9879486560821533,-0.13531413674354553,0.2518404722213745,0.9941893219947815,0.03955799146787234,0.14280598232450206,0.0005111399220256718,-0.0003094503435038254,0.0,0.0,0.0,0,0,1,1.0
crossover_11_05_02_fps30.mp4,750,0.1608618050813675,0.16378112354521024,-0.012131372021465747,0.09405645728111267,-0.04836118221282959,0.8930408358573914,-0.0476151704788208,-0.0453048050403595,0.9937645196914673,0.13441374897956848,0.013769268989562988,-0.4929519295692444,0.7190739512443542,0.021002382040023804,-0.013165056705474854,-0.6360759139060974,0.9932818412780762,0.13460174202919006,0.25563961267471313,0.9881277680397034,-0.1353188455104828,0.2514674663543701,0.9942495226860046,0.039157194660252234,0.1427824832737924,0.00037999676495070744,-0.0002988777928433217,0.0,0.0,0.0,0,0,1,1.0
crossover_11_05_02_fps30.mp4,751,0.16101674735546112,0.16293069679858319,-0.011622622536449856,0.09388872981071472,-0.04879266023635864,0.8941739797592163,-0.04789626598358154,-0.04542511701583862,0.9940033555030823,0.1340571939945221,0.013631045818328857,-0.490874320268631,0.726993203163147,0.020830482244491577,-0.013132631778717041,-0.646898627281189,0.9936167001724243,0.13458433747291565,0.25554656982421875,0.9884327054023743,-0.13534751534461975,0.2513272762298584,0.9943699240684509,0.038359183118899645,0.14210823728493224,0.0005087494850158913,-0.0008504267466270532,0.0,0.0,0.0,0,0,1,1.0
crossover_11_05_02_fps30.mp4,752,0.1609674096107483,0.1614240346318584,-0.01216523123950497,0.09384676814079285,-0.04870426654815674,0.8921990394592285,-0.0482063889503479,-0.04526287317276001,0.9941820502281189,0.13411691784858704,0.01366114616394043,-0.5008432865142822,0.728198230266571,0.02065238356590271,-0.012557804584503174,-0.6622930765151978,0.9938543438911438,0.13458940386772156,0.25577205419540405,0.9889068007469177,-0.1353600025177002,0.2514902353286743,0.9945458769798279,0.03758564083264266,0.14077219845433397,-0.0005426087030551141,-0.0015066621667247926,0.0,0.0,0.0,0,0,1,1.0
crossover_11_05_02_fps30.mp4,753,0.1609298437833786,0.1614138978012537,-0.012066796058561757,0.09381386637687683,-0.04866296052932739,0.8908791542053223,-0.04842656850814819,-0.04516935348510742,0.9943471550941467,0.134162038564682,0.013670206069946289,-0.5041905045509338,0.730265736579895,0.020530611276626587,-0.012179911136627197,-0.6647224426269531,0.9940782189369202,0.13459709286689758,0.2559320330619812,0.9893288612365723,-0.13537108898162842,0.2515825033187866,0.9946989417076111,0.03748409143106907,0.14088333193462266,9.843518094321269e-05,-1.0136830604690061e-05,0.0,0.0,0.0,0,0,1,1.0
crossover_11_05_02_fps30.mp4,754,0.1606566309928894,0.16010472936145326,-0.01314013324132779,0.09376180171966553,-0.04846596717834473,0.8902483582496643,-0.048621952533721924,-0.04444637894630432,0.9944921135902405,0.13414877653121948,0.013430595397949219,-0.5029633045196533,0.7340680360794067,0.020304560661315918,-0.010918378829956055,-0.6611794829368591,0.994300901889801,0.1345711350440979,0.2563866972923279,0.9898504614830017,-0.13542082905769348,0.2519644498825073,0.9949145317077637,0.037144516523269167,0.1398178220444422,-0.001073337182766032,-0.0013091684398004455,0.0,0.0,0.0,0,0,1,1.0
crossover_11_05_02_fps30.mp4,755,0.16012217104434967,0.15916756330910375,-0.01652251220330958,0.09382247924804688,-0.04801282286643982,0.8888746500015259,-0.049051910638809204,-0.04360145330429077,0.9946043491363525,0.13549017906188965,0.011281430721282959,-0.5046780109405518,0.737531304359436,0.01913529634475708,-0.007922112941741943,-0.6485722661018372,0.9944819808006287,0.13456714153289795,0.2568971514701843,0.9903153777122498,-0.13544201850891113,0.25241488218307495,0.9951022267341614,0.03651955321391846,0.14029612488815374,-0.0033823789619817912,-0.0009371660523495029,0.0,0.0,0.0,0,0,1,1.0
crossover_11_05_02_fps30.mp4,756,0.15983082354068756,0.1584829398130967,-0.024211916109410758,0.09420475363731384,-0.04827806353569031,0.8835643529891968,-0.0493718683719635,-0.04331094026565552,0.9946256279945374,0.1415136158466339,0.0021370649337768555,-0.5086442232131958,0.733484148979187,0.017922192811965942,-0.005467414855957031,-0.6125485897064209,0.9945709109306335,0.1345958411693573,0.2570207118988037,0.990623414516449,-0.13544073700904846,0.252508282661438,0.9952641725540161,0.03134049709071361,0.14180507721783667,-0.007689403906101178,-0.0006846234960070641,0.0,0.0,0.0,0,0,1,1.0
crossover_11_05_02_fps30.mp4,757,0.1588941067457199,0.15792866793729488,-0.03323030282811423,0.09476521611213684,-0.049002498388290405,0.8816283941268921,-0.050229400396347046,-0.04254981875419617,0.9945405125617981,0.14632990956306458,-0.009895175695419312,-0.5075780153274536,0.7371604442596436,0.01606038212776184,-0.0026477277278900146,-0.5930343270301819,0.9945328831672668,0.13452699780464172,0.2574198544025421,0.990851879119873,-0.13554581999778748,0.2528814375400543,0.9954129457473755,0.02605876731779177,0.1451272008215421,-0.009018386718703475,-0.000554271875801815,0.0,0.0,0.0,0,0,1,1.0
crossover_11_05_02_fps30.mp4,758,0.1583210527896881,0.15783183413036794,-0.033024168014526345,0.0949966311454773,-0.049665987491607666,0.8795990943908691,-0.05077531933784485,-0.042054593563079834,0.9944584965705872,0.14765113592147827,-0.012838423252105713,-0.5071009993553162,0.7405028939247131,0.01506054401397705,-0.0012409090995788574,-0.5898404717445374,0.9944917559623718,0.1344524621963501,0.25763851404190063,0.9910401105880737,-0.13564127683639526,0.2530648112297058,0.9955402612686157,0.022607762110259416,0.14626625321226097,0.0002061348135878882,-9.683380692693255e-05,0.0,0.0,0.0,0,0,1,1.0
crossover_11_05_02_fps30.mp4,759,0.15707840025424957,0.15795963972301807,-0.043753854239859225,0.09559836983680725,-0.050372809171676636,0.8762597441673279,-0.052123308181762695,-0.04110288619995117,0.9944324493408203,0.14724472165107727,-0.017155051231384277,-0.5041444301605225,0.7410650253295898,0.013517171144485474,0.0023435354232788086,-0.5903376936912537,0.9945471286773682,0.13450124859809875,0.2579689621925354,0.9912323355674744,-0.13561272621154785,0.2533787488937378,0.9956729412078857,0.028675874716772975,0.1516199065519286,-0.01072968622533288,0.00012780559265013203,0.0,0.0,0.0,0,0,1,1.0
crossover_11_05_02_fps30.mp4,760,0.15584687888622284,0.1564925169540664,-0.05374233591847305,0.09599703550338745,-0.05223613977432251,0.8641709089279175,-0.05375435948371887,-0.04038211703300476,0.9943575263023376,0.14630341529846191,-0.030393511056900024,-0.5555020570755005,0.7166609764099121,0.009880602359771729,0.007359176874160767,-0.6020548939704895,0.9943972229957581,0.1346021294593811,0.2584255635738373,0.9913265705108643,-0.13559693098068237,0.25382503867149353,0.9957413673400879,0.02547519214774744,0.15883465732186144,-0.009988481678613825,-0.0014671227689516675,0.0,0.0,0.0,0,0,1,1.0
crossover_11_05_02_fps30.mp4,761,0.1524672955274582,0.15501211406820914,-0.059684362353348175,0.0947239100933075,-0.05366361141204834,0.8305761814117432,-0.05517202615737915,-0.03847849369049072,0.9942130446434021,0.14052435755729675,-0.047121018171310425,-0.6385534405708313,0.6666239500045776,0.00782594084739685,0.01298213005065918,-0.6082853078842163,0.9939988851547241,0.13461974263191223,0.2603631615638733,0.9908515214920044,-0.13576486706733704,0.25579535961151123,0.9956443309783936,0.019176357989874562,0.16414685103799165,-0.005942026434875125,-0.0014804028858572682,0.0,0.0,0.0,0,0,1,1.0
crossover_11_05_02_fps30.mp4,762,0.14976729452610016,0.1531112895173542,-0.060827119757489445,0.0927356481552124,-0.05595862865447998,0.7801015973091125,-0.05680468678474426,-0.037575483322143555,0.9939239025115967,0.13441157341003418,-0.05437469482421875,-0.6640762090682983,0.6086331605911255,0.006153285503387451,0.01698833703994751,-0.6237905621528625,0.9933039546012878,0.13465672731399536,0.2614046335220337,0.9898989796638489,-0.1361061930656433,0.25675857067108154,0.9953486919403076,0.019781637192453436,0.16628860532328377,-0.0011427574041412702,-0.0019008245508549404,0.0,0.0,0.0,0,0,1,1.0
crossover_11_05_02_fps30.mp4,763,0.1480921357870102,0.1530832777589054,-0.060704213526190764,0.09146469831466675,-0.05660909414291382,0.738741934299469,-0.057250648736953735,-0.037485986948013306,0.9936951398849487,0.13330328464508057,-0.05452564358711243,-0.6690781712532043,0.5594263672828674,0.00533139705657959,0.01772439479827881,-0.6307291388511658,0.9928094148635864,0.13463246822357178,0.261529803276062,0.9892210960388184,-0.13619104027748108,0.25688380002975464,0.995084285736084,0.020722520456620146,0.16727720960963982,0.0001229062312986806,-2.801175844879822e-05,0.0,0.0,0.0,0,0,1,1.0
crossover_11_05_02_fps30.mp4,764,0.14481021463871002,0.15077963643154857,-0.05589866027599427,0.08948791027069092,-0.05641603469848633,0.7044634819030762,-0.057684749364852905,-0.03645753860473633,0.9936314821243286,0.1278124451637268,-0.054014384746551514,-0.6674119234085083,0.5167632102966309,0.003345191478729248,0.02084428071975708,-0.6380122303962708,0.9925618767738342,0.13429099321365356,0.2619572877883911,0.9880090355873108,-0.13649272918701172,0.2579149007797241,0.9948424696922302,0.023044356554340263,0.16621189653939722,0.004805553250196493,-0.0023036413273568312,0.0,0.0,0.0,0,0,1,1.0
crossover_11_05_02_fps30.mp4,765,0.1428758054971695,0.14847449054152284,-0.04384553970360172,0.0868401825428009,-0.05621638894081116,0.6874983310699463,-0.058131515979766846,-0.03630620241165161,0.9936688542366028,0.12669780850410461,-0.04846322536468506,-0.604880690574646,0.49982357025146484,0.0012657344341278076,0.022802144289016724,-0.6042974591255188,0.9925885200500488,0.13379159569740295,0.2607925236225128,0.9867866635322571,-0.1372409164905548,0.2580154836177826,0.9947623610496521,0.02226088276379417,0.16159310522502637,0.01205312057239255,-0.0023051458900257282,0.0,0.0,0.0,0,0,1,1.0
crossover_11_05_02_fps30.mp4,766,0.1387423723936081,0.1463333373352632,-0.02369024811721432,0.0841839611530304,-0.054622113704681396,0.6812252402305603,-0.05882304906845093,-0.034721583127975464,0.9938048720359802,0.12064042687416077,-0.042947202920913696,-0.6001173853874207,0.49363625049591064,-0.001743704080581665,0.026097476482391357,-0.6100333333015442,0.9926421642303467,0.1330321729183197,0.262076199054718,0.9856160283088684,-0.13822343945503235,0.25944066047668457,0.9946578145027161,0.03210850286565769,0.15622300635718167,0.020155291586387403,-0.0021411532062596272,0.0,0.0,0.0,0,0,1,1.0
crossover_11_05_02_fps30.mp4,767,0.13467492163181305,0.14554078841613516,0.00783024895481943,0.08341377973556519,-0.047037869691848755,0.6966513395309448,-0.059637218713760376,-0.03218388557434082,0.9940457940101624,0.11667472124099731,-0.014590948820114136,-0.6055577397346497,0.5158264636993408,-0.003331482410430908,0.030118852853775024,-0.6008764505386353,0.9928041696548462,0.13208645582199097,0.26398083567619324,0.9855406880378723,-0.1392175555229187,0.2616138160228729,0.9948421120643616,0.03655078581675442,0.15053150794708386,0.03152049707203375,-0.0007925489191280555,0.0,0.0,0.0,0,0,1,1.0
crossover_11_05_02_fps30.mp4,768,0.13241508603096008,0.14547871401754475,0.008703059103430721,0.08311757445335388,-0.043339163064956665,0.7005136609077454,-0.059612661600112915,-0.0297623872756958,0.9940659403800964,0.11463209986686707,-0.006348371505737305,-0.6133276224136353,0.5186481475830078,-0.00347939133644104,0.03151977062225342,-0.6085476279258728,0.9926691651344299,0.13202980160713196,0.2648804783821106,0.9852190613746643,-0.1391756534576416,0.2626601457595825,0.9948164820671082,0.034322866546129115,0.15069545273558294,0.0008728101486112916,-6.207439859040598e-05,0.0,0.0,0.0,0,0,1,1.0
crossover_11_05_02_fps30.mp4,769,0.12938545644283295,0.1456441663079343,0.05162694032599291,0.08331650495529175,-0.03515651822090149,0.717735767364502,-0.05969536304473877,-0.027055293321609497,0.9939360022544861,0.11220091581344604,0.029417067766189575,-0.3878897428512573,0.5461605191230774,-0.0029744505882263184,0.033684760332107544,-0.5409161448478699,0.9926645159721375,0.1319044828414917,0.2664319574832916,0.9852442741394043,-0.139116108417511,0.2639506161212921,0.9949843883514404,0.04014635030435263,0.149697745844955,0.04292388122256219,0.0001654522903895561,0.0,0.0,0.0,0,0,1,1.0
crossover_11_05_02_fps30.mp4,770,0.12637200951576233,0.14983636060003502,0.12757329461051192,0.08650201559066772,-0.01728072762489319,0.7437328696250916,-0.05985778570175171,-0.02573910355567932,0.9940900802612305,0.11357587575912476,0.06590351462364197,-0.4207085072994232,0.5890955924987793,-0.0028687119483947754,0.03600004315376282,-0.5458812117576599,0.9929280281066895,0.13173151016235352,0.2662908732891083,0.9849376082420349,-0.1391523778438568,0.26369205117225647,0.9951447248458862,0.07154009033071478,0.1780575737349642,0.07594635428451901,0.004192194292100715,0.0,0.0,0.0,0,0,0,1.0
crossover_11_05_02_fps30.mp4,771,0.12424154579639435,0.1544671849679139,0.21888824672233764,0.09428867697715759,-0.011552155017852783,0.7676906585693359,-0.05975499749183655,-0.022953808307647705,0.994268000125885,0.11628308892250061,0.09024345874786377,-0.442850261926651,0.6282857656478882,-0.0011337697505950928,0.037303388118743896,-0.5572454929351807,0.9932994842529297,0.13120964169502258,0.26449763774871826,0.980882465839386,-0.13913288712501526,0.26356494426727295,0.9946451187133789,0.13419205141811746,0.23913326406712768,0.09131495211182572,0.004630824367878872,0.0,0.0,0.0,1,1,0,1.0
crossover_11_05_02_fps30.mp4,772,0.12437678873538971,0.1539727248377719,0.2938161890681197,0.09879907965660095,-0.012393057346343994,0.7893779873847961,-0.05972108244895935,-0.021171867847442627,0.9943937659263611,0.12206408381462097,0.09869503974914551,-0.470878005027771,0.6635556221008301,0.0009913146495819092,0.03708946704864502,-0.5591774582862854,0.9935768246650696,0.1311958134174347,0.2627463936805725,0.9757832288742065,-0.13912010192871094,0.26238369941711426,0.9930546283721924,0.1977129846102722,0.2988510024444152,0.07492794234578204,-0.0004944601301419826,0.0,0.0,0.0,1,1,0,1.0
crossover_11_05_02_fps30.mp4,773,0.12439151108264923,0.15399718729116152,0.29328314647441955,0.10009783506393433,-0.012890219688415527,0.808192789554596,-0.059677332639694214,-0.020255744457244873,0.9944655895233154,0.12452065944671631,0.09943121671676636,-0.47147196531295776,0.6942771673202515,0.002341628074645996,0.03670591115951538,-0.5663473010063171,0.9937658309936523,0.13119447231292725,0.26226937770843506,0.9713258147239685,-0.13910192251205444,0.26180368661880493,0.9910967350006104,0.19608017840804426,0.29804577890504297,-0.0005330425937001282,2.446245338960651e-05,0.0,0.0,0.0,1,1,0,1.0
crossover_11_05_02_fps30.mp4,774,0.12478278577327728,0.1537000556113356,0.21677078706462205,0.09971252083778381,-0.013028383255004883,0.825790524482727,-0.05964994430541992,-0.020739078521728516,0.9945973753929138,0.12606129050254822,0.09043604135513306,-0.4720862805843353,0.7227593064308167,0.0028062164783477783,0.03536289930343628,-0.5895411968231201,0.9939993619918823,0.1307205855846405,0.2610729932785034,0.9700745940208435,-0.13919690251350403,0.2604602575302124,0.9910421967506409,0.12932273315322396,0.23596137910740175,-0.0765123594097975,-0.0002971316798259238,0.0,0.0,0.0,0,0,0,1.0
crossover_11_05_02_fps30.mp4,775,0.12336397171020508,0.15066738734811036,0.15468921879442732,0.09886926412582397,-0.01361873745918274,0.8419864177703857,-0.05972176790237427,-0.020672887563705444,0.9948068857192993,0.12755632400512695,0.0798468291759491,-0.465456485748291,0.7490735650062561,0.0030428171157836914,0.03564158082008362,-0.5891643762588501,0.9943110346794128,0.1308090090751648,0.26065942645072937,0.9696406126022339,-0.13944661617279053,0.26017120480537415,0.9913334250450134,0.07832946146021616,0.1896453369939518,-0.06208156827019473,-0.0030326682632252355,0.0,0.0,0.0,0,0,0,1.0
crossover_11_05_02_fps30.mp4,776,0.12261469662189484,0.14883664028119237,0.10094645663005553,0.09849199652671814,-0.014516234397888184,0.8541532754898071,-0.05968967080116272,-0.02095252275466919,0.9949642419815063,0.1272498071193695,0.07209616899490356,-0.4722190201282501,0.7697888612747192,0.0029533207416534424,0.03510701656341553,-0.589533805847168,0.9945197105407715,0.13115563988685608,0.26045340299606323,0.9700918793678284,-0.13951683044433594,0.2600101828575134,0.9917084574699402,0.03603235299820672,0.16005241262837588,-0.05374276216437179,-0.0018307470669179926,0.0,0.0,0.0,0,0,1,1.0
crossover_11_05_02_fps30.mp4,777,0.1211862564086914,0.14603854619850543,0.07630297832372712,0.09406036138534546,-0.015909403562545776,0.8593088388442993,-0.05960202217102051,-0.020982593297958374,0.9948606491088867,0.12410879135131836,0.04534563422203064,-0.47111737728118896,0.7817947864532471,0.0015231966972351074,0.03495129942893982,-0.5601751208305359,0.9944531917572021,0.13150644302368164,0.2606101930141449,0.9703902006149292,-0.13946270942687988,0.2601034939289093,0.9919400811195374,0.037937729261100575,0.15031516087504915,-0.024643478306328404,-0.0027980940826869416,0.0,0.0,0.0,0,0,1,1.0
crossover_11_05_02_fps30.mp4,778,0.12080459296703339,0.14608110512717298,0.07600021536757307,0.09193211793899536,-0.017053842544555664,0.8641490936279297,-0.05952852964401245,-0.020981907844543457,0.9947413206100464,0.12199485301971436,0.03845858573913574,-0.4819713532924652,0.7922248244285583,0.001208961009979248,0.03478348255157471,-0.5645460486412048,0.994319498538971,0.1318078637123108,0.2610517740249634,0.9710439443588257,-0.13940417766571045,0.2598951458930969,0.9921877384185791,0.04460405245874884,0.15062123756342713,-0.0003027629561540568,4.2558928667557616e-05,0.0,0.0,0.0,0,0,1,1.0
crossover_11_05_02_fps30.mp4,779,0.11990700662136078,0.14419297646667995,0.07413170294063842,0.09149742126464844,-0.016729742288589478,0.8681557178497314,-0.059558868408203125,-0.021043449640274048,0.9946253299713135,0.11967265605926514,0.03948131203651428,-0.5163144469261169,0.8005854487419128,0.00032842159271240234,0.03541043400764465,-0.5665403008460999,0.9940500259399414,0.13197076320648193,0.2612345516681671,0.9714730381965637,-0.13940313458442688,0.2598870098590851,0.9923510551452637,0.04244874206252633,0.14898438447322607,-0.0018685124269346431,-0.001888128660493038,0.0,0.0,0.0,0,0,1,1.0
crossover_11_05_02_fps30.mp4,780,0.1192774772644043,0.14825890983565382,0.10745090958548753,0.09288647770881653,-0.016186624765396118,0.8777194619178772,-0.05982974171638489,-0.019252091646194458,0.9947166442871094,0.119391530752182,0.058858722448349,-0.44164252281188965,0.8164029717445374,-5.6356191635131836e-05,0.03827735781669617,-0.543578565120697,0.9941931962966919,0.1316586434841156,0.26159825921058655,0.9716249704360962,-0.1395740807056427,0.25990208983421326,0.9927379488945007,0.05652014000265354,0.16365328716849886,0.03331920664484911,0.004065933368973873,0.0,0.0,0.0,0,0,1,1.0
crossover_11_05_02_fps30.mp4,781,0.1168414056301117,0.156735645007279,0.1816497818725865,0.09983345866203308,-0.009703010320663452,0.888548731803894,-0.06015133857727051,-0.016495853662490845,0.9944347739219666,0.12662020325660706,0.08654645085334778,-0.45873749256134033,0.8333271145820618,-0.00012943148612976074,0.04336938261985779,-0.529437780380249,0.9937106370925903,0.13103029131889343,0.2626023590564728,0.9679768681526184,-0.14007613062858582,0.26096871495246887,0.9924411773681641,0.09975762328159693,0.20911269937709914,0.07419887228709898,0.008476735171625172,0.0,0.0,0.0,1,0,0,1.0
crossover_11_05_02_fps30.mp4,782,0.11622761189937592,0.1649627796674179,0.2685447471897776,0.10426807403564453,-0.0041231513023376465,0.8976521492004395,-0.05927407741546631,-0.015639662742614746,0.9939773082733154,0.13140994310379028,0.10162365436553955,-0.5092402696609497,0.8464493751525879,9.739398956298828e-05,0.04598855972290039,-0.5792823433876038,0.992860734462738,0.1301419734954834,0.2625805735588074,0.9667560458183289,-0.14015895128250122,0.2608802318572998,0.9921808242797852,0.17025993090302663,0.27696904515577125,0.0868949653171911,0.008227134660138913,0.0,0.0,0.0,1,0,0,1.0
crossover_11_05_02_fps30.mp4,783,0.11622373759746552,0.1646978734913519,0.26858385888541614,0.10642603039741516,-0.0031250715255737305,0.9062000513076782,-0.058540165424346924,-0.014602422714233398,0.9938154220581055,0.13316890597343445,0.10349678993225098,-0.5074320435523987,0.858756959438324,0.0004719197750091553,0.047518372535705566,-0.5772984623908997,0.9923734664916992,0.12914130091667175,0.26211345195770264,0.9663292169570923,-0.14043191075325012,0.2609160542488098,0.9921883344650269,0.16807086638764318,0.2753908370463266,3.9111695638527344e-05,-0.0002649061760660043,0.0,0.0,0.0,1,0,0,1.0
crossover_11_05_02_fps30.mp4,784,0.11587604880332947,0.17113006226087024,0.262981966501329,0.107759028673172,-0.00030854344367980957,0.9130810499191284,-0.05705583095550537,-0.013981908559799194,0.9934196472167969,0.13804581761360168,0.10670128464698792,-0.5348244309425354,0.8677231669425964,0.000634998083114624,0.0489671528339386,-0.6137752532958984,0.9913884997367859,0.1291739046573639,0.2632479965686798,0.9650068879127502,-0.14042437076568604,0.26079902052879333,0.9918819665908813,0.15974422920637255,0.27362548744235216,-0.005601892384087148,0.006432188769518343,0.0,0.0,0.0,1,0,0,1.0
crossover_11_05_02_fps30.mp4,785,0.11539776623249054,0.1750716879206189,0.1975086802389564,0.10882481932640076,0.0011399388313293457,0.9191848635673523,-0.05528217554092407,-0.011610150337219238,0.9929671883583069,0.14548549056053162,0.1027032732963562,-0.5197978019714355,0.8768302202224731,0.00032392144203186035,0.05233621597290039,-0.6000620722770691,0.9910643696784973,0.12988629937171936,0.26310908794403076,0.9602012634277344,-0.14063674211502075,0.2608354687690735,0.991223931312561,0.09931469307097547,0.22718236346674028,-0.06547328626237259,0.003941625659748649,0.0,0.0,0.0,0,0,0,1.0
crossover_11_05_02_fps30.mp4,786,0.1146787703037262,0.17897331472170552,0.15158304993699234,0.11080938577651978,-0.00018173456192016602,0.9234626293182373,-0.052715569734573364,-0.00785362720489502,0.9926314353942871,0.15090620517730713,0.10199838876724243,-0.5046470761299133,0.8835456371307373,0.00022482872009277344,0.05761992931365967,-0.5914218425750732,0.9909083843231201,0.13042068481445312,0.2628210186958313,0.9554338455200195,-0.14081421494483948,0.2609391212463379,0.990826427936554,0.05697719948800717,0.20194080638925785,-0.04592563030196406,0.003901626801086633,0.0,0.0,0.0,0,0,1,1.0
crossover_11_05_02_fps30.mp4,787,0.11499594151973724,0.18016845826375283,0.12778172972725654,0.1116514503955841,-0.001918107271194458,0.9268169403076172,-0.05040621757507324,-0.005981713533401489,0.9916619062423706,0.16218194365501404,0.07294031977653503,-0.494072288274765,0.888505756855011,0.000857621431350708,0.061703652143478394,-0.570476233959198,0.9896392226219177,0.13099631667137146,0.26244649291038513,0.9531570672988892,-0.14075112342834473,0.26024195551872253,0.9904465079307556,0.057715638722563495,0.19109863563799753,-0.0238013202097358,0.0011951435420473056,0.0,0.0,0.0,0,0,1,1.0
crossover_11_05_02_fps30.mp4,788,0.11531704664230347,0.18011043728408171,0.1270677230707029,0.11166897416114807,-0.0035064518451690674,0.9273900985717773,-0.04941561818122864,-0.005537122488021851,0.9903798699378967,0.16425058245658875,0.06433078646659851,-0.49850746989250183,0.8894829154014587,0.0012612640857696533,0.062319785356521606,-0.5783407092094421,0.9876932501792908,0.1310391128063202,0.26227429509162903,0.9507941007614136,-0.14080896973609924,0.2595137059688568,0.9899840950965881,0.06471057262624529,0.19020862806917915,-0.000714006656553634,-5.802097967111397e-05,0.0,0.0,0.0,0,0,1,1.0
crossover_11_05_02_fps30.mp4,789,0.11512905359268188,0.17752527705693644,0.11505938666622817,0.11790549755096436,-0.011589676141738892,0.9299830794334412,-0.047541022300720215,-0.004685550928115845,0.9898581504821777,0.16839516162872314,0.05130419135093689,-0.4618663787841797,0.8950290679931641,0.0013402104377746582,0.06391581892967224,-0.5516883730888367,0.9874598979949951,0.1309729814529419,0.26215025782585144,0.9463773965835571,-0.1408310830593109,0.25879165530204773,0.9890881180763245,0.06440562038691529,0.1834580121456192,-0.01200833640447474,-0.002585160227145278,0.0,0.0,0.0,0,0,1,1.0
crossover_11_05_02_fps30.mp4,790,0.11794711649417877,0.17205543598886264,0.10931093431100614,0.11977410316467285,-0.02256941795349121,0.933444619178772,-0.04693979024887085,-0.006318509578704834,0.9899460077285767,0.16904330253601074,0.039988040924072266,-0.44848766922950745,0.9011755585670471,0.0010101795196533203,0.06610572338104248,-0.5423562526702881,0.9876970052719116,0.13065284490585327,0.25922101736068726,0.9454895853996277,-0.14107924699783325,0.25566595792770386,0.9891079664230347,0.06938830229566068,0.17641760119704678,-0.0057484523552220335,-0.0054698410680738,0.0,0.0,0.0,0,0,1,1.0
crossover_11_05_02_fps30.mp4,791,0.11831226944923401,0.1615147896742417,0.11319866703777781,0.12052050232887268,-0.023373842239379883,0.9381859302520752,-0.0462820827960968,-0.0049124956130981445,0.9904048442840576,0.16648802161216736,0.04442441463470459,-0.4391609728336334,0.9088550806045532,2.2858381271362305e-05,0.06847786903381348,-0.524238109588623,0.9885305762290955,0.13072016835212708,0.2590961456298828,0.945250928401947,-0.14109939336776733,0.2553783059120178,0.9893072247505188,0.06895383114454212,0.1675696680394302,0.0038877327267716755,-0.010540646314620927,0.0,0.0,0.0,0,0,1,1.0
crossover_11_05_02_fps30.mp4,792,0.12130482494831085,0.14642199742591988,0.12171705118039755,0.1159854531288147,-0.025456130504608154,0.9401006102561951,-0.04525694251060486,-0.0048424601554870605,0.9910902380943298,0.14838719367980957,0.043226003646850586,-0.44933563470840454,0.9117391109466553,-0.0009056925773620605,0.07311302423477173,-0.5344627499580383,0.9894430637359619,0.13100546598434448,0.2566331624984741,0.9455574154853821,-0.14111554622650146,0.2527567744255066,0.9896240830421448,0.07851564518763016,0.15513800204022954,0.00851838414261974,-0.015092792248321829,0.0,0.0,0.0,0,0,1,1.0
crossover_11_05_02_fps30.mp4,793,0.12248308956623077,0.14642596224607052,0.12069540125567735,0.11429029703140259,-0.026144593954086304,0.9404639601707458,-0.04482191801071167,-0.00486341118812561,0.9916690587997437,0.14293307065963745,0.042802006006240845,-0.45601600408554077,0.9118691682815552,-0.0011444091796875,0.07379767298698425,-0.5389497876167297,0.9902268052101135,0.1313025951385498,0.2556094229221344,0.9432827234268188,-0.14096811413764954,0.25172093510627747,0.9896318316459656,0.0779716699521019,0.15484318338080094,-0.0010216499247202027,3.964820150637038e-06,0.0,0.0,0.0,0,0,1,1.0
crossover_11_05_02_fps30.mp4,794,0.12369951605796814,0.11499634859925612,0.14724231929313847,0.09852653741836548,-0.022667765617370605,0.9446291923522949,-0.04448431730270386,-0.004718363285064697,0.9924245476722717,0.11724531650543213,0.0655624270439148,-0.40739718079566956,0.9190280437469482,-0.0024337172508239746,0.08305323123931885,-0.5122827291488647,0.9911625385284424,0.13161683082580566,0.254311740398407,0.9466291666030884,-0.14056605100631714,0.249661386013031,0.9903977513313293,0.08171084783850795,0.13382847003061477,0.02654691803746112,-0.0314296136468144,0.0,0.0,0.0,0,0,1,1.0
crossover_11_05_02_fps30.mp4,795,0.12273746728897095,0.06806510373697439,0.19306656223971674,0.08793976902961731,-0.015236705541610718,0.9495345950126648,-0.04620766639709473,-0.003955215215682983,0.9930802583694458,0.086180180311203,0.08837273716926575,-0.42659348249435425,0.9264559745788574,-0.01562902331352234,0.09125736355781555,-0.5179603099822998,0.9919846057891846,0.13185665011405945,0.25499704480171204,0.9504406452178955,-0.14034712314605713,0.25006791949272156,0.9911187291145325,0.10624948473838525,0.1317946123291674,0.045824242946578275,-0.04693124486228173,0.0,0.0,0.0,1,0,0,1.0
crossover_11_05_02_fps30.mp4,796,0.1215730607509613,0.010410376120421838,0.24835648958275958,0.07559990882873535,-0.0004973113536834717,0.9541298747062683,-0.05062156915664673,-0.0035865604877471924,0.9935343265533447,0.05557596683502197,0.10947617888450623,-0.4895075857639313,0.9333097338676453,-0.028681457042694092,0.11273309588432312,-0.5244807600975037,0.9924517273902893,0.1327594518661499,0.2548294961452484,0.9522786140441895,-0.1396292746067047,0.24943390488624573,0.9911028742790222,0.14603996468173414,0.1411448771239466,0.05528992734304283,-0.05765472761655255,0.0,0.0,0.0,1,1,0,1.0
crossover_11_05_02_fps30.mp4,797,0.12184102833271027,-0.04639411649461522,0.2676809466466671,0.06333819031715393,0.006857544183731079,0.9584398865699768,-0.05633053183555603,-0.006234675645828247,0.9937951564788818,0.0345822274684906,0.12237396836280823,-0.47953149676322937,0.939763069152832,-0.05916881561279297,0.09720292687416077,-0.47568804025650024,0.9927747249603271,0.13590040802955627,0.2530134618282318,0.9551413059234619,-0.1373879611492157,0.24735507369041443,0.9910857677459717,0.16634688521164756,0.1709559831158741,0.019324457063907508,-0.05680449261503706,0.0,0.0,0.0,1,1,0,1.0
crossover_11_05_02_fps30.mp4,798,0.12359271943569183,-0.0456445141363952,0.26499392419326595,0.06215319037437439,0.006730705499649048,0.9620121121406555,-0.05734112858772278,-0.009375005960464478,0.9935926795005798,0.03275105357170105,0.11982092261314392,-0.49305322766304016,0.9449506402015686,-0.05836987495422363,0.09295281767845154,-0.4960215985774994,0.9921393990516663,0.1362137496471405,0.24995681643486023,0.9584380388259888,-0.1367248296737671,0.24444708228111267,0.9910040497779846,0.16498807661178677,0.17251109279923318,-0.0026870224534011333,0.0007496023582200251,0.0,0.0,0.0,1,1,0,1.0
crossover_11_05_02_fps30.mp4,799,0.1245155781507492,-0.08128393191402239,0.20917706780317358,0.05020400881767273,0.002935349941253662,0.9650254249572754,-0.06435522437095642,-0.011122584342956543,0.9850907325744629,0.017168134450912476,0.11553829908370972,-0.485418438911438,0.9492245316505432,-0.0758759081363678,0.09415847063064575,-0.48823729157447815,0.963264524936676,0.1386145055294037,0.2454284429550171,0.9615675806999207,-0.13349592685699463,0.23982053995132446,0.9890881180763245,0.13587136703081626,0.11514566607873655,-0.05581685639009237,-0.03563941777762719,0.0,0.0,0.0,0,0,0,1.0
crossover_11_05_02_fps30.mp4,800,0.11959230899810791,-0.11796573057013043,0.17045807925666245,0.04336613416671753,0.005496561527252197,0.9648535847663879,-0.07981017231941223,-0.0024684667587280273,0.9702879786491394,0.0030765533447265625,0.11594682931900024,-0.5082319974899292,0.9472798109054565,-0.10264173150062561,0.10927516222000122,-0.49288222193717957,0.9263799786567688,0.14050906896591187,0.24519354104995728,0.9601292014122009,-0.1318417489528656,0.2396301031112671,0.9706897139549255,0.13275055881272638,0.06307276975523714,-0.038718988546511124,-0.036681798656108044,0.0,0.0,0.0,0,0,1,1.0
crossover_11_05_02_fps30.mp4,801,0.11526161432266235,-0.14293798885102998,0.14434170461282503,0.03714868426322937,0.012065708637237549,0.9651618599891663,-0.0978129506111145,-0.00243532657623291,0.962774932384491,-0.007871955633163452,0.11448973417282104,-0.5399168133735657,0.9488164782524109,-0.14318853616714478,0.09345865249633789,-0.5336430668830872,0.9143626689910889,0.1405508816242218,0.24580615758895874,0.9612380266189575,-0.13153770565986633,0.23997187614440918,0.9568071961402893,0.13832560669796715,0.05088366895819089,-0.026116374643837426,-0.02497225828089955,0.0,0.0,0.0,0,0,1,1.0
crossover_11_05_02_fps30.mp4,802,0.11255921423435211,-0.158618760260485,0.1301875405195283,0.03420548141002655,0.017422616481781006,0.9670760631561279,-0.1086832731962204,-0.012210547924041748,0.9607866406440735,-0.012413457036018372,0.11410892009735107,-0.5610275864601135,0.9520868062973022,-0.15973098576068878,0.07286983728408813,-0.5557076930999756,0.9065729379653931,0.14127759635448456,0.24812769889831543,0.9638727307319641,-0.13109736144542694,0.24246811866760254,0.955689549446106,0.1470867523798071,0.0573284933497235,-0.014154164093296728,-0.015680771409455008,0.0,0.0,0.0,0,0,1,1.0
crossover_11_05_02_fps30.mp4,803,0.11026841402053833,-0.15838930859404093,0.13186782903787564,0.0330636203289032,0.022251516580581665,0.9689711332321167,-0.10925173759460449,-0.01514175534248352,0.9581812024116516,-0.012626498937606812,0.11520799994468689,-0.5543541312217712,0.9552857875823975,-0.15969565510749817,0.06704297661781311,-0.5571506023406982,0.9018256664276123,0.1415044367313385,0.2498115599155426,0.9666414856910706,-0.1315394639968872,0.24499759078025818,0.9558595418930054,0.14671178065974153,0.0648380137920349,0.0016802885183473393,0.00022945166644405823,0.0,0.0,0.0,0,0,1,1.0
crossover_11_05_02_fps30.mp4,804,0.10979413986206055,-0.16044591301578587,0.12130603005246421,0.03263843059539795,0.024022698402404785,0.9713624119758606,-0.11142051219940186,-0.018457114696502686,0.9597190022468567,-0.014682114124298096,0.11510270833969116,-0.544518232345581,0.9592466354370117,-0.1649901270866394,0.059084415435791016,-0.5495417714118958,0.9083916544914246,0.14214444160461426,0.2497943639755249,0.969474732875824,-0.13082626461982727,0.24517667293548584,0.9577014446258545,0.1458957376606673,0.06238733210378163,-0.01056179898541143,-0.002056604421744934,0.0,0.0,0.0,0,0,1,1.0
crossover_11_05_02_fps30.mp4,805,0.10939189791679382,-0.1519074844606852,0.12253449966267838,0.033026352524757385,0.02239212393760681,0.9727055430412292,-0.10724575817584991,-0.018001645803451538,0.9553488492965698,-0.012954279780387878,0.11544981598854065,-0.5521273612976074,0.9618901610374451,-0.1568193882703781,0.05863270163536072,-0.5464261174201965,0.9051449298858643,0.14204849302768707,0.2491677701473236,0.9712545871734619,-0.13035328686237335,0.24571433663368225,0.9565460681915283,0.13913369769285652,0.06409030028139807,0.0012284696102141668,0.008538428555100674,0.0,0.0,0.0,0,0,1,1.0
crossover_11_05_02_fps30.mp4,806,0.10920798778533936,-0.13285430093943063,0.1382445303405203,0.03336015343666077,0.019954800605773926,0.973583459854126,-0.09854298830032349,-0.015215814113616943,0.9417631030082703,-0.009200721979141235,0.11666452884674072,-0.5660433173179626,0.9637119174003601,-0.13815400004386902,0.06049531698226929,-0.5347990393638611,0.8931691646575928,0.1411978304386139,0.248498797416687,0.9721718430519104,-0.13083142042160034,0.24521100521087646,0.9491104483604431,0.12552252409093778,0.07792962843761303,0.015710030677841935,0.01905318352125457,0.0,0.0,0.0,0,0,1,1.0
crossover_11_05_02_fps30.mp4,807,0.11031115055084229,-0.09946340413416849,0.16838398895612572,0.03637656569480896,0.017164677381515503,0.9733930826187134,-0.08762526512145996,-0.0025169551372528076,0.9349011778831482,-0.0031621158123016357,0.11784914135932922,-0.54962158203125,0.9620215892791748,-0.10680636763572693,0.10137215256690979,-0.514377236366272,0.8652323484420776,0.14046302437782288,0.2468228042125702,0.9721691012382507,-0.13135233521461487,0.24315622448921204,0.946776807308197,0.1087552709255178,0.06741294630291916,0.030139458615605408,0.03339089680526214,0.0,0.0,0.0,0,0,1,1.0
crossover_11_05_02_fps30.mp4,808,0.11186397075653076,-0.10037727093292492,0.1669595388377585,0.03680217266082764,0.014872759580612183,0.9732314348220825,-0.0836019515991211,-0.0005581676959991455,0.931454062461853,-0.002493739128112793,0.1178615391254425,-0.5459551811218262,0.9609201550483704,-0.09981793165206909,0.1044287383556366,-0.5087093710899353,0.851887583732605,0.13953536748886108,0.24528995156288147,0.9725044369697571,-0.13229158520698547,0.24202027916908264,0.9458731412887573,0.10950707454011475,0.06253330208269865,-0.0014244501183672265,-0.0009138667987564353,0.0,0.0,0.0,0,0,0,1.0
crossover_11_05_02_fps30.mp4,809,0.11456601321697235,-0.0481296792878943,0.21900109212572982,0.03497382998466492,0.014266639947891235,0.9738590717315674,-0.07205420732498169,-0.0022225677967071533,0.9359328746795654,0.004765897989273071,0.11994907259941101,-0.5234566926956177,0.9619866609573364,-0.07041701674461365,0.0965552031993866,-0.4950055181980133,0.8625515699386597,0.13712450861930847,0.24503591656684875,0.9738830327987671,-0.1345796287059784,0.24198099970817566,0.9495732188224792,0.11229089307564985,0.12445770818182403,0.05204155328797133,0.05224759164503062,0.0,0.0,0.0,1,1,0,1.0
crossover_11_05_02_fps30.mp4,810,0.11469800770282745,0.008327553635936624,0.28219755815296643,0.049732744693756104,0.0064379870891571045,0.9740199446678162,-0.05819046497344971,-0.0020668208599090576,0.9419028759002686,0.03429126739501953,0.12009873986244202,-0.4512869715690613,0.9615415334701538,-0.0405537486076355,0.1094675362110138,-0.5022153258323669,0.8742238879203796,0.13582861423492432,0.24657633900642395,0.9737144708633423,-0.13575515151023865,0.2435036599636078,0.9527725577354431,0.16416498202524205,0.17951334821983264,0.06319646602723661,0.056457232923830925,0.0,0.0,0.0,1,1,0,1.0
crossover_11_05_02_fps30.mp4,811,0.11509686708450317,0.04735515400514767,0.24111077770954226,0.06518608331680298,0.0026379525661468506,0.9728092551231384,-0.04660236835479736,0.003688722848892212,0.9475816488265991,0.06451410055160522,0.10558220744132996,-0.46496376395225525,0.9573770761489868,-0.021876871585845947,0.11718699336051941,-0.549480140209198,0.8865110278129578,0.1353580355644226,0.24659493565559387,0.9747135639190674,-0.13533145189285278,0.24299082159996033,0.9563458561897278,0.13661047838848214,0.14195132156769488,-0.041086780443424176,0.039027600369211046,0.0,0.0,0.0,1,1,0,1.0
crossover_11_05_02_fps30.mp4,812,0.11604396998882294,0.04697767526416452,0.2409387193075041,0.06733039021492004,-0.001963198184967041,0.9737424850463867,-0.047074079513549805,0.006186962127685547,0.9527227878570557,0.06684163212776184,0.099437415599823,-0.4488481879234314,0.9575051665306091,-0.02084210515022278,0.11829465627670288,-0.540104866027832,0.8976091742515564,0.13498786091804504,0.24613267183303833,0.975367546081543,-0.13567286729812622,0.24280422925949097,0.9598285555839539,0.1428887529977509,0.1401466689299423,-0.00017205840203815548,-0.0003774787409831504,0.0,0.0,0.0,0,0,0,1.0
crossover_11_05_02_fps30.mp4,813,0.1155925840139389,0.08013130436509341,0.19952931287812026,0.07774272561073303,-0.003174424171447754,0.974431037902832,-0.044877082109451294,0.008225440979003906,0.9573144316673279,0.08917048573493958,0.10033667087554932,-0.4725663959980011,0.9564225077629089,-0.011357277631759644,0.11592000722885132,-0.5435632467269897,0.9075798392295837,0.1286483108997345,0.24643301963806152,0.9723225235939026,-0.14121541380882263,0.24358606338500977,0.9617989659309387,0.0996036496685095,0.12393819680368028,-0.041409406429383844,0.033153629100928894,0.0,0.0,0.0,0,0,1,1.0
crossover_11_05_02_fps30.mp4,814,0.11416451632976532,0.1068418663437084,0.16766722987337812,0.09099242091178894,-0.005170106887817383,0.967053234577179,-0.042351752519607544,0.01187986135482788,0.9612496495246887,0.11453506350517273,0.0978308916091919,-0.4992370009422302,0.9404054284095764,-0.0034503042697906494,0.1167328953742981,-0.5653993487358093,0.9161591529846191,0.1258598268032074,0.24672043323516846,0.948671281337738,-0.1441282331943512,0.24618560075759888,0.9534267783164978,0.07025880318305318,0.12148526383681832,-0.03186208300474214,0.02671056197861499,0.0,0.0,0.0,0,0,1,1.0
crossover_11_05_02_fps30.mp4,815,0.11488159000873566,0.12792794552900022,0.14147625332925373,0.10295191407203674,-0.00875285267829895,0.9669021964073181,-0.04378053545951843,0.01185646653175354,0.9649820327758789,0.14112308621406555,0.07894638180732727,-0.5115213394165039,0.9373054504394531,0.00037994980812072754,0.11786285042762756,-0.5859897136688232,0.9243606328964233,0.1237306296825409,0.24805614352226257,0.9488966464996338,-0.14619168639183044,0.24751612544059753,0.9563690423965454,0.06390693679286542,0.12971539619107678,-0.02619097654412439,0.021086079185291817,0.0,0.0,0.0,0,0,1,1.0
crossover_11_05_02_fps30.mp4,816,0.11819779872894287,0.13872575739682735,0.11645820198989498,0.11353468894958496,-0.01875966787338257,0.9688509702682495,-0.045014381408691406,0.012016832828521729,0.9682811498641968,0.1607162356376648,0.07301348447799683,-0.5440439581871033,0.9388037323951721,-0.001940906047821045,0.10776984691619873,-0.5698778033256531,0.9316779971122742,0.12209224700927734,0.24908322095870972,0.9442147612571716,-0.1481732726097107,0.2485218048095703,0.958497941493988,0.04869316803155629,0.1409347285750982,-0.02501805133935875,0.010797811867827134,0.0,0.0,0.0,0,0,1,1.0
crossover_11_05_02_fps30.mp4,817,0.11916540563106537,0.13761815842935599,0.11700759413765693,0.11293816566467285,-0.02067139744758606,0.9689297080039978,-0.04595327377319336,0.012320905923843384,0.9710366129875183,0.1590954065322876,0.07421991229057312,-0.5761930346488953,0.9320856332778931,-0.0024761557579040527,0.10344460606575012,-0.5922662615776062,0.9378254413604736,0.12114083766937256,0.2497168481349945,0.9371918439865112,-0.14922040700912476,0.24940809607505798,0.9594157338142395,0.047875441553286435,0.14074932153668598,0.0005493921477619512,-0.0011075989674713682,0.0,0.0,0.0,0,0,1,1.0
crossover_11_05_02_fps30.mp4,818,0.12228477001190186,0.1455804816747116,0.0941195057659614,0.11795079708099365,-0.02673161029815674,0.9695508480072021,-0.0466877818107605,0.009000897407531738,0.9736263751983643,0.1649419665336609,0.04964339733123779,-0.5468757152557373,0.9294623136520386,-0.002536773681640625,0.09821796417236328,-0.5770703554153442,0.9436633586883545,0.12087637186050415,0.24995213747024536,0.9368966817855835,-0.1494237780570984,0.24994748830795288,0.9622936248779297,0.04850764184580214,0.14817394742534148,-0.022888088371695536,0.007962323245355618,0.0,0.0,0.0,0,0,1,1.0
crossover_11_05_02_fps30.mp4,819,0.12400703132152557,0.14988850749145122,0.07409503939675122,0.11998787522315979,-0.03313305974006653,0.9705041646957397,-0.0453743040561676,0.007531672716140747,0.9759664535522461,0.16516843438148499,0.036763519048690796,-0.48881494998931885,0.9289945960044861,-0.0011868774890899658,0.09350356459617615,-0.5552982091903687,0.9490521550178528,0.12232819199562073,0.25213006138801575,0.9380795955657959,-0.14841437339782715,0.2514648139476776,0.9651451706886292,0.040337557899089854,0.1523169813167115,-0.02002446636921018,0.0043080258167396135,0.0,0.0,0.0,0,0,1,1.0
crossover_11_05_02_fps30.mp4,820,0.12476840615272522,0.14957978594101085,0.06107186834986622,0.11742153763771057,-0.03776192665100098,0.9687345027923584,-0.04442170262336731,0.006905734539031982,0.9779797792434692,0.15867969393730164,0.03151857852935791,-0.47795140743255615,0.9209697246551514,-0.0006110966205596924,0.09137177467346191,-0.5490496754646301,0.9536941647529602,0.12305387854576111,0.2558143138885498,0.9321776032447815,-0.1477675437927246,0.25263965129852295,0.9664002656936646,0.030922568857646954,0.15321679257784424,-0.013023171046884996,-0.00030872155044037175,0.0,0.0,0.0,0,0,1,1.0
crossover_11_05_02_fps30.mp4,821,0.12556086480617523,0.14809029324580048,0.04825774562068097,0.11557966470718384,-0.039028048515319824,0.9688724875450134,-0.04396909475326538,0.004881769418716431,0.9797431826591492,0.15611869096755981,0.02173277735710144,-0.470855712890625,0.9226197600364685,-0.0010020136833190918,0.08521488308906555,-0.5306342244148254,0.9578871130943298,0.12336927652359009,0.25729361176490784,0.9288932681083679,-0.1476038694381714,0.2540874183177948,0.9682857394218445,0.02771333814903307,0.15360451163720376,-0.012814122729185251,-0.0014894926952103704,0.0,0.0,0.0,0,0,1,1.0
crossover_11_05_02_fps30.mp4,822,0.12640263140201569,0.14839379150988696,0.04837669323130356,0.11532869935035706,-0.039919883012771606,0.9691758751869202,-0.04396417737007141,0.002996474504470825,0.9813098311424255,0.1554366648197174,0.021021991968154907,-0.4624043107032776,0.9249256253242493,-0.0009655654430389404,0.08300092816352844,-0.5258153676986694,0.9616711735725403,0.12359485030174255,0.25739428400993347,0.9274118542671204,-0.14747783541679382,0.25445303320884705,0.9702267050743103,0.028246800626875044,0.1533201068158819,0.0001189476106225884,0.00030349826408648806,0.0,0.0,0.0,0,0,1,1.0
crossover_11_05_02_fps30.mp4,823,0.12767082452774048,0.14655258918212632,0.03899194729037403,0.11334866285324097,-0.040497004985809326,0.9690282940864563,-0.0437697172164917,0.0007452964782714844,0.9826271533966064,0.15404146909713745,0.018042445182800293,-0.46846142411231995,0.9262454509735107,-0.00031054019927978516,0.07876318693161011,-0.5207846760749817,0.964859664440155,0.12459796667098999,0.25765204429626465,0.9254231452941895,-0.14659982919692993,0.25468742847442627,0.9717533588409424,0.022247808002962752,0.15215298312652387,-0.009384745940929529,-0.0018412023277606382,0.0,0.0,0.0,0,0,1,1.0
crossover_11_05_02_fps30.mp4,824,0.13079164922237396,0.14466293009661013,0.03069486167372726,0.11266770958900452,-0.043447345495224,0.9547463655471802,-0.04348626732826233,-0.0024325549602508545,0.9838868379592896,0.1489400565624237,0.015521436929702759,-0.43330496549606323,0.8909617066383362,-0.00021776556968688965,0.07498553395271301,-0.5110306739807129,0.9678579568862915,0.12566468119621277,0.25771471858024597,0.9265950322151184,-0.14593011140823364,0.2545486390590668,0.9736852645874023,0.01576472737687328,0.15149943771405455,-0.008297085616646771,-0.0018896590855161932,0.0,0.0,0.0,0,0,1,1.0
crossover_11_05_02_fps30.mp4,825,0.1322656124830246,0.1430977745581481,0.026702291500277586,0.11070713400840759,-0.041000038385391235,0.9275903105735779,-0.04264429211616516,-0.004864633083343506,0.9848885536193848,0.14654752612113953,0.018063127994537354,-0.4195071756839752,0.8299862742424011,0.0002523958683013916,0.07219260931015015,-0.507057785987854,0.9703726768493652,0.12678781151771545,0.258000910282135,0.9275551438331604,-0.14509037137031555,0.25447821617126465,0.9754089117050171,0.00930246913057365,0.14991387936908615,-0.003992570173449672,-0.0015651555384620375,0.0,0.0,0.0,0,0,1,1.0
crossover_11_05_02_fps30.mp4,826,0.13360895216464996,0.14185148285607163,0.02312249294141444,0.10552886128425598,-0.03966405987739563,0.9018612504005432,-0.042386919260025024,-0.007227778434753418,0.9858522415161133,0.137047678232193,0.023146331310272217,-0.4534367322921753,0.774703323841095,0.000771254301071167,0.07038676738739014,-0.5123128294944763,0.972575306892395,0.12798789143562317,0.25795137882232666,0.9272639751434326,-0.14412474632263184,0.2541612982749939,0.9766309857368469,0.004803863771197887,0.14878690307965847,-0.0035797985588631454,-0.001246291702076463,0.0,0.0,0.0,0,0,1,1.0
crossover_11_05_02_fps30.mp4,827,0.13421569764614105,0.1424556420011035,0.022917631195812693,0.10339435935020447,-0.038634151220321655,0.8815121054649353,-0.04232397675514221,-0.008569061756134033,0.9865611791610718,0.1349509060382843,0.024341881275177002,-0.49926474690437317,0.7290422320365906,0.0010215938091278076,0.06969022750854492,-0.5382288098335266,0.9743192195892334,0.12860414385795593,0.2578401565551758,0.9272271990776062,-0.14360970258712769,0.25387197732925415,0.9775696992874146,0.00763868772500886,0.14896733116292282,-0.00020486174560174764,0.0006041591450318684,0.0,0.0,0.0,0,0,1,1.0
crossover_11_05_02_fps30.mp4,828,0.1353212296962738,0.14123401419591097,0.022105088611928392,0.09933704137802124,-0.03638240694999695,0.8563403487205505,-0.04294639825820923,-0.009522467851638794,0.987285315990448,0.12967520952224731,0.026185601949691772,-0.5209724307060242,0.6810707449913025,0.0015352964401245117,0.06838378310203552,-0.5587038993835449,0.9759541749954224,0.1291651725769043,0.2575935423374176,0.9260023832321167,-0.14320141077041626,0.2535052001476288,0.9780929684638977,0.012257918036256144,0.1471647012918504,-0.0008125425838843015,-0.0012216278051925267,0.0,0.0,0.0,0,0,1,1.0
crossover_11_05_02_fps30.mp4,829,0.1361677497625351,0.1403720933502003,0.02238984602253613,0.09667244553565979,-0.03270420432090759,0.8462098240852356,-0.04377010464668274,-0.011418282985687256,0.9879392981529236,0.12756744027137756,0.03145378828048706,-0.5110949277877808,0.6552270650863647,0.002537935972213745,0.06563025712966919,-0.5521923899650574,0.9773349761962891,0.12984201312065125,0.2577211856842041,0.926575779914856,-0.14252969622612,0.25359052419662476,0.9790365099906921,0.015688026954479423,0.14445756502452003,0.00028475741060773885,-0.0008619208457106842,0.0,0.0,0.0,0,0,1,1.0
crossover_11_05_02_fps30.mp4,830,0.136752188205719,0.1387828074269376,0.02320767393926293,0.09417614340782166,-0.030208677053451538,0.8373454809188843,-0.04578357934951782,-0.013477712869644165,0.9883453845977783,0.12498888373374939,0.03811344504356384,-0.47933053970336914,0.6319662928581238,0.004019707441329956,0.06108805537223816,-0.5496641397476196,0.9781561493873596,0.13028529286384583,0.25810709595680237,0.929201066493988,-0.14218610525131226,0.25403305888175964,0.9803118705749512,0.020308971984502596,0.13998577218859987,0.0008178279167267988,-0.0015892859232626844,0.0,0.0,0.0,0,0,1,1.0
crossover_11_05_02_fps30.mp4,831,0.13514719903469086,0.13704454080533168,0.025608153168748093,0.09231039881706238,-0.02524721622467041,0.8239549994468689,-0.04768812656402588,-0.01271885633468628,0.9885159730911255,0.12424013018608093,0.04374271631240845,-0.49915817379951477,0.6077923774719238,0.007481008768081665,0.050944745540618896,-0.589461088180542,0.9788347482681274,0.1304025948047638,0.2603723406791687,0.9306789636611938,-0.14231956005096436,0.25606393814086914,0.9810160994529724,0.02219944395064403,0.13201761907785586,0.002400479229485164,-0.0017382666216059217,0.0,0.0,0.0,0,0,1,1.0
crossover_11_05_02_fps30.mp4,832,0.13457971811294556,0.1372428807161622,0.026056502795800962,0.09197121858596802,-0.022700607776641846,0.8027529716491699,-0.048221737146377563,-0.012987375259399414,0.9881419539451599,0.12343508005142212,0.04601472616195679,-0.5053850412368774,0.5730504393577576,0.008706748485565186,0.04878437519073486,-0.5918232798576355,0.9787294268608093,0.13060450553894043,0.260966956615448,0.9338410496711731,-0.14213243126869202,0.25632137060165405,0.981740415096283,0.02426903457351703,0.13053004815904237,0.0004483496270528686,0.00019833991083051394,0.0,0.0,0.0,0,0,1,1.0
crossover_11_05_02_fps30.mp4,833,0.13473054766654968,0.13597972554675608,0.025529981531747903,0.09009534120559692,-0.022360384464263916,0.80296790599823,-0.04914027452468872,-0.015817701816558838,0.9883365631103516,0.12001842260360718,0.04735320806503296,-0.5314606428146362,0.5710192322731018,0.010863780975341797,0.03537088632583618,-0.6578860282897949,0.9797801375389099,0.1306922435760498,0.26133501529693604,0.9380389451980591,-0.1420947015285492,0.2562474012374878,0.9828329682350159,0.02703731510276216,0.12550236250032715,-0.0005265212640530592,-0.001263155169406116,0.0,0.0,0.0,0,0,1,1.0
crossover_11_05_02_fps30.mp4,834,0.13675636053085327,0.1362350448713464,0.02329802556735716,0.08894351124763489,-0.024412840604782104,0.8035060167312622,-0.04901954531669617,-0.020527690649032593,0.988667905330658,0.11652293801307678,0.04588565230369568,-0.5378075838088989,0.569675862789154,0.014422506093978882,0.015453726053237915,-0.6953287124633789,0.9809367656707764,0.13163748383522034,0.26049110293388367,0.9424304366111755,-0.1412365436553955,0.25499579310417175,0.9839127063751221,0.02997946027486144,0.12206485013407782,-0.0022319559643907416,0.0002553193245903307,0.0,0.0,0.0,0,0,1,1.0
crossover_11_05_02_fps30.mp4,835,0.1392170786857605,0.13677318348722944,0.02129536823528566,0.08874067664146423,-0.027233213186264038,0.8056597113609314,-0.04832911491394043,-0.023338884115219116,0.989214301109314,0.1165647804737091,0.04337552189826965,-0.5342689752578735,0.5760396122932434,0.01740238070487976,-0.0011607110500335693,-0.6986860036849976,0.9823814630508423,0.13220879435539246,0.25884899497032166,0.946294903755188,-0.14069321751594543,0.25335726141929626,0.9848755598068237,0.029931801451597316,0.1214646617488855,-0.0020026573320715,0.0005381386158830326,0.0,0.0,0.0,0,0,1,1.0
crossover_11_05_02_fps30.mp4,836,0.14551329612731934,0.13755775599156395,0.015157665275945864,0.08934077620506287,-0.032602667808532715,0.8055741786956787,-0.04720801115036011,-0.031879425048828125,0.9899244904518127,0.11729905009269714,0.037933528423309326,-0.4875665307044983,0.5820317268371582,0.021376818418502808,-0.01654219627380371,-0.6654731631278992,0.9838491678237915,0.1330956518650055,0.25352907180786133,0.9487910866737366,-0.13985252380371094,0.2480846643447876,0.9856770038604736,0.03048204564664599,0.120427951396795,-0.006137702959339797,0.000784572504334502,0.0,0.0,0.0,0,0,1,1.0
crossover_11_05_02_fps30.mp4,837,0.14851129055023193,0.1379161993325767,0.012686678985270095,0.08964553475379944,-0.03528556227684021,0.8039407730102539,-0.04673045873641968,-0.03475424647331238,0.9905114769935608,0.11728665232658386,0.03532317280769348,-0.4753257632255554,0.5822467803955078,0.022812634706497192,-0.019939452409744263,-0.6527012586593628,0.9851226210594177,0.13352617621421814,0.2509872615337372,0.9511290788650513,-0.1395716369152069,0.24562546610832214,0.9864581227302551,0.030626607096527692,0.11963818386884183,-0.0024709862906757696,0.00035844334101275965,0.0,0.0,0.0,0,0,1,1.0
crossover_11_05_02_fps30.mp4,838,0.15148614346981049,0.1379369730666532,0.010423781377513208,0.09032711386680603,-0.036300331354141235,0.8054373264312744,-0.04623904824256897,-0.038303226232528687,0.9909278750419617,0.11729148030281067,0.033723384141922,-0.47889068722724915,0.5823333263397217,0.02584323287010193,-0.023634105920791626,-0.6546550393104553,0.9860095977783203,0.1334904134273529,0.24880322813987732,0.9531512260437012,-0.13960936665534973,0.24424651265144348,0.9871052503585815,0.031130497272628333,0.11715351586049805,-0.0022628976077568863,2.0773734076495742e-05,0.0,0.0,0.0,0,0,1,1.0
crossover_11_05_02_fps30.mp4,839,0.1525919884443283,0.13789800668166852,0.010327132009878337,0.09074932336807251,-0.03524830937385559,0.809633731842041,-0.044596701860427856,-0.03874608874320984,0.9913558959960938,0.11803191900253296,0.033199459314346313,-0.4833402931690216,0.5880619883537292,0.03016507625579834,-0.0226726233959198,-0.6546708345413208,0.9868742227554321,0.13342463970184326,0.2479160726070404,0.9553313255310059,-0.13969379663467407,0.24427828192710876,0.9877445697784424,0.030295293297768432,0.1126737243326406,-9.66493676348712e-05,-3.896638498468441e-05,0.0,0.0,0.0,0,0,1,1.0
crossover_11_05_02_fps30.mp4,840,0.15306466817855835,0.13782475348246304,0.011024477569068325,0.09096375107765198,-0.03456541895866394,0.8109100461006165,-0.0405658483505249,-0.038100212812423706,0.9917205572128296,0.11823686957359314,0.032867223024368286,-0.4880496859550476,0.5899249911308289,0.03933247923851013,-0.014631062746047974,-0.6035332083702087,0.9874836206436157,0.13340511918067932,0.2472432553768158,0.9570562243461609,-0.13971620798110962,0.24433335661888123,0.9882553815841675,0.029339235249958226,0.1017788525903421,0.000697345559189988,-7.325319920548079e-05,0.0,0.0,0.0,0,0,1,1.0
crossover_11_05_02_fps30.mp4,841,0.1529989391565323,0.1377072075666007,0.01182870530500646,0.091031014919281,-0.033241599798202515,0.8176743388175964,-0.0355796217918396,-0.03733673691749573,0.9920266270637512,0.11868488788604736,0.034376710653305054,-0.4969807267189026,0.6023992896080017,0.04023170471191406,-0.002602189779281616,-0.595832109451294,0.9880790114402771,0.13335633277893066,0.2471713125705719,0.9593684077262878,-0.1396731734275818,0.2444916069507599,0.9888511300086975,0.029500189681018477,0.09853793376008933,0.0008042277359381345,-0.0001175459158623271,0.0,0.0,0.0,0,0,1,1.0
crossover_11_05_02_fps30.mp4,842,0.15303348004817963,0.13771851224414378,0.011932822989254466,0.091025710105896,-0.03264477849006653,0.8247544169425964,-0.03407895565032959,-0.03684839606285095,0.9922792315483093,0.1189526915550232,0.035309821367263794,-0.4989190101623535,0.6153115034103394,0.04048055410385132,0.0026802122592926025,-0.5932947993278503,0.9885833263397217,0.13331103324890137,0.24715068936347961,0.9615318179130554,-0.13963770866394043,0.24456384778022766,0.9893635511398315,0.02997732608658879,0.09767717905741072,0.00010411768424800627,1.1304677543066965e-05,0.0,0.0,0.0,0,0,1,1.0
crossover_11_05_02_fps30.mp4,843,0.15094560384750366,0.13752565707190567,0.015280874764047048,0.09088194370269775,-0.030411839485168457,0.8293827772140503,-0.03142225742340088,-0.03459882736206055,0.9924977421760559,0.1190839409828186,0.03816467523574829,-0.511510968208313,0.6226672530174255,0.03964179754257202,0.013179600238800049,-0.5972896218299866,0.9890409111976624,0.13324320316314697,0.24909359216690063,0.9631369709968567,-0.13963380455970764,0.2466973066329956,0.9898942708969116,0.029389882890871254,0.097906410980021,0.003348051774792582,-0.00019285517223810444,0.0,0.0,0.0,0,0,1,1.0
crossover_11_05_02_fps30.mp4,844,0.15066756308078766,0.13720928349737394,0.01650093561265531,0.09085202217102051,-0.02974647283554077,0.8288139700889587,-0.03169137239456177,-0.03383004665374756,0.9926905035972595,0.11923915147781372,0.0398939847946167,-0.5143890976905823,0.6208578944206238,0.03859555721282959,0.016720354557037354,-0.5921167135238647,0.9894168972969055,0.13320839405059814,0.24908173084259033,0.9645230174064636,-0.13963109254837036,0.2468487024307251,0.990323007106781,0.02949848122921056,0.09861397039160417,0.001220060848608262,-0.0003163735745317364,0.0,0.0,0.0,0,0,1,1.0
crossover_11_05_02_fps30.mp4,845,0.15026023983955383,0.13702419470932525,0.01743476957809631,0.09094494581222534,-0.028929561376571655,0.8251914381980896,-0.0326385498046875,-0.032909005880355835,0.9926603436470032,0.11911696195602417,0.04027703404426575,-0.5157672762870789,0.6134768724441528,0.03733932971954346,0.017005354166030884,-0.5880079865455627,0.9892081618309021,0.1332196593284607,0.24904051423072815,0.9648903012275696,-0.13958266377449036,0.24695047736167908,0.9904263615608215,0.029024783045241285,0.09968578988816382,0.000933833965441,-0.00018508878804868178,0.0,0.0,0.0,0,0,1,1.0
crossover_11_05_02_fps30.mp4,846,0.150869682431221,0.13675188189845977,0.016991915353914533,0.09097307920455933,-0.02954268455505371,0.8169088363647461,-0.03370344638824463,-0.0336880087852478,0.9925152659416199,0.11924082040786743,0.039743900299072266,-0.5148538947105408,0.5991263389587402,0.037004053592681885,0.015739381313323975,-0.5751028060913086,0.9885429739952087,0.13318729400634766,0.24806827306747437,0.965497612953186,-0.13950368762016296,0.2460918426513672,0.9905091524124146,0.028710452686643417,0.09975569203429839,-0.0004428542241817768,-0.00027231281086548265,0.0,0.0,0.0,0,0,1,1.0
crossover_11_05_02_fps30.mp4,847,0.15103711187839508,0.13678648138450367,0.016671680095719177,0.09080687165260315,-0.029865950345993042,0.8082248568534851,-0.034929126501083374,-0.033964067697525024,0.9923481941223145,0.11919942498207092,0.039471834897994995,-0.5161190629005432,0.5840021967887878,0.03669354319572449,0.015178710222244263,-0.5755171179771423,0.9877831339836121,0.1331758201122284,0.24746420979499817,0.9657580256462097,-0.13946682214736938,0.24590328335762024,0.9905127286911011,0.028794992827054004,0.10010407201660616,-0.00032023525819535603,3.4599486043895844e-05,0.0,0.0,0.0,0,0,1,1.0
crossover_11_05_02_fps30.mp4,848,0.1510360985994339,0.1365047390178099,0.01669698982703971,0.09063231945037842,-0.030041396617889404,0.8031553030014038,-0.03667229413986206,-0.03400665521621704,0.9921513795852661,0.1192556619644165,0.03925842046737671,-0.5146763920783997,0.5755701065063477,0.034898459911346436,0.01469576358795166,-0.5706371068954468,0.9870100021362305,0.13319897651672363,0.24718314409255981,0.9663689136505127,-0.1394486129283905,0.24623650312423706,0.9906432032585144,0.02839980302277887,0.10162598516285375,2.5309731320533047e-05,-0.0002817423666937602,0.0,0.0,0.0,0,0,1,1.0
crossover_11_05_02_fps30.mp4,849,0.15070652961730957,0.1358316374027123,0.01683975574446883,0.09049060940742493,-0.03003871440887451,0.8038804531097412,-0.03785237669944763,-0.03400564193725586,0.9921443462371826,0.11951753497123718,0.03926658630371094,-0.5017445683479309,0.5790292620658875,0.032259196043014526,0.014586567878723145,-0.5664452910423279,0.9870936274528503,0.1331261694431305,0.2469225525856018,0.9667139053344727,-0.13953644037246704,0.2465793490409851,0.9907931685447693,0.027732880612688224,0.10359694717879664,0.00014276591742912181,-0.0006731016150975933,0.0,0.0,0.0,0,0,1,1.0
crossover_11_05_02_fps30.mp4,850,0.14945943653583527,0.135185624482268,0.017978373824096283,0.09020248055458069,-0.028934985399246216,0.8063343167304993,-0.03855833411216736,-0.03325149416923523,0.9921518564224243,0.1197604238986969,0.040353089570999146,-0.5012578368186951,0.5880837440490723,0.02974960207939148,0.016706019639968872,-0.568828284740448,0.9873959422111511,0.13304659724235535,0.24796608090400696,0.966653048992157,-0.1396031379699707,0.24777445197105408,0.9909546375274658,0.027176547201550556,0.1054436992205307,0.0011386180796274514,-0.0006460129204443055,0.0,0.0,0.0,0,0,1,1.0
crossover_11_05_02_fps30.mp4,851,0.14809943735599518,0.13465807104514815,0.019298816744874214,0.08954080939292908,-0.028145939111709595,0.808722972869873,-0.03906264901161194,-0.03242996335029602,0.992149829864502,0.11958429217338562,0.04171314835548401,-0.4926900565624237,0.5955637097358704,0.0279066264629364,0.018382400274276733,-0.5707366466522217,0.9875895977020264,0.13297274708747864,0.24926647543907166,0.966620922088623,-0.1396283507347107,0.24936482310295105,0.9911192059516907,0.027011498866689646,0.10675537803565968,0.0013204429207779311,-0.0005275534371198543,0.0,0.0,0.0,0,0,1,1.0
crossover_11_05_02_fps30.mp4,852,0.14725425839424133,0.13464252453739356,0.02009995928624786,0.08927062153816223,-0.027460426092147827,0.8047404885292053,-0.03934803605079651,-0.03176495432853699,0.9920743107795715,0.11942735314369202,0.042489975690841675,-0.4943075478076935,0.5917822122573853,0.027612954378128052,0.019496113061904907,-0.573860764503479,0.9873823523521423,0.13285419344902039,0.24989667534828186,0.9655067920684814,-0.13963240385055542,0.2503601014614105,0.9910202026367188,0.02707054257191189,0.10703127355469425,0.000801142541373645,-1.554650775459354e-05,0.0,0.0,0.0,0,0,1,1.0
crossover_11_05_02_fps30.mp4,853,0.14708124101161957,0.13418662618782562,0.019888952737901255,0.08922848105430603,-0.02728310227394104,0.8048505187034607,-0.03954535722732544,-0.031821757555007935,0.9921151995658875,0.11921283602714539,0.04265913367271423,-0.5031266808509827,0.5954402089118958,0.02748122811317444,0.019793063402175903,-0.5747538805007935,0.9874057769775391,0.13279840350151062,0.24969813227653503,0.9650049805641174,-0.13965284824371338,0.25057223439216614,0.991014838218689,0.027252440837110436,0.10670544115945765,-0.00021100654834660393,-0.0004558983495679403,0.0,0.0,0.0,0,0,1,1.0
crossover_11_05_02_fps30.mp4,854,0.1469527781009674,0.1339857141850358,0.019782728102148983,0.08921778202056885,-0.027093589305877686,0.8083821535110474,-0.039691001176834106,-0.032058537006378174,0.9923146367073059,0.11917418241500854,0.04291820526123047,-0.4970279633998871,0.6041123270988464,0.027375221252441406,0.019994735717773438,-0.5719766020774841,0.9879006743431091,0.13280469179153442,0.24973392486572266,0.9654083847999573,-0.13967901468276978,0.2508617639541626,0.9912526607513428,0.027470562002858766,0.10661070373353626,-0.00010622463575227226,-0.00020091200278982146,0.0,0.0,0.0,0,0,1,1.0
crossover_11_05_02_fps30.mp4,855,0.14676709473133087,0.13389778975713051,0.02000825376045412,0.08918192982673645,-0.0267941951751709,0.8125995397567749,-0.03979787230491638,-0.03211319446563721,0.9924205541610718,0.11913594603538513,0.043252408504486084,-0.49374380707740784,0.6119986772537231,0.02725633978843689,0.020284652709960938,-0.5666373372077942,0.988251268863678,0.1327514946460724,0.2500656247138977,0.9660114645957947,-0.1397177278995514,0.2512660622596741,0.9915147423744202,0.02753548183398535,0.10664180816079909,0.00022552565830513682,-8.792442790528376e-05,0.0,0.0,0.0,0,0,1,1.0
crossover_11_05_02_fps30.mp4,856,0.14684303104877472,0.13397505343970606,0.0200240801020366,0.0891602635383606,-0.026820719242095947,0.8122835159301758,-0.03982695937156677,-0.03235882520675659,0.992458701133728,0.11884236335754395,0.04322701692581177,-0.4979495704174042,0.6111137270927429,0.027293801307678223,0.020222067832946777,-0.5687519311904907,0.9884636402130127,0.13273054361343384,0.2500704526901245,0.9664400815963745,-0.13972920179367065,0.25137031078338623,0.9916491508483887,0.027701526787721812,0.10668143585272409,1.5826341582481085e-05,7.726368257554572e-05,0.0,0.0,0.0,0,0,1,1.0
crossover_11_05_02_fps30.mp4,857,0.14686670899391174,0.133962248846636,0.020034379639276678,0.08912572264671326,-0.026903122663497925,0.8123950362205505,-0.03984498977661133,-0.032465964555740356,0.9924569129943848,0.11842772364616394,0.043192893266677856,-0.5120034217834473,0.6091752648353577,0.027337580919265747,0.02016410231590271,-0.5693447589874268,0.988548755645752,0.13271978497505188,0.25006982684135437,0.9670051336288452,-0.13972172141075134,0.25139275193214417,0.9917618632316589,0.02788616550611839,0.10662474683953443,1.029953724007715e-05,-1.2804593070070425e-05,0.0,0.0,0.0,0,0,1,1.0
crossover_11_05_02_fps30.mp4,858,0.14678069949150085,0.1340721307164532,0.020086952098986033,0.08910378813743591,-0.026990503072738647,0.8138553500175476,-0.03985276818275452,-0.032502442598342896,0.9924561381340027,0.11812075972557068,0.04303571581840515,-0.5177963972091675,0.609336256980896,0.027352124452590942,0.02009180188179016,-0.5733793377876282,0.9885662198066711,0.1327424943447113,0.2501085102558136,0.9677610397338867,-0.13972637057304382,0.25136610865592957,0.991913378238678,0.0279480230559962,0.10672000637405898,5.2572459709354646e-05,0.00010988186981719661,0.0,0.0,0.0,0,0,1,1.0
crossover_11_05_02_fps30.mp4,859,0.14709722995758057,0.13419513439728037,0.019772874582104527,0.08905899524688721,-0.02760818600654602,0.816220760345459,-0.03988593816757202,-0.033052295446395874,0.992547869682312,0.11803686618804932,0.042453378438949585,-0.5183823704719543,0.6113244295120239,0.027356982231140137,0.01949724555015564,-0.573111355304718,0.9888412356376648,0.13272619247436523,0.2495715320110321,0.968456506729126,-0.13975819945335388,0.25081053376197815,0.9920319318771362,0.02784770882356052,0.10683850770971386,-0.00031407751688150576,0.00012300368082718283,0.0,0.0,0.0,0,0,1,1.0
crossover_11_05_02_fps30.mp4,860,0.14733965694904327,0.1343327706143007,0.01966566676046788,0.08902174234390259,-0.028070062398910522,0.8211306929588318,-0.03991961479187012,-0.033469170331954956,0.9926558136940002,0.11800646781921387,0.04196926951408386,-0.5171654224395752,0.6188334226608276,0.02735370397567749,0.019060879945755005,-0.5714662671089172,0.9891898036003113,0.13273173570632935,0.24916324019432068,0.9697102904319763,-0.13979503512382507,0.25036051869392395,0.9923073053359985,0.027640529277638062,0.10698077615142937,-0.00010720782163664566,0.00013763621702034268,0.0,0.0,0.0,0,0,1,1.0
crossover_11_05_02_fps30.mp4,861,0.14775897562503815,0.13442517125000386,0.01972219798623065,0.08894148468971252,-0.02862715721130371,0.8254143595695496,-0.03994527459144592,-0.03402608633041382,0.9927932620048523,0.1180010735988617,0.041402459144592285,-0.5160872340202332,0.6251655220985413,0.02721235156059265,0.018600642681121826,-0.5694894790649414,0.9895137548446655,0.1327436864376068,0.24860423803329468,0.9709262847900391,-0.1398039162158966,0.24978739023208618,0.9925707578659058,0.027198983575659915,0.10721868583440397,5.6531225762768145e-05,9.240063570314927e-05,0.0,0.0,0.0,0,0,1,1.0
crossover_11_05_02_fps30.mp4,862,0.1479748636484146,0.13442510568489463,0.019364454978849865,0.08889716863632202,-0.028964519500732422,0.828288733959198,-0.03995770215988159,-0.03435570001602173,0.9929105639457703,0.1180000901222229,0.04105675220489502,-0.5146587491035461,0.629255473613739,0.027107536792755127,0.018312692642211914,-0.5660592913627625,0.9897925853729248,0.13276547193527222,0.24826067686080933,0.9718608856201172,-0.1398104429244995,0.2494351863861084,0.9927877187728882,0.027209132569361614,0.10732272264964153,-0.00035774300738078413,-6.556510923072523e-08,0.0,0.0,0.0,0,0,1,1.0
crossover_11_05_02_fps30.mp4,863,0.14808768033981323,0.13425240102460834,0.01984902765692731,0.08874014019966125,-0.029134750366210938,0.8314165472984314,-0.04002842307090759,-0.03447270393371582,0.9930282235145569,0.11772653460502625,0.04088878631591797,-0.5088318586349487,0.6322830319404602,0.02701297402381897,0.018539071083068848,-0.5654032826423645,0.9899100065231323,0.13275286555290222,0.24809235334396362,0.9728348255157471,-0.13982874155044556,0.24927067756652832,0.9930155873298645,0.026753984849858227,0.10724742742687597,0.000484572678077444,-0.0001727046602862936,0.0,0.0,0.0,0,0,1,1.0
crossover_11_05_02_fps30.mp4,864,0.14835190773010254,0.13416480462429892,0.020649590143343333,0.08853903412818909,-0.029423773288726807,0.8367659449577332,-0.040437012910842896,-0.034751176834106445,0.9931842088699341,0.11735692620277405,0.04061847925186157,-0.5068609118461609,0.6434823870658875,0.026859134435653687,0.018996119499206543,-0.5794476866722107,0.9900974035263062,0.13275328278541565,0.24781382083892822,0.9744843244552612,-0.13983425498008728,0.2489808201789856,0.9933838844299316,0.02610098291752745,0.10731840857842297,0.0008005624864160232,-8.759640030941984e-05,0.0,0.0,0.0,0,0,1,1.0
crossover_11_05_02_fps30.mp4,865,0.14848323166370392,0.13412682100877926,0.020988668319655623,0.08838140964508057,-0.029477328062057495,0.8330026865005493,-0.040907979011535645,-0.03449532389640808,0.9933450818061829,0.11671674251556396,0.04095342755317688,-0.4923805296421051,0.6414100527763367,0.026378333568572998,0.01996752619743347,-0.5789875984191895,0.9901747107505798,0.13273108005523682,0.2478446066379547,0.9757617712020874,-0.1398611068725586,0.24892070889472961,0.9937148094177246,0.026489666747477027,0.1077533260595053,0.00033907817631229076,-3.798361551965446e-05,0.0,0.0,0.0,0,0,1,1.0
crossover_11_05_02_fps30.mp4,866,0.14850077033042908,0.13442551180467766,0.01958786946971247,0.08818084001541138,-0.02981477975845337,0.8326846361160278,-0.04208284616470337,-0.0340762734413147,0.993411123752594,0.11554974317550659,0.04155796766281128,-0.48093530535697937,0.6464583277702332,0.02472102642059326,0.021431684494018555,-0.5788192749023438,0.9902016520500183,0.13266056776046753,0.24817591905593872,0.9774710536003113,-0.13993284106254578,0.24909216165542603,0.9941350221633911,0.028965148989024758,0.10971997888821636,-0.0014007988499431523,0.0002986907958983931,0.0,0.0,0.0,0,0,1,1.0
crossover_11_05_02_fps30.mp4,867,0.14841482043266296,0.1343955454179796,0.019823049190567765,0.08808022737503052,-0.030028313398361206,0.8333013653755188,-0.0427127480506897,-0.03367975354194641,0.9934450387954712,0.11492729187011719,0.04195311665534973,-0.4803437292575836,0.6526356339454651,0.023883819580078125,0.022349923849105835,-0.5780912637710571,0.9901817440986633,0.13262873888015747,0.24849990010261536,0.9790179133415222,-0.13996264338493347,0.24933305382728577,0.994511067867279,0.029474612502960216,0.11054061083245136,0.00023517972085529415,-2.9966386698054848e-05,0.0,0.0,0.0,0,0,1,1.0
crossover_11_05_02_fps30.mp4,868,0.148149311542511,0.13511033118781401,0.01589048373989943,0.08799350261688232,-0.030177414417266846,0.8373993039131165,-0.04356399178504944,-0.03295302391052246,0.9934923052787781,0.1148681640625,0.041844844818115234,-0.47907090187072754,0.6663872003555298,0.021733582019805908,0.02408820390701294,-0.5794058442115784,0.9904179573059082,0.13254868984222412,0.24917376041412354,0.980599045753479,-0.14004197716712952,0.2499353289604187,0.994894802570343,0.03291465006509331,0.11367273141718609,-0.003932565450668335,0.000714785769834414,0.0,0.0,0.0,0,0,1,1.0
crossover_11_05_02_fps30.mp4,869,0.14657603204250336,0.136087991423526,0.00853093760769541,0.08804845809936523,-0.029752999544143677,0.8234493732452393,-0.045360684394836426,-0.030093878507614136,0.9935581088066101,0.11557531356811523,0.03560313582420349,-0.4799928367137909,0.6443291306495667,0.01956886053085327,0.026400774717330933,-0.584288477897644,0.9906893968582153,0.1322847604751587,0.25068625807762146,0.9815319776535034,-0.14026418328285217,0.2513878643512726,0.9951034188270569,0.033965774966482995,0.11788146140215904,-0.00735954613220402,0.0009776602357119968,0.0,0.0,0.0,0,0,1,1.0
crossover_11_05_02_fps30.mp4,870,0.14509792625904083,0.13717786780858443,-0.0008360920882806155,0.0884556770324707,-0.031844496726989746,0.7969464063644409,-0.04705655574798584,-0.027401745319366455,0.9935374855995178,0.1171838641166687,0.020230770111083984,-0.5211058259010315,0.5998049974441528,0.0162389874458313,0.029153168201446533,-0.5855620503425598,0.9906578660011292,0.13221865892410278,0.25232696533203125,0.9820242524147034,-0.14028140902519226,0.25289589166641235,0.9951659440994263,0.029044325892665455,0.12460163929949444,-0.009367029695976026,0.0010898763850584192,0.0,0.0,0.0,0,0,1,1.0
crossover_11_05_02_fps30.mp4,871,0.14389945566654205,0.13761467256788484,-0.010326370233442739,0.08850935101509094,-0.037677228450775146,0.7671006321907043,-0.04891568422317505,-0.026263803243637085,0.9935756921768188,0.11704346537590027,0.00199773907661438,-0.5656665563583374,0.5532397627830505,0.013124555349349976,0.03295615315437317,-0.5894036889076233,0.990454375743866,0.13212117552757263,0.25371500849723816,0.9824367165565491,-0.14045116305351257,0.2537067234516144,0.9952189922332764,0.023980371882474934,0.13179971971101223,-0.009490278145162123,0.0004368047593004132,0.0,0.0,0.0,0,0,1,1.0
crossover_11_05_02_fps30.mp4,872,0.14289900660514832,0.13750645831479869,-0.009610543890697154,0.0884861946105957,-0.03920239210128784,0.7380402684211731,-0.049604326486587524,-0.02525228261947632,0.9935604333877563,0.11702024936676025,-0.00026994943618774414,-0.5551090836524963,0.5100918412208557,0.012102603912353516,0.0349811315536499,-0.5909531116485596,0.9902626276016235,0.13201755285263062,0.25475090742111206,0.9825506806373596,-0.14061126112937927,0.25442326068878174,0.9952158331871033,0.022515138503378163,0.1330959962505396,0.0007158263427455847,-0.00010821425308615851,0.0,0.0,0.0,0,0,1,1.0
crossover_11_05_02_fps30.mp4,873,0.1414685994386673,0.1369038257558467,-0.01542319786257862,0.0879945456981659,-0.042275071144104004,0.7039228677749634,-0.05086106061935425,-0.024802803993225098,0.9936231374740601,0.11396202445030212,0.0022704601287841797,-0.5538735389709473,0.4675293564796448,0.009524613618850708,0.037565529346466064,-0.5912704467773438,0.9903109073638916,0.1318514049053192,0.25521665811538696,0.9825166463851929,-0.14077940583229065,0.25490039587020874,0.9951762557029724,0.02897225880490514,0.13796111370917669,-0.005812653971881465,-0.0006026325589519876,0.0,0.0,0.0,0,0,1,1.0
crossover_11_05_02_fps30.mp4,874,0.13909649848937988,0.13615951942185223,-0.013470685627402279,0.08666563034057617,-0.04375550150871277,0.6609863638877869,-0.05346754193305969,-0.02485862374305725,0.9935858249664307,0.11026334762573242,-0.012523919343948364,-0.5635284185409546,0.4267997145652771,0.006332337856292725,0.04000529646873474,-0.5935560464859009,0.9900829792022705,0.13130366802215576,0.25518736243247986,0.9819332957267761,-0.14135411381721497,0.25485000014305115,0.9950500130653381,0.025913472945354815,0.14040932210648666,0.0019525122351763402,-0.0007443063339944711,0.0,0.0,0.0,0,0,1,1.0
crossover_11_05_02_fps30.mp4,875,0.13553933799266815,0.13608318102561823,-0.003516523430987073,0.08627206087112427,-0.04226982593536377,0.6344212293624878,-0.05532613396644592,-0.02478843927383423,0.9937882423400879,0.10978293418884277,-0.008701086044311523,-0.6088525652885437,0.3954746425151825,0.0020146965980529785,0.04247099161148071,-0.5851810574531555,0.9903837442398071,0.1309567093849182,0.2551425099372864,0.9817278385162354,-0.14171460270881653,0.25491446256637573,0.9951028227806091,0.026806392393733232,0.1417364104825768,0.009954162196415206,-7.633839623399918e-05,0.0,0.0,0.0,0,0,1,1.0
crossover_11_05_02_fps30.mp4,876,0.13302604854106903,0.13604941822714722,0.01375153602623358,0.08693179488182068,-0.037471115589141846,0.6248826384544373,-0.056585609912872314,-0.02512463927268982,0.9938815236091614,0.11460050940513611,-0.004503220319747925,-0.5741955041885376,0.37663784623146057,-0.0021823346614837646,0.044953733682632446,-0.5788622498512268,0.9904754757881165,0.13070270419120789,0.2544383704662323,0.9815340638160706,-0.14207801222801208,0.2539688050746918,0.9951065182685852,0.028165436600665332,0.14170954323986978,0.017268059457220652,-3.3762798471004274e-05,0.0,0.0,0.0,0,0,1,1.0
crossover_11_05_02_fps30.mp4,877,0.13187870383262634,0.13595576730825132,0.01361226366787427,0.08764147758483887,-0.033719778060913086,0.627633810043335,-0.05672973394393921,-0.02505052089691162,0.9940922856330872,0.11752766370773315,-0.0028033852577209473,-0.5708213448524475,0.36649101972579956,-0.003233969211578369,0.04604160785675049,-0.572965681552887,0.9906823039054871,0.13086402416229248,0.2544519305229187,0.9814981818199158,-0.1423473060131073,0.25375014543533325,0.9952518343925476,0.024679313847022287,0.1429176165382708,-0.0001392723583593103,-9.365091889590449e-05,0.0,0.0,0.0,0,0,1,1.0
crossover_11_05_02_fps30.mp4,878,0.12933503091335297,0.1377497377031941,0.04395602069249971,0.08756986260414124,-0.028542518615722656,0.6486713290214539,-0.05700099468231201,-0.02419990301132202,0.9942195415496826,0.11616721749305725,0.01966804265975952,-0.4862418472766876,0.40667247772216797,-0.003951698541641235,0.04751378297805786,-0.5455632209777832,0.9909014701843262,0.13086190819740295,0.2544432282447815,0.9809280633926392,-0.14248767495155334,0.2534315586090088,0.9953287839889526,0.03249170748883221,0.1417460923846921,0.03034375702462544,0.0017939703949427788,0.0,0.0,0.0,0,0,1,1.0
crossover_11_05_02_fps30.mp4,879,0.12859272956848145,0.141565451783649,0.09869843677776613,0.08814561367034912,-0.02689257264137268,0.678994357585907,-0.05713784694671631,-0.022256582975387573,0.9945880770683289,0.11575859785079956,0.04934486746788025,-0.3985999822616577,0.46091681718826294,-0.003470778465270996,0.050603002309799194,-0.5084927082061768,0.9916013479232788,0.13087421655654907,0.2544834315776825,0.9802756309509277,-0.14279776811599731,0.25279030203819275,0.9954507946968079,0.0556935230842612,0.15280274507180894,0.05474241608526642,0.0038157140804548906,0.0,0.0,0.0,0,0,1,1.0
crossover_11_05_02_fps30.mp4,880,0.12720610201358795,0.1455931438227831,0.18891077870275919,0.0950639545917511,-0.016826361417770386,0.7092932462692261,-0.057141244411468506,-0.020377784967422485,0.9948310852050781,0.12178298830986023,0.08251455426216125,-0.4393412470817566,0.5125482082366943,-0.0024897754192352295,0.05320069193840027,-0.5222618579864502,0.9921776652336121,0.12966987490653992,0.25232401490211487,0.9780762195587158,-0.1430061161518097,0.2521599233150482,0.9952097535133362,0.10902788671144488,0.2008625864137668,0.09021234192499306,0.004027692039134112,0.0,0.0,0.0,1,0,0,1.0
crossover_11_05_02_fps30.mp4,881,0.1267617791891098,0.14756849832453967,0.28637719517800864,0.09989932179450989,-0.012898892164230347,0.7372172474861145,-0.0570889413356781,-0.01871129870414734,0.995039701461792,0.12478497624397278,0.09882918000221252,-0.4677162170410156,0.5596750378608704,-0.002013295888900757,0.05480661988258362,-0.5243123173713684,0.9927435517311096,0.12949058413505554,0.2524501383304596,0.9718676209449768,-0.14310279488563538,0.25175759196281433,0.9929016828536987,0.18892682942021846,0.2756803302790501,0.09746641647524945,0.0019753545017565655,0.0,0.0,0.0,1,1,0,1.0
crossover_11_05_02_fps30.mp4,882,0.12666264176368713,0.14749735603898262,0.28613479079269777,0.1012241542339325,-0.011878132820129395,0.7624716758728027,-0.05704665184020996,-0.01804274320602417,0.9952501058578491,0.1257464587688446,0.10031050443649292,-0.4719804525375366,0.6022871136665344,-0.001686185598373413,0.055280983448028564,-0.5233162641525269,0.9932684302330017,0.12936249375343323,0.2522590160369873,0.9672349691390991,-0.14316558837890625,0.25152844190597534,0.9911640882492065,0.18709293661666898,0.2748621644770236,-0.00024240438531086816,-7.114228555704649e-05,0.0,0.0,0.0,1,1,0,1.0
crossover_11_05_02_fps30.mp4,883,0.12641222774982452,0.14942779500605696,0.23838774590957457,0.10095810890197754,-0.011177033185958862,0.7843888998031616,-0.05693569779396057,-0.017630189657211304,0.9954540133476257,0.12760776281356812,0.09091511368751526,-0.4600934684276581,0.6399425268173218,-0.0011652112007141113,0.054764240980148315,-0.5226942896842957,0.993749737739563,0.12871789932250977,0.24615582823753357,0.9661225080490112,-0.14312851428985596,0.2512349784374237,0.9908442497253418,0.14907813742928241,0.2374780938970153,-0.0477470448831232,0.0019304389670743438,0.0,0.0,0.0,1,0,0,1.0
crossover_11_05_02_fps30.mp4,884,0.1254376769065857,0.14929406117584743,0.1689864831726725,0.10017484426498413,-0.012222319841384888,0.8040244579315186,-0.05679088830947876,-0.017293423414230347,0.9956286549568176,0.12944114208221436,0.08175292611122131,-0.4470008313655853,0.6736978888511658,-0.0008221864700317383,0.05421969294548035,-0.5267874598503113,0.9941132068634033,0.12890183925628662,0.2473432719707489,0.9662180542945862,-0.14325377345085144,0.2512059509754181,0.9911803007125854,0.0894641373631457,0.18896111755155146,-0.06940126273690206,-0.000133733830209537,0.0,0.0,0.0,0,0,0,1.0
crossover_11_05_02_fps30.mp4,885,0.12402015924453735,0.14846340134992442,0.11246463423821984,0.09937018156051636,-0.013501495122909546,0.8208873867988586,-0.05670127272605896,-0.01732984185218811,0.9957789182662964,0.12876826524734497,0.07947525382041931,-0.4360588490962982,0.7029382586479187,-0.0006313920021057129,0.05383250117301941,-0.5237149596214294,0.994392454624176,0.1295642852783203,0.2480538785457611,0.9655532836914062,-0.1434120535850525,0.25107118487358093,0.9914458394050598,0.03842131708374258,0.16020918960053426,-0.05652184893445267,-0.000830659825923008,0.0,0.0,0.0,0,0,1,1.0
crossover_11_05_02_fps30.mp4,886,0.1222221851348877,0.14534128661883083,0.07800676968039533,0.09830039739608765,-0.014212608337402344,0.829016387462616,-0.05663496255874634,-0.01715928316116333,0.9957742094993591,0.12804269790649414,0.044846296310424805,-0.4443877637386322,0.7201358079910278,-0.0009160637855529785,0.053392648696899414,-0.518397331237793,0.9945671558380127,0.13076186180114746,0.252280056476593,0.9645117521286011,-0.14351367950439453,0.25095927715301514,0.9914188385009766,0.03740131235075992,0.14831408395395523,-0.034457864557824514,-0.0031221147310935837,0.0,0.0,0.0,0,0,1,1.0
crossover_11_05_02_fps30.mp4,887,0.12166136503219604,0.14542483950065355,0.07804558800487982,0.09698715806007385,-0.014543473720550537,0.8330568671226501,-0.05656784772872925,-0.016616225242614746,0.9956575036048889,0.12769439816474915,0.03595370054244995,-0.4817675054073334,0.7324326038360596,-0.0010433495044708252,0.05316364765167236,-0.5224717855453491,0.9945904612541199,0.1312202513217926,0.25358521938323975,0.96241295337677,-0.14346638321876526,0.2509732246398926,0.991151750087738,0.0456737948950578,0.14856662258455433,3.881832448449085e-05,8.35528818227127e-05,0.0,0.0,0.0,0,0,1,1.0
crossover_11_05_02_fps30.mp4,888,0.12078183889389038,0.14034006373356966,0.05814457913724391,0.09286117553710938,-0.015687495470046997,0.8372915983200073,-0.05653947591781616,-0.016389459371566772,0.9956454038619995,0.12370288372039795,0.022769540548324585,-0.5382203459739685,0.7420251369476318,-0.001503288745880127,0.05291584134101868,-0.5402100086212158,0.9946908950805664,0.13123881816864014,0.2552966773509979,0.9635456204414368,-0.14346837997436523,0.2508128583431244,0.991448163986206,0.03909205947450469,0.1419396926217297,-0.019901008867635905,-0.005084775767083882,0.0,0.0,0.0,0,0,1,1.0
crossover_11_05_02_fps30.mp4,889,0.12039230763912201,0.13677037065312014,0.05322957751227586,0.09138727188110352,-0.016519218683242798,0.8262620568275452,-0.0566771924495697,-0.016252070665359497,0.9956304430961609,0.11831027269363403,0.0278986394405365,-0.5309492945671082,0.7168570756912231,-0.001873612403869629,0.05292966961860657,-0.5497190356254578,0.9947928786277771,0.1311054825782776,0.25591686367988586,0.9641259908676147,-0.14364495873451233,0.25023123621940613,0.9916508197784424,0.0313437655725683,0.13864430742966533,-0.004915001624968052,-0.003569693080449521,0.0,0.0,0.0,0,0,1,1.0
crossover_11_05_02_fps30.mp4,890,0.12086795270442963,0.1356410664016917,0.06991490285571034,0.08982846140861511,-0.01777169108390808,0.83051997423172,-0.056313514709472656,-0.016538769006729126,0.9957786798477173,0.11387547850608826,0.02851507067680359,-0.5161709785461426,0.7289288640022278,-0.0019990503787994385,0.05329892039299011,-0.548011064529419,0.9950361847877502,0.13124266266822815,0.254865437746048,0.96477210521698,-0.14375635981559753,0.2493228018283844,0.9919466376304626,0.04677271556028025,0.1386394338582954,0.016685325343434476,-0.0011293042514284313,0.0,0.0,0.0,0,0,1,1.0
crossover_11_05_02_fps30.mp4,891,0.1210973858833313,0.13738647376076651,0.12258072960667499,0.0908995270729065,-0.01658591628074646,0.8434984087944031,-0.056058257818222046,-0.016324788331985474,0.9959936141967773,0.11350458860397339,0.06322988867759705,-0.4597115218639374,0.7515018582344055,-0.002083122730255127,0.05270317196846008,-0.5469041466712952,0.9953552484512329,0.13079679012298584,0.25353315472602844,0.9634655714035034,-0.1442853808403015,0.24803683161735535,0.9920392632484436,0.06397551686099119,0.15599564547400174,0.05266582675096465,0.001745407359074802,0.0,0.0,0.0,0,0,1,1.0
crossover_11_05_02_fps30.mp4,892,0.1220473200082779,0.13692426721928486,0.12174925993128516,0.09126144647598267,-0.017193526029586792,0.8549882769584656,-0.0558837354183197,-0.0164889395236969,0.9961357712745667,0.11332285404205322,0.0697924792766571,-0.44955217838287354,0.7713758945465088,-0.002276778221130371,0.05224236845970154,-0.5462462306022644,0.9955856800079346,0.13058757781982422,0.2527303397655487,0.9625930786132812,-0.14466100931167603,0.2472003996372223,0.9921072721481323,0.057066047348274744,0.15558964944284387,-0.0008314696753898287,-0.00046220654148165785,0.0,0.0,0.0,0,0,0,1.0
crossover_11_05_02_fps30.mp4,893,0.1218717098236084,0.1379513499090227,0.20111703945369253,0.09610399603843689,-0.005549579858779907,0.8627285361289978,-0.05497017502784729,-0.014456063508987427,0.9950351119041443,0.11830177903175354,0.09584519267082214,-0.46881335973739624,0.7854593992233276,-0.00058707594871521,0.05244830250740051,-0.5418122410774231,0.994257390499115,0.12407949566841125,0.22889217734336853,0.9310530424118042,-0.1446116864681244,0.24695178866386414,0.9834978580474854,0.10708999654840297,0.20321242281008736,0.07936777952240737,0.001027082689737835,0.0,0.0,0.0,1,0,0,1.0
crossover_11_05_02_fps30.mp4,894,0.12095621228218079,0.1403194193112648,0.2882230377778774,0.09865278005599976,-0.0011593103408813477,0.8724474906921387,-0.05409342050552368,-0.012085437774658203,0.9945411086082458,0.12179684638977051,0.10564267635345459,-0.4715631604194641,0.8004683256149292,0.0017709136009216309,0.053348422050476074,-0.5396305918693542,0.9939332008361816,0.12488943338394165,0.23139095306396484,0.9061680436134338,-0.14451414346694946,0.24784457683563232,0.9730377197265625,0.18351750348537582,0.2726935524497479,0.08710599832418486,0.002368069402242101,0.0,0.0,0.0,1,0,0,1.0
crossover_11_05_02_fps30.mp4,895,0.12005724012851715,0.1429896489038306,0.2361481902075977,0.09961208701133728,0.0021657347679138184,0.8818742632865906,-0.05330401659011841,-0.011835098266601562,0.9940068125724792,0.12323138117790222,0.10142022371292114,-0.4828840494155884,0.8161839842796326,0.003382652997970581,0.05311685800552368,-0.5438076257705688,0.9935240149497986,0.12332835793495178,0.230574369430542,0.8987054228782654,-0.14438682794570923,0.24770677089691162,0.9718568921089172,0.13616906439907764,0.23019683289203782,-0.05207484757027969,0.002670229592565798,0.0,0.0,0.0,1,0,0,1.0
crossover_11_05_02_fps30.mp4,896,0.11860989034175873,0.14511802307629984,0.17144289845373573,0.09939113259315491,0.0018084347248077393,0.8901888132095337,-0.05278444290161133,-0.011341482400894165,0.9939339756965637,0.12446585297584534,0.09462353587150574,-0.4734901487827301,0.8306041359901428,0.00396004319190979,0.05315247178077698,-0.5536473989486694,0.9935407638549805,0.12371870875358582,0.2360551655292511,0.9012927412986755,-0.1444128453731537,0.24785324931144714,0.9734671711921692,0.07954700872690453,0.18416894506814252,-0.06470529175386197,0.0021283741724692495,0.0,0.0,0.0,0,0,0,1.0
crossover_11_05_02_fps30.mp4,897,0.11802937090396881,0.1451514420873028,0.1715262415932446,0.09917178750038147,0.0017882585525512695,0.8978933691978455,-0.0524233877658844,-0.01095890998840332,0.9939587116241455,0.12511995434761047,0.09265851974487305,-0.4734645485877991,0.8438520431518555,0.004227548837661743,0.05314832925796509,-0.560015857219696,0.9936420917510986,0.12380144000053406,0.2411102056503296,0.9050876498222351,-0.1443798542022705,0.24794703722000122,0.9751304388046265,0.08137185048047971,0.18404584705310617,8.334313950886241e-05,3.34190110029553e-05,0.0,0.0,0.0,0,0,1,1.0
crossover_11_05_02_fps30.mp4,898,0.11746229231357574,0.14543276085691936,0.1245680172268937,0.09816417098045349,0.0007176995277404785,0.9028294682502747,-0.05219215154647827,-0.010479271411895752,0.9941383600234985,0.12512478232383728,0.08959782123565674,-0.4460197389125824,0.8527288436889648,0.004294604063034058,0.052980780601501465,-0.5576345920562744,0.993950605392456,0.1267242729663849,0.2462940216064453,0.9094868302345276,-0.14425456523895264,0.24821120500564575,0.976852297782898,0.040439196329373914,0.1582552108173227,-0.04695822436635089,0.00028131876961656754,0.0,0.0,0.0,0,0,1,1.0
crossover_11_05_02_fps30.mp4,899,0.11605603992938995,0.14449039273342845,0.09878441066276733,0.09398436546325684,0.0005350112915039062,0.9053838849067688,-0.052139073610305786,-0.010058999061584473,0.994316041469574,0.12193244695663452,0.06281477212905884,-0.45087364315986633,0.8598427772521973,0.004153728485107422,0.05322641134262085,-0.5509185791015625,0.9941701292991638,0.12851321697235107,0.25116127729415894,0.9157508611679077,-0.14430227875709534,0.2486940622329712,0.9786595702171326,0.042457929929689484,0.1475462999685199,-0.02578360656412637,-0.0009423681234909109,0.0,0.0,0.0,0,0,1,1.0
crossover_11_05_02_fps30.mp4,900,0.11592616140842438,0.14358668044462042,0.09300181211494818,0.0916256308555603,-0.0038778483867645264,0.9046301245689392,-0.05170905590057373,-0.009614914655685425,0.9944619536399841,0.11953336000442505,0.06012716889381409,-0.43444502353668213,0.8605493903160095,0.00417560338973999,0.05379191040992737,-0.5492465496063232,0.9943748712539673,0.12924319505691528,0.2524891793727875,0.9217755198478699,-0.1443365216255188,0.24884024262428284,0.980359673500061,0.040734560156157056,0.14482011185370353,-0.005782598547819151,-0.000903712288808034,0.0,0.0,0.0,0,0,1,1.0
crossover_11_05_02_fps30.mp4,901,0.11647689342498779,0.1463463086192891,0.1254199965697963,0.09143662452697754,-0.004724174737930298,0.9080565571784973,-0.052076101303100586,-0.009182602167129517,0.9945315718650818,0.11906909942626953,0.06911453604698181,-0.4320809841156006,0.8674524426460266,0.0035546422004699707,0.05415639281272888,-0.5470801591873169,0.9944226145744324,0.12905794382095337,0.2517985999584198,0.9244424104690552,-0.14505350589752197,0.24849393963813782,0.9817603230476379,0.06256477464233345,0.15958684538240497,0.03241818445484812,0.0027596281746686824,0.0,0.0,0.0,0,0,1,1.0
crossover_11_05_02_fps30.mp4,902,0.11687643826007843,0.14618926068483773,0.12484319893325246,0.0916793942451477,-0.005462199449539185,0.9103851318359375,-0.05211940407752991,-0.009269863367080688,0.9945604801177979,0.11894559860229492,0.07262715697288513,-0.43568405508995056,0.8717387914657593,0.00353163480758667,0.05420294404029846,-0.5473576188087463,0.9943777918815613,0.12919360399246216,0.2512334883213043,0.9276435971260071,-0.14502307772636414,0.2480127513408661,0.9830338358879089,0.05889594350780555,0.15918933328673515,-0.0005767976365438354,-0.00015704793445137089,0.0,0.0,0.0,0,0,1,1.0
crossover_11_05_02_fps30.mp4,903,0.11673332750797272,0.15396887245824786,0.198372316651228,0.09702175855636597,-0.005640208721160889,0.914997935295105,-0.051256656646728516,-0.008723616600036621,0.9941433668136597,0.12359482049942017,0.0853952169418335,-0.45228463411331177,0.8788728713989258,0.004200875759124756,0.05687904357910156,-0.5569100975990295,0.9935904741287231,0.12800264358520508,0.2485697865486145,0.9264400005340576,-0.1450183093547821,0.24791115522384644,0.9834245443344116,0.11698892294206334,0.206035917159926,0.07352911771797555,0.007779611773410133,0.0,0.0,0.0,1,0,0,1.0
crossover_11_05_02_fps30.mp4,904,0.1161590963602066,0.15866235373383863,0.2826506816759342,0.10420554876327515,-0.0016436874866485596,0.9203776717185974,-0.04831498861312866,-0.007036954164505005,0.9932239651679993,0.13003844022750854,0.09958383440971375,-0.4882908761501312,0.8854044079780579,0.0066735148429870605,0.05941382050514221,-0.5589086413383484,0.9920620322227478,0.1278737187385559,0.2514326274394989,0.9228766560554504,-0.1450905203819275,0.24837413430213928,0.9825856685638428,0.1852911195724489,0.2700653686291093,0.0842783650247062,0.004693481275590772,0.0,0.0,0.0,1,0,0,1.0
crossover_11_05_02_fps30.mp4,905,0.1157599687576294,0.16223258547863717,0.2324726674614883,0.10820263624191284,0.0013775229454040527,0.9217035174369812,-0.04547816514968872,-0.006308197975158691,0.9921762943267822,0.14051347970962524,0.09947425127029419,-0.49481117725372314,0.8847910165786743,0.008085012435913086,0.06212371587753296,-0.5680208802223206,0.9898002743721008,0.1278325915336609,0.2510586380958557,0.9163221120834351,-0.14501863718032837,0.2485448122024536,0.9822012782096863,0.1347601508784092,0.2297395037443816,-0.0501780142144459,0.0035702317447985354,0.0,0.0,0.0,1,0,0,1.0
crossover_11_05_02_fps30.mp4,906,0.11525161564350128,0.16414503374342193,0.16982176609155608,0.11028483510017395,0.0012454688549041748,0.9233112335205078,-0.043666452169418335,-0.005208998918533325,0.9914143681526184,0.15005925297737122,0.09566941857337952,-0.48927298188209534,0.8837285041809082,0.008406907320022583,0.06297847628593445,-0.5640736818313599,0.9881700277328491,0.12851527333259583,0.2512911856174469,0.9074958562850952,-0.14513644576072693,0.2486889660358429,0.981850802898407,0.07547834035169076,0.18886464094255115,-0.06265090136993223,0.0019124482647847607,0.0,0.0,0.0,0,0,1,1.0
crossover_11_05_02_fps30.mp4,907,0.11484017968177795,0.16378746355994278,0.17010040821098704,0.11114740371704102,0.00153389573097229,0.9224664568901062,-0.043292999267578125,-0.00452694296836853,0.9900373816490173,0.15295261144638062,0.0948115885257721,-0.5166536569595337,0.8762064576148987,0.00849825143814087,0.0635862648487091,-0.5800387859344482,0.9848048090934753,0.12858235836029053,0.25146278738975525,0.8999818563461304,-0.14542707800865173,0.24888423085212708,0.9814046621322632,0.07606444892271008,0.1883082635935287,0.00027864211943096073,-0.00035757018347915004,0.0,0.0,0.0,0,0,1,1.0
crossover_11_05_02_fps30.mp4,908,0.11462153494358063,0.16591929510488346,0.13325833896311323,0.1135389506816864,-0.0010823607444763184,0.9200487732887268,-0.042517393827438354,-0.0035756826400756836,0.9893190860748291,0.15609344840049744,0.0779339075088501,-0.4747341275215149,0.867546021938324,0.008434563875198364,0.06420201063156128,-0.5570032000541687,0.984092116355896,0.12924405932426453,0.2515270709991455,0.896300733089447,-0.1454024612903595,0.24889808893203735,0.9815952181816101,0.05619021248576618,0.17195992862618098,-0.03684206924787381,0.0021318315449406766,0.0,0.0,0.0,0,0,1,1.0
crossover_11_05_02_fps30.mp4,909,0.11407797038555145,0.16423949447728825,0.11501373139823357,0.11658275127410889,-0.007123410701751709,0.9246306419372559,-0.042485594749450684,-0.002629876136779785,0.9891118407249451,0.16654598712921143,0.05836683511734009,-0.46315500140190125,0.8761365413665771,0.0082169771194458,0.06533753871917725,-0.5374391078948975,0.9842582941055298,0.12938350439071655,0.25169503688812256,0.8975003957748413,-0.1454891562461853,0.2488918900489807,0.9822834730148315,0.05669383358542337,0.16373988531132228,-0.018244607564879667,-0.001679800627595207,0.0,0.0,0.0,0,0,1,1.0
crossover_11_05_02_fps30.mp4,910,0.11554831266403198,0.15927597546981553,0.10262594397475078,0.11857181787490845,-0.01590627431869507,0.9286494255065918,-0.04305720329284668,-0.003521442413330078,0.9894703030586243,0.16680824756622314,0.04465806484222412,-0.43301063776016235,0.8841192722320557,0.006462037563323975,0.06445270776748657,-0.5162025690078735,0.9851321578025818,0.12947076559066772,0.2509104013442993,0.8987616896629333,-0.14562562108039856,0.24767082929611206,0.9830685257911682,0.05845519766502839,0.15750966821444531,-0.012387787423482788,-0.0049635190074727165,0.0,0.0,0.0,0,0,1,1.0
crossover_11_05_02_fps30.mp4,911,0.11612211167812347,0.15013590808642108,0.10172488369592803,0.11789941787719727,-0.019696176052093506,0.932357907295227,-0.04363483190536499,-0.003528416156768799,0.9899246692657471,0.1612653136253357,0.040985047817230225,-0.4092695116996765,0.8920087218284607,0.0029805898666381836,0.06462675333023071,-0.5117881894111633,0.9862068891525269,0.12960034608840942,0.25110650062561035,0.9011392593383789,-0.1456630825996399,0.24731850624084473,0.9838714599609375,0.061751043150871286,0.15175954321556137,-0.0009010602788227517,-0.009140067383394457,0.0,0.0,0.0,0,0,1,1.0
crossover_11_05_02_fps30.mp4,912,0.11631733179092407,0.15009238093586297,0.1014579512724062,0.11732423305511475,-0.021575063467025757,0.9363071322441101,-0.04390770196914673,-0.003251701593399048,0.9903580546379089,0.1595977544784546,0.040325015783309937,-0.3994808793067932,0.8996984958648682,0.0015110969543457031,0.06470361351966858,-0.5012813806533813,0.987221360206604,0.129808247089386,0.2514435946941376,0.9041039943695068,-0.1456662118434906,0.24720892310142517,0.9847338795661926,0.06186750300196547,0.15305972459546172,-0.0002669324235218262,-4.3527150558109184e-05,0.0,0.0,0.0,0,0,1,1.0
crossover_11_05_02_fps30.mp4,913,0.115549236536026,0.13383017950138798,0.11173656146700794,0.11066803336143494,-0.019861489534378052,0.9368079900741577,-0.04567229747772217,-0.0024566352367401123,0.9908765554428101,0.1460232436656952,0.04394713044166565,-0.38798078894615173,0.9033477902412415,-0.0028513967990875244,0.06801125407218933,-0.48268893361091614,0.988253116607666,0.13050571084022522,0.25277140736579895,0.9075024127960205,-0.14527559280395508,0.2480635941028595,0.9855416417121887,0.06887726600595115,0.14350524661751599,0.010278610194601745,-0.016262201434474988,0.0,0.0,0.0,0,0,1,1.0
crossover_11_05_02_fps30.mp4,914,0.11571009457111359,0.10773296538045851,0.13577988016896136,0.09351146221160889,-0.01898285746574402,0.9299125671386719,-0.05005925893783569,-0.002464205026626587,0.991522490978241,0.11473679542541504,0.055348724126815796,-0.39212101697921753,0.8942998051643372,-0.008750081062316895,0.07412460446357727,-0.48588085174560547,0.9892784357070923,0.13216936588287354,0.25278642773628235,0.9131282567977905,-0.14358681440353394,0.2480124533176422,0.9864698052406311,0.0807355219068695,0.1317940557494787,0.02404331870195342,-0.02609721412092947,0.0,0.0,0.0,0,0,1,1.0
crossover_11_05_02_fps30.mp4,915,0.11742636561393738,0.06568752577749348,0.1761242123638711,0.08003208041191101,-0.019099801778793335,0.9364134669303894,-0.053661197423934937,-0.00238075852394104,0.9922882318496704,0.08090218901634216,0.07933226227760315,-0.41583770513534546,0.9043216705322266,-0.019607990980148315,0.08322086930274963,-0.4951850473880768,0.990290105342865,0.13514408469200134,0.2506498396396637,0.9207440614700317,-0.14065700769424438,0.24570736289024353,0.987576961517334,0.09798044488046664,0.12612040410213401,0.04034433219490974,-0.04204543960296503,0.0,0.0,0.0,1,0,0,1.0
crossover_11_05_02_fps30.mp4,916,0.12466734647750854,0.009215277837494651,0.22306084385732328,0.06493452191352844,-0.00845077633857727,0.9426264762878418,-0.055680662393569946,-0.01020541787147522,0.9929030537605286,0.04987040162086487,0.10024043917655945,-0.4392845928668976,0.9138215184211731,-0.03962716460227966,0.07767918705940247,-0.4803714454174042,0.9911803603172302,0.1368996798992157,0.24228164553642273,0.927344560623169,-0.13781216740608215,0.23801979422569275,0.9881851673126221,0.12937422809736007,0.1533669140225202,0.046936631493452174,-0.05647224793999883,0.0,0.0,0.0,1,0,0,1.0
crossover_11_05_02_fps30.mp4,917,0.12523113191127777,0.009195078025429959,0.22179598168628967,0.06434875726699829,-0.004997849464416504,0.9482070207595825,-0.05671575665473938,-0.011569499969482422,0.993389904499054,0.047697246074676514,0.10234212875366211,-0.44210726022720337,0.9223327040672302,-0.04291781783103943,0.0765485167503357,-0.4600461721420288,0.9918959140777588,0.1369025707244873,0.241233229637146,0.9337334036827087,-0.13781842589378357,0.2368031144142151,0.9888078570365906,0.12550553742740692,0.1543132527842907,-0.0012648621710336094,-2.019981206469179e-05,0.0,0.0,0.0,1,1,0,1.0
crossover_11_05_02_fps30.mp4,918,0.12275940179824829,-0.06069503547781607,0.2647145322183283,0.04767182469367981,0.0029029548168182373,0.9520060420036316,-0.06390637159347534,-0.010227054357528687,0.9924792051315308,0.019868940114974976,0.11428603529930115,-0.45865094661712646,0.927719235420227,-0.06699365377426147,0.08454510569572449,-0.4627532958984375,0.9896044135093689,0.1376720368862152,0.24184778332710266,0.9380194544792175,-0.13703322410583496,0.237508624792099,0.9865610599517822,0.17064374248308548,0.18027949091876272,0.042918550532038635,-0.06989011350324603,0.0,0.0,0.0,1,1,0,1.0
crossover_11_05_02_fps30.mp4,919,0.11924000084400177,-0.10512576163825343,0.20656496649835165,0.037027716636657715,0.004390209913253784,0.9529870748519897,-0.07732930779457092,-0.0024693310260772705,0.9750937819480896,-0.0006310343742370605,0.11874547600746155,-0.48075541853904724,0.9279859662055969,-0.0927472710609436,0.10600975155830383,-0.4754479229450226,0.9345731735229492,0.14005959033966064,0.2407226264476776,0.9417639374732971,-0.13436806201934814,0.23707380890846252,0.9788488149642944,0.13649692647111403,0.10131425507109927,-0.05814956571997665,-0.04443072616043736,0.0,0.0,0.0,0,0,0,1.0
crossover_11_05_02_fps30.mp4,920,0.11077865958213806,-0.13636916148460515,0.1716263853922123,0.025729715824127197,0.023938387632369995,0.9559540748596191,-0.09443366527557373,0.00402262806892395,0.9682241678237915,-0.015730559825897217,0.12200847268104553,-0.5359674692153931,0.9323692917823792,-0.12751954793930054,0.11306783556938171,-0.55678391456604,0.9070371985435486,0.13955986499786377,0.24509963393211365,0.9457435607910156,-0.13550683856010437,0.2414519488811493,0.9714019894599915,0.1304438939620455,0.05922347015545587,-0.034938581106139344,-0.031243399846351716,0.0,0.0,0.0,0,0,1,1.0
crossover_11_05_02_fps30.mp4,921,0.10384398698806763,-0.1570499642420623,0.1507460845679771,0.023176968097686768,0.03909996151924133,0.9592528343200684,-0.1066182553768158,0.003798753023147583,0.9650878310203552,-0.02203148603439331,0.1255737841129303,-0.5729199051856995,0.9376834630966187,-0.1532086730003357,0.09539911150932312,-0.5469608306884766,0.9029405117034912,0.1406225562095642,0.2504290044307709,0.9492027163505554,-0.1344359815120697,0.24643859267234802,0.9653268456459045,0.13734494591252325,0.05548011306007889,-0.0208803008242352,-0.02068080275745715,0.0,0.0,0.0,0,0,1,1.0
crossover_11_05_02_fps30.mp4,922,0.1016138345003128,-0.1565391104100114,0.1522112205261137,0.023009061813354492,0.04186186194419861,0.9625189900398254,-0.10740599036216736,0.0011300146579742432,0.9623580574989319,-0.02099740505218506,0.12552347779273987,-0.5687215328216553,0.943095862865448,-0.15450727939605713,0.08766934275627136,-0.5345953106880188,0.9020050168037415,0.14082187414169312,0.2518593966960907,0.9529264569282532,-0.13393935561180115,0.24788090586662292,0.9606950879096985,0.13814408964378663,0.06457385169963561,0.0014651359581365764,0.000510853832050906,0.0,0.0,0.0,0,0,1,1.0
crossover_11_05_02_fps30.mp4,923,0.10144087672233582,-0.1601518359224675,0.1329724259492827,0.02457711100578308,0.041990458965301514,0.9656796455383301,-0.11193579435348511,-0.006014347076416016,0.9633169174194336,-0.019876688718795776,0.12685871124267578,-0.5664486289024353,0.9483867287635803,-0.16655689477920532,0.07764017581939697,-0.5628479719161987,0.908515214920044,0.14075776934623718,0.25209176540374756,0.9565785527229309,-0.1333475112915039,0.24774998426437378,0.9589447379112244,0.1404083132529038,0.05570172962659702,-0.019238794576830975,-0.0036127255124561164,0.0,0.0,0.0,0,0,1,1.0
crossover_11_05_02_fps30.mp4,924,0.10179074108600616,-0.15091539742582938,0.13110070286727538,0.026114165782928467,0.03859907388687134,0.9678348898887634,-0.10651803016662598,-0.008096158504486084,0.9602615237236023,-0.01576608419418335,0.12772798538208008,-0.5574969053268433,0.9524392485618591,-0.15257883071899414,0.07167518138885498,-0.5011425614356995,0.9118465185165405,0.1405850648880005,0.25191712379455566,0.9597429037094116,-0.13360869884490967,0.2473883032798767,0.9576548933982849,0.13519139059208066,0.059448798249443296,-0.0018717230820073372,0.009236438496638133,0.0,0.0,0.0,0,0,1,1.0
crossover_11_05_02_fps30.mp4,925,0.10414466261863708,-0.12408147918975959,0.15274910054555757,0.030175119638442993,0.03267931938171387,0.9675838351249695,-0.09848421812057495,-0.0101662278175354,0.9473625421524048,-0.007782489061355591,0.13154101371765137,-0.5718085169792175,0.9522724151611328,-0.13118037581443787,0.07949364185333252,-0.5177977085113525,0.893897294998169,0.14029482007026672,0.2495766282081604,0.9595618844032288,-0.13400375843048096,0.24512571096420288,0.9460682272911072,0.11821691102285925,0.07359861793197042,0.021648397678282194,0.026833918236069787,0.0,0.0,0.0,0,0,1,1.0
crossover_11_05_02_fps30.mp4,926,0.10633663833141327,-0.06586672289896822,0.19702853749438032,0.03481549024581909,0.02335822582244873,0.9670249819755554,-0.08176502585411072,-0.010810136795043945,0.9366620779037476,0.0023198723793029785,0.13229864835739136,-0.4795580208301544,0.9500628113746643,-0.08512735366821289,0.09020590782165527,-0.4511318802833557,0.870747983455658,0.13990598917007446,0.24682921171188354,0.9617960453033447,-0.13418567180633545,0.24266976118087769,0.9481169581413269,0.09401792554257746,0.10854513396659167,0.04427943694882275,0.05821475629079137,0.0,0.0,0.0,1,0,0,1.0
crossover_11_05_02_fps30.mp4,927,0.10765071213245392,-0.06620202680765574,0.1955737667839702,0.03668442368507385,0.019139021635055542,0.9661446213722229,-0.07695373892784119,-0.010745197534561157,0.9267998337745667,0.005762606859207153,0.13128504157066345,-0.47569984197616577,0.9474914073944092,-0.079184889793396,0.09343066811561584,-0.45977306365966797,0.8497816324234009,0.13948240876197815,0.2451958954334259,0.9637131094932556,-0.13436633348464966,0.24117496609687805,0.9494637250900269,0.09649843878715261,0.10296488399876765,-0.0014547707104101137,-0.00033530390868752313,0.0,0.0,0.0,1,1,0,1.0
crossover_11_05_02_fps30.mp4,928,0.10817450284957886,-0.0004715423462754442,0.2577576166245995,0.04269668459892273,0.01739823818206787,0.9684869647026062,-0.064899742603302,-0.010502159595489502,0.9320987462997437,0.030368715524673462,0.1308668851852417,-0.47783052921295166,0.9513003826141357,-0.053265929222106934,0.09464848041534424,-0.477755069732666,0.8576652407646179,0.13767185807228088,0.245202898979187,0.9657962918281555,-0.13571637868881226,0.2400997281074524,0.9529424905776978,0.1305847587996465,0.17144047830230863,0.0621838498406293,0.0657304844613803,0.0,0.0,0.0,1,1,0,1.0
crossover_11_05_02_fps30.mp4,929,0.11133968830108643,0.052494282237554035,0.2489264715008619,0.05805164575576782,0.0010306835174560547,0.9698795676231384,-0.051821887493133545,5.638599395751953e-05,0.9387273192405701,0.05857551097869873,0.09664261341094971,-0.46601587533950806,0.95404052734375,-0.020348668098449707,0.11335080862045288,-0.5448914170265198,0.8715871572494507,0.1349617838859558,0.24282121658325195,0.9674803018569946,-0.13745510578155518,0.2381874918937683,0.9564617872238159,0.15240523212065468,0.15390534681782767,-0.008831145123737616,0.05296582458382948,0.0,0.0,0.0,1,1,0,1.0
crossover_11_05_02_fps30.mp4,930,0.11241549253463745,0.0958975157495272,0.19924423970827243,0.07692742347717285,-0.0014003217220306396,0.971240758895874,-0.041612863540649414,0.01095542311668396,0.9446799755096436,0.08923178911209106,0.10136184096336365,-0.4996436536312103,0.9554154276847839,-0.0015974640846252441,0.11840406060218811,-0.5799989104270935,0.8841634392738342,0.12810152769088745,0.24105945229530334,0.963013231754303,-0.1428581178188324,0.23837396502494812,0.9578515291213989,0.09810910200211978,0.12665072305662367,-0.04968223179258946,0.04340323351197317,0.0,0.0,0.0,0,0,0,1.0
crossover_11_05_02_fps30.mp4,931,0.11251749098300934,0.13005797994338864,0.1673298220808913,0.09163108468055725,-0.007754117250442505,0.9667933583259583,-0.03515639901161194,0.016826719045639038,0.9498525261878967,0.12214437127113342,0.08449533581733704,-0.5043646693229675,0.9408202767372131,0.011132150888442993,0.11777791380882263,-0.5572175979614258,0.8952523469924927,0.12722548842430115,0.24000802636146545,0.9487217664718628,-0.14465400576591492,0.23968544602394104,0.9544422030448914,0.08321164171415292,0.1288361146177952,-0.03191441762738112,0.03416046419386143,0.0,0.0,0.0,0,0,1,1.0
crossover_11_05_02_fps30.mp4,932,0.11266528069972992,0.1301584103349912,0.16706502612044172,0.09339597821235657,-0.008821964263916016,0.9646106362342834,-0.03308019042015076,0.020098328590393066,0.9546313285827637,0.12282624840736389,0.08240276575088501,-0.5043873190879822,0.9336122870445251,0.012978523969650269,0.11736482381820679,-0.5570669174194336,0.9054210782051086,0.12744590640068054,0.23874610662460327,0.9432210326194763,-0.14452725648880005,0.23939251899719238,0.9534801244735718,0.08497916762016182,0.1272840755062364,-0.0002647959604495931,0.00010043039160256839,0.0,0.0,0.0,0,0,1,1.0
crossover_11_05_02_fps30.mp4,933,0.11142854392528534,0.15564288284819006,0.14291618771669345,0.10490506887435913,-0.009409129619598389,0.9647979140281677,-0.032375991344451904,0.02268916368484497,0.9588854908943176,0.15281248092651367,0.0777660608291626,-0.5592650175094604,0.9316233396530151,0.01722395420074463,0.11677664518356323,-0.6114825010299683,0.9144927859306335,0.1277449131011963,0.23981410264968872,0.9391785264015198,-0.14516910910606384,0.24032241106033325,0.9524911642074585,0.06521158032512017,0.14086545173231055,-0.024148838403748263,0.025484472513198853,0.0,0.0,0.0,0,0,1,1.0
crossover_11_05_02_fps30.mp4,934,0.10784192383289337,0.1566881946587967,0.1364198238384433,0.10911956429481506,-0.008762925863265991,0.9674878716468811,-0.03387930989265442,0.026308447122573853,0.9628028869628906,0.1596623957157135,0.07485154271125793,-0.5380493998527527,0.9372267127037048,0.01489993929862976,0.11866709589958191,-0.595757246017456,0.9227907657623291,0.12718930840492249,0.24363520741462708,0.9417635202407837,-0.14596116542816162,0.2440270483493805,0.9559829235076904,0.06164007716480485,0.14289530680659576,-0.006496363878250144,0.0010453118106066306,0.0,0.0,0.0,0,0,1,1.0
crossover_11_05_02_fps30.mp4,935,0.10840481519699097,0.14092922978482003,0.14232859451596325,0.10190838575363159,-0.013423770666122437,0.9632154703140259,-0.037282586097717285,0.023290783166885376,0.966342031955719,0.13662296533584595,0.06695404648780823,-0.4682696461677551,0.9299727082252502,0.007711827754974365,0.11654308438301086,-0.5765191316604614,0.9303418397903442,0.12733089923858643,0.244937926530838,0.9414937496185303,-0.14563259482383728,0.2435643970966339,0.958866536617279,0.07549745958608903,0.13568997286608217,0.005908770677519937,-0.015758964873976655,0.0,0.0,0.0,0,0,1,1.0
crossover_11_05_02_fps30.mp4,936,0.1116185188293457,0.10706209499957198,0.1657890990013029,0.0938432514667511,-0.015115469694137573,0.9655311107635498,-0.03899112343788147,0.019029229879379272,0.9695555567741394,0.11560842394828796,0.0840555727481842,-0.48330554366111755,0.9349128007888794,-0.00012704730033874512,0.1134662926197052,-0.5600031018257141,0.9371397495269775,0.12754061818122864,0.24139365553855896,0.9441303014755249,-0.14571604132652283,0.24061688780784607,0.962431013584137,0.08217912783833194,0.11927777787432439,0.02346050448533965,-0.033867134785248054,0.0,0.0,0.0,0,0,1,1.0
crossover_11_05_02_fps30.mp4,937,0.11276154220104218,0.10709510970923863,0.16470835368807724,0.09112361073493958,-0.015233248472213745,0.968234121799469,-0.039245814085006714,0.017529934644699097,0.9724962115287781,0.10921725630760193,0.09233829379081726,-0.4792882800102234,0.9402634501457214,-0.001543194055557251,0.11261013150215149,-0.5592692494392395,0.9433315396308899,0.12765464186668396,0.24005314707756042,0.9474256038665771,-0.1456947922706604,0.2396218478679657,0.9657731652259827,0.07240116764057014,0.12048446289802743,-0.0010807453132256617,3.301470966665665e-05,0.0,0.0,0.0,1,0,0,1.0
crossover_11_05_02_fps30.mp4,938,0.11319692432880402,0.05126242041587825,0.21674303456050592,0.0844024121761322,-0.012092888355255127,0.9707879424095154,-0.040196388959884644,0.016666054725646973,0.9751753807067871,0.07849922776222229,0.09096693992614746,-0.45900195837020874,0.9452696442604065,-0.00952175259590149,0.11197680234909058,-0.5100412964820862,0.9489077925682068,0.127687007188797,0.23947292566299438,0.9518904685974121,-0.14552351832389832,0.23898375034332275,0.9689925312995911,0.12869137366542077,0.12112257882204364,0.052034680872428685,-0.05583268929336038,0.0,0.0,0.0,1,1,0,1.0
crossover_11_05_02_fps30.mp4,939,0.11480328440666199,-0.019942748142501077,0.2766344364096479,0.06888437271118164,-0.006113111972808838,0.9734533429145813,-0.05105242133140564,-0.000682532787322998,0.9772204756736755,0.04505223035812378,0.10367023944854736,-0.46006226539611816,0.9505019187927246,-0.044545114040374756,0.0881761908531189,-0.474516361951828,0.953363835811615,0.12925875186920166,0.2391924262046814,0.9554471969604492,-0.14437192678451538,0.23828506469726562,0.9716648459434509,0.18477272704783862,0.19005732484179041,0.05989140184914199,-0.07120516855837933,0.0,0.0,0.0,1,1,0,1.0
crossover_11_05_02_fps30.mp4,940,0.11535432934761047,-0.06069110914812248,0.22310359681524883,0.05800151824951172,-0.002814948558807373,0.9756726622581482,-0.06483885645866394,-0.0028290748596191406,0.9778192043304443,0.02201932668685913,0.10809445381164551,-0.45647546648979187,0.9549270868301392,-0.07024490833282471,0.09167170524597168,-0.46204477548599243,0.9544612169265747,0.13180190324783325,0.23936378955841064,0.9579454064369202,-0.14251983165740967,0.23844391107559204,0.972621500492096,0.1416619891517689,0.13177866747064884,-0.05353083959439908,-0.0407483610056214,0.0,0.0,0.0,1,1,0,1.0
crossover_11_05_02_fps30.mp4,941,0.12043316662311554,-0.09581622289398967,0.16887199442561085,0.05350595712661743,-0.002222895622253418,0.9773128628730774,-0.07321175932884216,-0.007317245006561279,0.9732440114021301,0.010052740573883057,0.10163873434066772,-0.47113946080207825,0.9580715298652649,-0.09222739934921265,0.09332835674285889,-0.48343387246131897,0.9284622073173523,0.13807779550552368,0.2352192997932434,0.9591070413589478,-0.1372206211090088,0.23344159126281738,0.968121349811554,0.12541351078496837,0.07562883609297745,-0.05423160238963798,-0.03512511374586719,0.0,0.0,0.0,0,0,1,1.0
crossover_11_05_02_fps30.mp4,942,0.12014177441596985,-0.09512012176594492,0.16944710132552354,0.054220110177993774,-0.00164872407913208,0.9785898923873901,-0.07503077387809753,-0.006539463996887207,0.9718213081359863,0.009953945875167847,0.10089963674545288,-0.4716039001941681,0.9604172110557556,-0.09328797459602356,0.10058724880218506,-0.4945885241031647,0.912987232208252,0.13881608843803406,0.2358018159866333,0.9561699628829956,-0.13676556944847107,0.23375743627548218,0.9586409330368042,0.12545642506864757,0.06888422208886572,0.0005751068999126918,0.000696101128044746,0.0,0.0,0.0,0,0,1,1.0
crossover_11_05_02_fps30.mp4,943,0.12052235007286072,-0.11388285927853342,0.13792445834090072,0.050001680850982666,-0.0012909173965454102,0.9776445627212524,-0.08382371068000793,-0.010490477085113525,0.9628868103027344,0.0052027106285095215,0.0988968014717102,-0.5139936804771423,0.9590776562690735,-0.11981701850891113,0.08905720710754395,-0.5062834024429321,0.8862777948379517,0.1403077244758606,0.23699069023132324,0.9455373883247375,-0.1352422833442688,0.2329411506652832,0.9203577637672424,0.1253177200589944,0.049226237809480086,-0.03152264298462282,-0.0187627375125885,0.0,0.0,0.0,0,0,1,1.0
crossover_11_05_02_fps30.mp4,944,0.12059634923934937,-0.12241296030707277,0.11398341364976838,0.047904402017593384,-8.040666580200195e-05,0.9776713252067566,-0.08935672044754028,-0.024192094802856445,0.9634301662445068,-0.001793891191482544,0.09860354661941528,-0.5440335869789124,0.9603996872901917,-0.1283131241798401,0.058373093605041504,-0.5069852471351624,0.8928528428077698,0.14178761839866638,0.24040108919143677,0.9437465667724609,-0.13433095812797546,0.23647165298461914,0.9120460748672485,0.12159564196213149,0.05592244298313925,-0.02394104469113234,-0.00853010102853935,0.0,0.0,0.0,0,0,1,1.0
crossover_11_05_02_fps30.mp4,945,0.11802473664283752,-0.12208988807969173,0.09732062889308468,0.04631143808364868,0.003152817487716675,0.9778655767440796,-0.09202602505683899,-0.024930566549301147,0.9623444080352783,-0.0039136409759521484,0.09923514723777771,-0.5301575660705566,0.9619050025939941,-0.1311427354812622,0.049231499433517456,-0.5050467252731323,0.8954371809959412,0.14282739162445068,0.24569079279899597,0.9444679617881775,-0.1331196427345276,0.24256524443626404,0.9106016159057617,0.11819175419637482,0.048933816714570075,-0.016662784756683702,0.00032307222738103825,0.0,0.0,0.0,0,0,1,1.0
crossover_11_05_02_fps30.mp4,946,0.11973527073860168,-0.11822909152103683,0.08327539127047467,0.04644237458705902,0.003135472536087036,0.9787282347679138,-0.09149609506130219,-0.02869299054145813,0.9590116739273071,-0.006535962224006653,0.09349235892295837,-0.5242176055908203,0.9641265869140625,-0.12781552970409393,0.04038324952125549,-0.5072591304779053,0.8964899182319641,0.1437644213438034,0.24734601378440857,0.9481450915336609,-0.13220731914043427,0.24465611577033997,0.9128513932228088,0.11215944703936,0.04395037680012182,-0.014045237622610007,0.0038607965586549,0.0,0.0,0.0,0,0,1,1.0
crossover_11_05_02_fps30.mp4,947,0.1209026575088501,-0.11758202193147044,0.08375550319508807,0.04653269052505493,0.00245097279548645,0.9792640805244446,-0.09072732925415039,-0.027672559022903442,0.9550719261169434,-0.006125688552856445,0.09263208508491516,-0.5258965492248535,0.9659834504127502,-0.12876856327056885,0.04284384846687317,-0.5224024057388306,0.8951079845428467,0.14393717050552368,0.24761393666267395,0.951280415058136,-0.13193857669830322,0.2453393042087555,0.9147014617919922,0.11180924808016351,0.042413467197719476,0.00048011192461339114,0.0006470695895663958,0.0,0.0,0.0,0,0,1,1.0
crossover_11_05_02_fps30.mp4,948,0.11988690495491028,-0.11154219043456903,0.073954002304775,0.04712805151939392,0.0012624561786651611,0.9789049625396729,-0.08998659253120422,-0.02405574917793274,0.9419685006141663,-0.006872802972793579,0.08972617983818054,-0.5362826585769653,0.9656056761741638,-0.12228888273239136,0.04414144158363342,-0.5688502192497253,0.8617230653762817,0.1437743604183197,0.24984952807426453,0.954590380191803,-0.132185161113739,0.24764510989189148,0.9180890321731567,0.10585103804766649,0.03169037980359067,-0.009801500890313064,0.006039831496901404,0.0,0.0,0.0,0,0,1,1.0
crossover_11_05_02_fps30.mp4,949,0.1216830313205719,-0.10611122336428042,0.06469905361896611,0.04722277820110321,-0.0016710460186004639,0.9792447090148926,-0.08613933622837067,-0.02308216691017151,0.9330859184265137,-0.005315080285072327,0.08032533526420593,-0.5411413908004761,0.9667807221412659,-0.11244051158428192,0.041466325521469116,-0.629534125328064,0.8396774530410767,0.14368824660778046,0.249577134847641,0.957574188709259,-0.13214699923992157,0.24726852774620056,0.9216924905776978,0.10200021145909723,0.0240794423569998,-0.009254948685808895,0.005430967070288617,0.0,0.0,0.0,0,0,1,1.0
crossover_11_05_02_fps30.mp4,950,0.12187555432319641,-0.10066938006271753,0.0567414670455747,0.0477430522441864,-0.0025881528854370117,0.9778953790664673,-0.08291199803352356,-0.0218580961227417,0.9114335179328918,-0.00728181004524231,0.07157987356185913,-0.5307270884513855,0.9635922908782959,-0.10681739449501038,0.04680228233337402,-0.5876991748809814,0.794008731842041,0.14431032538414001,0.2508062720298767,0.9596394896507263,-0.13143745064735413,0.24778753519058228,0.9237338900566101,0.09455906377344982,0.011686978831285904,-0.007957586573391406,0.0054418433015628875,0.0,0.0,0.0,0,0,1,1.0
crossover_11_05_02_fps30.mp4,951,0.12305799126625061,-0.0960468590764676,0.049582505516889586,0.04670272767543793,-0.004942893981933594,0.9769688844680786,-0.082596555352211,-0.020945429801940918,0.9019197821617126,-0.010588303208351135,0.06242644786834717,-0.5318328142166138,0.9603585600852966,-0.0962798148393631,0.047883808612823486,-0.5687426328659058,0.7536027431488037,0.14416156709194183,0.2516498565673828,0.9614236354827881,-0.13138620555400848,0.24751383066177368,0.9270477294921875,0.08641835236910934,0.0017145960338662799,-0.007158961528685115,0.004622520986249934,0.0,0.0,0.0,0,0,1,1.0
crossover_11_05_02_fps30.mp4,952,0.12512685358524323,-0.09622252644118617,0.04943239020138257,0.04618886113166809,-0.006436526775360107,0.9750750064849854,-0.08214440941810608,-0.022274136543273926,0.8898097276687622,-0.011349290609359741,0.061168670654296875,-0.5284374356269836,0.9541374444961548,-0.09530818462371826,0.04939335584640503,-0.5612759590148926,0.7150195240974426,0.14399591088294983,0.2514074444770813,0.963128924369812,-0.13149666786193848,0.24720168113708496,0.9305564761161804,0.08568084056213668,0.0009151746500198948,-0.00015011531550701562,-0.00017566736471857913,0.0,0.0,0.0,0,0,1,1.0
crossover_11_05_02_fps30.mp4,953,0.127053365111351,-0.09402064645694475,0.04149279434506481,0.04398278892040253,-0.007136732339859009,0.9756965637207031,-0.07829736173152924,-0.022051364183425903,0.8891527652740479,-0.015927031636238098,0.06076541543006897,-0.5220921635627747,0.9550105333328247,-0.0899433046579361,0.04931613802909851,-0.5587424635887146,0.7060114145278931,0.14362208545207977,0.2511063516139984,0.9646631479263306,-0.13177679479122162,0.24714615941047668,0.9345538020133972,0.08043659987375797,0.008822098534048068,-0.00793959585631776,0.0022018799842414283,0.0,0.0,0.0,0,0,1,1.0
crossover_11_05_02_fps30.mp4,954,0.1295861452817917,-0.09068074180918223,0.03413844457486781,0.04254923760890961,-0.008723437786102295,0.976325511932373,-0.07348190248012543,-0.023289144039154053,0.8899360299110413,-0.018090680241584778,0.05529427528381348,-0.5220211148262024,0.9557289481163025,-0.08701340854167938,0.043816328048706055,-0.5581625699996948,0.7020314931869507,0.14352242648601532,0.2506382465362549,0.9651867747306824,-0.13186870515346527,0.24698227643966675,0.9378889203071594,0.07561009331678646,0.010349432923021653,-0.0073543497701969995,0.003339904647762515,0.0,0.0,0.0,0,0,1,1.0
crossover_11_05_02_fps30.mp4,955,0.13104210793972015,-0.09011555728265797,0.026035480528343036,0.03939265012741089,-0.010421663522720337,0.97653728723526,-0.07055121660232544,-0.026211291551589966,0.8832014799118042,-0.02075207233428955,0.05051800608634949,-0.5092909932136536,0.9550521969795227,-0.07772594690322876,0.03795108199119568,-0.556224524974823,0.6783169507980347,0.14235615730285645,0.25049594044685364,0.9651737809181213,-0.1330438256263733,0.24688240885734558,0.9404494166374207,0.07355737285874864,0.01718964815159391,-0.008102964046524774,0.000565184526524265,0.0,0.0,0.0,0,0,1,1.0
crossover_11_05_02_fps30.mp4,956,0.13411013782024384,-0.09135845364150352,0.018846244201427553,0.032545119524002075,-0.014222472906112671,0.9761679768562317,-0.06994691491127014,-0.030699700117111206,0.8750062584877014,-0.026995152235031128,0.046069175004959106,-0.5038053393363953,0.9516816139221191,-0.07303771376609802,0.034743160009384155,-0.5208805799484253,0.6475123167037964,0.1399904191493988,0.24946150183677673,0.9638683199882507,-0.13527452945709229,0.24584224820137024,0.9419947862625122,0.06988363563434775,0.024256162965059697,-0.007189236326915482,-0.0012428963588455577,0.0,0.0,0.0,0,0,1,1.0
crossover_11_05_02_fps30.mp4,957,0.13531002402305603,-0.09223845045445328,0.018539027469914093,0.03028935194015503,-0.015696406364440918,0.9758662581443787,-0.06982865929603577,-0.03244251012802124,0.8681168556213379,-0.0283622145652771,0.045307695865631104,-0.5023908019065857,0.9484928846359253,-0.07251220941543579,0.03241705894470215,-0.5213345289230347,0.6204656958580017,0.13911044597625732,0.24915927648544312,0.9629124999046326,-0.13614556193351746,0.24562841653823853,0.943873405456543,0.06925846604603324,0.024118962314839038,-0.00030721673151345996,-0.0008799968129497571,0.0,0.0,0.0,0,0,1,1.0
crossover_11_05_02_fps30.mp4,958,0.13639439642429352,-0.09140151789632894,0.013881004002036068,0.028027087450027466,-0.01769956946372986,0.9755244255065918,-0.06840622425079346,-0.03306177258491516,0.862902820110321,-0.029615432024002075,0.04567494988441467,-0.5111522674560547,0.9446361660957336,-0.06957271695137024,0.036264628171920776,-0.5484294891357422,0.5967821478843689,0.13894006609916687,0.2499493658542633,0.9627546072006226,-0.1362747848033905,0.24647244811058044,0.9459049105644226,0.06948651237610196,0.03126536712839427,-0.004658023467878025,0.000836932558124337,0.0,0.0,0.0,0,0,1,1.0
crossover_11_05_02_fps30.mp4,959,0.13758043944835663,-0.09214671324875395,0.010374415938447124,0.027467310428619385,-0.019893020391464233,0.9755640625953674,-0.06814327836036682,-0.03398963809013367,0.8644513487815857,-0.029985010623931885,0.04413697123527527,-0.516518771648407,0.9428058862686157,-0.06875509023666382,0.03806033730506897,-0.5623133182525635,0.5885416865348816,0.13843870162963867,0.25036075711250305,0.962948739528656,-0.13664507865905762,0.24689927697181702,0.9480700492858887,0.07073886777004697,0.03624469987540955,-0.0035065880635889446,-0.0007451953524250099,0.0,0.0,0.0,0,0,1,1.0
crossover_11_05_02_fps30.mp4,960,0.13812761008739471,-0.09392926945524699,0.0072845685772779945,0.02830389142036438,-0.02027595043182373,0.975588858127594,-0.06803816556930542,-0.034128546714782715,0.8693645596504211,-0.02928134799003601,0.0399661660194397,-0.522734522819519,0.9414647221565247,-0.07090744376182556,0.033167898654937744,-0.5804427266120911,0.5934907793998718,0.13780078291893005,0.25034868717193604,0.963003396987915,-0.13723224401474,0.24690496921539307,0.9501810073852539,0.07243921977177555,0.034640312270061376,-0.003089847361169129,-0.0017825562064930356,0.0,0.0,0.0,0,0,1,1.0
crossover_11_05_02_fps30.mp4,961,0.1389290988445282,-0.09525354625815052,0.0016290187835693581,0.029055386781692505,-0.020936131477355957,0.9761382341384888,-0.06817406415939331,-0.035852909088134766,0.8757525682449341,-0.02914711833000183,0.03470790386199951,-0.5553353428840637,0.9418668150901794,-0.07189804315567017,0.018496990203857422,-0.6496239900588989,0.6043586134910583,0.13736703991889954,0.2503378987312317,0.9630666375160217,-0.13760629296302795,0.24686086177825928,0.9519855976104736,0.07392071733588296,0.028809859163238277,-0.005655549793708636,-0.0013242768029035346,0.0,0.0,0.0,0,0,1,1.0
crossover_11_05_02_fps30.mp4,962,0.13924933969974518,-0.0954450943712461,0.0016105321849264609,0.029784351587295532,-0.02124926447868347,0.976834237575531,-0.06845730543136597,-0.03639426827430725,0.882820725440979,-0.02893415093421936,0.03331848978996277,-0.5642049312591553,0.9430506229400635,-0.07263427972793579,0.015693634748458862,-0.6596300005912781,0.620215892791748,0.13720080256462097,0.25023213028907776,0.9632725119590759,-0.13764989376068115,0.24655398726463318,0.9537691473960876,0.07368242783979197,0.026807966027030714,-1.8486598642897256e-05,-0.0001915481130955743,0.0,0.0,0.0,0,0,1,1.0
crossover_11_05_02_fps30.mp4,963,0.13924339413642883,-0.09688184978598258,-0.002719234402586812,0.03185489773750305,-0.021608024835586548,0.977281391620636,-0.06751137971878052,-0.03554072976112366,0.8855589032173157,-0.028448373079299927,0.03193661570549011,-0.5654119849205017,0.9438677430152893,-0.07331612706184387,0.01856556534767151,-0.6492248177528381,0.6244432330131531,0.13713613152503967,0.2502466142177582,0.9624963998794556,-0.13749167323112488,0.2464105784893036,0.9542261958122253,0.07670833514604246,0.03175509388932088,-0.004329766587513273,-0.0014367554147364792,0.0,0.0,0.0,0,0,1,1.0
crossover_11_05_02_fps30.mp4,964,0.13915365934371948,-0.09774620219812558,-0.0072774352096929285,0.03329375386238098,-0.021988749504089355,0.9771154522895813,-0.06571131944656372,-0.03493356704711914,0.8848662972450256,-0.028056055307388306,0.03308677673339844,-0.5575743913650513,0.9434693455696106,-0.0727454125881195,0.0203821063041687,-0.6287136673927307,0.617114245891571,0.13718250393867493,0.25029653310775757,0.9604538679122925,-0.13728368282318115,0.2464621663093567,0.9530768990516663,0.08053562056282511,0.03728390695569366,-0.004558200807106116,-0.0008643524121429991,0.0,0.0,0.0,0,0,1,1.0
crossover_11_05_02_fps30.mp4,965,0.13950131833553314,-0.09845753291905934,-0.011052027272015041,0.03469535708427429,-0.022795557975769043,0.9765002727508545,-0.06461995840072632,-0.03477233648300171,0.87626713514328,-0.027992159128189087,0.03383290767669678,-0.5516846776008606,0.9425148367881775,-0.07329636812210083,0.021818041801452637,-0.6201332807540894,0.5927634835243225,0.13722285628318787,0.24994325637817383,0.9568896889686584,-0.13724222779273987,0.24608266353607178,0.949974000453949,0.08354655162744394,0.04139475395305836,-0.003774592062322113,-0.0007113307209337671,0.0,0.0,0.0,0,0,1,1.0
crossover_11_05_02_fps30.mp4,966,0.13934624195098877,-0.1001447990789252,-0.012033073931205562,0.035665690898895264,-0.0226423442363739,0.976390540599823,-0.0639062225818634,-0.034045785665512085,0.8737387657165527,-0.027407944202423096,0.03484061360359192,-0.5353990197181702,0.9413495659828186,-0.07046422362327576,0.02956351637840271,-0.590745747089386,0.5745415687561035,0.1372685432434082,0.25019291043281555,0.9565041065216064,-0.1372072994709015,0.24634918570518494,0.9505490660667419,0.08653203245293131,0.05110002822664482,-0.000981046659190521,-0.0016872661598658634,0.0,0.0,0.0,0,0,1,1.0
crossover_11_05_02_fps30.mp4,967,0.13927653431892395,-0.10010403374494131,-0.011975469821836837,0.036309778690338135,-0.02253490686416626,0.9763911366462708,-0.06384417414665222,-0.033249735832214355,0.8724607825279236,-0.027100682258605957,0.035414278507232666,-0.5212731957435608,0.9407047033309937,-0.07019567489624023,0.03429567813873291,-0.5790354609489441,0.5584743022918701,0.13734543323516846,0.25039100646972656,0.9563782811164856,-0.1371515691280365,0.24645644426345825,0.9512274861335754,0.08703607053934574,0.055095635604025965,5.7604109368725176e-05,4.076533398389426e-05,0.0,0.0,0.0,0,0,1,1.0
crossover_11_05_02_fps30.mp4,968,0.13922740519046783,-0.10127023185713818,-0.011809220692006517,0.03686150908470154,-0.022501081228256226,0.9765878319740295,-0.0635317862033844,-0.03264060616493225,0.8784815073013306,-0.026684314012527466,0.03487148880958557,-0.518382728099823,0.9409967064857483,-0.06790614128112793,0.035476356744766235,-0.5783412456512451,0.5683760643005371,0.13735947012901306,0.2504744231700897,0.9565300941467285,-0.13711851835250854,0.2465445101261139,0.9521636962890625,0.08798947539504398,0.057871308724559256,0.00016624912983032036,-0.00116619811219687,0.0,0.0,0.0,0,0,1,1.0
crossover_11_05_02_fps30.mp4,969,0.1391834020614624,-0.10190188268483696,-0.01161626228472079,0.03729566931724548,-0.022558510303497314,0.9761517643928528,-0.06357589364051819,-0.03235858678817749,0.8806704878807068,-0.02594199776649475,0.03440690040588379,-0.5230874419212341,0.9406498670578003,-0.06847918033599854,0.03371119499206543,-0.5974501967430115,0.5755796432495117,0.13739320635795593,0.2504870295524597,0.9556722044944763,-0.13703617453575134,0.2465532422065735,0.9517062306404114,0.08881461377979218,0.05631745213943836,0.000192958407285726,-0.000631650827698782,0.0,0.0,0.0,0,0,1,1.0
crossover_11_05_02_fps30.mp4,970,0.13922253251075745,-0.10224209185373984,-0.011422394252404988,0.03757050633430481,-0.022613167762756348,0.9756667017936707,-0.06352588534355164,-0.03170531988143921,0.8839277029037476,-0.025323420763015747,0.033715903759002686,-0.5299587249755859,0.9393047094345093,-0.06897959113121033,0.034503817558288574,-0.5952061414718628,0.5801849961280823,0.1374780833721161,0.2504045367240906,0.9547103047370911,-0.13692450523376465,0.24648600816726685,0.9515288472175598,0.08918490853126242,0.05670635665952244,0.00019386803231580263,-0.0003402091689028719,0.0,0.0,0.0,0,0,1,1.0
crossover_11_05_02_fps30.mp4,971,0.13928864896297455,-0.10214591743582385,-0.011793140812617953,0.037937432527542114,-0.02271762490272522,0.9751825928688049,-0.06339576840400696,-0.03158697485923767,0.8841232657432556,-0.024610131978988647,0.03286060690879822,-0.5505203604698181,0.9387900233268738,-0.06926912069320679,0.030978769063949585,-0.6382532119750977,0.5911765694618225,0.1377287209033966,0.25031450390815735,0.9536992907524109,-0.13670554757118225,0.24642953276634216,0.9510317444801331,0.08947488592882506,0.05394738212874255,-0.0003707465602129645,9.617441791598402e-05,0.0,0.0,0.0,0,0,1,1.0
crossover_11_05_02_fps30.mp4,972,0.13936427235603333,-0.10209776365150841,-0.011872400016319506,0.038082242012023926,-0.022839725017547607,0.9749258160591125,-0.06331545114517212,-0.031488776206970215,0.8858181238174438,-0.024234473705291748,0.03227734565734863,-0.5529361367225647,0.9388759732246399,-0.06949308514595032,0.029597461223602295,-0.6363416314125061,0.6026343703269958,0.13784319162368774,0.25023704767227173,0.9537156820297241,-0.13665121793746948,0.24639320373535156,0.9515443444252014,0.08950917251487796,0.052752388113801736,-7.925920370155382e-05,4.815378431544115e-05,0.0,0.0,0.0,0,0,1,1.0
crossover_11_05_02_fps30.mp4,973,0.13957135379314423,-0.10203937857838002,-0.012847065925598145,0.037988901138305664,-0.02303624153137207,0.9751784801483154,-0.06349846720695496,-0.03184497356414795,0.8889344930648804,-0.0243341326713562,0.03228253126144409,-0.5477816462516785,0.9411816000938416,-0.07332497835159302,0.013142645359039307,-0.6857102513313293,0.6301177740097046,0.13778501749038696,0.2500301003456116,0.9539119005203247,-0.13675588369369507,0.24615895748138428,0.9521604180335999,0.08985981183897357,0.03872959944335749,-0.000974665909278638,5.838507312838637e-05,0.0,0.0,0.0,0,0,1,1.0
crossover_11_05_02_fps30.mp4,974,0.1400211602449417,-0.10225799740371055,-0.013968682870632243,0.037889689207077026,-0.023482561111450195,0.9748169779777527,-0.06365016102790833,-0.032935917377471924,0.892123818397522,-0.024402648210525513,0.031623780727386475,-0.5480414628982544,0.9427808523178101,-0.07493618130683899,0.012124836444854736,-0.6863263845443726,0.656164824962616,0.13769587874412537,0.24961400032043457,0.953426718711853,-0.13684192299842834,0.24564069509506226,0.9517971277236938,0.09022265865584676,0.037780330664235355,-0.0011216169450340985,-0.0002186188253305299,0.0,0.0,0.0,0,0,1,1.0
crossover_11_05_02_fps30.mp4,975,0.14004307985305786,-0.1028191606877214,-0.014413767907677677,0.03783291578292847,-0.023509979248046875,0.9743322730064392,-0.06375044584274292,-0.032930731773376465,0.8938015699386597,-0.024404168128967285,0.031431734561920166,-0.5489760041236877,0.9432022571563721,-0.0750417411327362,0.012195169925689697,-0.6838412284851074,0.6726495027542114,0.13764488697052002,0.24961411952972412,0.9524490237236023,-0.13689324259757996,0.24559086561203003,0.9514249563217163,0.09083348036203041,0.038465836917369725,-0.000445085037045434,-0.000561163284010846,0.0,0.0,0.0,0,0,1,1.0
crossover_11_05_02_fps30.mp4,976,0.13989020884037018,-0.1038621957019224,-0.010084646940231368,0.037822604179382324,-0.02335771918296814,0.9740179777145386,-0.06378951668739319,-0.032496243715286255,0.8925063610076904,-0.024482309818267822,0.03159371018409729,-0.5478432178497314,0.9438753724098206,-0.07572752237319946,0.007715195417404175,-0.7023090720176697,0.6828850507736206,0.13765108585357666,0.24980893731117249,0.952363908290863,-0.1368950605392456,0.2457294762134552,0.9513113498687744,0.08965629780157723,0.03329255519287503,0.004329120967446309,-0.0010430350142009992,0.0,0.0,0.0,0,0,1,1.0
crossover_11_05_02_fps30.mp4,977,0.1398145854473114,-0.10385702020030912,-0.010011191339027614,0.03781646490097046,-0.023287326097488403,0.9739930629730225,-0.06382375955581665,-0.03219226002693176,0.8915277719497681,-0.024546265602111816,0.031688541173934937,-0.545359194278717,0.944608747959137,-0.07603362202644348,0.006947964429855347,-0.6998109221458435,0.6914756298065186,0.1376592516899109,0.24993059039115906,0.9523589015007019,-0.1368938386440277,0.24579885601997375,0.9513552784919739,0.08960504163599335,0.03258457380931514,7.34556012037535e-05,5.175501613274847e-06,0.0,0.0,0.0,0,0,1,1.0
crossover_11_05_02_fps30.mp4,978,0.14000844955444336,-0.10508673352710274,-0.005651140649144293,0.037728726863861084,-0.02352079749107361,0.973739743232727,-0.0637139081954956,-0.030794769525527954,0.8864274024963379,-0.02477484941482544,0.0314774215221405,-0.546327531337738,0.9443455338478088,-0.07738664746284485,0.006087750196456909,-0.698866069316864,0.6907419562339783,0.1375904083251953,0.24974510073661804,0.9510878324508667,-0.13697406649589539,0.24558094143867493,0.9499017596244812,0.0884789741044211,0.03008481886686762,0.004360050689883321,-0.0012297133267936133,0.0,0.0,0.0,0,0,1,1.0
crossover_11_05_02_fps30.mp4,979,0.14012214541435242,-0.10578770677922134,-0.0011191911813689392,0.037732839584350586,-0.02368563413619995,0.9727497696876526,-0.06376251578330994,-0.03078097105026245,0.8789754509925842,-0.024744749069213867,0.03145509958267212,-0.5495792627334595,0.9417102336883545,-0.07738500833511353,0.006682634353637695,-0.6993717551231384,0.6826224327087402,0.1376209855079651,0.24972081184387207,0.9495815634727478,-0.13697195053100586,0.24552297592163086,0.948545515537262,0.08734440687969865,0.029454740884713376,0.004531949467775354,-0.0007009732521185974,0.0,0.0,0.0,0,0,1,1.0
crossover_11_05_02_fps30.mp4,980,0.14017832279205322,-0.10688984535508239,0.00047528133159735475,0.03773510456085205,-0.023719310760498047,0.9718389511108398,-0.06451132893562317,-0.031034886837005615,0.8712834715843201,-0.024743258953094482,0.03148764371871948,-0.5495259761810303,0.9397781491279602,-0.07794344425201416,0.007351517677307129,-0.6931338310241699,0.6725892424583435,0.13766884803771973,0.24972891807556152,0.9479949474334717,-0.13696038722991943,0.24552106857299805,0.9474790692329407,0.08780562782834282,0.029751920326287675,0.001594472512966294,-0.0011021385758610558,0.0,0.0,0.0,0,0,1,1.0
crossover_11_05_02_fps30.mp4,981,0.14027681946754456,-0.10922478659678314,2.3166580897959754e-05,0.037683844566345215,-0.023632138967514038,0.9713070392608643,-0.06554752588272095,-0.031473368406295776,0.8625730276107788,-0.024928390979766846,0.031760603189468384,-0.534542977809906,0.9380455017089844,-0.07864996790885925,0.00304219126701355,-0.6873037815093994,0.6666187644004822,0.13766855001449585,0.24975159764289856,0.946570873260498,-0.13698989152908325,0.24553635716438293,0.9464855194091797,0.09007301036661065,0.03072350969298259,-0.000452114750699395,-0.00233494124170075,0.0,0.0,0.0,0,0,1,1.0
crossover_11_05_02_fps30.mp4,982,0.14035408198833466,-0.10922714552636875,2.766382403485146e-05,0.03766387701034546,-0.02362591028213501,0.9708635807037354,-0.06613445281982422,-0.03167521953582764,0.8547629117965698,-0.025021076202392578,0.03198796510696411,-0.5269051194190979,0.9361903667449951,-0.079008549451828,0.0020231008529663086,-0.6794587969779968,0.6603294610977173,0.13767153024673462,0.24975436925888062,0.9447628855705261,-0.1370132863521576,0.24558401107788086,0.9454644918441772,0.090067324647121,0.03028440717023664,4.497243136891704e-06,-2.3589295856107917e-06,0.0,0.0,0.0,0,0,1,1.0
crossover_11_05_02_fps30.mp4,983,0.1403340995311737,-0.11347520624176932,-0.0023579581481654177,0.03760245442390442,-0.02352878451347351,0.970370352268219,-0.06752803921699524,-0.032866984605789185,0.8540400266647339,-0.02510640025138855,0.03201219439506531,-0.5294740200042725,0.9345482587814331,-0.080746591091156,0.00311240553855896,-0.6517465114593506,0.6643686294555664,0.13759377598762512,0.24976500868797302,0.944208562374115,-0.13713616132736206,0.24565699696540833,0.9455277919769287,0.09481747337917472,0.033182632935648555,-0.002385621972200269,-0.00424806071540057,0.0,0.0,0.0,0,0,1,1.0
crossover_11_05_02_fps30.mp4,984,0.13991545140743256,-0.11703343704595404,-0.008204257633627865,0.038118988275527954,-0.022695094347000122,0.970251202583313,-0.07010376453399658,-0.03748476505279541,0.857843279838562,-0.025179356336593628,0.032894641160964966,-0.5567533373832703,0.9346426129341125,-0.084400475025177,0.0037797391414642334,-0.6868776082992554,0.6766451597213745,0.13746002316474915,0.25062623620033264,0.9451308846473694,-0.137258380651474,0.2465468943119049,0.9463134407997131,0.10062947691948855,0.034763866139353575,-0.005846299485462447,-0.0035582308041847144,0.0,0.0,0.0,0,0,1,1.0
crossover_11_05_02_fps30.mp4,985,0.13889648020267487,-0.12154570535077885,-0.01726183527853431,0.0396726131439209,-0.021663755178451538,0.9698570370674133,-0.07217508554458618,-0.03657644987106323,0.8518384099006653,-0.024576306343078613,0.033481866121292114,-0.5586692094802856,0.9349035620689392,-0.09142681956291199,-0.008206754922866821,-0.736156165599823,0.6778377294540405,0.1374463438987732,0.2514713704586029,0.946192741394043,-0.13726806640625,0.2475859820842743,0.9471122622489929,0.10944399287155657,0.031450624180613077,-0.009057577644906445,-0.004512268304824818,0.0,0.0,0.0,0,0,1,1.0
crossover_11_05_02_fps30.mp4,986,0.13877196609973907,-0.12539968581522926,-0.029663776624493488,0.04161670804023743,-0.02132698893547058,0.9695224165916443,-0.07550877332687378,-0.037439167499542236,0.8454079031944275,-0.02435317635536194,0.03289571404457092,-0.5644910931587219,0.934796929359436,-0.10174107551574707,-0.022879689931869507,-0.7577670216560364,0.6778134107589722,0.13750240206718445,0.2516535818576813,0.9478186964988708,-0.13729122281074524,0.24772009253501892,0.9482711553573608,0.11884480193426977,0.02461206357776207,-0.012401941345959178,-0.0038539804644504017,0.0,0.0,0.0,0,0,1,1.0
crossover_11_05_02_fps30.mp4,987,0.13867636024951935,-0.12541638643054637,-0.029587786517492165,0.042606621980667114,-0.021166712045669556,0.9679262638092041,-0.07671499252319336,-0.037344902753829956,0.834240734577179,-0.024167805910110474,0.03257349133491516,-0.5643497705459595,0.9329972267150879,-0.10396382212638855,-0.025018900632858276,-0.7580766081809998,0.6724711060523987,0.13755741715431213,0.2517443597316742,0.9483319520950317,-0.13727247714996338,0.24777814745903015,0.9482420086860657,0.11880782601178837,0.021933700860794856,7.599010700132247e-05,-1.67006153171112e-05,0.0,0.0,0.0,0,0,1,1.0
crossover_11_05_02_fps30.mp4,988,0.13690494000911713,-0.12899099972288486,-0.04003838097176898,0.04408210515975952,-0.01938319206237793,0.965326726436615,-0.07896116375923157,-0.03943014144897461,0.8233113884925842,-0.023538708686828613,0.032634079456329346,-0.5727529525756836,0.9278860688209534,-0.10489898920059204,-0.035701245069503784,-0.7712161540985107,0.66325443983078,0.1377362608909607,0.2531912326812744,0.9496444463729858,-0.13706892728805542,0.24920839071273804,0.9493052363395691,0.12806823255369235,0.024479291632745127,-0.010450594454276818,-0.003574613292338491,0.0,0.0,0.0,0,0,1,1.0
crossover_11_05_02_fps30.mp4,989,0.1347183734178543,-0.1305164817026106,-0.04681047172081182,0.04682692885398865,-0.018163740634918213,0.9643583297729492,-0.07993945479393005,-0.04247504472732544,0.8155430555343628,-0.019926339387893677,0.03281348943710327,-0.5784773826599121,0.9246888756752014,-0.10700240731239319,-0.04241713881492615,-0.7751830816268921,0.6532354354858398,0.13839414715766907,0.2540118098258972,0.9523450136184692,-0.1364295482635498,0.2501135468482971,0.9517762064933777,0.1362723551116165,0.023920975491200525,-0.006772090749042836,-0.0015254819797257402,0.0,0.0,0.0,0,0,1,1.0
crossover_11_05_02_fps30.mp4,990,0.1325504183769226,-0.13018372392250321,-0.04748884134176301,0.04965528845787048,-0.01699182391166687,0.9627484083175659,-0.08008778095245361,-0.04454302787780762,0.8002210259437561,-0.015720993280410767,0.03271934390068054,-0.5807160139083862,0.9209102988243103,-0.11083164811134338,-0.048308491706848145,-0.7751126289367676,0.6359225511550903,0.13931825757026672,0.254578560590744,0.9541831612586975,-0.13556554913520813,0.25062981247901917,0.9530839920043945,0.13976791364948662,0.019369426034910316,-0.0006783696209511914,0.00033275778010738444,0.0,0.0,0.0,0,0,1,1.0
crossover_11_05_02_fps30.mp4,991,0.13035911321640015,-0.13003042481713378,-0.03965154028520351,0.050513237714767456,-0.016192883253097534,0.9604160785675049,-0.08046144247055054,-0.04431718587875366,0.7941203713417053,-0.01390489935874939,0.033221036195755005,-0.6045773029327393,0.9154482483863831,-0.11472868919372559,-0.04533451795578003,-0.8086170554161072,0.6341593861579895,0.13963273167610168,0.25491657853126526,0.954443097114563,-0.13523021340370178,0.2511497437953949,0.9526930451393127,0.1370968638078896,0.016322969959322683,0.007837301056559498,0.00015329910536943103,0.0,0.0,0.0,0,0,1,1.0
crossover_11_05_02_fps30.mp4,992,0.12885752320289612,-0.1292067172163624,-0.03886873431322052,0.051779985427856445,-0.015281736850738525,0.9583619236946106,-0.08041784167289734,-0.043867409229278564,0.7890799045562744,-0.012249767780303955,0.034033894538879395,-0.6282657384872437,0.910007894039154,-0.11408999562263489,-0.043429672718048096,-0.8241995573043823,0.6282283663749695,0.1404401659965515,0.2553713321685791,0.9535088539123535,-0.13446420431137085,0.2518541216850281,0.9504916667938232,0.13781771045455574,0.015789788816665623,0.0007828059719829916,0.0008237076007713839,0.0,0.0,0.0,0,0,1,1.0
crossover_11_05_02_fps30.mp4,993,0.12647081911563873,-0.12863022866895646,-0.02050685838955202,0.05294772982597351,-0.013237327337265015,0.9565438032150269,-0.0787920355796814,-0.04179656505584717,0.7816078066825867,-0.010100454092025757,0.037038594484329224,-0.6118596196174622,0.9053533673286438,-0.10950908064842224,-0.037030190229415894,-0.8049497008323669,0.6205525398254395,0.1413719356060028,0.2567678391933441,0.9534943699836731,-0.13355636596679688,0.2533896863460541,0.9496185183525085,0.1317603377641318,0.025271303819024434,0.018361875923668503,0.00057648854740594,0.0,0.0,0.0,0,0,1,1.0
crossover_11_05_02_fps30.mp4,994,0.12294413149356842,-0.1281195137460353,0.008292418863715234,0.05473595857620239,-0.011630892753601074,0.9551472663879395,-0.07809463143348694,-0.03580370545387268,0.7938612699508667,-0.00683063268661499,0.04037195444107056,-0.6055178642272949,0.9002985954284668,-0.10063809156417847,-0.0210421085357666,-0.7991012334823608,0.6453304886817932,0.14310985803604126,0.2569139003753662,0.9546193480491638,-0.13178345561027527,0.25346845388412476,0.9505024552345276,0.1254595124791461,0.04019630658267503,0.028799277253267253,0.0005107149229211516,0.0,0.0,0.0,0,0,1,1.0
crossover_11_05_02_fps30.mp4,995,0.11919814348220825,-0.12816119628437495,0.05487488028479781,0.05613568425178528,-0.009400933980941772,0.9548312425613403,-0.07969224452972412,-0.022577732801437378,0.7999237179756165,-0.005387037992477417,0.04390081763267517,-0.6041491627693176,0.8979244232177734,-0.10557910799980164,0.035424500703811646,-0.7455509901046753,0.6431711912155151,0.14470693469047546,0.2565902769565582,0.9558335542678833,-0.13011619448661804,0.25290486216545105,0.9497113227844238,0.12326363614374121,0.029803824874279253,0.04658246142108258,-4.1682538339637976e-05,0.0,0.0,0.0,0,0,1,1.0
crossover_11_05_02_fps30.mp4,996,0.11847694218158722,-0.12912185419414002,0.14160827674516818,0.05724276602268219,-0.009330421686172485,0.9544165730476379,-0.08008037507534027,-0.013623744249343872,0.8146395683288574,-0.004548415541648865,0.04589143395423889,-0.5427138209342957,0.9010061621665955,-0.11013008654117584,0.06988140940666199,-0.4944700598716736,0.6756820678710938,0.14589162170886993,0.25496140122413635,0.9521106481552124,-0.12938450276851654,0.25273266434669495,0.9398047924041748,0.1570995086293062,0.0741985898570845,0.08673339646037037,-0.0009606579097650725,0.0,0.0,0.0,1,0,0,1.0
crossover_11_05_02_fps30.mp4,997,0.1183091402053833,-0.1285327873492645,0.14112497422753312,0.05780591070652008,-0.009004056453704834,0.953803539276123,-0.08047018945217133,-0.01187366247177124,0.8265747427940369,-0.004337772727012634,0.046717166900634766,-0.5315588116645813,0.903536856174469,-0.11101426184177399,0.07289397716522217,-0.48734259605407715,0.703728973865509,0.14639641344547272,0.2544289827346802,0.9489272832870483,-0.12934811413288116,0.25277143716812134,0.930203914642334,0.15600396065899774,0.07044407495363737,-0.0004833025176350647,0.0005890668448755298,0.0,0.0,0.0,1,0,0,1.0
crossover_11_05_02_fps30.mp4,998,0.11740186810493469,-0.12819600979150353,0.2423878588327547,0.05730254948139191,-0.007559597492218018,0.9532800912857056,-0.08424241840839386,-0.00618135929107666,0.8336895108222961,-0.005316063761711121,0.047182321548461914,-0.5171624422073364,0.9044806957244873,-0.11145327985286713,0.09146040678024292,-0.5223116874694824,0.7170554995536804,0.14574696123600006,0.25376319885253906,0.9483624696731567,-0.12602587044239044,0.2364850640296936,0.9203657507896423,0.23066140319250233,0.1518532672972872,0.10126288460522159,0.00033677755776095886,0.0,0.0,0.0,1,0,0,1.0
crossover_11_05_02_fps30.mp4,999,0.11828687787055969,-0.12659021302805107,0.2605374014959103,0.055901020765304565,-0.008356064558029175,0.9544101357460022,-0.0865715742111206,-0.004601150751113892,0.8452619910240173,-0.00637325644493103,0.04537346959114075,-0.5103800892829895,0.9098938703536987,-0.11172619462013245,0.09569135308265686,-0.510347843170166,0.7406273484230042,0.14464804530143738,0.25153443217277527,0.9455505013465881,-0.12513509392738342,0.23585805296897888,0.9142721891403198,0.24647035165071698,0.16551482930751446,0.018149542663155604,0.0016057967634524606,0.0,0.0,0.0,1,0,0,1.0
crossover_11_05_02_fps30.mp4,1000,0.1171637773513794,-0.12591589669049796,0.1844220196328512,0.05573678016662598,-0.0054795145988464355,0.9563085436820984,-0.08573225140571594,-0.006193757057189941,0.857619047164917,-0.006667137145996094,0.04651385545730591,-0.5302650332450867,0.9160171747207642,-0.11123651266098022,0.08428776264190674,-0.5049225091934204,0.7648704051971436,0.1445537805557251,0.2512342929840088,0.94413161277771,-0.1264556646347046,0.24238264560699463,0.9073396325111389,0.18231546396060755,0.10120451441815514,-0.0761153818630591,0.0006743163375531047,0.0,0.0,0.0,0,0,0,1.0
crossover_11_05_02_fps30.mp4,1001,0.11573386192321777,-0.12510361913907325,0.11931595569703635,0.05551779270172119,-0.0026479363441467285,0.9567734599113464,-0.08523190021514893,-0.0076691508293151855,0.8657022714614868,-0.006974756717681885,0.047574400901794434,-0.5443482995033264,0.918237566947937,-0.11076503992080688,0.07176238298416138,-0.5254469513893127,0.7802673578262329,0.1444879174232483,0.2513955235481262,0.9431159496307373,-0.1281491219997406,0.24812304973602295,0.9052389860153198,0.1382073761469,0.049668270875451136,-0.06510606393581486,0.0008122775514247116,0.0,0.0,0.0,0,0,0,1.0
crossover_11_05_02_fps30.mp4,1002,0.11507533490657806,-0.12543975377486927,0.11932032108306889,0.055113017559051514,-0.0015414953231811523,0.9575175046920776,-0.08521857857704163,-0.008449137210845947,0.8718967437744141,-0.007386922836303711,0.04833310842514038,-0.5451358556747437,0.9210494756698608,-0.11071509122848511,0.06781816482543945,-0.5170888304710388,0.793517529964447,0.14421743154525757,0.25143182277679443,0.9427380561828613,-0.12962284684181213,0.25039076805114746,0.9030614495277405,0.13775215153873824,0.053565733321687736,4.3653860325454374e-06,-0.0003361346357960149,0.0,0.0,0.0,0,0,1,1.0
crossover_11_05_02_fps30.mp4,1003,0.11345626413822174,-0.12157230528734497,0.08764298238405366,0.054906874895095825,-0.00020644068717956543,0.9600636959075928,-0.08471664786338806,-0.00879940390586853,0.8816139101982117,-0.007358640432357788,0.05046984553337097,-0.6088012456893921,0.9258032441139221,-0.10705292224884033,0.06181618571281433,-0.7636074423789978,0.8090547323226929,0.14382126927375793,0.25153645873069763,0.9459712505340576,-0.1300869584083557,0.2506309449672699,0.9071362018585205,0.12011079611311765,0.02962829576800453,-0.031677338699015234,0.0038674484875242943,0.0,0.0,0.0,0,0,1,1.0
crossover_11_05_02_fps30.mp4,1004,0.11210332810878754,-0.1197382838039075,0.0795631529354468,0.054427266120910645,0.0005560815334320068,0.9624958634376526,-0.08366376161575317,-0.007851570844650269,0.8905661106109619,-0.006715178489685059,0.05295261740684509,-0.6186681985855103,0.9307494163513184,-0.10302942991256714,0.059560686349868774,-0.7827820777893066,0.8243216872215271,0.14315009117126465,0.2514054477214813,0.9482738375663757,-0.1309129297733307,0.25069209933280945,0.9091230034828186,0.11611349161914299,0.026063086307444968,-0.008079829448606857,0.0018340214834374757,0.0,0.0,0.0,0,0,1,1.0
crossover_11_05_02_fps30.mp4,1005,0.11423924565315247,-0.11939507126808169,0.10548224143865637,0.05486825108528137,-0.0024618208408355713,0.9613333940505981,-0.08310410380363464,-0.0067355334758758545,0.8847148418426514,-0.0033238232135772705,0.05084905028343201,-0.5505901575088501,0.9294756054878235,-0.1029052734375,0.06991085410118103,-0.5549207925796509,0.8106329441070557,0.14323243498802185,0.2486329972743988,0.9494596719741821,-0.13139307498931885,0.24886468052864075,0.9093337655067444,0.12828608732334765,0.03920761443401214,0.025919088503209564,0.0003432125358258098,0.0,0.0,0.0,0,0,1,1.0
crossover_11_05_02_fps30.mp4,1006,0.11625820398330688,-0.11830663842669986,0.18288873332302746,0.05549323558807373,-0.004883259534835815,0.961988627910614,-0.08272707462310791,-0.004388958215713501,0.8944021463394165,-0.0011714696884155273,0.04876700043678284,-0.5315678119659424,0.933468222618103,-0.10262557864189148,0.08418455719947815,-0.5105592012405396,0.8286834359169006,0.1435183882713318,0.24660006165504456,0.9504711627960205,-0.13155436515808105,0.24657264351844788,0.9073582291603088,0.17807101669770828,0.09994203330032553,0.0774064918843711,0.0010884328413818256,0.0,0.0,0.0,0,0,0,1.0
crossover_11_05_02_fps30.mp4,1007,0.11715884506702423,-0.11811724345562824,0.18160866804239229,0.05609574913978577,-0.006415635347366333,0.9613481760025024,-0.08246195316314697,-0.003958255052566528,0.9023404121398926,0.00030937790870666504,0.04734787344932556,-0.5136126279830933,0.93511563539505,-0.10249871015548706,0.08563116192817688,-0.48841583728790283,0.8445380330085754,0.14378628134727478,0.24551406502723694,0.9471079707145691,-0.1315704584121704,0.24543210864067078,0.8973310589790344,0.1790274437412689,0.09724001368959115,-0.0012800652806351787,0.0001893949710716214,0.0,0.0,0.0,1,0,0,1.0
crossover_11_05_02_fps30.mp4,1008,0.11732985079288483,-0.11728330446501911,0.2733766997732767,0.05605953931808472,-0.006797730922698975,0.9611082077026367,-0.08282998204231262,0.0005472302436828613,0.9102550745010376,0.0008522868156433105,0.04679030179977417,-0.4977932274341583,0.9360108971595764,-0.10138154029846191,0.09771311283111572,-0.5060421824455261,0.858214795589447,0.14415132999420166,0.2457125186920166,0.9450121521949768,-0.129061758518219,0.2417791485786438,0.8931911587715149,0.25553358619531447,0.1763818638097323,0.09176803173088444,0.0008339389906091288,0.0,0.0,0.0,1,0,0,1.0
crossover_11_05_02_fps30.mp4,1009,0.11715072393417358,-0.11674906480110298,0.24460439638393683,0.05611991882324219,-0.006843298673629761,0.9606819152832031,-0.08288857340812683,0.002359718084335327,0.9165062308311462,0.0001976490020751953,0.046759992837905884,-0.502894937992096,0.9373565316200256,-0.10060960054397583,0.09963884949684143,-0.5166831612586975,0.8699098825454712,0.14427471160888672,0.24598023295402527,0.9466241598129272,-0.1264057159423828,0.23766526579856873,0.8938037157058716,0.2298237191498023,0.14586120831386848,-0.028772303389339893,0.0005342396639161362,0.0,0.0,0.0,1,0,0,1.0
crossover_11_05_02_fps30.mp4,1010,0.11680872738361359,-0.11534189127259337,0.17753186967314738,0.05625849962234497,-0.006678909063339233,0.9626404047012329,-0.08186694979667664,0.0005720555782318115,0.9213182926177979,-0.00028645992279052734,0.04598727822303772,-0.5219874978065491,0.941672682762146,-0.10081738233566284,0.0914888083934784,-0.5059647560119629,0.8810803890228271,0.1441969871520996,0.2463391125202179,0.9480288624763489,-0.12809699773788452,0.23983988165855408,0.8907533884048462,0.17476192898587914,0.08726035614318708,-0.06707252671078945,0.0014071735285096088,0.0,0.0,0.0,0,0,0,1.0
crossover_11_05_02_fps30.mp4,1011,0.11652974784374237,-0.1160435699810416,0.1257776091738445,0.05687800049781799,-0.006404876708984375,0.9640899300575256,-0.08063790202140808,0.0001817941665649414,0.9234651327133179,0.0002859532833099365,0.04610908031463623,-0.5367515087127686,0.9445649981498718,-0.10007214546203613,0.0910872220993042,-0.53017657995224,0.8854802846908569,0.1444091498851776,0.24671900272369385,0.9507057070732117,-0.1288500726222992,0.24169743061065674,0.8944617509841919,0.1409951505318598,0.038190435406626644,-0.05175426049930287,-0.0007016787084482279,0.0,0.0,0.0,0,0,1,1.0
crossover_11_05_02_fps30.mp4,1012,0.1156507283449173,-0.11596520007666894,0.1267225009639089,0.05727052688598633,-0.005522012710571289,0.9649178385734558,-0.07996797561645508,0.0002117156982421875,0.9238243699073792,0.0007292628288269043,0.04672318696975708,-0.5515092611312866,0.9459779858589172,-0.09965437650680542,0.08949768543243408,-0.5379424691200256,0.8863568305969238,0.14461982250213623,0.2476901412010193,0.9530565738677979,-0.12930402159690857,0.24377399682998657,0.8981114625930786,0.1414831718344519,0.0406414795114492,0.000944891790064406,7.83699043726549e-05,0.0,0.0,0.0,0,0,1,1.0
crossover_11_05_02_fps30.mp4,1013,0.11364513635635376,-0.11390035920223945,0.10088868737220769,0.05743783712387085,-0.003571420907974243,0.9672020673751831,-0.07934102416038513,0.0017813146114349365,0.9283715486526489,0.0014830827713012695,0.048561543226242065,-0.6463832259178162,0.949179470539093,-0.09980303049087524,0.06694826483726501,-0.7570739388465881,0.8911309242248535,0.14470219612121582,0.24974384903907776,0.9556403160095215,-0.12970700860023499,0.24623313546180725,0.9029622673988342,0.1266943909418807,0.03675169327591177,-0.025833813591701227,0.0020648408744294855,0.0,0.0,0.0,0,0,1,1.0
crossover_11_05_02_fps30.mp4,1014,0.11329154670238495,-0.11341004593897674,0.10166061971245743,0.057565271854400635,-0.0031917691230773926,0.9694099426269531,-0.0783894956111908,0.0011019110679626465,0.9332301020622253,0.002451956272125244,0.04891282320022583,-0.6236407160758972,0.9526382088661194,-0.09734231233596802,0.065990149974823,-0.7201042175292969,0.8976800441741943,0.1448589563369751,0.25022077560424805,0.9584370255470276,-0.13045457005500793,0.24794268608093262,0.9085924029350281,0.12730409888633276,0.03912230149723748,0.000771932340249748,0.0004903132632627094,0.0,0.0,0.0,0,0,1,1.0
crossover_11_05_02_fps30.mp4,1015,0.11432322859764099,-0.11388707150847227,0.1363755714602587,0.0579010546207428,-0.004389047622680664,0.9699163436889648,-0.07796785235404968,0.0018076300621032715,0.9326068162918091,0.0029747188091278076,0.04793989658355713,-0.5543527603149414,0.9540913701057434,-0.09534600377082825,0.09070348739624023,-0.5419250726699829,0.897470235824585,0.14519056677818298,0.24925899505615234,0.9602644443511963,-0.13103672862052917,0.24807250499725342,0.9098603129386902,0.1465521976195935,0.04929209323616388,0.03471495174780126,-0.0004770255694955261,0.0,0.0,0.0,0,0,1,1.0
crossover_11_05_02_fps30.mp4,1016,0.116265669465065,-0.11660457122123846,0.20451462952102106,0.05774807929992676,-0.006857186555862427,0.9693723917007446,-0.07868680357933044,0.004933804273605347,0.9341102242469788,0.0028049349784851074,0.04546484351158142,-0.5192834138870239,0.9551347494125366,-0.09578517079353333,0.10314914584159851,-0.4959903061389923,0.9026997089385986,0.1451084017753601,0.24717530608177185,0.9495749473571777,-0.13094189763069153,0.24595651030540466,0.8823733329772949,0.19888555654071605,0.10348144140729974,0.06813905806076237,-0.0027174997127661915,0.0,0.0,0.0,1,0,0,1.0
crossover_11_05_02_fps30.mp4,1017,0.11688685417175293,-0.1165968134241589,0.203733775673843,0.057570189237594604,-0.007852554321289062,0.9690238833427429,-0.07921820878982544,0.006187617778778076,0.9358356595039368,0.002671748399734497,0.044437527656555176,-0.5175485610961914,0.9562779068946838,-0.09608730673789978,0.10526090860366821,-0.493022084236145,0.907574474811554,0.14508911967277527,0.24645376205444336,0.941084623336792,-0.13096174597740173,0.24526798725128174,0.8614115715026855,0.19899820218264574,0.10058601002890025,-0.0007808538471780757,7.757797079566142e-06,0.0,0.0,0.0,1,0,0,1.0
crossover_11_05_02_fps30.mp4,1018,0.11644390225410461,-0.11846029606916136,0.28911340658257645,0.057144492864608765,-0.008491426706314087,0.9670595526695251,-0.07970929145812988,0.009371072053909302,0.9389161467552185,0.002135246992111206,0.04385223984718323,-0.5172839164733887,0.9538680911064148,-0.09604978561401367,0.11737224459648132,-0.5285035371780396,0.9126960635185242,0.14509078860282898,0.24647143483161926,0.9239566326141357,-0.1299118995666504,0.24674776196479797,0.8340533971786499,0.2733062840745701,0.1731971642354298,0.08537963090873346,-0.0018634826450024677,0.0,0.0,0.0,1,0,0,1.0
crossover_11_05_02_fps30.mp4,1019,0.11826391518115997,-0.11822135089817692,0.22846128344535832,0.05661000311374664,-0.010295242071151733,0.967149555683136,-0.07962571084499359,0.007456451654434204,0.9406359195709229,0.0005208998918533325,0.04148712754249573,-0.5231935381889343,0.954240083694458,-0.09601153433322906,0.11154887080192566,-0.5005022883415222,0.9169826507568359,0.14526863396167755,0.2447015345096588,0.9276741147041321,-0.13006149232387543,0.24509045481681824,0.8406017422676086,0.22149279242961928,0.11900331164281483,-0.06065212313721813,0.00023894517098443924,0.0,0.0,0.0,1,0,0,1.0
crossover_11_05_02_fps30.mp4,1020,0.11757242679595947,-0.1178532404919802,0.17117463757352136,0.05588908493518829,-0.00959700345993042,0.9664657711982727,-0.07950015366077423,0.007127523422241211,0.9415584206581116,-0.0008222311735153198,0.04241943359375,-0.523820698261261,0.9531943798065186,-0.0955035537481308,0.10663694143295288,-0.5024014711380005,0.9213997721672058,0.14547975361347198,0.24542224407196045,0.9304402470588684,-0.13054059445858002,0.24583804607391357,0.8440607786178589,0.173994711683922,0.06829804331516787,-0.05728664587183696,0.00036811040619672,0.0,0.0,0.0,0,0,0,1.0
crossover_11_05_02_fps30.mp4,1021,0.11708031594753265,-0.11931438052048116,0.13033802930901695,0.05470070242881775,-0.009169191122055054,0.9658986330032349,-0.07944977283477783,0.0069998204708099365,0.9331609606742859,-0.0020245611667633057,0.042976051568984985,-0.5286046266555786,0.9513329267501831,-0.095543771982193,0.10348311066627502,-0.5060721635818481,0.9094825983047485,0.1455068290233612,0.24586710333824158,0.932655930519104,-0.1310654878616333,0.24627569317817688,0.8462750315666199,0.14624984402958385,0.03586402773795528,-0.040836608264504415,-0.0014611400285009513,0.0,0.0,0.0,0,0,1,1.0
crossover_11_05_02_fps30.mp4,1022,0.11678655445575714,-0.1192612364635629,0.1305686456401174,0.05416838824748993,-0.008941829204559326,0.9658427238464355,-0.07933251559734344,0.0065686702728271484,0.9285901188850403,-0.0025351792573928833,0.04336899518966675,-0.5308724045753479,0.9503181576728821,-0.0955195277929306,0.10034734010696411,-0.5020239353179932,0.9020290374755859,0.1455606073141098,0.24610817432403564,0.9351717233657837,-0.13131536543369293,0.2465028166770935,0.8513849973678589,0.1457008972847417,0.038431706164693984,0.00023061633110044166,5.314405691825286e-05,0.0,0.0,0.0,0,0,1,1.0
crossover_11_05_02_fps30.mp4,1023,0.11632849276065826,-0.12029784341989935,0.1177203829695539,0.05312320590019226,-0.008691728115081787,0.964979887008667,-0.07911422848701477,0.0049239397048950195,0.9180316925048828,-0.006272643804550171,0.04710853099822998,-0.532001793384552,0.9478693008422852,-0.0953013002872467,0.08910524845123291,-0.509526252746582,0.8798861503601074,0.1457594931125641,0.24605423212051392,0.9348577260971069,-0.13140928745269775,0.24654299020767212,0.8536767363548279,0.1341185288695801,0.03799543514797757,-0.012848262670563493,-0.00103660695633645,0.0,0.0,0.0,0,0,1,1.0
crossover_11_05_02_fps30.mp4,1024,0.11450651288032532,-0.1259127069832915,0.14451279233141645,0.050294533371925354,-0.006718456745147705,0.9630983471870422,-0.07903750240802765,0.005339622497558594,0.9175834059715271,-0.01006750762462616,0.05134183168411255,-0.5155174136161804,0.944430410861969,-0.09763132035732269,0.09116971492767334,-0.4907265901565552,0.886433482170105,0.14646942913532257,0.2464866042137146,0.9378910064697266,-0.13064207136631012,0.24662518501281738,0.8572770357131958,0.1486638426867487,0.060376491587283004,0.026792409361862557,-0.005614863563392136,0.0,0.0,0.0,0,0,1,1.0
crossover_11_05_02_fps30.mp4,1025,0.11687266826629639,-0.13487704118429605,0.21951680139797491,0.04640214145183563,-0.008947402238845825,0.9569947123527527,-0.08339662849903107,0.004494816064834595,0.9187279343605042,-0.010950461030006409,0.04896959662437439,-0.5087534189224243,0.9354692697525024,-0.10491795837879181,0.09915509819984436,-0.5027142763137817,0.8917034268379211,0.14657168090343475,0.243897944688797,0.9340452551841736,-0.13060684502124786,0.24255886673927307,0.8491365909576416,0.2108178036239492,0.12403421398671388,0.07500400906655846,-0.008964334201004565,0.0,0.0,0.0,1,1,0,1.0
crossover_11_05_02_fps30.mp4,1026,0.11649997532367706,-0.14453981801614924,0.277992557607046,0.041811972856521606,-0.008038222789764404,0.950106680393219,-0.09058552980422974,0.008379578590393066,0.9199089407920837,-0.013828963041305542,0.051321446895599365,-0.5137338638305664,0.9227905869483948,-0.1167815625667572,0.11487311124801636,-0.5467308163642883,0.8940296769142151,0.14619222283363342,0.24364709854125977,0.9139598608016968,-0.12946179509162903,0.24033957719802856,0.8123827576637268,0.2616584033418677,0.1654644207256353,0.058475756209071084,-0.009662776831853181,0.0,0.0,0.0,1,1,0,1.0
crossover_11_05_02_fps30.mp4,1027,0.11717292666435242,-0.1445765630673554,0.2770765298750343,0.0406033992767334,-0.008502185344696045,0.9454715847969055,-0.09214600920677185,0.00736004114151001,0.9196815490722656,-0.014406442642211914,0.05197334289550781,-0.515084981918335,0.9149187803268433,-0.11851918697357178,0.11722612380981445,-0.540230393409729,0.8933106660842896,0.14612871408462524,0.24260759353637695,0.8788922429084778,-0.12993764877319336,0.24286168813705444,0.7664368152618408,0.26003020024573303,0.1619603012102304,-0.0009160277320117149,-3.674505120615512e-05,0.0,0.0,0.0,1,0,0,1.0
crossover_11_05_02_fps30.mp4,1028,0.11713694036006927,-0.15102467769283362,0.21036117934599152,0.03657910227775574,-0.005630761384963989,0.9418067932128906,-0.09359070658683777,0.007181137800216675,0.9083184599876404,-0.021221965551376343,0.05576327443122864,-0.5285351276397705,0.9078673124313354,-0.1269814372062683,0.11274543404579163,-0.5403592586517334,0.8795257806777954,0.14623811841011047,0.24258676171302795,0.8836681842803955,-0.1297759711742401,0.24178656935691833,0.7613996267318726,0.20186445027124536,0.10053313455576877,-0.06671535052904276,-0.0064481146254782296,0.0,0.0,0.0,0,0,0,1.0
crossover_11_05_02_fps30.mp4,1029,0.11601397395133972,-0.15888611148979703,0.1523389425219559,0.03431931138038635,-0.002851039171218872,0.9415419697761536,-0.09502780437469482,-0.0006762444972991943,0.9103409051895142,-0.024412184953689575,0.05687972903251648,-0.5520337224006653,0.9101330041885376,-0.13393256068229675,0.08886781334877014,-0.5159245133399963,0.8887543082237244,0.1463933289051056,0.24316254258155823,0.890204131603241,-0.12963837385177612,0.24231353402137756,0.7695218920707703,0.16491118324134602,0.06820017548673706,-0.05802223682403562,-0.007861433796963413,0.0,0.0,0.0,0,0,1,1.0
crossover_11_05_02_fps30.mp4,1030,0.11532911658287048,-0.16181315097768428,0.11455694553328721,0.03248833119869232,0.00033730268478393555,0.9385760426521301,-0.0953381210565567,-0.005790412425994873,0.8981106877326965,-0.026304617524147034,0.060006678104400635,-0.5756399631500244,0.9080368280410767,-0.1416534036397934,0.07165724039077759,-0.5134272575378418,0.8844496607780457,0.14650188386440277,0.24405449628829956,0.8953338265419006,-0.12990425527095795,0.24308937788009644,0.7738126516342163,0.1460763304416272,0.04740042314201283,-0.03778199698866869,-0.0029270394878872508,0.0,0.0,0.0,0,0,1,1.0
crossover_11_05_02_fps30.mp4,1031,0.11412948369979858,-0.16049436244924192,0.09732853348662218,0.028633221983909607,0.004638969898223877,0.9330920577049255,-0.09551207721233368,-0.011922836303710938,0.8826176524162292,-0.029155388474464417,0.06802397966384888,-0.580650806427002,0.9038376808166504,-0.1435835212469101,0.04405343532562256,-0.49362048506736755,0.882882297039032,0.14647512137889862,0.24519020318984985,0.9006732106208801,-0.13002081215381622,0.24426203966140747,0.7790201306343079,0.1345685065663549,0.05589465658034432,-0.01722841204666503,0.0013187885284423606,0.0,0.0,0.0,0,0,1,1.0
crossover_11_05_02_fps30.mp4,1032,0.1137387752532959,-0.16048709750175477,0.0976089394674069,0.027990609407424927,0.006023794412612915,0.929594874382019,-0.09570667147636414,-0.01316031813621521,0.872666597366333,-0.029569625854492188,0.06989690661430359,-0.5802907943725586,0.9018922448158264,-0.14360979199409485,0.04040190577507019,-0.48961368203163147,0.8857338428497314,0.14649322628974915,0.24539849162101746,0.9065895080566406,-0.13009679317474365,0.24404749274253845,0.7884772419929504,0.13381831394604882,0.05964468245430631,0.0002804059807847148,7.264947487151119e-06,0.0,0.0,0.0,0,0,1,1.0
crossover_11_05_02_fps30.mp4,1033,0.11355024576187134,-0.15522901355209995,0.08904654514498822,0.028814107179641724,0.006728231906890869,0.9227603077888489,-0.09619683027267456,-0.013713359832763672,0.8551684617996216,-0.02877214550971985,0.07098770141601562,-0.5782839059829712,0.894047200679779,-0.1438307762145996,0.03414803743362427,-0.5352808833122253,0.87812739610672,0.14654818177223206,0.24586814641952515,0.9112741351127625,-0.1302829086780548,0.24397355318069458,0.7940202355384827,0.1277398188190174,0.05606929608383428,-0.008562394322418676,0.005258083949654824,0.0,0.0,0.0,0,0,1,1.0
crossover_11_05_02_fps30.mp4,1034,0.11370116472244263,-0.14503805016056964,0.09025585244341594,0.029104843735694885,0.006536006927490234,0.9224339127540588,-0.0962304025888443,-0.012093663215637207,0.810893714427948,-0.02795635163784027,0.08383429050445557,-0.573150098323822,0.8944445252418518,-0.1404944807291031,0.03912752866744995,-0.5153020620346069,0.8244262337684631,0.14557690918445587,0.24594634771347046,0.9104645848274231,-0.13128046691417694,0.24393540620803833,0.7932794094085693,0.1172576674964294,0.051329811175559244,0.0012093072984277198,0.010190963391530306,0.0,0.0,0.0,0,0,1,1.0
crossover_11_05_02_fps30.mp4,1035,0.11360925436019897,-0.12862589288566073,0.10502625354906403,0.029132872819900513,0.006009936332702637,0.9245043396949768,-0.0889129638671875,-0.011661827564239502,0.7724453210830688,-0.013413161039352417,0.0908469557762146,-0.5504370331764221,0.8971860408782959,-0.12981656193733215,0.04662138223648071,-0.5096067786216736,0.7608345150947571,0.14336171746253967,0.2457001805305481,0.9131474494934082,-0.13358303904533386,0.24362903833389282,0.7999858260154724,0.11608197993151426,0.05841700682018915,0.01477040110564809,0.016412157274908912,0.0,0.0,0.0,0,0,1,1.0
crossover_11_05_02_fps30.mp4,1036,0.11982572078704834,-0.0998805690619905,0.12780404992219874,0.033566415309906006,0.0008966922760009766,0.9285154342651367,-0.07766914367675781,-0.015423297882080078,0.7788025736808777,-0.003027617931365967,0.09466052055358887,-0.5505118370056152,0.9023342132568359,-0.09783536195755005,0.07708370685577393,-0.479880690574646,0.7499042749404907,0.14114409685134888,0.23989802598953247,0.9172248244285583,-0.1362977921962738,0.23865067958831787,0.8110136985778809,0.10236692669861222,0.05076156097753379,0.022777796373134707,0.028745323823670232,0.0,0.0,0.0,0,0,1,1.0
crossover_11_05_02_fps30.mp4,1037,0.12355749309062958,-0.1004028459726754,0.12436949901464511,0.035808563232421875,-0.0022133290767669678,0.9291731119155884,-0.07601267099380493,-0.016160398721694946,0.7773401141166687,-0.0011439323425292969,0.09154143929481506,-0.5295454859733582,0.9011402726173401,-0.09429699182510376,0.08243909478187561,-0.47390204668045044,0.714485228061676,0.14060664176940918,0.2366982400417328,0.9201692342758179,-0.13684889674186707,0.2365882694721222,0.8198447227478027,0.10454670458701953,0.04237263567439335,-0.003434550907553624,-0.0005222769106849046,0.0,0.0,0.0,0,0,1,1.0
crossover_11_05_02_fps30.mp4,1038,0.12403300404548645,-0.05136644213886582,0.17415445708647004,0.03919649124145508,-0.003985315561294556,0.9343701601028442,-0.0674462616443634,-0.016148895025253296,0.7917629480361938,0.016564905643463135,0.09765580296516418,-0.4955502152442932,0.9086886644363403,-0.07201975584030151,0.08549848198890686,-0.47679707407951355,0.7178609371185303,0.1361268162727356,0.23644962906837463,0.9238768219947815,-0.14113259315490723,0.23636987805366516,0.8337164521217346,0.10230695036943929,0.09102989227363532,0.049784958071824925,0.04903640383380958,0.0,0.0,0.0,0,0,0,1.0
crossover_11_05_02_fps30.mp4,1039,0.12259136140346527,0.007202878442861271,0.23868234928061327,0.05193209648132324,-0.005372911691665649,0.937831699848175,-0.05689004063606262,-0.0141124427318573,0.8113111257553101,0.04018759727478027,0.09992334246635437,-0.43394210934638977,0.9128665328025818,-0.044913917779922485,0.09763482213020325,-0.4842318296432495,0.7403083443641663,0.13485431671142578,0.23833057284355164,0.9283245801925659,-0.14230242371559143,0.23775699734687805,0.8489885330200195,0.1426255715098113,0.15036809955496816,0.06452789219414323,0.05856932058172709,0.0,0.0,0.0,1,1,0,1.0
crossover_11_05_02_fps30.mp4,1040,0.12229865789413452,0.06121703851020943,0.25589435478536093,0.06633025407791138,-0.00674206018447876,0.9357754588127136,-0.04676124453544617,-0.0069106221199035645,0.8297255635261536,0.0654342770576477,0.09751707315444946,-0.4862009882926941,0.9011021852493286,-0.024026453495025635,0.1055985689163208,-0.5520225167274475,0.7651009559631348,0.13425344228744507,0.2387758493423462,0.9311965107917786,-0.1426277756690979,0.2378118634223938,0.8614491820335388,0.15843341957353269,0.17278679399548721,0.017212005504747663,0.05401416006734816,0.0,0.0,0.0,1,1,0,1.0
crossover_11_05_02_fps30.mp4,1041,0.12136237323284149,0.0967987428277226,0.20539348721504214,0.08149534463882446,-0.007206529378890991,0.9391917586326599,-0.039163947105407715,0.0023025572299957275,0.8465594053268433,0.08937197923660278,0.0955590307712555,-0.46182680130004883,0.9025581479072571,-0.005676150321960449,0.11531326174736023,-0.5224642157554626,0.7882985472679138,0.1299302577972412,0.23779699206352234,0.9262718558311462,-0.1464059054851532,0.23855182528495789,0.8713542222976685,0.11008526077427645,0.13643881686069903,-0.0505008675703188,0.035581704317513174,0.0,0.0,0.0,1,1,0,1.0
crossover_11_05_02_fps30.mp4,1042,0.12113891541957855,0.09564193416449984,0.20540940296359178,0.08148708939552307,-0.009346723556518555,0.9433529376983643,-0.040049344301223755,0.005116581916809082,0.8617590069770813,0.08971372246742249,0.09411013126373291,-0.4531973600387573,0.907545268535614,-0.005349248647689819,0.11757886409759521,-0.5062279105186462,0.8092142939567566,0.12854167819023132,0.23721742630004883,0.9245550632476807,-0.14741858839988708,0.23853260278701782,0.8814637064933777,0.11145703914443614,0.1338410346765761,1.591574854964417e-05,-0.0011568086632227637,0.0,0.0,0.0,0,0,1,1.0
crossover_11_05_02_fps30.mp4,1043,0.1208694726228714,0.12849859827655852,0.1638618322407327,0.09122657775878906,-0.012359470129013062,0.9436172842979431,-0.033126235008239746,0.008576542139053345,0.8754130005836487,0.11569374799728394,0.08694615960121155,-0.4421546459197998,0.9061279892921448,0.0058158040046691895,0.11403664946556091,-0.5124635696411133,0.8281220197677612,0.12746906280517578,0.23406222462654114,0.9113773703575134,-0.14837828278541565,0.2383979856967926,0.8860206604003906,0.07797425785645298,0.13241456433843674,-0.041547570722859084,0.032856664112058676,0.0,0.0,0.0,0,0,1,1.0
crossover_11_05_02_fps30.mp4,1044,0.11988215148448944,0.15066698910826348,0.13754852472282042,0.10443681478500366,-0.013624459505081177,0.9463091492652893,-0.02937150001525879,0.013630837202072144,0.8877317905426025,0.148179292678833,0.0645967423915863,-0.45479461550712585,0.9102219343185425,0.016342639923095703,0.11621078848838806,-0.5845531821250916,0.8450945615768433,0.12766236066818237,0.23497918248176575,0.9103572964668274,-0.15033379197120667,0.2397758662700653,0.895179808139801,0.07299418592483078,0.13600856506716438,-0.026313307517912277,0.022168390831704965,0.0,0.0,0.0,0,0,1,1.0
crossover_11_05_02_fps30.mp4,1045,0.11947238445281982,0.1633967919874999,0.11848110643828791,0.11587044596672058,-0.019711464643478394,0.9476990699768066,-0.027754157781600952,0.017573028802871704,0.8985324501991272,0.16709640622138977,0.055565983057022095,-0.5102865695953369,0.9066511392593384,0.019490212202072144,0.11390408873558044,-0.57122403383255,0.8598410487174988,0.1282135546207428,0.2367406189441681,0.9083988070487976,-0.15060150623321533,0.24137529730796814,0.9033244848251343,0.06302380419777516,0.143979348507314,-0.01906741828453251,0.012729802879236418,0.0,0.0,0.0,0,0,1,1.0
crossover_11_05_02_fps30.mp4,1046,0.11903375387191772,0.16366828912395537,0.11852154877127674,0.11742827296257019,-0.021748840808868408,0.951473593711853,-0.028132885694503784,0.018234670162200928,0.9083467125892639,0.169917494058609,0.05546975135803223,-0.5141817331314087,0.9121395349502563,0.01900365948677063,0.11262589693069458,-0.570734977722168,0.8734158873558044,0.12868770956993103,0.2372368574142456,0.91059410572052,-0.150343120098114,0.24155622720718384,0.9118983149528503,0.0633607269478194,0.14478471527992584,4.04423329888326e-05,0.00027149713645546747,0.0,0.0,0.0,0,0,1,1.0
crossover_11_05_02_fps30.mp4,1047,0.11839640140533447,0.1632349677005056,0.10768531488209232,0.1192176342010498,-0.024903208017349243,0.9539372324943542,-0.029940307140350342,0.018564373254776,0.9172291159629822,0.16906213760375977,0.046924859285354614,-0.45257246494293213,0.9160820245742798,0.01858806610107422,0.11145088076591492,-0.5540491342544556,0.885770857334137,0.12929171323776245,0.2378915250301361,0.9133392572402954,-0.14971709251403809,0.24168232083320618,0.9196796417236328,0.061039240439282376,0.1446959074360467,-0.010836233889184421,-0.00043332142344976177,0.0,0.0,0.0,0,0,1,1.0
crossover_11_05_02_fps30.mp4,1048,0.11840024590492249,0.1520970240487891,0.11093741684425162,0.11361142992973328,-0.026231229305267334,0.9531540870666504,-0.03272774815559387,0.017122507095336914,0.9252846240997314,0.15668544173240662,0.04647684097290039,-0.44511696696281433,0.9123260378837585,0.011769622564315796,0.10818636417388916,-0.541606605052948,0.8970823884010315,0.13032487034797668,0.23894405364990234,0.916429877281189,-0.1493196189403534,0.24182164669036865,0.9268038868904114,0.06462367537138045,0.14035436544040827,0.003252101962159304,-0.011137943651716498,0.0,0.0,0.0,0,0,1,1.0
crossover_11_05_02_fps30.mp4,1049,0.1183847188949585,0.12882402407920968,0.1287610327325216,0.10486435890197754,-0.024824202060699463,0.9520325064659119,-0.03555130958557129,0.01672220230102539,0.9326736927032471,0.13631266355514526,0.052155375480651855,-0.354839950799942,0.9138725399971008,0.005435466766357422,0.10419219732284546,-0.5042981505393982,0.9073364734649658,0.13059186935424805,0.24088221788406372,0.9228566288948059,-0.1489734649658203,0.24183142185211182,0.9338732361793518,0.07697081553544488,0.1258108252462195,0.017823615888269972,-0.023272999969579433,0.0,0.0,0.0,0,0,1,1.0
crossover_11_05_02_fps30.mp4,1050,0.11883823573589325,0.09154939681796703,0.16221523779194524,0.09155049920082092,-0.02441483736038208,0.9548819065093994,-0.039861470460891724,0.01403188705444336,0.9393417835235596,0.09397009015083313,0.06822842359542847,-0.39671599864959717,0.9196380972862244,0.004720121622085571,0.1034855842590332,-0.5055485367774963,0.9165681600570679,0.13252851366996765,0.24111688137054443,0.9279552102088928,-0.14701750874519348,0.24162602424621582,0.9401509761810303,0.09401798231733305,0.1048260236541385,0.03345420505942365,-0.03727462726124264,0.0,0.0,0.0,1,0,0,1.0
crossover_11_05_02_fps30.mp4,1051,0.1201043426990509,0.09269488554889871,0.16130280712755718,0.08786597847938538,-0.02442041039466858,0.957576334476471,-0.040959447622299194,0.01217225193977356,0.9453181028366089,0.08910700678825378,0.07102826237678528,-0.42195531725883484,0.9239832162857056,0.0037248432636260986,0.10242292284965515,-0.5117863416671753,0.9248582124710083,0.13368692994117737,0.24027565121650696,0.9325110912322998,-0.1459755301475525,0.24070075154304504,0.9457507729530334,0.0903458150882497,0.10668884288819676,-0.0009124306643880642,0.0011454887309316764,0.0,0.0,0.0,1,0,0,1.0
crossover_11_05_02_fps30.mp4,1052,0.12427455186843872,0.03607296084953571,0.21663281525053624,0.0768708884716034,-0.02386346459388733,0.9615979790687561,-0.04813513159751892,0.0032429397106170654,0.9507200121879578,0.06517192721366882,0.0762920081615448,-0.4292488098144531,0.9314051270484924,-0.019607573747634888,0.09953144192695618,-0.5002289414405823,0.932296872138977,0.1358661949634552,0.23747244477272034,0.9381639957427979,-0.1445048749446869,0.23690566420555115,0.9509156942367554,0.14332582453225398,0.12966515941954176,0.05533000812297906,-0.056621924699363,0.0,0.0,0.0,1,1,0,1.0
crossover_11_05_02_fps30.mp4,1053,0.1256629228591919,-0.02614192629264578,0.27572857693928043,0.06347915530204773,-0.00953662395477295,0.9650826454162598,-0.054142773151397705,-0.009997725486755371,0.9552527070045471,0.03693440556526184,0.10268163681030273,-0.46633657813072205,0.9378584027290344,-0.04678469896316528,0.0839659571647644,-0.4957421123981476,0.9387654662132263,0.13869884610176086,0.23732316493988037,0.940796434879303,-0.14227890968322754,0.23609095811843872,0.9531728625297546,0.18418432921573671,0.19287049127928396,0.0590957616887442,-0.062214887142181485,0.0,0.0,0.0,1,1,0,1.0
crossover_11_05_02_fps30.mp4,1054,0.12722089886665344,-0.06934849084433864,0.22576067912869335,0.04856961965560913,-0.007985889911651611,0.9682064652442932,-0.06485041975975037,-0.01359790563583374,0.9580287933349609,0.014358818531036377,0.0987393856048584,-0.47840172052383423,0.9435157179832458,-0.06905454397201538,0.08296060562133789,-0.4812195301055908,0.9385585188865662,0.14188319444656372,0.23578763008117676,0.9461778402328491,-0.13910391926765442,0.2346174120903015,0.9570322036743164,0.15212272233737134,0.14280037604456744,-0.04996789781058708,-0.04320656455169286,0.0,0.0,0.0,1,1,0,1.0
crossover_11_05_02_fps30.mp4,1055,0.125558540225029,-0.1093319675679934,0.17874946696002314,0.03842249512672424,-0.002807706594467163,0.9693304300308228,-0.07853478193283081,-0.010925382375717163,0.9586039185523987,-0.004111558198928833,0.10225245356559753,-0.48233354091644287,0.9456517696380615,-0.0941590666770935,0.09673789143562317,-0.48462793231010437,0.9317536950111389,0.14484021067619324,0.23653754591941833,0.9487683773040771,-0.13606253266334534,0.2344677746295929,0.9526674747467041,0.13008892191904914,0.08340332991817191,-0.04701121216867021,-0.039983476723654765,0.0,0.0,0.0,0,0,0,1.0
crossover_11_05_02_fps30.mp4,1056,0.12518757581710815,-0.10893950836133148,0.17904735803604122,0.03790941834449768,-0.002578437328338623,0.9689987301826477,-0.07935225963592529,-0.009545743465423584,0.9583127498626709,-0.005894452333450317,0.1030767560005188,-0.4833068251609802,0.9456003308296204,-0.09544804692268372,0.1040845513343811,-0.4945879876613617,0.9168631434440613,0.14441755414009094,0.23607796430587769,0.9482315182685852,-0.13586831092834473,0.23492157459259033,0.9419772028923035,0.12802271652104907,0.07616719714116424,0.0002978910760180753,0.00039245920666192147,0.0,0.0,0.0,0,0,1,1.0
crossover_11_05_02_fps30.mp4,1057,0.12399697303771973,-0.13923084766177807,0.14916931943195622,0.029297977685928345,0.002974390983581543,0.9692102074623108,-0.0880262553691864,-0.014205396175384521,0.9543043375015259,-0.01638701558113098,0.10220909118652344,-0.5168329477310181,0.9467950463294983,-0.12597724795341492,0.0798158049583435,-0.49891409277915955,0.9074366688728333,0.1442376673221588,0.237063467502594,0.9476464986801147,-0.1357267200946808,0.23501652479171753,0.9241141676902771,0.13151376398355177,0.07060855383783987,-0.029878038604085,-0.030291339300446585,0.0,0.0,0.0,0,0,1,1.0
crossover_11_05_02_fps30.mp4,1058,0.121014803647995,-0.15808212837930452,0.12449098810916992,0.026544928550720215,0.007791608572006226,0.9702417850494385,-0.09747287631034851,-0.019822925329208374,0.9447507858276367,-0.022314846515655518,0.10274901986122131,-0.5227693915367126,0.9494543075561523,-0.1438942849636078,0.05949428677558899,-0.4828636050224304,0.8850597739219666,0.14499765634536743,0.24093446135520935,0.948279857635498,-0.13516980409622192,0.23802760243415833,0.9119969606399536,0.13749715636309837,0.06652718305350866,-0.024678331322786295,-0.018851280717526453,0.0,0.0,0.0,0,0,1,1.0
crossover_11_05_02_fps30.mp4,1059,0.12001898884773254,-0.1645315516803224,0.10782692635931623,0.025690168142318726,0.010208725929260254,0.972255289554596,-0.10477718710899353,-0.02471071481704712,0.9402342438697815,-0.02252987027168274,0.10217022895812988,-0.5467914938926697,0.9536526203155518,-0.1550103724002838,0.04815399646759033,-0.4647515118122101,0.8749953508377075,0.1450575292110443,0.24202513694763184,0.9508667588233948,-0.13487717509269714,0.23940348625183105,0.911081850528717,0.14211430522072502,0.06042773714731895,-0.016664061749853687,-0.006449423301017887,0.0,0.0,0.0,0,0,1,1.0
crossover_11_05_02_fps30.mp4,1060,0.11829400062561035,-0.16251464183047665,0.1020258230407064,0.028077751398086548,0.010517627000808716,0.9735992550849915,-0.10621041059494019,-0.023895829916000366,0.9358120560646057,-0.019830375909805298,0.10280057787895203,-0.5435663461685181,0.9569154381752014,-0.15949279069900513,0.045669883489608765,-0.4700686037540436,0.8690721392631531,0.14522364735603333,0.2438587248325348,0.9528142213821411,-0.13421037793159485,0.24117973446846008,0.9071159362792969,0.14268636930828482,0.05643689845258815,-0.005801103318609835,0.0020169098498457605,0.0,0.0,0.0,0,0,1,1.0
crossover_11_05_02_fps30.mp4,1061,0.11824163794517517,-0.16240141341241737,0.10245190946067251,0.028039485216140747,0.010398149490356445,0.9749384522438049,-0.10545378923416138,-0.024275481700897217,0.9329947233200073,-0.019863158464431763,0.10285019874572754,-0.5378405451774597,0.9601329565048218,-0.15825992822647095,0.043767571449279785,-0.47339487075805664,0.8707854151725769,0.1453603208065033,0.24426883459091187,0.9549989104270935,-0.13408982753753662,0.24154388904571533,0.9052689075469971,0.14253881140928437,0.05883029344972543,0.00042608641996610963,0.00011322841805927464,0.0,0.0,0.0,0,0,1,1.0
crossover_11_05_02_fps30.mp4,1062,0.11860571801662445,-0.1521498441696167,0.10613315279890856,0.029532551765441895,0.009356021881103516,0.976063072681427,-0.0997496247291565,-0.021499037742614746,0.908317506313324,-0.017739832401275635,0.1029350757598877,-0.5366562008857727,0.9626511931419373,-0.1472647786140442,0.050013840198516846,-0.4665309488773346,0.8324723243713379,0.14503920078277588,0.24409711360931396,0.9569589495658875,-0.134466290473938,0.24127262830734253,0.9044931530952454,0.1344480530179336,0.05633152858056246,0.003681243338236051,0.010251569242800684,0.0,0.0,0.0,0,0,1,1.0
crossover_11_05_02_fps30.mp4,1063,0.12146160006523132,-0.12600207460128654,0.12791797722258214,0.032498329877853394,0.006058365106582642,0.9765490293502808,-0.09951561689376831,-0.021372348070144653,0.908055305480957,-0.012325316667556763,0.1021403968334198,-0.5388606786727905,0.9641267657279968,-0.13153702020645142,0.061954647302627563,-0.46480000019073486,0.8311648964881897,0.14487114548683167,0.24134215712547302,0.9583650231361389,-0.13498935103416443,0.2400551736354828,0.9079267978668213,0.11656281115794832,0.06619513967793185,0.021784824423673577,0.026147769568330148,0.0,0.0,0.0,0,0,1,1.0
crossover_11_05_02_fps30.mp4,1064,0.126272514462471,-0.07874166965484619,0.1698698042369471,0.03275406360626221,0.001886516809463501,0.9774938225746155,-0.08274641633033752,-0.02136293053627014,0.9027230739593506,-0.0054021477699279785,0.10156753659248352,-0.5387274026870728,0.9652276039123535,-0.08957427740097046,0.09012946486473083,-0.4832649827003479,0.7842407822608948,0.1448877453804016,0.23786118626594543,0.9571442604064941,-0.1353597640991211,0.23678621649742126,0.907500147819519,0.10021918596598324,0.08047277249963253,0.04195182701436495,0.04726040494644035,0.0,0.0,0.0,0,0,0,1.0
crossover_11_05_02_fps30.mp4,1065,0.12939661741256714,-0.011642064381453987,0.2345347446639363,0.042690128087997437,-0.007525116205215454,0.9769644141197205,-0.06875219941139221,-0.024185270071029663,0.9118294715881348,0.02640816569328308,0.09714111685752869,-0.43295079469680786,0.9639092087745667,-0.06554573774337769,0.08192303776741028,-0.4541817903518677,0.8047386407852173,0.14292201399803162,0.23560687899589539,0.9598497748374939,-0.1370665431022644,0.2337166965007782,0.9151387810707092,0.14256517446608793,0.16185159586417472,0.06466494042698923,0.0670996052733922,0.0,0.0,0.0,1,1,0,1.0
crossover_11_05_02_fps30.mp4,1066,0.13024938106536865,-0.012737764847480681,0.2343923344844725,0.04549536108970642,-0.011931538581848145,0.9758279323577881,-0.0666559636592865,-0.024524152278900146,0.9199121594429016,0.02953585982322693,0.09567409753799438,-0.442166805267334,0.9614655375480652,-0.06402835249900818,0.07861542701721191,-0.4528452754020691,0.822888970375061,0.14171472191810608,0.23464226722717285,0.9620566964149475,-0.13795307278633118,0.23334503173828125,0.92153400182724,0.1450165804463031,0.16400356484449505,-0.0001424101794638144,-0.0010957004660266945,0.0,0.0,0.0,1,1,0,1.0
crossover_11_05_02_fps30.mp4,1067,0.1330106109380722,0.043358350608308394,0.25300490928859243,0.05777120590209961,-0.018902093172073364,0.9774766564369202,-0.054995834827423096,-0.02179458737373352,0.9277653098106384,0.051056087017059326,0.0887279212474823,-0.4657362997531891,0.9638505578041077,-0.03068399429321289,0.0911281406879425,-0.5249736905097961,0.8401206731796265,0.1403680443763733,0.23334816098213196,0.9645140767097473,-0.1388290524482727,0.23097160458564758,0.9280752539634705,0.16445724047811835,0.17800662080693572,0.01861257480411993,0.056096115455789075,0.0,0.0,0.0,1,1,0,1.0
crossover_11_05_02_fps30.mp4,1068,0.13409501314163208,0.08082896713483134,0.20316044179404658,0.07255947589874268,-0.02369511127471924,0.9724972248077393,-0.04347243905067444,-0.01220095157623291,0.9347841143608093,0.07866132259368896,0.08342570066452026,-0.4729575514793396,0.9405349493026733,-0.011171340942382812,0.09359443187713623,-0.5268369913101196,0.8555476069450378,0.13950026035308838,0.23241394758224487,0.9590494632720947,-0.13995784521102905,0.23009836673736572,0.9303181171417236,0.11975436073985542,0.14306909944294335,-0.04984446749454585,0.03747061652652295,0.0,0.0,0.0,0,0,0,1.0
crossover_11_05_02_fps30.mp4,1069,0.1338617205619812,0.11260341355356118,0.15655296488506043,0.08637204766273499,-0.027407526969909668,0.9717632532119751,-0.037342458963394165,-0.005740463733673096,0.941169798374176,0.10909894108772278,0.0767560601234436,-0.4584724009037018,0.9372796416282654,0.00515410304069519,0.09797310829162598,-0.5109950304031372,0.8696730732917786,0.13487741351127625,0.2273218035697937,0.9310652017593384,-0.14446139335632324,0.23055356740951538,0.9296303391456604,0.07987382134841406,0.12238036577898287,-0.046607476908986145,0.03177444641872984,0.0,0.0,0.0,0,0,1,1.0
crossover_11_05_02_fps30.mp4,1070,0.1299077272415161,0.14085829025608,0.1291283813918509,0.09816339612007141,-0.02875208854675293,0.9695436954498291,-0.03449419140815735,0.0019612908363342285,0.9468845725059509,0.13605037331581116,0.0528031587600708,-0.4823119044303894,0.9288625717163086,0.013121813535690308,0.09942549467086792,-0.5382324457168579,0.8822840452194214,0.13133594393730164,0.23093187808990479,0.8999397158622742,-0.14772218465805054,0.2338513731956482,0.924987256526947,0.07647650407213526,0.13114445838272468,-0.02742458349320953,0.028254876702518805,0.0,0.0,0.0,0,0,1,1.0
crossover_11_05_02_fps30.mp4,1071,0.12778005003929138,0.14030905103279367,0.13055440492746306,0.09958186745643616,-0.02749982476234436,0.9701346158981323,-0.03455004096031189,0.005108267068862915,0.9520302414894104,0.13816240429878235,0.05230686068534851,-0.46912336349487305,0.9284853339195251,0.013451546430587769,0.10005280375480652,-0.5190104246139526,0.8937394618988037,0.13156768679618835,0.23242327570915222,0.8821958303451538,-0.14822125434875488,0.23553523421287537,0.9256311655044556,0.07827698430651449,0.13047288663931098,0.0014260235356121642,-0.000549239223286313,0.0,0.0,0.0,0,0,1,1.0
crossover_11_05_02_fps30.mp4,1072,0.1274852454662323,0.16213635994216147,0.10802524845774586,0.11419844627380371,-0.03460901975631714,0.969092845916748,-0.033058106899261475,0.006569981575012207,0.9565684199333191,0.16380691528320312,0.036661386489868164,-0.4830571711063385,0.9225962162017822,0.017164409160614014,0.09812206029891968,-0.5446596741676331,0.9038979411125183,0.13152867555618286,0.23340219259262085,0.875784158706665,-0.1485719084739685,0.23583292961120605,0.929498553276062,0.07138341228967542,0.1453098057569293,-0.022529156469717204,0.021827308909367793,0.0,0.0,0.0,0,0,1,1.0
crossover_11_05_02_fps30.mp4,1073,0.12839339673519135,0.17588936605695948,0.09079526822741435,0.12132218480110168,-0.04518589377403259,0.9690651893615723,-0.032901257276535034,0.005844682455062866,0.960677444934845,0.1786777675151825,0.021026521921157837,-0.49330082535743713,0.9186545014381409,0.01614364981651306,0.09660395979881287,-0.5587162375450134,0.9131115674972534,0.13153836131095886,0.2353847324848175,0.8792827129364014,-0.14894431829452515,0.23577216267585754,0.9348476529121399,0.06982444517387161,0.15985128950041305,-0.01722998023033151,0.013753006114798016,0.0,0.0,0.0,0,0,1,1.0
crossover_11_05_02_fps30.mp4,1074,0.12966367602348328,0.17445824833239543,0.08289246951661455,0.12120389938354492,-0.04834011197090149,0.9704886078834534,-0.035023272037506104,0.004546254873275757,0.964390218257904,0.17779093980789185,0.02047160267829895,-0.4917374849319458,0.9217227101325989,0.012466192245483398,0.09415218234062195,-0.5410234928131104,0.921498715877533,0.13074201345443726,0.23762568831443787,0.8872703313827515,-0.15013161301612854,0.23588457703590393,0.9404944777488708,0.06250977083078753,0.16238290355867016,-0.007902798710799797,-0.0014311177245640572,0.0,0.0,0.0,0,0,1,1.0
crossover_11_05_02_fps30.mp4,1075,0.1309020072221756,0.1616137194431434,0.09047180079832307,0.11542907357215881,-0.046377032995224,0.9717154502868652,-0.03840795159339905,0.003309696912765503,0.9678468704223633,0.16170302033424377,0.02293512225151062,-0.44142982363700867,0.9247936010360718,0.005182713270187378,0.08869597315788269,-0.5197781324386597,0.9292314052581787,0.13063302636146545,0.23762676119804382,0.8968460559844971,-0.15044227242469788,0.23603221774101257,0.946143627166748,0.06753673758618066,0.15644108557566314,0.007579331281708512,-0.012844528889252027,0.0,0.0,0.0,0,0,1,1.0
crossover_11_05_02_fps30.mp4,1076,0.1310766637325287,0.16136791019116414,0.09060112005326804,0.11392104625701904,-0.046047747135162354,0.9723550081253052,-0.03966039419174194,0.0028684139251708984,0.9709388017654419,0.15880751609802246,0.022302985191345215,-0.437383770942688,0.9263575077056885,0.003474891185760498,0.08452576398849487,-0.5142906308174133,0.9361611604690552,0.13042700290679932,0.23773092031478882,0.9051499366760254,-0.15066981315612793,0.2362147569656372,0.9511752724647522,0.06834611066863712,0.15800985855937766,0.00012931925494497065,-0.0002458092519792565,0.0,0.0,0.0,0,0,1,1.0
crossover_11_05_02_fps30.mp4,1077,0.12873874604701996,0.1377131725771953,0.11401853881231172,0.10628417134284973,-0.040668606758117676,0.9706180095672607,-0.041500240564346313,0.003591001033782959,0.9737546443939209,0.15125742554664612,0.02976328134536743,-0.4235081374645233,0.9214367270469666,-0.0019715726375579834,0.08587658405303955,-0.507085382938385,0.9424360394477844,0.13069352507591248,0.2404521107673645,0.9134622812271118,-0.15028339624404907,0.23894363641738892,0.9558241963386536,0.08533695096100838,0.14249139505030983,0.023417418759043684,-0.023654737613968857,0.0,0.0,0.0,0,0,1,1.0
crossover_11_05_02_fps30.mp4,1078,0.12989751994609833,0.10098336227869587,0.14655999977414202,0.09476709365844727,-0.0319843590259552,0.9679284691810608,-0.04450768232345581,-0.002395540475845337,0.9762505888938904,0.10608506202697754,0.05966094136238098,-0.461989164352417,0.8992259502410889,-0.008671402931213379,0.08549073338508606,-0.5155092477798462,0.9479015469551086,0.13103699684143066,0.23999926447868347,0.9197311401367188,-0.14966830611228943,0.23853185772895813,0.9597070813179016,0.08704868576361319,0.125513436852545,0.032541460961830304,-0.03672981029849942,0.0,0.0,0.0,0,0,0,1.0
crossover_11_05_02_fps30.mp4,1079,0.1312086284160614,0.045694119950472345,0.198482463708738,0.07672831416130066,-0.026705682277679443,0.9707865118980408,-0.05129742622375488,-0.0054405927658081055,0.9785805344581604,0.07210394740104675,0.06679922342300415,-0.4559260606765747,0.9087188839912415,-0.026321858167648315,0.08595973253250122,-0.4932906925678253,0.9530200362205505,0.13171401619911194,0.23937773704528809,0.9273757934570312,-0.14884746074676514,0.23744648694992065,0.9636075496673584,0.13430545319576356,0.13359515760561563,0.051922463934595986,-0.05528924232822352,0.0,0.0,0.0,1,0,0,1.0
crossover_11_05_02_fps30.mp4,1080,0.13229069113731384,-0.008590047642336063,0.2529713450408564,0.06308531761169434,-0.014700651168823242,0.9735608696937561,-0.056654393672943115,-0.011690378189086914,0.9804317951202393,0.04489028453826904,0.0933082103729248,-0.45582616329193115,0.917664647102356,-0.0438876748085022,0.08660399913787842,-0.49013108015060425,0.956594705581665,0.13571816682815552,0.2379894256591797,0.9335739612579346,-0.1451738178730011,0.23593533039093018,0.9666717648506165,0.16838189481692478,0.17007062140876297,0.05448888133211838,-0.05428416759280841,0.0,0.0,0.0,1,1,0,1.0
crossover_11_05_02_fps30.mp4,1081,0.13344550132751465,-0.00785190149889159,0.25271060452228644,0.06126958131790161,-0.010871440172195435,0.9759342074394226,-0.05794578790664673,-0.014604896306991577,0.9820014238357544,0.04321897029876709,0.09747222065925598,-0.46650075912475586,0.9254311919212341,-0.04610982537269592,0.0861954391002655,-0.4932418465614319,0.9588021039962769,0.13644540309906006,0.23841825127601624,0.9379367828369141,-0.1449132263660431,0.2356695830821991,0.9688066244125366,0.16342334524350702,0.1708536480577948,-0.0002607405185699463,0.0007381461434444736,0.0,0.0,0.0,1,1,0,1.0
crossover_11_05_02_fps30.mp4,1082,0.13430587947368622,-0.058421140202021216,0.23608004000128768,0.04990720748901367,-0.013780832290649414,0.976708173751831,-0.06527549028396606,-0.017459213733673096,0.9822012186050415,0.027840375900268555,0.08500969409942627,-0.45205599069595337,0.9286903142929077,-0.06961089372634888,0.08098351955413818,-0.46715590357780457,0.9558361172676086,0.1382163166999817,0.23791497945785522,0.942962110042572,-0.14295285940170288,0.2347496747970581,0.9704303741455078,0.17396349781254014,0.15549965028497095,-0.01663056452099876,-0.050569238703129626,0.0,0.0,0.0,1,0,0,1.0
crossover_11_05_02_fps30.mp4,1083,0.13372071087360382,-0.09770129454337945,0.1878387990521222,0.04506808519363403,-0.015106111764907837,0.978175163269043,-0.07662591338157654,-0.016501158475875854,0.9786403179168701,0.0037116408348083496,0.08648702502250671,-0.49610698223114014,0.934258759021759,-0.08989009261131287,0.09744665026664734,-0.4930860698223114,0.9216849207878113,0.14229893684387207,0.23735687136650085,0.945331335067749,-0.13775941729545593,0.2348637878894806,0.9634040594100952,0.14337630753011718,0.09072902202536377,-0.04824124094916549,-0.03928015434135823,0.0,0.0,0.0,0,0,0,1.0
crossover_11_05_02_fps30.mp4,1084,0.13039614260196686,-0.1253244008048106,0.1552482206646989,0.04070800542831421,-0.01114797592163086,0.9773893356323242,-0.0874575674533844,-0.012473225593566895,0.971580445766449,-0.0046485066413879395,0.08550411462783813,-0.510453462600708,0.9348395466804504,-0.11923542618751526,0.09932452440261841,-0.534959077835083,0.8871706128120422,0.1433258056640625,0.24026274681091309,0.9450798034667969,-0.1359100043773651,0.2377617359161377,0.9463829398155212,0.13938045687621514,0.05625420353630031,-0.0325905783874233,-0.027623106261431163,0.0,0.0,0.0,0,0,1,1.0
crossover_11_05_02_fps30.mp4,1085,0.12795764207839966,-0.13695468149952972,0.133057027182928,0.04063515365123749,-0.008319348096847534,0.9778869152069092,-0.09761188924312592,-0.01796397566795349,0.9703193306922913,-0.007919266819953918,0.08231469988822937,-0.5331656336784363,0.9395147562026978,-0.14238591492176056,0.07211360335350037,-0.519709587097168,0.890415608882904,0.14531628787517548,0.24250271916389465,0.9467346668243408,-0.13342566788196564,0.24038788676261902,0.9388939738273621,0.13865396503819283,0.06118495897310061,-0.0221911934817709,-0.011630280694719108,0.0,0.0,0.0,0,0,1,1.0
crossover_11_05_02_fps30.mp4,1086,0.12732405960559845,-0.13584705884173764,0.13379100154085855,0.041886359453201294,-0.0070822834968566895,0.9784471988677979,-0.09806469082832336,-0.018708407878875732,0.969528317451477,-0.0075855553150177,0.08114886283874512,-0.5384081602096558,0.9440593123435974,-0.14215996861457825,0.06859254837036133,-0.5111833214759827,0.8962768912315369,0.1454419195652008,0.24287199974060059,0.949646532535553,-0.13267019391059875,0.24138599634170532,0.9352393746376038,0.1386441778585287,0.06550336728463312,0.0007339743579305447,0.0011076226577920734,0.0,0.0,0.0,0,0,1,1.0
crossover_11_05_02_fps30.mp4,1087,0.1245075911283493,-0.14347587748099183,0.11214850864759307,0.04087592661380768,-0.0033802688121795654,0.977523922920227,-0.10531650483608246,-0.023192137479782104,0.9694172143936157,-0.009105369448661804,0.07810565829277039,-0.5160925388336182,0.9462054967880249,-0.15076275169849396,0.05771961808204651,-0.5110272169113159,0.9030377268791199,0.14445693790912628,0.24670562148094177,0.9529821872711182,-0.13189901411533356,0.245498389005661,0.9355676770210266,0.13861583275061806,0.05491450322144361,-0.021642492893265475,-0.007628818639254187,0.0,0.0,0.0,0,0,1,1.0
crossover_11_05_02_fps30.mp4,1088,0.12380397319793701,-0.14484824038158028,0.09186511926534702,0.04076729714870453,-0.0017451345920562744,0.9754865765571594,-0.10802046954631805,-0.02732577919960022,0.9638364315032959,-0.007947459816932678,0.07438704371452332,-0.510351836681366,0.9464220404624939,-0.1566854566335678,0.049096137285232544,-0.5188042521476746,0.8976027965545654,0.14517442882061005,0.24882099032402039,0.956217348575592,-0.13083450496196747,0.24757322669029236,0.9353760480880737,0.13801198079938604,0.04437685780011553,-0.020283389382246053,-0.001372362900588453,0.0,0.0,0.0,0,0,1,1.0
crossover_11_05_02_fps30.mp4,1089,0.1255902647972107,-0.14320078830597766,0.07470256439069423,0.0411657840013504,-0.0026993751525878906,0.9735904335975647,-0.10414023697376251,-0.034166812896728516,0.943353533744812,-0.011742934584617615,0.06880897283554077,-0.5086384415626526,0.9466379880905151,-0.14800868928432465,0.03754955530166626,-0.5084475874900818,0.8638249039649963,0.14569492638111115,0.248943030834198,0.9592881798744202,-0.12963496148586273,0.24742281436920166,0.9347813725471497,0.13158989978887237,0.037462808172732925,-0.01716255487465279,0.001647452075602629,0.0,0.0,0.0,0,0,1,1.0
crossover_11_05_02_fps30.mp4,1090,0.1251055896282196,-0.13808681767875863,0.06269158546517539,0.04417158663272858,-0.006472080945968628,0.9658807516098022,-0.10049869120121002,-0.032668083906173706,0.9108293056488037,-0.009263977408409119,0.051740437746047974,-0.5077380537986755,0.9345717430114746,-0.13720257580280304,0.038299232721328735,-0.5079047083854675,0.8159000277519226,0.14678259193897247,0.2515481412410736,0.9612618088722229,-0.12793688476085663,0.24956265091896057,0.9343210458755493,0.12928747739702456,0.024408374711877828,-0.012010978925518834,0.005113970627219022,0.0,0.0,0.0,0,0,1,1.0
crossover_11_05_02_fps30.mp4,1091,0.12406229972839355,-0.13742740841235146,0.06437031103343493,0.04493129253387451,-0.006731241941452026,0.9530617594718933,-0.09912991523742676,-0.03157266974449158,0.8805090188980103,-0.0068923234939575195,0.04857119917869568,-0.5117151141166687,0.9141364693641663,-0.13521450757980347,0.03698459267616272,-0.5287571549415588,0.7736205458641052,0.14708703756332397,0.2528602182865143,0.9616779088973999,-0.12724557518959045,0.2512243688106537,0.9310694932937622,0.13148771931268288,0.0274749795275361,0.0016787255682595426,0.0006594092664071738,0.0,0.0,0.0,0,0,1,1.0
crossover_11_05_02_fps30.mp4,1092,0.12539632618427277,-0.13403318716307816,0.0550485285317025,0.045481204986572266,-0.009820342063903809,0.9536207318305969,-0.09571564197540283,-0.03320610523223877,0.8722493648529053,-0.014687299728393555,0.035398244857788086,-0.5543288588523865,0.9155445098876953,-0.12695521116256714,0.02993541955947876,-0.6436319351196289,0.7538692355155945,0.14588910341262817,0.2533079981803894,0.9631239771842957,-0.12788116931915283,0.2520759105682373,0.9327740669250488,0.1209527779591594,0.02609149260802445,-0.009321782501732434,0.0033942212492732993,0.0,0.0,0.0,0,0,1,1.0
crossover_11_05_02_fps30.mp4,1093,0.1286090761423111,-0.13069613823446175,0.04666727708607188,0.044725820422172546,-0.011861592531204224,0.9540992975234985,-0.09657160937786102,-0.03372570872306824,0.8707123398780823,-0.017334237694740295,0.016819924116134644,-0.6240565180778503,0.9177980422973633,-0.1286088079214096,0.02846720814704895,-0.6539485454559326,0.7453866600990295,0.1438112109899521,0.25221696496009827,0.9639657735824585,-0.12946157157421112,0.2505253255367279,0.9344589114189148,0.11722535977035736,0.018319373821748752,-0.008381251445630622,0.003337048928616415,0.0,0.0,0.0,0,0,1,1.0
crossover_11_05_02_fps30.mp4,1094,0.13110703229904175,-0.12816092058763667,0.04118410872250067,0.042394161224365234,-0.01626455783843994,0.9559348821640015,-0.09097602963447571,-0.0318034291267395,0.8749130964279175,-0.018475651741027832,0.006221771240234375,-0.6442471742630005,0.9225149154663086,-0.11850157380104065,0.029712200164794922,-0.6802338361740112,0.7507531046867371,0.14055544137954712,0.2523704171180725,0.9648249745368958,-0.1323050856590271,0.2500893473625183,0.9362816214561462,0.11512264435886078,0.014996921894178327,-0.005483168363571211,0.002535217646825072,0.0,0.0,0.0,0,0,1,1.0
crossover_11_05_02_fps30.mp4,1095,0.1342981904745102,-0.1264077945280883,0.03767583835415722,0.038515061140060425,-0.019479453563690186,0.956710696220398,-0.0857456624507904,-0.03133392333984375,0.8757177591323853,-0.022739261388778687,0.004251062870025635,-0.6376617550849915,0.9254584908485413,-0.11149108409881592,0.032527387142181396,-0.6292449235916138,0.7423460483551025,0.13642343878746033,0.25215595960617065,0.9646968841552734,-0.1360068917274475,0.24977630376815796,0.9362369775772095,0.10892373652891615,0.015780202784275593,-0.003508270368343447,0.00175312605954836,0.0,0.0,0.0,0,0,1,1.0
crossover_11_05_02_fps30.mp4,1096,0.13553449511528015,-0.1280559731742083,0.03732223627043929,0.037278592586517334,-0.020141780376434326,0.9582211375236511,-0.08449354767799377,-0.030745863914489746,0.8788869380950928,-0.023376107215881348,0.0029775500297546387,-0.6568421125411987,0.9291946887969971,-0.11023065447807312,0.030940771102905273,-0.6553308963775635,0.7428853511810303,0.13480257987976074,0.2515503764152527,0.9638791084289551,-0.13721182942390442,0.24929314851760864,0.9365007877349854,0.11017001320697195,0.018933174174005703,-0.0003536020837179299,-0.001648178646119991,0.0,0.0,0.0,0,0,1,1.0
crossover_11_05_02_fps30.mp4,1097,0.13729216158390045,-0.12450971562983626,0.03411115451556879,0.03614932298660278,-0.022243112325668335,0.9602482318878174,-0.08015879988670349,-0.03220096230506897,0.8815221190452576,-0.02500283718109131,0.0029666125774383545,-0.6331983208656311,0.9331369400024414,-0.09974980354309082,0.029744893312454224,-0.6273078918457031,0.7382996082305908,0.13318097591400146,0.24946394562721252,0.9607725143432617,-0.13889813423156738,0.24721381068229675,0.935774564743042,0.104266971525739,0.02514194669147929,-0.003211081754870504,0.0035462575443720445,0.0,0.0,0.0,0,0,1,1.0
crossover_11_05_02_fps30.mp4,1098,0.14318576455116272,-0.11981900475792967,0.027411009044182033,0.03816685080528259,-0.02928924560546875,0.9616082310676575,-0.07578104734420776,-0.038238525390625,0.8853800892829895,-0.024212270975112915,-0.0035622715950012207,-0.6155266165733337,0.9366404414176941,-0.09456571936607361,0.023624718189239502,-0.5739288926124573,0.7442625761032104,0.13294288516044617,0.24317282438278198,0.9561139941215515,-0.1392938494682312,0.24088740348815918,0.935623288154602,0.10049871470905486,0.025535552109182055,-0.006700145471386754,0.004690710871906589,0.0,0.0,0.0,0,0,1,1.0
crossover_11_05_02_fps30.mp4,1099,0.14575938880443573,-0.11544906981920794,0.024838615917577966,0.04141649603843689,-0.0351862907409668,0.962490975856781,-0.07292303442955017,-0.03961843252182007,0.8830475211143494,-0.021548360586166382,-0.00644838809967041,-0.5513119697570801,0.9395001530647278,-0.08625316619873047,0.022121012210845947,-0.5095791220664978,0.7316124439239502,0.1329425871372223,0.24054014682769775,0.9510053992271423,-0.13960331678390503,0.23824894428253174,0.9358447194099426,0.09897585470630467,0.029322110396815797,-0.0025723931266040667,0.004369934938721731,0.0,0.0,0.0,0,0,1,1.0
crossover_11_05_02_fps30.mp4,1100,0.14887318015098572,-0.11142174975346708,0.021358034959653494,0.04414176940917969,-0.04055464267730713,0.9639372825622559,-0.07084628939628601,-0.039307236671447754,0.8784802556037903,-0.01743936538696289,-0.009299933910369873,-0.5271440148353577,0.9415246844291687,-0.08110511302947998,0.02823495864868164,-0.4755404591560364,0.7093037962913513,0.13324278593063354,0.2375621795654297,0.9473147392272949,-0.1396676003932953,0.23509937524795532,0.9353981614112854,0.09885645971027211,0.031086822637235213,-0.003480580957924473,0.004027320065740858,0.0,0.0,0.0,0,0,1,1.0
crossover_11_05_02_fps30.mp4,1101,0.14932283759117126,-0.11110463455571967,0.02079181191397872,0.04538896679878235,-0.04207482933998108,0.9652973413467407,-0.06975328922271729,-0.03886643052101135,0.878703236579895,-0.014453321695327759,-0.010030359029769897,-0.5253832340240479,0.9436852335929871,-0.08144509792327881,0.031758636236190796,-0.4849250018596649,0.6982100009918213,0.13441261649131775,0.23769721388816833,0.9481639266014099,-0.13933998346328735,0.23456230759620667,0.9374560713768005,0.10144694425818365,0.031622133845858096,-0.0005662230456747741,0.0003171151977474085,0.0,0.0,0.0,0,0,1,1.0
crossover_11_05_02_fps30.mp4,1102,0.14986756443977356,-0.10783670463804473,0.019565994855834212,0.04669037461280823,-0.04343193769454956,0.966587483882904,-0.0686911940574646,-0.0368344783782959,0.8813067078590393,-0.012012451887130737,-0.009794831275939941,-0.506786584854126,0.9447478652000427,-0.07882437109947205,0.03908473253250122,-0.4627460539340973,0.6798974275588989,0.1346621811389923,0.2372846007347107,0.9492833614349365,-0.13930481672286987,0.2340940237045288,0.9400928020477295,0.10022148235987792,0.034967079057935765,-0.0012258170581445071,0.003267929917674939,0.0,0.0,0.0,0,0,1,1.0
crossover_11_05_02_fps30.mp4,1103,0.150580495595932,-0.10608717193037775,0.01757381718333173,0.04766020178794861,-0.044427573680877686,0.966964066028595,-0.06743210554122925,-0.036926090717315674,0.8829171061515808,-0.01007196307182312,-0.00945967435836792,-0.5135994553565979,0.943260908126831,-0.07708951830863953,0.04127931594848633,-0.46629270911216736,0.6582493782043457,0.13474050164222717,0.23656147718429565,0.9491603970527649,-0.139337420463562,0.23340868949890137,0.9418755769729614,0.09974833330480773,0.03745416648746911,-0.001992177672502482,0.0017495327076669787,0.0,0.0,0.0,0,0,1,1.0
crossover_11_05_02_fps30.mp4,1104,0.15085452795028687,-0.10544054871898584,0.0162289383934765,0.04789245128631592,-0.04432404041290283,0.9668480753898621,-0.06708559393882751,-0.03736114501953125,0.8840911388397217,-0.009682059288024902,-0.008951365947723389,-0.5142733454704285,0.940605878829956,-0.07895073294639587,0.04050612449645996,-0.476209431886673,0.6340633630752563,0.13463127613067627,0.23628020286560059,0.9488925933837891,-0.13957607746124268,0.2334524393081665,0.9434252977371216,0.0990138173429088,0.03593177013096696,-0.0013448787898552306,0.0006466232113919168,0.0,0.0,0.0,0,0,1,1.0
crossover_11_05_02_fps30.mp4,1105,0.15117712318897247,-0.10526621291192911,0.0137690182139234,0.048319727182388306,-0.04447135329246521,0.9676383137702942,-0.06710734963417053,-0.03636738657951355,0.8831114768981934,-0.009210556745529175,-0.008607298135757446,-0.5073232650756836,0.9404336214065552,-0.07805755734443665,0.04291447997093201,-0.47613418102264404,0.6067412495613098,0.13464316725730896,0.23605826497077942,0.9484854340553284,-0.13956201076507568,0.2332281768321991,0.9444721341133118,0.0986275246315076,0.03987190588396409,-0.002459920179553099,0.0001743358070567247,0.0,0.0,0.0,0,0,1,1.0
crossover_11_05_02_fps30.mp4,1106,0.15166480839252472,-0.10526406219450096,0.013233922167522172,0.04847311973571777,-0.04475980997085571,0.9675254821777344,-0.06723952293395996,-0.0365070104598999,0.8846176862716675,-0.009360790252685547,-0.008840799331665039,-0.4989175498485565,0.9374361038208008,-0.07683145999908447,0.043527185916900635,-0.46556198596954346,0.5877979397773743,0.13463997840881348,0.2353893518447876,0.9462999105453491,-0.13982820510864258,0.23289144039154053,0.9445714950561523,0.09841103036963121,0.04154629581794519,-0.0005350960464012289,2.1507174281509833e-06,0.0,0.0,0.0,0,0,1,1.0
crossover_11_05_02_fps30.mp4,1107,0.15282472968101501,-0.10563543055017116,0.009612104660127185,0.0485168993473053,-0.04577827453613281,0.9670227766036987,-0.06738242506980896,-0.037878334522247314,0.8844583034515381,-0.009329169988632202,-0.009782493114471436,-0.507738471031189,0.9318472146987915,-0.07635578513145447,0.04284387826919556,-0.4808402955532074,0.56595778465271,0.13464537262916565,0.2342265248298645,0.946160078048706,-0.1401711106300354,0.23201370239257812,0.9456232190132141,0.09823973863048242,0.044290500257393235,-0.0036218175073949865,-0.00037136835567019855,0.0,0.0,0.0,0,0,1,1.0
crossover_11_05_02_fps30.mp4,1108,0.15288351476192474,-0.10621729967957838,0.007748271052430367,0.048574626445770264,-0.045858412981033325,0.965481698513031,-0.06793791055679321,-0.03959187865257263,0.8813305497169495,-0.00939410924911499,-0.009622842073440552,-0.511709988117218,0.9226918816566467,-0.07711976766586304,0.041391581296920776,-0.4948272109031677,0.5394632816314697,0.13477617502212524,0.23402675986289978,0.9455955624580383,-0.14027363061904907,0.23224017024040222,0.9459712505340576,0.09836913020031021,0.044480767681057645,-0.0018638336076968187,-0.0005818691294072198,0.0,0.0,0.0,0,0,1,1.0
crossover_11_05_02_fps30.mp4,1109,0.1518193483352661,-0.10658172348798334,0.007446775930683769,0.04859572649002075,-0.044438689947128296,0.9638767838478088,-0.0681842565536499,-0.039425939321517944,0.8781036138534546,-0.009121537208557129,-0.007968634366989136,-0.5276190042495728,0.9120312333106995,-0.07645523548126221,0.04154178500175476,-0.5314610004425049,0.514090359210968,0.1349707841873169,0.23548784852027893,0.9460989832878113,-0.1402527093887329,0.23410966992378235,0.9464617967605591,0.09867179325555027,0.045498076038174684,-0.00030149512174659776,-0.0003644238084049567,0.0,0.0,0.0,0,0,1,1.0
crossover_11_05_02_fps30.mp4,1110,0.15193386375904083,-0.10699789857460279,0.007375663228151308,0.04872116446495056,-0.04430684447288513,0.9612271785736084,-0.06805986166000366,-0.04001924395561218,0.875676691532135,-0.008446842432022095,-0.007709294557571411,-0.5278580188751221,0.9006890058517456,-0.07542136311531067,0.039771467447280884,-0.5244057178497314,0.4926881194114685,0.13531598448753357,0.235716313123703,0.9466113448143005,-0.14008557796478271,0.2343159019947052,0.946900486946106,0.09969887972397247,0.04523898454448448,-7.111270253246094e-05,-0.00041617508661945246,0.0,0.0,0.0,0,0,1,1.0
crossover_11_05_02_fps30.mp4,1111,0.15194539725780487,-0.10683744933645606,0.007560911556569572,0.04886546730995178,-0.04416319727897644,0.9593451619148254,-0.06808000802993774,-0.040009528398513794,0.8722093105316162,-0.008029729127883911,-0.007527381181716919,-0.5277896523475647,0.8901890516281128,-0.07464346289634705,0.03834208846092224,-0.5212607979774475,0.46892663836479187,0.13589301705360413,0.23615321516990662,0.9463582634925842,-0.13995811343193054,0.2345753014087677,0.9468057155609131,0.09995309975469348,0.044541369697428224,0.00018524832841826377,0.0001604492381467315,0.0,0.0,0.0,0,0,1,1.0
crossover_11_05_02_fps30.mp4,1112,0.1518172174692154,-0.10714797498816153,0.007806822875650932,0.04931214451789856,-0.04395058751106262,0.9575992822647095,-0.0678112804889679,-0.04012015461921692,0.8691232204437256,-0.007213324308395386,-0.0072813332080841064,-0.5251278281211853,0.8802646398544312,-0.07343742251396179,0.038522928953170776,-0.5197988748550415,0.44513362646102905,0.13651087880134583,0.23671045899391174,0.946797788143158,-0.13964805006980896,0.23505643010139465,0.9474185109138489,0.10106723930381217,0.04560570710647107,0.00024591131908136,-0.0003105256517054733,0.0,0.0,0.0,0,0,1,1.0
crossover_11_05_02_fps30.mp4,1113,0.1517302244901657,-0.10784175436375504,0.007641095359150918,0.050346195697784424,-0.0438116192817688,0.9560657739639282,-0.06739529967308044,-0.04112440347671509,0.8684921264648438,-0.005668699741363525,-0.007338821887969971,-0.5286511778831482,0.8709954619407654,-0.07307064533233643,0.03806990385055542,-0.5173587203025818,0.43154284358024597,0.13744771480560303,0.23716092109680176,0.9476161003112793,-0.13909435272216797,0.23523128032684326,0.9479262828826904,0.10326534274189375,0.046205437012124144,-0.00016572751650001383,-0.0006937793755935062,0.0,0.0,0.0,0,0,1,1.0
crossover_11_05_02_fps30.mp4,1114,0.15234625339508057,-0.10918622481620915,0.001855363787674369,0.05148869752883911,-0.04431867599487305,0.9568482041358948,-0.0671694278717041,-0.043901920318603516,0.8662657737731934,-0.003538668155670166,-0.010476648807525635,-0.53119295835495,0.8755800724029541,-0.07527941465377808,0.015602171421051025,-0.5286746025085449,0.4353417754173279,0.13807302713394165,0.23694062232971191,0.9468706250190735,-0.1387878656387329,0.23480498790740967,0.9469960331916809,0.1063648662058575,0.0365875183020139,-0.005785731571476549,-0.0013444704524541162,0.0,0.0,0.0,0,0,1,1.0
crossover_11_05_02_fps30.mp4,1115,0.15496951341629028,-0.10839263675576549,-0.007067392221311253,0.054065972566604614,-0.044899046421051025,0.9585925936698914,-0.06656885147094727,-0.05214795470237732,0.8656846284866333,-0.0016174018383026123,-0.017162442207336426,-0.5237569212913513,0.8826597929000854,-0.07486346364021301,-0.006493926048278809,-0.5469068884849548,0.4588088393211365,0.13942477107048035,0.23682475090026855,0.9452161192893982,-0.13824251294136047,0.23486816883087158,0.9465617537498474,0.10725139078771767,0.033534076895962106,-0.008922756008985622,0.0007935880604436618,0.0,0.0,0.0,0,0,1,1.0
crossover_11_05_02_fps30.mp4,1116,0.1558070182800293,-0.10808733873448129,-0.007021788562216358,0.05509266257286072,-0.04561489820480347,0.9601086974143982,-0.06629639863967896,-0.05469772219657898,0.8633801341056824,-0.0005188286304473877,-0.019345462322235107,-0.5242620706558228,0.8882634043693542,-0.07485795021057129,-0.005820930004119873,-0.5530674457550049,0.47083601355552673,0.1399448812007904,0.23737967014312744,0.9455639123916626,-0.1383030116558075,0.23573148250579834,0.9468506574630737,0.10827214462152775,0.03325108002681289,4.5603659094894944e-05,0.000305298021284206,0.0,0.0,0.0,0,0,1,1.0
crossover_11_05_02_fps30.mp4,1117,0.16103173792362213,-0.10874963422953071,-0.018491744558985612,0.05718168616294861,-0.04982218146324158,0.9622407555580139,-0.0660984218120575,-0.0618245005607605,0.8666197657585144,0.0016604959964752197,-0.02360805869102478,-0.5181316137313843,0.8959572315216064,-0.07479390501976013,-0.012304097414016724,-0.541409432888031,0.5002312064170837,0.14032766222953796,0.2384672462940216,0.9466142654418945,-0.13836228847503662,0.23701176047325134,0.9484059810638428,0.11052860953988923,0.034514902916825775,-0.011469955996769254,-0.0006622954950494253,0.0,0.0,0.0,0,0,1,1.0
crossover_11_05_02_fps30.mp4,1118,0.16218522191047668,-0.10843629998675847,-0.02755646821929192,0.05962681770324707,-0.054067373275756836,0.9644778966903687,-0.0670209527015686,-0.06254458427429199,0.8735363483428955,0.007034480571746826,-0.022226929664611816,-0.5238284468650818,0.9039767384529114,-0.07567629218101501,-0.010600149631500244,-0.5374064445495605,0.5393297672271729,0.14046341180801392,0.2468963861465454,0.9490633606910706,-0.13855770230293274,0.24524611234664917,0.9507544636726379,0.11559370719894879,0.03688813971296277,-0.009064723660306306,0.0003133342427722452,0.0,0.0,0.0,0,0,1,1.0
crossover_11_05_02_fps30.mp4,1119,0.16081500053405762,-0.10955657696319837,-0.024466442334942662,0.061024487018585205,-0.05509054660797119,0.9663436412811279,-0.06745493412017822,-0.05783611536026001,0.8816368579864502,0.009082138538360596,-0.016796141862869263,-0.5336313247680664,0.9110351800918579,-0.07726660370826721,-0.0006079971790313721,-0.5223369002342224,0.5777794122695923,0.1396477222442627,0.2580040395259857,0.9516362547874451,-0.1387781798839569,0.2537928521633148,0.9533282518386841,0.1188864093376183,0.04014807315503194,0.0030900258843492567,-0.0011202769764399045,0.0,0.0,0.0,0,0,1,1.0
crossover_11_05_02_fps30.mp4,1120,0.15371261537075043,-0.11096031170780374,-0.01768304138648802,0.06176766753196716,-0.049465447664260864,0.9681318402290344,-0.0681440532207489,-0.05172759294509888,0.8890605568885803,0.011068016290664673,-0.007883906364440918,-0.5780191421508789,0.9175027012825012,-0.08099105954170227,0.009388983249664307,-0.536773145198822,0.6130435466766357,0.13644281029701233,0.2647131681442261,0.9543102979660034,-0.13640150427818298,0.2584754228591919,0.9554850459098816,0.12242114148006504,0.040386267385038394,0.006783400948454643,-0.0014037347446053672,0.0,0.0,0.0,0,0,1,1.0
crossover_11_05_02_fps30.mp4,1121,0.1525087207555771,-0.11118512416290027,-0.013010075615673578,0.062478482723236084,-0.0458391010761261,0.9698871374130249,-0.06839218735694885,-0.05170801281929016,0.896076500415802,0.010585784912109375,-0.0020872950553894043,-0.5901522040367126,0.9230337142944336,-0.08182799816131592,0.013305306434631348,-0.5396232008934021,0.6441311240196228,0.1346871256828308,0.2674635648727417,0.9571189880371094,-0.13545644283294678,0.2612508535385132,0.9580323696136475,0.12225981118962351,0.039425121173262245,0.004672965770814441,-0.0002248124550965347,0.0,0.0,0.0,0,0,1,1.0
crossover_11_05_02_fps30.mp4,1122,0.15244098007678986,-0.11147460048481567,-0.008976477966076035,0.06291186809539795,-0.043969154357910156,0.9709683656692505,-0.06835490465164185,-0.048031508922576904,0.8918116688728333,0.010892271995544434,7.143616676330566e-05,-0.583666980266571,0.9273632764816284,-0.0831766426563263,0.011982887983322144,-0.5453760027885437,0.6545343399047852,0.13074904680252075,0.2662002742290497,0.9581547975540161,-0.1310955286026001,0.2609167993068695,0.9587147831916809,0.12270092188235565,0.03521461966660658,0.004033597649597542,-0.00028947632191539396,0.0,0.0,0.0,0,0,1,1.0
crossover_11_05_02_fps30.mp4,1123,0.15311799943447113,-0.11283044037172352,-0.0024349100706053672,0.06319168210029602,-0.044521063566207886,0.9722565412521362,-0.06767693161964417,-0.04987633228302002,0.890515923500061,0.010422199964523315,0.0008818209171295166,-0.5876040458679199,0.9311677813529968,-0.08296748995780945,0.0022065937519073486,-0.6299377083778381,0.6743284463882446,0.1290396749973297,0.26242247223854065,0.9586323499679565,-0.12907958030700684,0.25763097405433655,0.9588924050331116,0.12329725890830347,0.03022150501146974,0.006541567895470668,-0.0013558398869078503,0.0,0.0,0.0,0,0,1,1.0
crossover_11_05_02_fps30.mp4,1124,0.1506233513355255,-0.11464815553972274,0.005930870335276506,0.0627160370349884,-0.04196092486381531,0.9724810719490051,-0.0673149824142456,-0.04869738221168518,0.8826645016670227,0.009996503591537476,0.010520577430725098,-0.5536953806877136,0.9324136972427368,-0.08429986238479614,0.004775047302246094,-0.5866380333900452,0.6852037310600281,0.12838193774223328,0.26252996921539307,0.9557013511657715,-0.1294766664505005,0.25882112979888916,0.9564907550811768,0.12472913236758308,0.030370295097365257,0.008365780405881873,-0.0018177151679992232,0.0,0.0,0.0,0,0,1,1.0
crossover_11_05_02_fps30.mp4,1125,0.14836382865905762,-0.1170923499737756,0.007069994472875818,0.06182760000228882,-0.038733452558517456,0.9732851386070251,-0.06819286942481995,-0.04518356919288635,0.8739107847213745,0.011396586894989014,0.017995715141296387,-0.5768370628356934,0.9354206323623657,-0.09103336930274963,0.00299757719039917,-0.6076655983924866,0.6863584518432617,0.12770628929138184,0.2578168511390686,0.95361328125,-0.13018059730529785,0.2559773921966553,0.9552660584449768,0.12895262025174103,0.02637527357460998,0.0011391241375993122,-0.00244419443405286,0.0,0.0,0.0,0,0,1,1.0
crossover_11_05_02_fps30.mp4,1126,0.14725346863269806,-0.11739703598669021,0.004440085626229995,0.06130117177963257,-0.03769996762275696,0.9737778902053833,-0.06868422031402588,-0.04370635747909546,0.8686145544052124,0.012013554573059082,0.01775345206260681,-0.572087287902832,0.9378381967544556,-0.09328228235244751,0.004923433065414429,-0.5866836309432983,0.6906499862670898,0.1275082230567932,0.25576189160346985,0.9523524641990662,-0.13065046072006226,0.25441214442253113,0.954159677028656,0.13009360735598163,0.024119597168841517,-0.002629908846645823,-0.0003046860129146123,0.0,0.0,0.0,0,0,1,1.0
crossover_11_05_02_fps30.mp4,1127,0.14457738399505615,-0.11994508767532092,0.0022167855646552104,0.06066238880157471,-0.03469488024711609,0.975223958492279,-0.06962233781814575,-0.0417504608631134,0.8744639158248901,0.012272655963897705,0.020890802145004272,-0.5938414931297302,0.9422510862350464,-0.0949142575263977,0.003133147954940796,-0.6714332699775696,0.7143334150314331,0.12730419635772705,0.2539427578449249,0.9532347917556763,-0.13094303011894226,0.2542118728160858,0.9543822407722473,0.13352996153781102,0.02504759824762792,-0.0022233000615747844,-0.0025480516886307036,0.0,0.0,0.0,0,0,1,1.0
crossover_11_05_02_fps30.mp4,1128,0.14218579232692719,-0.12202696062750734,-0.006581340039648609,0.0602855384349823,-0.031901776790618896,0.9762227535247803,-0.0730101466178894,-0.042003095149993896,0.8741514682769775,0.012043863534927368,0.02266111969947815,-0.5976192951202393,0.9457639455795288,-0.09726396203041077,-0.007724136114120483,-0.7127833962440491,0.7256129384040833,0.1272391974925995,0.25277069211006165,0.9553497433662415,-0.13076689839363098,0.2531520426273346,0.9555017352104187,0.13722283827114545,0.024789354214816393,-0.00879812560430382,-0.0020818729521864254,0.0,0.0,0.0,0,0,1,1.0
crossover_11_05_02_fps30.mp4,1129,0.14030031859874725,-0.12414777339515037,-0.01760644360286434,0.05983477830886841,-0.029642879962921143,0.9771894812583923,-0.07728642225265503,-0.04236406087875366,0.8761034607887268,0.011444330215454102,0.022530317306518555,-0.6148606538772583,0.9489136934280396,-0.10124257206916809,-0.018448591232299805,-0.7380706071853638,0.7350159287452698,0.12704426050186157,0.2529970407485962,0.9575924873352051,-0.1309548318386078,0.2531658411026001,0.9566338062286377,0.14140784326849012,0.022920677573177114,-0.011025103563215732,-0.002120812767643032,0.0,0.0,0.0,0,0,1,1.0
crossover_11_05_02_fps30.mp4,1130,0.13773465156555176,-0.12423003740229849,-0.023882677642310557,0.059885114431381226,-0.027095645666122437,0.9774383306503296,-0.07888850569725037,-0.04408726096153259,0.8774270415306091,0.011233121156692505,0.023155003786087036,-0.6465925574302673,0.9504141807556152,-0.10330197215080261,-0.03301844000816345,-0.779832661151886,0.7442589402198792,0.1271093785762787,0.2531984746456146,0.9583669304847717,-0.13074472546577454,0.2533959448337555,0.955318808555603,0.14339738770611463,0.022835193653135574,-0.006276234039446216,-8.2264007148114e-05,0.0,0.0,0.0,0,0,1,1.0
crossover_11_05_02_fps30.mp4,1131,0.137034609913826,-0.12423398514925421,-0.0237151903350179,0.05991518497467041,-0.0261135995388031,0.9775230884552002,-0.07952219247817993,-0.04412195086479187,0.8805184960365295,0.01107412576675415,0.023436635732650757,-0.6370179653167725,0.9518384337425232,-0.1033705472946167,-0.03598827123641968,-0.7747500538825989,0.7575755715370178,0.12717652320861816,0.25364992022514343,0.9597196578979492,-0.13047951459884644,0.25356796383857727,0.9550833702087402,0.14328844887559672,0.02420560996807712,0.00016748730729265748,-3.947746955723641e-06,0.0,0.0,0.0,0,0,1,1.0
crossover_11_05_02_fps30.mp4,1132,0.13615675270557404,-0.12360772460193958,-0.022031291519723273,0.06023663282394409,-0.025605499744415283,0.9781538248062134,-0.08015948534011841,-0.04470592737197876,0.8829848170280457,0.011234283447265625,0.024955928325653076,-0.6472291350364685,0.9538144469261169,-0.10260704159736633,-0.034424006938934326,-0.7874573469161987,0.7650666236877441,0.12757247686386108,0.25447434186935425,0.9613759517669678,-0.13039052486419678,0.2537071704864502,0.9548485279083252,0.14279413840749786,0.024384586978665912,0.0016838988152946266,0.0006262605473146277,0.0,0.0,0.0,0,0,1,1.0
crossover_11_05_02_fps30.mp4,1133,0.1321668028831482,-0.12241027244066788,-0.0061865459128124245,0.060425370931625366,-0.023883312940597534,0.9788434505462646,-0.08045729994773865,-0.042574912309646606,0.8890640735626221,0.011395841836929321,0.027188211679458618,-0.6278017163276672,0.955223798751831,-0.09772717952728271,-0.028807073831558228,-0.7574227452278137,0.777253270149231,0.12785860896110535,0.2550766170024872,0.9634380340576172,-0.13021951913833618,0.25403550267219543,0.9562599062919617,0.13790558604499042,0.03348049221701442,0.01584474560691085,0.001197452161271706,0.0,0.0,0.0,0,0,1,1.0
crossover_11_05_02_fps30.mp4,1134,0.12983903288841248,-0.1202418463715052,0.027223333934458305,0.06135198473930359,-0.02232089638710022,0.9803308248519897,-0.08063048124313354,-0.03782230615615845,0.8962848782539368,0.012287169694900513,0.029171496629714966,-0.6110578179359436,0.9586074352264404,-0.09659522771835327,-0.004062026739120483,-0.7297998070716858,0.7914111614227295,0.12890765070915222,0.25531938672065735,0.9655688405036926,-0.12926927208900452,0.25387701392173767,0.9577170014381409,0.13254333418703793,0.03921653179723448,0.03340987984727073,0.0021684260691626767,0.0,0.0,0.0,0,0,1,1.0
crossover_11_05_02_fps30.mp4,1135,0.1287347674369812,-0.11846312900721018,0.08466857817114848,0.06230965256690979,-0.021217286586761475,0.9812904596328735,-0.08049693703651428,-0.028457045555114746,0.903292715549469,0.01353117823600769,0.03228414058685303,-0.5154001116752625,0.961556077003479,-0.10152184963226318,0.045903801918029785,-0.4623766243457794,0.8085408806800842,0.13034912943840027,0.2550598978996277,0.9670135378837585,-0.12788474559783936,0.2538890838623047,0.9585056900978088,0.1420092477468983,0.042305021271881654,0.057445244236690174,0.0017787173642950238,0.0,0.0,0.0,0,0,0,1.0
crossover_11_05_02_fps30.mp4,1136,0.1278410106897354,-0.11765492396839594,0.08435290470355894,0.06271842122077942,-0.020838141441345215,0.9823554158210754,-0.08011803030967712,-0.02547067403793335,0.9098885655403137,0.014179617166519165,0.033031582832336426,-0.5098938941955566,0.9645217657089233,-0.10204219818115234,0.05137622356414795,-0.45039600133895874,0.8245956301689148,0.13117828965187073,0.2548382878303528,0.9686985611915588,-0.12714514136314392,0.25383150577545166,0.9598099589347839,0.14147163784611827,0.03648586994273326,-0.00031567346758953896,0.0008082050388142359,0.0,0.0,0.0,0,0,0,1.0
crossover_11_05_02_fps30.mp4,1137,0.12484614551067352,-0.1184663203813262,0.1898981310972353,0.06281432509422302,-0.020293384790420532,0.9827852249145508,-0.0818924605846405,-0.009279459714889526,0.9171438813209534,0.013546019792556763,0.03435531258583069,-0.5089707374572754,0.9667274355888367,-0.107341468334198,0.08800914883613586,-0.49117717146873474,0.8403888940811157,0.1317674219608307,0.2547110617160797,0.9695767760276794,-0.12655943632125854,0.25337299704551697,0.9582903385162354,0.20401182894297268,0.10249452199641271,0.10554522639367636,-0.0008113964129302653,0.0,0.0,0.0,1,0,0,1.0
crossover_11_05_02_fps30.mp4,1138,0.12429259717464447,-0.11653046355409136,0.29607768669361023,0.062477439641952515,-0.01855987310409546,0.9838570952415466,-0.08370229601860046,-0.005573093891143799,0.9249180555343628,0.011503487825393677,0.03485918045043945,-0.5346242785453796,0.9695907831192017,-0.10594481229782104,0.10146045684814453,-0.5268247723579407,0.8557640314102173,0.1316911280155182,0.25494736433029175,0.9670081734657288,-0.12636378407478333,0.2535768747329712,0.9511614441871643,0.2909085779239894,0.19490490544171074,0.10617955559637493,0.0019358568272348498,0.0,0.0,0.0,1,1,0,1.0
crossover_11_05_02_fps30.mp4,1139,0.1233830600976944,-0.11790617583161694,0.21627046102430758,0.062352001667022705,-0.01733452081680298,0.9836190342903137,-0.08319544792175293,-0.006330609321594238,0.9306302666664124,0.009612798690795898,0.035424768924713135,-0.5099416971206665,0.9707807898521423,-0.10466039180755615,0.09161603450775146,-0.49818921089172363,0.8683458566665649,0.13175904750823975,0.2545216679573059,0.9669990539550781,-0.12567198276519775,0.25117677450180054,0.9466132521629333,0.22128319686372278,0.12535619986495902,-0.07980722566930265,-0.001375712277525587,0.0,0.0,0.0,1,0,0,1.0
crossover_11_05_02_fps30.mp4,1140,0.12274192273616791,-0.11755488828077154,0.14365822338476408,0.06264787912368774,-0.014553844928741455,0.9841577410697937,-0.08231490850448608,-0.008138656616210938,0.9363973140716553,0.009891927242279053,0.035874903202056885,-0.5280872583389282,0.9728956818580627,-0.103737473487854,0.08013534545898438,-0.4973537027835846,0.8805171251296997,0.13217300176620483,0.25385183095932007,0.9672126173973083,-0.12588611245155334,0.2512688636779785,0.9442347884178162,0.16691295604767914,0.06500828386854283,-0.0726122376395435,0.00035128755084540275,0.0,0.0,0.0,0,0,0,1.0
crossover_11_05_02_fps30.mp4,1141,0.12210145592689514,-0.11743501263149714,0.1435183010450224,0.0627661943435669,-0.013201475143432617,0.9843995571136475,-0.08179476857185364,-0.008673787117004395,0.941491961479187,0.009947717189788818,0.03681778907775879,-0.5339069366455078,0.9745544195175171,-0.10326436161994934,0.0781145691871643,-0.5022733807563782,0.8913463950157166,0.13239622116088867,0.2537515163421631,0.9667810797691345,-0.12599140405654907,0.25204676389694214,0.9408547282218933,0.16616666064767294,0.06692126336991615,-0.00013992233974169377,0.00011987564927440353,0.0,0.0,0.0,0,0,1,1.0
crossover_11_05_02_fps30.mp4,1142,0.11922891438007355,-0.11674871555829452,0.1005652247405634,0.06280812621116638,-0.01048654317855835,0.9848614931106567,-0.08097037672996521,-0.01161271333694458,0.9425996541976929,0.010015636682510376,0.03856194019317627,-0.5813931226730347,0.9759200215339661,-0.10244110226631165,0.07605171203613281,-0.5614191889762878,0.8937302827835083,0.13248243927955627,0.2526934742927551,0.9671530723571777,-0.12586051225662231,0.2509300112724304,0.9383948445320129,0.14111558487174658,0.02838344769796659,-0.04295307630445899,0.000686297073202613,0.0,0.0,0.0,0,0,1,1.0
crossover_11_05_02_fps30.mp4,1143,0.11609649658203125,-0.11411012592962233,0.08942210470757839,0.06308972835540771,-0.008212506771087646,0.9859799146652222,-0.08020856976509094,-0.011231541633605957,0.9462449550628662,0.010318338871002197,0.04172009229660034,-0.6194878816604614,0.9776971340179443,-0.10103338956832886,0.06008368730545044,-0.7115541696548462,0.9004718065261841,0.13276022672653198,0.2520674467086792,0.9685512185096741,-0.1254706084728241,0.2502988576889038,0.9395438432693481,0.1332588640229886,0.03212076850768454,-0.01114312003298501,0.0026385896286721944,0.0,0.0,0.0,0,0,1,1.0
crossover_11_05_02_fps30.mp4,1144,0.11825121939182281,-0.11246008489091519,0.11964235073182639,0.06401169300079346,-0.010283112525939941,0.9866335391998291,-0.07928410172462463,-0.008759617805480957,0.9503366947174072,0.011692821979522705,0.04171335697174072,-0.5497667789459229,0.9792067408561707,-0.09896877408027649,0.0713452696800232,-0.5228539705276489,0.909179151058197,0.13401323556900024,0.2479637861251831,0.969097912311554,-0.12481936812400818,0.2468443512916565,0.9367072582244873,0.14658401124556217,0.05014602183138463,0.030220246024248,0.0016500410387071396,0.0,0.0,0.0,0,0,1,1.0
crossover_11_05_02_fps30.mp4,1145,0.117063969373703,-0.10986656324338107,0.19901649268662058,0.0643635094165802,-0.009342879056930542,0.9821536540985107,-0.08014839887619019,0.0006697475910186768,0.9525421261787415,0.012350350618362427,0.04440370202064514,-0.5380879044532776,0.9729918241500854,-0.09881970286369324,0.09960034489631653,-0.5164546966552734,0.9158080816268921,0.13471195101737976,0.2474815547466278,0.9651101231575012,-0.08875983953475952,0.19076719880104065,0.8823973536491394,0.19708396452124047,0.1000280139046652,0.0793741419547942,0.002593521647534125,0.0,0.0,0.0,1,0,0,1.0
crossover_11_05_02_fps30.mp4,1146,0.11821362376213074,-0.10966980073411586,0.19714159384006402,0.06444025039672852,-0.009913444519042969,0.9766143560409546,-0.08079597353935242,0.0013101696968078613,0.9537088871002197,0.01258707046508789,0.04314625263214111,-0.5381835699081421,0.9649758338928223,-0.09889340400695801,0.10109418630599976,-0.518764317035675,0.9208605885505676,0.13488280773162842,0.24559754133224487,0.959753155708313,-0.08524781465530396,0.17829573154449463,0.8290873169898987,0.1966247890505246,0.09665006580668078,-0.0018748988465565608,0.00019676250926520256,0.0,0.0,0.0,1,0,0,1.0
crossover_11_05_02_fps30.mp4,1147,0.11770156025886536,-0.10605666708138028,0.28702486433633945,0.06460264325141907,-0.008949220180511475,0.9778360724449158,-0.08085784316062927,0.0045815110206604,0.9571254849433899,0.012936443090438843,0.043908536434173584,-0.5488008856773376,0.9671387672424316,-0.09843325614929199,0.11556875705718994,-0.5270528793334961,0.9269428253173828,0.135280579328537,0.24542570114135742,0.9570083618164062,-0.11380928754806519,0.2323676347732544,0.8279514908790588,0.27067491417010947,0.17162550252674777,0.08988327049627542,0.0036131336527355784,0.0,0.0,0.0,1,1,0,1.0
crossover_11_05_02_fps30.mp4,1148,0.11805076897144318,-0.10549367686449473,0.22173807272096957,0.06479090452194214,-0.00899803638458252,0.9774766564369202,-0.08020102977752686,0.003964364528656006,0.9574354290962219,0.013352036476135254,0.043403446674346924,-0.5384750962257385,0.9666463732719421,-0.09817695617675781,0.11308085918426514,-0.5129263401031494,0.9284237623214722,0.1356603503227234,0.2442542314529419,0.9555675387382507,-0.12099108099937439,0.23892706632614136,0.8251356482505798,0.21430712173568087,0.10890328027742481,-0.06528679161536988,0.0005629902168855505,0.0,0.0,0.0,1,0,0,1.0
crossover_11_05_02_fps30.mp4,1149,0.11606451869010925,-0.10447455573890169,0.16122100455004995,0.0647534430027008,-0.008031874895095825,0.9783293604850769,-0.0800689160823822,0.004696398973464966,0.9584342241287231,0.013373702764511108,0.04470446705818176,-0.5376596450805664,0.9680958390235901,-0.09823226928710938,0.10088416934013367,-0.5102710127830505,0.9308151602745056,0.13568320870399475,0.24444428086280823,0.957112729549408,-0.12200242280960083,0.23983511328697205,0.8314228057861328,0.16572361190060134,0.060658880827911946,-0.06051706817091962,0.0010191211255930477,0.0,0.0,0.0,0,0,0,1.0
crossover_11_05_02_fps30.mp4,1150,0.11331824958324432,-0.10482766173653685,0.12106852502357668,0.06467273831367493,-0.006720483303070068,0.9796830415725708,-0.0798172652721405,0.0024781227111816406,0.9601057767868042,0.013562828302383423,0.04630666971206665,-0.5425541996955872,0.9704484343528748,-0.0979098379611969,0.08486896753311157,-0.5383291840553284,0.9358723759651184,0.1358928382396698,0.2443608045578003,0.9601151943206787,-0.12226331233978271,0.24106454849243164,0.8421303629875183,0.1400201526255233,0.0368546367271765,-0.04015247952647327,-0.00035310599763516137,0.0,0.0,0.0,0,0,1,1.0
crossover_11_05_02_fps30.mp4,1151,0.11250180006027222,-0.10487811403759456,0.12090503835096589,0.06461304426193237,-0.006120592355728149,0.9806532263755798,-0.0795699954032898,0.0012882053852081299,0.9613503217697144,0.013671934604644775,0.0467018187046051,-0.5455251336097717,0.9722396731376648,-0.09780833125114441,0.07824781537055969,-0.5387368202209473,0.9403983354568481,0.13597893714904785,0.24424508213996887,0.9627545475959778,-0.12224149703979492,0.24108704924583435,0.8510615825653076,0.13985789873640808,0.043239108467308635,-0.00016348667261079086,-5.045230105771292e-05,0.0,0.0,0.0,0,0,1,1.0
crossover_11_05_02_fps30.mp4,1152,0.11556234955787659,-0.10400440672696648,0.09913220550955792,0.06440681219100952,-0.009642064571380615,0.9810487031936646,-0.07674795389175415,-0.004557132720947266,0.9565082788467407,0.013971090316772461,0.04463386535644531,-0.5448096990585327,0.9726300239562988,-0.09313532710075378,0.061196327209472656,-0.5620750188827515,0.9282318949699402,0.1362454891204834,0.23999488353729248,0.9638923406600952,-0.12192058563232422,0.23588234186172485,0.8585398197174072,0.12995494212288206,0.03946223199870773,-0.021772832841407963,0.0008737073106280802,0.0,0.0,0.0,0,0,1,1.0
crossover_11_05_02_fps30.mp4,1153,0.11638075113296509,-0.10510906708442558,0.11469593527840405,0.06392335891723633,-0.010202199220657349,0.9820005297660828,-0.0759490430355072,-0.004514604806900024,0.9561302065849304,0.014048755168914795,0.0452294647693634,-0.5349460244178772,0.9742893576622009,-0.0907835066318512,0.06896403431892395,-0.5410838723182678,0.9296014308929443,0.13637608289718628,0.2384715974330902,0.965969443321228,-0.12240594625473022,0.23492535948753357,0.8658279776573181,0.1379281593045527,0.04792315147867531,0.015563729768846124,-0.0011046603574590974,0.0,0.0,0.0,0,0,1,1.0
crossover_11_05_02_fps30.mp4,1154,0.11541418731212616,-0.10565727171251327,0.18064480409389594,0.06355807185173035,-0.009302139282226562,0.9804797768592834,-0.07607674598693848,0.0013629794120788574,0.9550885558128357,0.013946980237960815,0.046341538429260254,-0.5089526772499084,0.9716613292694092,-0.09123528003692627,0.08952826261520386,-0.5043233633041382,0.9297718405723572,0.13672950863838196,0.23890459537506104,0.9640429019927979,-0.12283855676651001,0.2364611029624939,0.8631863594055176,0.17984032988408968,0.09225084267869271,0.06594886881549189,-0.0005482046280876895,0.0,0.0,0.0,0,0,0,1.0
crossover_11_05_02_fps30.mp4,1155,0.11569589376449585,-0.1048431811696392,0.26907617042704324,0.06337001919746399,-0.008157223463058472,0.9805850982666016,-0.07661223411560059,0.004960745573043823,0.9579424858093262,0.013471812009811401,0.04678496718406677,-0.5077724456787109,0.9710410833358765,-0.09143194556236267,0.1134355366230011,-0.5141611695289612,0.9334079027175903,0.13679572939872742,0.2392178475856781,0.960892915725708,-0.12270691990852356,0.23843857645988464,0.8575628995895386,0.2518170301037317,0.15621737461447055,0.0884313663331473,0.0008140905428740686,0.0,0.0,0.0,1,0,0,1.0
crossover_11_05_02_fps30.mp4,1156,0.11589926481246948,-0.10486411937212542,0.2690609722602658,0.06325897574424744,-0.007763504981994629,0.9808794260025024,-0.07696998119354248,0.0061983466148376465,0.9604317545890808,0.013111382722854614,0.04679524898529053,-0.5101274847984314,0.9712072014808655,-0.09151741862297058,0.1170002818107605,-0.5207885503768921,0.936490535736084,0.13681557774543762,0.23911553621292114,0.9600968360900879,-0.12268900871276855,0.23820936679840088,0.8569797277450562,0.2516351939564705,0.15264530127346787,-1.5198166777419253e-05,-2.093820248622036e-05,0.0,0.0,0.0,1,0,0,1.0
crossover_11_05_02_fps30.mp4,1157,0.1173936128616333,-0.10653596742678495,0.23127131345795426,0.06320735812187195,-0.009150862693786621,0.9786540269851685,-0.07700285315513611,0.0039286017417907715,0.9567031860351562,0.012945979833602905,0.04491853713989258,-0.5032562017440796,0.9678813815116882,-0.09167486429214478,0.11331236362457275,-0.5204668641090393,0.9294523000717163,0.1368042528629303,0.23779940605163574,0.952985405921936,-0.12135043740272522,0.23484182357788086,0.84416264295578,0.22136687413112116,0.11889140520732619,-0.037789658802311554,-0.0016718480546595305,0.0,0.0,0.0,1,0,0,1.0
crossover_11_05_02_fps30.mp4,1158,0.11869639158248901,-0.10575593679638234,0.1647279233467288,0.06264451146125793,-0.010037720203399658,0.9795994758605957,-0.07743415236473083,0.0017949938774108887,0.9595808982849121,0.012292057275772095,0.04360681772232056,-0.5056280493736267,0.9697359800338745,-0.09234297275543213,0.10825574398040771,-0.4889169931411743,0.9345855116844177,0.1363469660282135,0.23688220977783203,0.9556130766868591,-0.1231047511100769,0.23394399881362915,0.853634774684906,0.1691320523500453,0.058043213614907344,-0.06654339011122545,0.0007800306304026061,0.0,0.0,0.0,0,0,0,1.0
crossover_11_05_02_fps30.mp4,1159,0.11962494254112244,-0.10561626311075889,0.12464194748459789,0.06209263205528259,-0.01078292727470398,0.9800450205802917,-0.07644790410995483,0.0008200109004974365,0.9584529399871826,0.011944621801376343,0.04249534010887146,-0.5147280693054199,0.9705223441123962,-0.09236931800842285,0.09150657057762146,-0.49801206588745117,0.9317160248756409,0.13597574830055237,0.2361619770526886,0.9565064907073975,-0.12445780634880066,0.2330322563648224,0.8554907441139221,0.14341766545536172,0.035685217630157334,-0.04008597586213092,0.00013967368562345372,0.0,0.0,0.0,0,0,1,1.0
crossover_11_05_02_fps30.mp4,1160,0.1201959103345871,-0.10594024486460929,0.10744200494231249,0.06168833374977112,-0.011322945356369019,0.9809086918830872,-0.07377180457115173,-0.006604939699172974,0.9576667547225952,0.012006551027297974,0.041806966066360474,-0.5163269639015198,0.9719947576522827,-0.09046021103858948,0.06275871396064758,-0.5261889100074768,0.932960569858551,0.1358133852481842,0.23565736413002014,0.957598865032196,-0.12539243698120117,0.23236814141273499,0.860590934753418,0.1349792761479145,0.047288771819606966,-0.017199942542285407,-0.00032398175385039973,0.0,0.0,0.0,0,0,1,1.0
crossover_11_05_02_fps30.mp4,1161,0.12070569396018982,-0.10630903577400463,0.10676710024112612,0.061288684606552124,-0.011861324310302734,0.9816006422042847,-0.07276001572608948,-0.011420011520385742,0.9575732946395874,0.01201513409614563,0.04109257459640503,-0.5156646966934204,0.9733083248138428,-0.0898752212524414,0.05623281002044678,-0.5257599353790283,0.9354640245437622,0.1357746422290802,0.23511016368865967,0.9576400518417358,-0.12614130973815918,0.23195087909698486,0.8638242483139038,0.13532831371933704,0.053139295703245736,-0.0006749047011863629,-0.00036879090939534453,0.0,0.0,0.0,0,0,1,1.0
crossover_11_05_02_fps30.mp4,1162,0.12065763771533966,-0.10589130783485157,0.12476041942107963,0.060813456773757935,-0.012407928705215454,0.9813336133956909,-0.07365450263023376,-0.010157376527786255,0.9556299448013306,0.011835187673568726,0.04113689064979553,-0.4984251856803894,0.9725058078765869,-0.0902600884437561,0.0658213198184967,-0.4764041304588318,0.9302822351455688,0.13551542162895203,0.2344246804714203,0.9587311148643494,-0.12687501311302185,0.2316056787967682,0.8680267333984375,0.14440367830791528,0.060976655218335396,0.017993319179953504,0.0004177279391530675,0.0,0.0,0.0,0,0,1,1.0
crossover_11_05_02_fps30.mp4,1163,0.12069301307201385,-0.10647509128360427,0.18191123081416616,0.06069156527519226,-0.012361496686935425,0.9805473685264587,-0.07428112626075745,-0.0035386979579925537,0.9530304670333862,0.011823147535324097,0.04123923182487488,-0.4967919886112213,0.9717000126838684,-0.09059539437294006,0.09095194935798645,-0.48544496297836304,0.9243096709251404,0.1357552707195282,0.23420920968055725,0.9503471255302429,-0.12523886561393738,0.23135295510292053,0.8435294032096863,0.18380175354795553,0.09233501858449521,0.05715081139308653,-0.000583783448752706,0.0,0.0,0.0,1,0,0,1.0
crossover_11_05_02_fps30.mp4,1164,0.12087167799472809,-0.10550755969548631,0.26364400081518224,0.060507774353027344,-0.012199610471725464,0.9815564751625061,-0.07528209686279297,0.0002225339412689209,0.9563097357749939,0.011838376522064209,0.04113253951072693,-0.5062695741653442,0.9731472134590149,-0.09077531099319458,0.11212339997291565,-0.5098307728767395,0.9286094903945923,0.13602089881896973,0.23421546816825867,0.9513887763023376,-0.12576904892921448,0.2326846420764923,0.847801685333252,0.25155798369087307,0.15223511957307242,0.08173277000101609,0.0009675315881179647,0.0,0.0,0.0,1,1,0,1.0
crossover_11_05_02_fps30.mp4,1165,0.12150371074676514,-0.10491264977697601,0.2337135008195551,0.06066983938217163,-0.0121326744556427,0.9809171557426453,-0.07566091418266296,0.0010773241519927979,0.9557178020477295,0.011840343475341797,0.04059198498725891,-0.502226710319519,0.9722532629966736,-0.09058710932731628,0.11320605874061584,-0.5082651376724243,0.9272971749305725,0.13643181324005127,0.2343967854976654,0.9459075331687927,-0.12067106366157532,0.23267075419425964,0.8402656316757202,0.22567051493436088,0.12135594219313588,-0.029930499995627136,0.0005949099185103002,0.0,0.0,0.0,1,0,0,1.0
crossover_11_05_02_fps30.mp4,1166,0.12178274989128113,-0.10476432806354458,0.23380659178989693,0.06073722243309021,-0.012071371078491211,0.9803030490875244,-0.07602947950363159,0.0016394853591918945,0.9551265239715576,0.011831551790237427,0.04021269083023071,-0.5025046467781067,0.9712932705879211,-0.09047135710716248,0.11380529403686523,-0.5084818601608276,0.9258871674537659,0.13668379187583923,0.23461592197418213,0.9414077401161194,-0.11857980489730835,0.23266708850860596,0.8342456221580505,0.22599380010889372,0.1208494951630819,9.309097034182479e-05,0.00014832171343143186,0.0,0.0,0.0,1,0,0,1.0
crossover_11_05_02_fps30.mp4,1167,0.12208026647567749,-0.10435278870291631,0.17682528088732463,0.06068488955497742,-0.012396514415740967,0.9801101684570312,-0.07605618238449097,0.0011034607887268066,0.9563669562339783,0.011844128370285034,0.039518117904663086,-0.4989505708217621,0.9711271524429321,-0.0906171202659607,0.10844922065734863,-0.4925859272480011,0.9292023181915283,0.13681861758232117,0.23444688320159912,0.9436990022659302,-0.1213894784450531,0.23229491710662842,0.837002158164978,0.17987490248409757,0.06974205474448888,-0.0569813109025723,0.0004115393606282658,0.0,0.0,0.0,0,0,0,1.0
crossover_11_05_02_fps30.mp4,1168,0.1223982721567154,-0.10478958255153592,0.14044361666935246,0.06058907508850098,-0.013229072093963623,0.9804645776748657,-0.07602444291114807,-0.0005239248275756836,0.9578624367713928,0.011967778205871582,0.03910952806472778,-0.5051282048225403,0.971302330493927,-0.08919587731361389,0.08750224113464355,-0.4958645701408386,0.9325850605964661,0.13704067468643188,0.23408126831054688,0.9471031427383423,-0.12429454922676086,0.2329559326171875,0.8452807664871216,0.15459909056771753,0.05519015207946316,-0.036381664217972176,-0.0004367938486196099,0.0,0.0,0.0,0,0,1,1.0
crossover_11_05_02_fps30.mp4,1169,0.12148314714431763,-0.10462475055355136,0.12487431590150044,0.060260385274887085,-0.013538956642150879,0.9809750914573669,-0.07591459155082703,-0.0035248398780822754,0.9578021168708801,0.012047797441482544,0.03910219669342041,-0.49457377195358276,0.9719737768173218,-0.08798149228096008,0.07336413860321045,-0.4841865599155426,0.9347713589668274,0.13725563883781433,0.23412448167800903,0.9500336050987244,-0.12562096118927002,0.2329997420310974,0.8524607419967651,0.14480794138823527,0.05413221232528233,-0.015569300767852012,0.00016483199798456027,0.0,0.0,0.0,0,0,1,1.0
crossover_11_05_02_fps30.mp4,1170,0.12192364037036896,-0.10934477408053511,0.13853901144934866,0.06022694706916809,-0.014372915029525757,0.9814165830612183,-0.07617455720901489,-0.004074722528457642,0.9582416415214539,0.012319952249526978,0.04030522704124451,-0.49764493107795715,0.9723547101020813,-0.08689776062965393,0.07606402039527893,-0.4830379784107208,0.9338287711143494,0.13860246539115906,0.23359331488609314,0.9526914358139038,-0.125203937292099,0.2324034869670868,0.8581619262695312,0.15637193492473894,0.06638518599861067,0.013664695547848216,-0.004720023526983752,0.0,0.0,0.0,0,0,1,1.0
crossover_11_05_02_fps30.mp4,1171,0.12195733189582825,-0.10867547231205438,0.138356956039987,0.06021478772163391,-0.014691650867462158,0.9821942448616028,-0.07667851448059082,-0.004300951957702637,0.9599021077156067,0.012338966131210327,0.04054743051528931,-0.49829190969467163,0.9737266898155212,-0.08631229400634766,0.07883083820343018,-0.4819605350494385,0.936660647392273,0.13930270075798035,0.23345398902893066,0.9552609324455261,-0.1250753402709961,0.23254680633544922,0.8645718693733215,0.15559947813249628,0.06358828861216882,-0.00018205540936166997,0.0006693017684807345,0.0,0.0,0.0,0,0,1,1.0
crossover_11_05_02_fps30.mp4,1172,0.11829264461994171,-0.11886311587640797,0.20069606522234473,0.05903512239456177,-0.012284845113754272,0.9830348491668701,-0.07885825634002686,0.0018555819988250732,0.9620295763015747,0.012518882751464844,0.045229822397232056,-0.4893149733543396,0.9752330780029297,-0.09565302729606628,0.09759089350700378,-0.49018052220344543,0.9401679039001465,0.1405765414237976,0.23655948042869568,0.9571135640144348,-0.12509343028068542,0.23689547181129456,0.8717226982116699,0.20354601991100507,0.10568530951062806,0.062339109182357744,-0.010187643564353588,0.0,0.0,0.0,1,0,0,1.0
crossover_11_05_02_fps30.mp4,1173,0.11777588725090027,-0.13252480136135875,0.2699397991343242,0.055566802620887756,-0.011811256408691406,0.9819979071617126,-0.08390675485134125,0.005947589874267578,0.9596282839775085,0.006972268223762512,0.05101144313812256,-0.49298202991485596,0.9738211631774902,-0.11091537773609161,0.11569392681121826,-0.529723048210144,0.9267069697380066,0.14085258543491364,0.2366485595703125,0.9547248482704163,-0.12373392283916473,0.2370365858078003,0.8676921725273132,0.2595940243573333,0.15575222732960242,0.06924373391197947,-0.01366168548495078,0.0,0.0,0.0,1,1,0,1.0
crossover_11_05_02_fps30.mp4,1174,0.11639028787612915,-0.1419420299893719,0.21972475793303514,0.05333402752876282,-0.010407716035842896,0.9794546961784363,-0.0883844792842865,0.006910592317581177,0.9502418637275696,0.0037855207920074463,0.054574280977249146,-0.5025141835212708,0.9710592031478882,-0.12416887283325195,0.11519238352775574,-0.5392128229141235,0.8999406695365906,0.1412404477596283,0.23801538348197937,0.9540594220161438,-0.12267640233039856,0.2342102825641632,0.8649275302886963,0.22025258022430313,0.10603255355833721,-0.05021504120128906,-0.009417228628013141,0.0,0.0,0.0,1,1,0,1.0
crossover_11_05_02_fps30.mp4,1175,0.11576321721076965,-0.15080402937986082,0.16296229478789537,0.048627883195877075,-0.006632447242736816,0.9797090291976929,-0.09059885144233704,0.00043147802352905273,0.9515446424484253,-0.0021468698978424072,0.05724453926086426,-0.5037976503372192,0.9724870920181274,-0.13364261388778687,0.09749507904052734,-0.5270997285842896,0.9059590697288513,0.1411224901676178,0.23857200145721436,0.9580821990966797,-0.12207427620887756,0.2353764772415161,0.8758374452590942,0.1824148976891289,0.06767917345390698,-0.056762463145139774,-0.008861999390488928,0.0,0.0,0.0,0,0,1,1.0
crossover_11_05_02_fps30.mp4,1176,0.11570778489112854,-0.15016589589038137,0.16369310762824085,0.047789812088012695,-0.0048403143882751465,0.9801777005195618,-0.09035366773605347,-0.0033465027809143066,0.9514178037643433,-0.0029522180557250977,0.058632075786590576,-0.5176344513893127,0.9739833474159241,-0.13166937232017517,0.08659887313842773,-0.5235446095466614,0.9100394248962402,0.1411728858947754,0.23930329084396362,0.9614084362983704,-0.12158027291297913,0.2361236810684204,0.8837936520576477,0.18085819680965035,0.07928204321126874,0.000730812840345485,0.0006381334894794422,0.0,0.0,0.0,0,0,1,1.0
crossover_11_05_02_fps30.mp4,1177,0.11525796353816986,-0.15619889977624862,0.1270289547559692,0.04552130401134491,-0.0026260316371917725,0.9806033968925476,-0.09236015379428864,-0.010167032480239868,0.9524645209312439,-0.0031362324953079224,0.05925819277763367,-0.5170299410820007,0.9754703640937805,-0.1385374516248703,0.07159903645515442,-0.5129533410072327,0.9163452386856079,0.14123015105724335,0.24062994122505188,0.9641713500022888,-0.12121923267841339,0.23767563700675964,0.8907871842384338,0.16739491119589078,0.0581756185496882,-0.03666415287227165,-0.00603300388586725,0.0,0.0,0.0,0,0,1,1.0
crossover_11_05_02_fps30.mp4,1178,0.11533275246620178,-0.15827364982184716,0.10584832313584114,0.0432853102684021,0.0005013942718505859,0.9813769459724426,-0.09743744134902954,-0.013590455055236816,0.954494297504425,-0.006110429763793945,0.06272387504577637,-0.5174984335899353,0.9771031737327576,-0.15054088830947876,0.06031191349029541,-0.5152878165245056,0.9228856563568115,0.14150512218475342,0.24278175830841064,0.9670274257659912,-0.1209380030632019,0.23960769176483154,0.897961437702179,0.15815613665459907,0.04618831241790628,-0.021180631620128065,-0.002074750045598539,0.0,0.0,0.0,0,0,1,1.0
crossover_11_05_02_fps30.mp4,1179,0.116617351770401,-0.1554006076970343,0.08887307600277228,0.04096643626689911,0.0031526386737823486,0.9814088940620422,-0.09976650774478912,-0.020792335271835327,0.9541496634483337,-0.01286114752292633,0.06936624646186829,-0.5234549641609192,0.9780082106590271,-0.15270046889781952,0.04000243544578552,-0.5195004343986511,0.9266364574432373,0.14135001599788666,0.2433718740940094,0.9691805839538574,-0.12093348801136017,0.23978689312934875,0.9036682844161987,0.14386804407325482,0.048945176044072246,-0.01697524713306886,0.0028730421248128746,0.0,0.0,0.0,0,0,1,1.0
crossover_11_05_02_fps30.mp4,1180,0.11722655594348907,-0.14954348312596144,0.08015775069957831,0.0392942875623703,0.004419982433319092,0.9806286692619324,-0.09970541298389435,-0.024757206439971924,0.9461401104927063,-0.013372257351875305,0.07398468255996704,-0.5286461114883423,0.9780393242835999,-0.14814211428165436,0.02887439727783203,-0.5156081914901733,0.9179931282997131,0.14056311547756195,0.2432817816734314,0.970207929611206,-0.12142468988895416,0.23995178937911987,0.9060815572738647,0.13631107621566718,0.05130249675032912,-0.008715325303193966,0.005857124571072847,0.0,0.0,0.0,0,0,1,1.0
crossover_11_05_02_fps30.mp4,1181,0.11727511882781982,-0.1500253365201465,0.08025251597892946,0.038267940282821655,0.005082607269287109,0.9791161417961121,-0.1001252830028534,-0.024930059909820557,0.9360415935516357,-0.014668017625808716,0.07707077264785767,-0.5349920392036438,0.9773873090744019,-0.1479957103729248,0.027737081050872803,-0.5135276913642883,0.9058996438980103,0.13999351859092712,0.2431497573852539,0.9706207513809204,-0.12188878655433655,0.23995596170425415,0.9063541293144226,0.13539470916135632,0.052554640974707835,9.476527935114998e-05,-0.00048185339418505,0.0,0.0,0.0,0,0,1,1.0
crossover_11_05_02_fps30.mp4,1182,0.11717741191387177,-0.13948161708096324,0.07953694462776184,0.03928716480731964,0.004822820425033569,0.9772685170173645,-0.09872524440288544,-0.02425965666770935,0.9124069809913635,-0.012317225337028503,0.08271035552024841,-0.5353391766548157,0.9760006666183472,-0.14376021921634674,0.028163403272628784,-0.5145832300186157,0.8730588555335999,0.13980920612812042,0.24280229210853577,0.9689042568206787,-0.12205623090267181,0.23985883593559265,0.901850700378418,0.1272039821086488,0.051551403352386775,-0.0007155713511676209,0.010543719439183252,0.0,0.0,0.0,0,0,1,1.0
crossover_11_05_02_fps30.mp4,1183,0.11817590892314911,-0.12313994835999054,0.08758134071419876,0.03806912899017334,0.003478497266769409,0.974217414855957,-0.0871381163597107,-0.02304854989051819,0.8806188106536865,-0.0031154751777648926,0.08338269591331482,-0.5265935063362122,0.9721183776855469,-0.1304599642753601,0.03413000702857971,-0.49855688214302063,0.8277990818023682,0.1383022665977478,0.24127182364463806,0.9673722982406616,-0.12357372045516968,0.23888465762138367,0.9001886248588562,0.12009788832795851,0.05395023360257727,0.008044396086436922,0.016341668720972702,0.0,0.0,0.0,0,0,1,1.0
crossover_11_05_02_fps30.mp4,1184,0.12937818467617035,-0.09946504689879337,0.10441529896201152,0.04101145267486572,-0.008690595626831055,0.9728242754936218,-0.07428428530693054,-0.029783010482788086,0.873778760433197,0.00628286600112915,0.07612544298171997,-0.5262073874473572,0.9688320755958557,-0.10027015209197998,0.05459696054458618,-0.4707055985927582,0.8025901913642883,0.13570523262023926,0.2304096221923828,0.9620277285575867,-0.12642759084701538,0.22845131158828735,0.8926019668579102,0.10946660236837187,0.04982484357271193,0.016833958247812753,0.023674901461197162,0.0,0.0,0.0,0,0,1,1.0
crossover_11_05_02_fps30.mp4,1185,0.13070432841777802,-0.06075079420865592,0.1529796659946442,0.04756993055343628,-0.014965444803237915,0.9724772572517395,-0.06422096490859985,-0.025899678468704224,0.8797667622566223,0.021974146366119385,0.08071485161781311,-0.47496405243873596,0.9664374589920044,-0.06763163208961487,0.07301303744316101,-0.46794393658638,0.7975085973739624,0.13013577461242676,0.23140254616737366,0.9611544013023376,-0.13219445943832397,0.230370432138443,0.8978031277656555,0.10984361242247069,0.08026211816190078,0.04856436703263267,0.03871425269013745,0.0,0.0,0.0,0,0,0,1.0
crossover_11_05_02_fps30.mp4,1186,0.1303890347480774,-0.061978198613150626,0.15363697177026325,0.04874876141548157,-0.015152543783187866,0.9720025658607483,-0.06415688991546631,-0.02349373698234558,0.8837457299232483,0.023175746202468872,0.08375909924507141,-0.45847639441490173,0.9645394086837769,-0.06585356593132019,0.07219329476356506,-0.4731574058532715,0.7901923060417175,0.1289885938167572,0.23206403851509094,0.9607454538345337,-0.13341078162193298,0.23136010766029358,0.9026310443878174,0.11015494263222386,0.08153582645820251,0.0006573057756190659,-0.001227404404494703,0.0,0.0,0.0,1,0,0,1.0
crossover_11_05_02_fps30.mp4,1187,0.13165567815303802,-0.003437586760116851,0.2219202455950946,0.056145310401916504,-0.015506535768508911,0.9727769494056702,-0.057910263538360596,-0.022950798273086548,0.8946362137794495,0.037976861000061035,0.09252974390983582,-0.46864035725593567,0.9642606377601624,-0.0461597740650177,0.07773599028587341,-0.5031854510307312,0.8083781003952026,0.1267722249031067,0.23260995745658875,0.9592427015304565,-0.13508424162864685,0.23160865902900696,0.9096825122833252,0.1358567569524735,0.15038046670758043,0.06828327382483135,0.058540611853033775,0.0,0.0,0.0,1,1,0,1.0
crossover_11_05_02_fps30.mp4,1188,0.1309526264667511,0.04707527655666155,0.25825427029190995,0.06696859002113342,-0.025047093629837036,0.9607450366020203,-0.04778560996055603,-0.015314191579818726,0.9047576785087585,0.06256493926048279,0.0831587016582489,-0.47154200077056885,0.9242620468139648,-0.02043166756629944,0.09006854891777039,-0.5216621160507202,0.8262813687324524,0.12486055493354797,0.2338314950466156,0.9506053328514099,-0.13680627942085266,0.2324860394001007,0.9124241471290588,0.17577937252653753,0.18122810041205056,0.03633402469681535,0.0505128633167784,0.0,0.0,0.0,1,1,0,1.0
crossover_11_05_02_fps30.mp4,1189,0.12634648382663727,0.08196885767629591,0.21014108149016775,0.0808059573173523,-0.019258111715316772,0.9577131867408752,-0.04244065284729004,-0.00016519427299499512,0.9139097929000854,0.0900726318359375,0.08795240521430969,-0.4789266288280487,0.9084026217460632,-0.0022248029708862305,0.10322198271751404,-0.5231164693832397,0.842829167842865,0.11779320240020752,0.23515388369560242,0.9119875431060791,-0.14177092909812927,0.23761871457099915,0.8987045884132385,0.12245710990251613,0.13608918463834424,-0.0481131888017422,0.034893581119634365,0.0,0.0,0.0,1,1,0,1.0
crossover_11_05_02_fps30.mp4,1190,0.12490379810333252,0.11832755743446999,0.16224291150162862,0.09384053945541382,-0.018131494522094727,0.9524180293083191,-0.03325033187866211,0.008001267910003662,0.9222145080566406,0.11830681562423706,0.08398884534835815,-0.46988949179649353,0.8925077319145203,0.01390749216079712,0.10556715726852417,-0.5246610641479492,0.8581277132034302,0.11809808015823364,0.236419677734375,0.8942191004753113,-0.14258325099945068,0.23870396614074707,0.8985643982887268,0.07825406890215436,0.11880947415778491,-0.04789816998853913,0.03635869975817407,0.0,0.0,0.0,0,0,1,1.0
crossover_11_05_02_fps30.mp4,1191,0.12438447773456573,0.11752898086935792,0.1621449316420206,0.09324830770492554,-0.01957792043685913,0.952195405960083,-0.03321075439453125,0.009459614753723145,0.929818332195282,0.11751514673233032,0.0768628716468811,-0.44247016310691833,0.890039324760437,0.011819660663604736,0.10406064987182617,-0.5228836536407471,0.8720999360084534,0.11769306659698486,0.23652809858322144,0.89560866355896,-0.14315593242645264,0.2389279007911682,0.9065791964530945,0.08528206111720049,0.1206161024371199,-9.797985960802169e-05,-0.0007985765651120635,0.0,0.0,0.0,0,0,1,1.0
crossover_11_05_02_fps30.mp4,1192,0.12280841171741486,0.14785541962769067,0.1277051041765911,0.1039690375328064,-0.019680142402648926,0.9489220976829529,-0.03174620866775513,0.01419079303741455,0.9364385008811951,0.14694350957870483,0.06553739309310913,-0.5049237012863159,0.8750805854797363,0.01936095952987671,0.10150879621505737,-0.556572437286377,0.8841601014137268,0.11747127771377563,0.23867815732955933,0.8906709551811218,-0.14456453919410706,0.2403271198272705,0.9125620126724243,0.06217439892187721,0.13113761026739895,-0.03443982746542951,0.03032643875833274,0.0,0.0,0.0,0,0,1,1.0
crossover_11_05_02_fps30.mp4,1193,0.12196286022663116,0.15963559898279478,0.1065438715423026,0.11507385969161987,-0.027262747287750244,0.9498841762542725,-0.03176778554916382,0.015986621379852295,0.9423778653144836,0.16578161716461182,0.044392168521881104,-0.48265308141708374,0.8759927153587341,0.020285844802856445,0.0984920859336853,-0.5393111109733582,0.8952090740203857,0.11782604455947876,0.23908638954162598,0.8890618085861206,-0.1441371738910675,0.24045825004577637,0.919280469417572,0.062454845511216314,0.13958218095980726,-0.021161232634288485,0.011780179355104115,0.0,0.0,0.0,0,0,1,1.0
crossover_11_05_02_fps30.mp4,1194,0.12166295945644379,0.1593965943587028,0.09599031079106213,0.11732080578804016,-0.03286370635032654,0.951715350151062,-0.033385783433914185,0.01570245623588562,0.9477795958518982,0.1680072844028473,0.03797408938407898,-0.48208609223365784,0.8818849325180054,0.016682595014572144,0.09710189700126648,-0.5436909198760986,0.9052507281303406,0.1187652051448822,0.2394973337650299,0.8904945850372314,-0.1433131992816925,0.24053463339805603,0.9259915947914124,0.058651734240177576,0.14271832829983414,-0.010553560751240476,-0.00023900462409198742,0.0,0.0,0.0,0,0,1,1.0
crossover_11_05_02_fps30.mp4,1195,0.12194111943244934,0.14672005964537793,0.10047942545355815,0.10998839139938354,-0.03281378746032715,0.94761061668396,-0.0367397665977478,0.01382291316986084,0.9527217745780945,0.15177905559539795,0.03677999973297119,-0.4524693489074707,0.8711909055709839,0.011945068836212158,0.09608197212219238,-0.5413972735404968,0.9144948124885559,0.12001693248748779,0.2403358817100525,0.8938103914260864,-0.14245310425758362,0.24033021926879883,0.9323012828826904,0.06390000216866111,0.13484671202299395,0.004489114662496019,-0.01267653471332486,0.0,0.0,0.0,0,0,1,1.0
crossover_11_05_02_fps30.mp4,1196,0.12189191579818726,0.1471807976900521,0.10046781446875597,0.10958671569824219,-0.032168030738830566,0.946556031703949,-0.03782153129577637,0.0127791166305542,0.9572275876998901,0.15111511945724487,0.03733950853347778,-0.43227553367614746,0.8687215447425842,0.010968923568725586,0.09534776210784912,-0.539158284664154,0.9228796362876892,0.12079709768295288,0.24071431159973145,0.899698793888092,-0.14199769496917725,0.2402629852294922,0.9383065700531006,0.06325078575026467,0.1363080686820209,-1.161098480217948e-05,0.00046073804467416934,0.0,0.0,0.0,0,0,1,1.0
crossover_11_05_02_fps30.mp4,1197,0.12130795419216156,0.11434938917725768,0.12801017368712075,0.10511568188667297,-0.029553920030593872,0.9434036612510681,-0.03915753960609436,0.012797802686691284,0.9614160060882568,0.13987204432487488,0.04357728362083435,-0.3344886004924774,0.8701837062835693,0.004075556993484497,0.09560933709144592,-0.5020895004272461,0.9305479526519775,0.12110427021980286,0.24174651503562927,0.9077773094177246,-0.14176523685455322,0.24116024374961853,0.9441589713096619,0.0882061157218126,0.11493533954617523,0.027542359218364787,-0.032831408512794424,0.0,0.0,0.0,0,0,1,1.0
crossover_11_05_02_fps30.mp4,1198,0.12047535181045532,0.06252540804572027,0.17788325751700051,0.08731356263160706,-0.023276329040527344,0.9468516707420349,-0.04564395546913147,0.008481085300445557,0.9651505947113037,0.08512219786643982,0.08045083284378052,-0.3502904772758484,0.8795195817947388,-0.010385662317276001,0.09667563438415527,-0.5090947151184082,0.9373873472213745,0.12220922112464905,0.24473267793655396,0.9149251580238342,-0.14090117812156677,0.2427031397819519,0.9492090940475464,0.1000184597357131,0.10913616374219874,0.04987308382987976,-0.05182398113153741,0.0,0.0,0.0,1,0,0,1.0
crossover_11_05_02_fps30.mp4,1199,0.12342150509357452,0.005296696141614765,0.23358028923592922,0.06791004538536072,-0.01876157522201538,0.9520055055618286,-0.05147320032119751,0.003794372081756592,0.9685274362564087,0.053589075803756714,0.08569192886352539,-0.3564724624156952,0.8914356231689453,-0.03303566575050354,0.10114395618438721,-0.5141310095787048,0.9434906244277954,0.12440475821495056,0.24482488632202148,0.9211225509643555,-0.13998061418533325,0.2407364845275879,0.9534362554550171,0.15557352302712193,0.13787223172331434,0.0556970317189287,-0.0572287119041055,0.0,0.0,0.0,1,0,0,1.0
crossover_11_05_02_fps30.mp4,1200,0.1239059567451477,-0.05261940087302258,0.26264424992770685,0.05567413568496704,-0.002585470676422119,0.9564613103866577,-0.05647966265678406,-0.006582856178283691,0.9705917239189148,0.025718629360198975,0.10414808988571167,-0.4694976210594177,0.9018640518188477,-0.06032493710517883,0.08829563856124878,-0.4922875463962555,0.9467974305152893,0.12979567050933838,0.24437469244003296,0.9268413782119751,-0.1350899636745453,0.24035614728927612,0.9567601084709167,0.17679898113077147,0.17451880578905332,0.029063960691777635,-0.05791609701463735,0.0,0.0,0.0,1,0,0,1.0
crossover_11_05_02_fps30.mp4,1201,0.1226409524679184,-0.05193823363821387,0.2632157255963581,0.053976207971572876,-0.0005217194557189941,0.9605703353881836,-0.05837413668632507,-0.007297873497009277,0.9724346995353699,0.026521354913711548,0.10521340370178223,-0.4626871347427368,0.9114659428596497,-0.06104457378387451,0.0875096321105957,-0.4582739770412445,0.9491156935691833,0.13044551014900208,0.24494105577468872,0.933341383934021,-0.13440492749214172,0.24100732803344727,0.9604841470718384,0.17641043268416579,0.17594191291126723,0.0005714756686512334,0.0006811672348087106,0.0,0.0,0.0,1,1,0,1.0
crossover_11_05_02_fps30.mp4,1202,0.12517216801643372,-0.09812836727853547,0.19815108063744336,0.0445365309715271,-0.0017918646335601807,0.9631125926971436,-0.06743839383125305,-0.011534005403518677,0.9618019461631775,0.008140504360198975,0.10667893290519714,-0.48613494634628296,0.9177784323692322,-0.08203169703483582,0.09478256106376648,-0.47812965512275696,0.9060994982719421,0.134039044380188,0.240011066198349,0.9382287859916687,-0.13073807954788208,0.235691100358963,0.9595236778259277,0.1402149310527224,0.1046143089246783,-0.06506464495891473,-0.046190133640321596,0.0,0.0,0.0,0,0,0,1.0
crossover_11_05_02_fps30.mp4,1203,0.12446551024913788,-0.13025598738153105,0.15614884830102693,0.04142460227012634,0.0009528994560241699,0.9627854228019714,-0.07999813556671143,-0.013150990009307861,0.9466128945350647,-0.0033116042613983154,0.10475730895996094,-0.5158418416976929,0.9188200235366821,-0.11514371633529663,0.09261727333068848,-0.4821193516254425,0.8631450533866882,0.1369667947292328,0.2374013066291809,0.9415239691734314,-0.12760862708091736,0.23165202140808105,0.9505724310874939,0.13695242502999125,0.06530422462893645,-0.04200223233641642,-0.03212762010299558,0.0,0.0,0.0,0,0,1,1.0
crossover_11_05_02_fps30.mp4,1204,0.1194414496421814,-0.15016640141858895,0.1291926850632923,0.03987962007522583,0.006480664014816284,0.9656341671943665,-0.09145757555961609,-0.017928630113601685,0.9476822018623352,-0.009637415409088135,0.10495999455451965,-0.5504487752914429,0.9259461164474487,-0.1362840235233307,0.06523248553276062,-0.5207874178886414,0.868276059627533,0.13749486207962036,0.23997285962104797,0.9463359117507935,-0.12665820121765137,0.23501089215278625,0.9511695504188538,0.14260301258442065,0.0654494273467093,-0.026956163237734643,-0.0199104140370579,0.0,0.0,0.0,0,0,1,1.0
crossover_11_05_02_fps30.mp4,1205,0.11837160587310791,-0.15806232508966478,0.1086069855748153,0.03851872682571411,0.01210126280784607,0.9681399464607239,-0.09928527474403381,-0.026307255029678345,0.9445882439613342,-0.011157691478729248,0.10555365681648254,-0.5218935608863831,0.9324988722801208,-0.14873507618904114,0.04607120156288147,-0.4961085021495819,0.8684106469154358,0.13802635669708252,0.24066993594169617,0.9504233002662659,-0.12662535905838013,0.2357308566570282,0.9517179131507874,0.14693636103044636,0.06322754031307419,-0.020585699488476994,-0.007895923671075833,0.0,0.0,0.0,0,0,1,1.0
crossover_11_05_02_fps30.mp4,1206,0.11805902421474457,-0.15710486527216638,0.10883941446862566,0.03853169083595276,0.012893080711364746,0.9702661037445068,-0.09876558184623718,-0.02944016456604004,0.9427140951156616,-0.011070579290390015,0.10631686449050903,-0.5161015391349792,0.9384599924087524,-0.14938783645629883,0.044890761375427246,-0.48335379362106323,0.8718908429145813,0.13865932822227478,0.2408367395401001,0.9539299011230469,-0.12594544887542725,0.23611348867416382,0.9518018364906311,0.14605607122129274,0.06441259788410311,0.0002324288938103658,0.0009574598174983961,0.0,0.0,0.0,0,0,1,1.0
crossover_11_05_02_fps30.mp4,1207,0.11858153343200684,-0.1526536096960811,0.09941800992663319,0.03840208053588867,0.013488918542861938,0.9726784229278564,-0.09751352667808533,-0.028951555490493774,0.9428390264511108,-0.00843125581741333,0.10751596093177795,-0.5173301100730896,0.9442945718765259,-0.1470600962638855,0.03613123297691345,-0.45948973298072815,0.8794406056404114,0.1377049684524536,0.24023935198783875,0.95763099193573,-0.1262977421283722,0.23635688424110413,0.9544730186462402,0.1444495211788028,0.06353348352797704,-0.009421404541992473,0.004451255576085278,0.0,0.0,0.0,0,0,1,1.0
crossover_11_05_02_fps30.mp4,1208,0.1191030740737915,-0.1355457683741036,0.10952333880633847,0.03903466463088989,0.01285773515701294,0.9741361737251282,-0.08878260850906372,-0.027057349681854248,0.9308629631996155,-0.0022737979888916016,0.10953575372695923,-0.539655864238739,0.9485612511634827,-0.1336284875869751,0.04737323522567749,-0.46845418214797974,0.8651106953620911,0.1368376612663269,0.2404099702835083,0.9600039124488831,-0.12722066044807434,0.2365148663520813,0.9533005356788635,0.13327197096346657,0.06217966983430823,0.010105328879705278,0.017107841321977513,0.0,0.0,0.0,0,0,1,1.0
crossover_11_05_02_fps30.mp4,1209,0.1237049549818039,-0.09691144157264192,0.14135293306373964,0.0422920286655426,0.008522957563400269,0.9732128977775574,-0.084371417760849,-0.026879817247390747,0.9299730062484741,0.005685716867446899,0.10769882798194885,-0.5226126909255981,0.9476134181022644,-0.10436689853668213,0.08357992768287659,-0.47373202443122864,0.8586188554763794,0.1363312304019928,0.23759129643440247,0.958946943283081,-0.12767785787582397,0.23371204733848572,0.94646817445755,0.10797581075795128,0.058252072832474265,0.03182959425740117,0.03863432680146167,0.0,0.0,0.0,0,0,1,1.0
crossover_11_05_02_fps30.mp4,1210,0.12291541695594788,-0.034178597947298495,0.20161386859126207,0.045616477727890015,0.007115036249160767,0.9743301272392273,-0.06788778305053711,-0.022345274686813354,0.9353352189064026,0.02406260371208191,0.11115327477455139,-0.4938078224658966,0.950684130191803,-0.06529790163040161,0.08193466067314148,-0.47638100385665894,0.8691036701202393,0.1351216733455658,0.24121913313865662,0.9601032137870789,-0.12873831391334534,0.23730620741844177,0.9476364254951477,0.10758790175665908,0.12365890129557974,0.06026093552752243,0.06273284362534343,0.0,0.0,0.0,1,0,0,1.0
crossover_11_05_02_fps30.mp4,1211,0.1228574812412262,-0.03472344754105905,0.20286974456252116,0.0468447208404541,0.007370322942733765,0.9754747748374939,-0.0642055869102478,-0.02047380805015564,0.9399041533470154,0.028152883052825928,0.112824946641922,-0.49329254031181335,0.9535576701164246,-0.06131857633590698,0.08069410920143127,-0.474960595369339,0.8778653144836426,0.1345808506011963,0.24250051379203796,0.961899995803833,-0.12920179963111877,0.23855790495872498,0.9493263959884644,0.10982485411560106,0.12503674160621966,0.0012558759712590906,-0.0005448495937605546,0.0,0.0,0.0,1,1,0,1.0
crossover_11_05_02_fps30.mp4,1212,0.12678594887256622,0.02998900171053609,0.27003226062146624,0.059965670108795166,-0.00836893916130066,0.9771225452423096,-0.05367499589920044,-0.01991155743598938,0.9457617402076721,0.0516437292098999,0.09982284903526306,-0.46475309133529663,0.9570222496986389,-0.03543245792388916,0.09422889351844788,-0.5222294330596924,0.8895842432975769,0.13152927160263062,0.240174800157547,0.9632400274276733,-0.13186010718345642,0.23611024022102356,0.9529836177825928,0.17158138306819076,0.18758142569416988,0.06716251605894508,0.06471244925159514,0.0,0.0,0.0,1,1,0,1.0
crossover_11_05_02_fps30.mp4,1213,0.12625384330749512,0.06870842970023716,0.22520814799680944,0.07167553901672363,-0.015787452459335327,0.9668203592300415,-0.044829994440078735,-0.008051484823226929,0.9508423805236816,0.07182890176773071,0.08627614378929138,-0.4699362516403198,0.9185965061187744,-0.015587925910949707,0.09872528910636902,-0.5218604207038879,0.8993294835090637,0.1279510259628296,0.2399754822254181,0.9549590945243835,-0.13616237044334412,0.23708513379096985,0.9521417021751404,0.13896704335576052,0.15199930645376886,-0.0448241126246568,0.03871942798970107,0.0,0.0,0.0,1,1,0,1.0
crossover_11_05_02_fps30.mp4,1214,0.12190069258213043,0.10346326888617818,0.1807326263043939,0.08237707614898682,-0.01045951247215271,0.9643954038619995,-0.042023658752441406,0.0043360888957977295,0.9552289843559265,0.09716999530792236,0.09862032532691956,-0.5026898384094238,0.9068491458892822,-7.325410842895508e-05,0.10772004723548889,-0.5345710515975952,0.9079412817955017,0.12095886468887329,0.24125412106513977,0.9019836187362671,-0.1420089602470398,0.24095043540000916,0.9238990545272827,0.08235311326322829,0.1266911531880025,-0.04447552169241553,0.03475483918594102,0.0,0.0,0.0,0,0,1,1.0
crossover_11_05_02_fps30.mp4,1215,0.11896446347236633,0.1331686594728696,0.14576836722653086,0.09438714385032654,-0.015966325998306274,0.9533942937850952,-0.03635552525520325,0.013026565313339233,0.9594132900238037,0.12803032994270325,0.069822758436203,-0.49071159958839417,0.8690674304962158,0.01282396912574768,0.10964146256446838,-0.5494786500930786,0.9166597723960876,0.11912861466407776,0.24253132939338684,0.8891870379447937,-0.14377224445343018,0.24202314019203186,0.923201322555542,0.07611923492057775,0.12565029938367203,-0.03496425907786305,0.029705390586691416,0.0,0.0,0.0,0,0,1,1.0
crossover_11_05_02_fps30.mp4,1216,0.1190093457698822,0.1330045539443776,0.14546383735610213,0.09392818808555603,-0.01997452974319458,0.9403629899024963,-0.03573998808860779,0.014927983283996582,0.9632505774497986,0.12446877360343933,0.06037622690200806,-0.4780242443084717,0.8406762480735779,0.013266712427139282,0.10832107067108154,-0.5613755583763123,0.9246431589126587,0.1197907030582428,0.24226528406143188,0.8884196877479553,-0.14398521184921265,0.24214786291122437,0.9273857474327087,0.08551468294285144,0.12536640621883183,-0.0003045298704287269,-0.0001641055284919979,0.0,0.0,0.0,0,0,1,1.0
crossover_11_05_02_fps30.mp4,1217,0.11928097903728485,0.15496436509035405,0.121442331918856,0.11161771416664124,-0.02144467830657959,0.940493643283844,-0.03380224108695984,0.016449391841888428,0.9664825797080994,0.16230657696723938,0.05915868282318115,-0.5367609262466431,0.8356592655181885,0.016781359910964966,0.10416454076766968,-0.5686101317405701,0.9313842058181763,0.12017151713371277,0.24134743213653564,0.8782927393913269,-0.14453038573265076,0.24119234085083008,0.9276794791221619,0.06271491863917417,0.1392589853024611,-0.024021505437246127,0.02195981114597645,0.0,0.0,0.0,0,0,1,1.0
crossover_11_05_02_fps30.mp4,1218,0.1202002465724945,0.1639657567113133,0.10503608860620639,0.116373211145401,-0.029218673706054688,0.9441186785697937,-0.03419533371925354,0.016378045082092285,0.9695968627929688,0.16953089833259583,0.03899317979812622,-0.5210307836532593,0.8458325266838074,0.016236037015914917,0.10016524791717529,-0.559309184551239,0.9379382133483887,0.12040373682975769,0.24112069606781006,0.884888231754303,-0.14422863721847534,0.23944413661956787,0.9338846802711487,0.06627696888887816,0.14780999685508048,-0.016406243312649615,0.009001391620959254,0.0,0.0,0.0,0,0,1,1.0
crossover_11_05_02_fps30.mp4,1219,0.12103469669818878,0.15929164189403344,0.1000072073645708,0.11397990584373474,-0.031527966260910034,0.9469995498657227,-0.03573903441429138,0.017143040895462036,0.9724424481391907,0.1638745367527008,0.03588190674781799,-0.4765264391899109,0.8545555472373962,0.013031989336013794,0.09830126166343689,-0.5489313006401062,0.9439762234687805,0.12112346291542053,0.23970982432365417,0.8925482630729675,-0.14330115914344788,0.23875746130943298,0.9399439096450806,0.06428885676751857,0.14626960113819906,-0.0050288812416355855,-0.004674114817279862,0.0,0.0,0.0,0,0,1,1.0
crossover_11_05_02_fps30.mp4,1220,0.12087371945381165,0.13884892463684084,0.11495728827104335,0.1030760407447815,-0.03045937418937683,0.946786105632782,-0.039349377155303955,0.014961391687393188,0.9750785827636719,0.1343315839767456,0.037735968828201294,-0.40716901421546936,0.8586054444313049,0.0062986016273498535,0.098661869764328,-0.5291194319725037,0.9495101571083069,0.12161195278167725,0.23961064219474792,0.8998208045959473,-0.1428288221359253,0.2393096387386322,0.9454387426376343,0.07735333569493177,0.1335482264735455,0.01495008090647254,-0.0204427172571926,0.0,0.0,0.0,0,0,1,1.0
crossover_11_05_02_fps30.mp4,1221,0.12073035538196564,0.1391225501642389,0.11537490530711847,0.09991514682769775,-0.030993640422821045,0.9435818195343018,-0.04082798957824707,0.013751983642578125,0.9774599075317383,0.12728780508041382,0.03587394952774048,-0.4161781072616577,0.8609527349472046,0.00513535737991333,0.09855955839157104,-0.5321354866027832,0.9544903635978699,0.12184876203536987,0.2399892807006836,0.9060904383659363,-0.14264050126075745,0.23974794149398804,0.9503605365753174,0.08037700641995656,0.1350382305945773,0.0004176170360751241,0.0002736255273980692,0.0,0.0,0.0,0,0,1,1.0
crossover_11_05_02_fps30.mp4,1222,0.1214171051979065,0.1014277924925594,0.1495610968368809,0.08925849199295044,-0.029362648725509644,0.9307136535644531,-0.04144984483718872,0.011379271745681763,0.9795023798942566,0.10475552082061768,0.03864279389381409,-0.4219941794872284,0.8299477696418762,0.0021134614944458008,0.09767821431159973,-0.5251924991607666,0.9588693380355835,0.12331384420394897,0.24146577715873718,0.9128756523132324,-0.14163261651992798,0.23954203724861145,0.9545457363128662,0.1109682103288834,0.11204985426467538,0.03418619152976243,-0.03769475767167951,0.0,0.0,0.0,0,0,1,1.0
crossover_11_05_02_fps30.mp4,1223,0.12125653028488159,0.03491915807885637,0.2135717439942244,0.07677268981933594,-0.02414795756340027,0.9363417029380798,-0.04732343554496765,0.006093412637710571,0.9814208149909973,0.06677240133285522,0.06652817130088806,-0.43847158551216125,0.8448383212089539,-0.01819300651550293,0.0988897979259491,-0.5132608413696289,0.9628037214279175,0.1252688765525818,0.24305382370948792,0.9197997450828552,-0.1400328278541565,0.2406451404094696,0.9586465954780579,0.15045411717935442,0.1263837441362817,0.0640106471573435,-0.06650863441370303,0.0,0.0,0.0,1,0,0,1.0
crossover_11_05_02_fps30.mp4,1224,0.12167392671108246,-0.031478626041089086,0.27668422722234953,0.062217652797698975,-0.013414442539215088,0.942354142665863,-0.052022337913513184,-0.0016960501670837402,0.98289555311203,0.040959835052490234,0.09321099519729614,-0.4547555148601532,0.8599429130554199,-0.04617026448249817,0.08445316553115845,-0.48986613750457764,0.9661332964897156,0.12914162874221802,0.244404137134552,0.925464391708374,-0.13615402579307556,0.2419009804725647,0.9614893794059753,0.19725556396544328,0.19279166299146755,0.06311248322812513,-0.06639778411994546,0.0,0.0,0.0,1,1,0,1.0
crossover_11_05_02_fps30.mp4,1225,0.12257350981235504,-0.07483971048209626,0.2260705216628749,0.05052909255027771,-0.001405566930770874,0.9475820064544678,-0.061417192220687866,-0.006111413240432739,0.9766863584518433,0.019021302461624146,0.10811367630958557,-0.4637221097946167,0.873187243938446,-0.0669386088848114,0.08408716320991516,-0.49107626080513,0.9484424591064453,0.13450434803962708,0.2430020272731781,0.931540846824646,-0.1308509111404419,0.24041244387626648,0.9637420773506165,0.15074384603200577,0.14220302909583982,-0.05061370555947464,-0.04336108444100717,0.0,0.0,0.0,1,0,0,1.0
crossover_11_05_02_fps30.mp4,1226,0.12248782813549042,-0.0747642997967995,0.22610169401982938,0.049436330795288086,-0.0032348334789276123,0.9522697925567627,-0.06381982564926147,-0.007489055395126343,0.9773454070091248,0.019161701202392578,0.10551026463508606,-0.46328920125961304,0.8850976824760437,-0.0685892403125763,0.08496072888374329,-0.48038992285728455,0.9483879208564758,0.13460350036621094,0.24324879050254822,0.9375441074371338,-0.13167127966880798,0.23967286944389343,0.9660056233406067,0.15285413473228576,0.141275983094012,3.117235695448972e-05,7.541068529676176e-05,0.0,0.0,0.0,0,0,0,1.0
crossover_11_05_02_fps30.mp4,1227,0.11934323608875275,-0.11548072574502333,0.17975500313247117,0.04154899716377258,0.0058584511280059814,0.9532419443130493,-0.079535573720932,-0.0021239817142486572,0.9734200835227966,0.0022444427013397217,0.11372998356819153,-0.4992436170578003,0.8896405696868896,-0.10669100284576416,0.11253383755683899,-0.4901115894317627,0.9349358677864075,0.13718989491462708,0.24264642596244812,0.9394449591636658,-0.13025254011154175,0.2375495731830597,0.9521486163139343,0.13497599228821422,0.06779339444217496,-0.04634669088735821,-0.04071642594822383,0.0,0.0,0.0,0,0,1,1.0
crossover_11_05_02_fps30.mp4,1228,0.11440867185592651,-0.14530850386215466,0.1494957239162631,0.03805422782897949,0.011588364839553833,0.9568747282028198,-0.09502008557319641,-0.0066412389278411865,0.970029354095459,-0.007381319999694824,0.11600825190544128,-0.5525370240211487,0.8993693590164185,-0.13789987564086914,0.09283855557441711,-0.5435863137245178,0.9277631640434265,0.1383119821548462,0.2460092008113861,0.9444725513458252,-0.12892663478851318,0.24062684178352356,0.9521089792251587,0.14193420598962175,0.05713950031840935,-0.03025927921620808,-0.02982777811713133,0.0,0.0,0.0,0,0,1,1.0
crossover_11_05_02_fps30.mp4,1229,0.11360271275043488,-0.16531245289212565,0.12558388971700896,0.03828383982181549,0.014840424060821533,0.9605136513710022,-0.10891260206699371,-0.016816139221191406,0.9683459997177124,-0.01024608314037323,0.1142420768737793,-0.5244348049163818,0.9088597893714905,-0.15745384991168976,0.058814048767089844,-0.5344002842903137,0.9258612990379333,0.14004625380039215,0.2458200454711914,0.9494943618774414,-0.1274271160364151,0.24021828174591064,0.9552830457687378,0.15548059604515943,0.06723071694755017,-0.023911834199254134,-0.02000394902997099,0.0,0.0,0.0,0,0,1,1.0
crossover_11_05_02_fps30.mp4,1230,0.11276784539222717,-0.17665652814557997,0.10904165477287475,0.036529988050460815,0.019709765911102295,0.963965892791748,-0.11398670077323914,-0.021027028560638428,0.9681505560874939,-0.009885400533676147,0.1156969666481018,-0.5298417806625366,0.917698860168457,-0.17144659161567688,0.04698455333709717,-0.5110622048377991,0.9292126297950745,0.14003148674964905,0.2456604242324829,0.9539171457290649,-0.12652668356895447,0.24027037620544434,0.9576166868209839,0.16690387107884122,0.06227541470962684,-0.016542234944134204,-0.011344075253454322,0.0,0.0,0.0,0,0,1,1.0
crossover_11_05_02_fps30.mp4,1231,0.1106051355600357,-0.1761941898677309,0.11004993857406986,0.037456005811691284,0.02118861675262451,0.9663333892822266,-0.11359459161758423,-0.022036850452423096,0.9605607986450195,-0.008856385946273804,0.11718076467514038,-0.5412525534629822,0.9249140024185181,-0.17137828469276428,0.047762274742126465,-0.5280378460884094,0.9144086837768555,0.14045384526252747,0.24668800830841064,0.9569843411445618,-0.12614667415618896,0.24135643243789673,0.9552075862884521,0.16748966924004516,0.062473562474821775,0.001008283801195109,0.00046233827784908366,0.0,0.0,0.0,0,0,1,1.0
