Video_ID,Frame_ID,Norm_Torso_Height,Rel_Ball_X,Rel_Ball_Y,Rel_LeftElbow_X,Rel_LeftElbow_Y,LeftElbow_Vis,Rel_RightElbow_X,Rel_RightElbow_Y,RightElbow_Vis,Rel_LeftWrist_X,Rel_LeftWrist_Y,LeftWrist_Vis,Rel_RightWrist_X,Rel_RightWrist_Y,RightWrist_Vis,Rel_LeftAnkle_X,Rel_LeftAnkle_Y,LeftAnkle_Vis,Rel_RightAnkle_X,Rel_RightAnkle_Y,RightAnkle_Vis,Dist_Ball_L_Wrist,Dist_Ball_R_Wrist,Delta_Ball_Y,Delta_Ball_X,Dribble,Crossover,Hand_Touch,Ball_Detected
crossover_02_05_1.mp4,0,0.1505127847194671,0.0020854890346527,0.1070522915433954,0.0797925889492034,-0.0236338675022125,0.9675277471542358,-0.0795274078845977,-0.0101166665554046,0.9782845377922058,0.052518755197525,0.0697497427463531,0.8656066656112671,-0.0399843156337738,0.0770852267742157,0.924168586730957,0.1407287418842315,0.2265172302722931,0.8351477384567261,-0.1320100426673889,0.2567716538906097,0.8912899494171143,0.0627295343726608,0.051651654723927,0.0,0.0,0.0,0.0,1,1.0
crossover_02_05_1.mp4,1,0.1513364762067794,0.0018956144650777,0.1071267911681422,0.0793177485466003,-0.026709109544754,0.9690456986427308,-0.0796369910240173,-0.0105062425136566,0.9791036248207092,0.0520574450492858,0.0692609250545501,0.8716723322868347,-0.0397756695747375,0.07661172747612,0.9242650270462036,0.1404321193695068,0.2258172929286956,0.8359998464584351,-0.1323367059230804,0.2554490864276886,0.8915656208992004,0.0628492884931188,0.0516494436141875,7.449962474681548e-05,-0.0001898745695749,0.0,0.0,1,1.0
crossover_02_05_1.mp4,2,0.1523257791996002,0.0020198543866475,0.1065137766025684,0.0791172385215759,-0.0284507870674133,0.9703196287155152,-0.0797363221645355,-0.0113710165023803,0.9796366691589355,0.0516799688339233,0.0683959126472473,0.8764026761054993,-0.0394308567047119,0.0756484270095825,0.923526406288147,0.1402960419654846,0.2248930931091308,0.8379425406455994,-0.1325345635414123,0.2539310455322265,0.8923603296279907,0.0626027037709466,0.0516800856759795,-0.0006130145655738,0.0001242399215697,0.0,0.0,1,1.0
crossover_02_05_1.mp4,3,0.1524883061647415,0.0025987287362416,0.1059616013809486,0.0789603888988494,-0.0288469791412353,0.9709434509277344,-0.0798097848892211,-0.0116164088249206,0.9800878167152404,0.051336258649826,0.0682571530342102,0.8774397969245911,-0.0392388403415679,0.0751153230667114,0.9225356578826904,0.1401871740818023,0.2247352004051208,0.8344310522079468,-0.1327901482582092,0.2536066770553589,0.8903407454490662,0.0616195768178377,0.0519795639860501,-0.0005521752216197,0.0005788743495941,0.0,0.0,1,1.0
crossover_02_05_1.mp4,4,0.1527633517980575,0.0029230455557505,0.1054160219651682,0.078877180814743,-0.0292524695396423,0.9713351726531982,-0.0798391103744506,-0.0119580030441284,0.9804920554161072,0.05097296833992,0.0679084062576294,0.8779001235961914,-0.0391344726085662,0.0740928649902343,0.9214493632316588,0.140063852071762,0.2242807745933532,0.830885112285614,-0.1329452693462371,0.2532678246498108,0.8885875344276428,0.060955855466305,0.0524402040138878,-0.0005455794157804,0.0003243168195088,0.0,0.0,1,1.0
crossover_02_05_1.mp4,5,0.1530346274375915,0.0030587494373321,0.1043946193324194,0.0788592994213104,-0.0294783413410186,0.9720468521118164,-0.0798489153385162,-0.0126798450946807,0.981086790561676,0.0507061183452606,0.0677249729633331,0.8805161714553833,-0.0391318798065185,0.072974294424057,0.9210898876190186,0.1400195658206939,0.224149078130722,0.8305422067642212,-0.1329855322837829,0.2530142366886139,0.8885318040847778,0.0601243272617837,0.0526049998891657,-0.0010214026327487,0.0001357038815816,0.0,0.0,1,1.0
crossover_02_05_1.mp4,6,0.1533100455999374,0.0029890010754267,0.1042986397390012,0.0788579136133194,-0.0295785069465637,0.9722549319267272,-0.0798621624708175,-0.0132678747177124,0.9815952777862548,0.0499225407838821,0.0677399039268493,0.878860354423523,-0.0391205698251724,0.0725858807563781,0.920318603515625,0.1400076895952224,0.2240684628486633,0.8260296583175659,-0.1329914480447769,0.2528104782104492,0.8856697082519531,0.0594920020990038,0.0527154156174692,-9.597959341822726e-05,-6.974836190543066e-05,0.0,0.0,1,1.0
crossover_02_05_1.mp4,7,0.1536086648702621,0.002595043182373,0.1048461295940258,0.0787877440452575,-0.0297219157218933,0.9712555408477784,-0.0798485577106475,-0.0137661099433898,0.9811757206916808,0.0489767789840698,0.0681148171424865,0.8672699928283691,-0.0391018092632293,0.0723274946212768,0.9116652607917786,0.1400271654129028,0.2239801287651062,0.8179067969322205,-0.1329823732376098,0.2527478337287903,0.880866527557373,0.0591646408794222,0.0528780590071272,0.0005474898550246,-0.0003939578930536,0.0,0.0,1,1.0
crossover_02_05_1.mp4,8,0.1541546583175659,0.0017324864864349,0.1070443817862758,0.0787031948566436,-0.0296341478824615,0.9655407071113586,-0.0797926783561706,-0.0144851505756378,0.9783557057380676,0.0475237667560577,0.0696059167385101,0.823665976524353,-0.0389500260353088,0.0726226866245269,0.8858178853988647,0.1400767862796783,0.2239050567150116,0.801273763179779,-0.1329257488250732,0.2526679337024688,0.8688173294067383,0.0591479502084723,0.053290899062506,0.00219825219225,-0.000862556695938,0.0,0.0,1,1.0
crossover_02_05_1.mp4,9,0.1550882905721664,0.0006623884042104,0.1090518315633137,0.0785902440547943,-0.0297097563743591,0.9605008363723756,-0.0795779824256897,-0.0157306194305419,0.9763539433479308,0.0461712181568145,0.0714523196220398,0.7827672958374023,-0.039156824350357,0.0733642578125,0.8653305768966675,0.1402418315410614,0.2237386703491211,0.7891685962677002,-0.1327839493751526,0.252548336982727,0.8603297472000122,0.0590319988114371,0.0534712317476723,0.0020074497770379,-0.0010700980822245,0.0,0.0,1,1.0
crossover_02_05_1.mp4,10,0.1557072550058365,-0.0020079384247461,0.1141603783324912,0.0784405022859573,-0.0292019248008728,0.954446256160736,-0.0793964713811874,-0.0173509120941162,0.972555696964264,0.0449898988008499,0.0746768116950988,0.7368587851524353,-0.0391529947519302,0.0770407915115356,0.8279820084571838,0.1403328329324722,0.2240074276924133,0.7664139866828918,-0.1326998025178909,0.2527982592582702,0.844668984413147,0.0613819903415735,0.0525130358607092,0.0051085467691774,-0.0026703268289565,0.0,0.0,1,1.0
crossover_02_05_1.mp4,11,0.1542941033840179,-0.0041989833116531,0.1249997304545508,0.0780626386404037,-0.0259952247142791,0.953392505645752,-0.0782934576272964,-0.0163286626338958,0.97255539894104,0.0438979119062423,0.0792514979839325,0.7247806191444397,-0.0403658300638198,0.0822660028934478,0.8226240873336792,0.1403381079435348,0.2262705266475677,0.750310480594635,-0.1326841861009597,0.2550667226314544,0.833846390247345,0.0663793047853542,0.0559840358965061,0.0108393521220595,-0.0021910448869069,0.0,0.0,1,1.0
crossover_02_05_1.mp4,12,0.1547842174768448,-0.0068926761547724,0.1335639679873431,0.077607974410057,-0.0243999361991882,0.951836109161377,-0.0767484158277511,-0.0182790756225585,0.9724972248077391,0.0420012325048446,0.0819512605667114,0.7053301930427551,-0.0433708876371383,0.0890139937400817,0.817659854888916,0.140450045466423,0.2276886701583862,0.7352849245071411,-0.1325704008340835,0.2565332651138305,0.8234893083572388,0.0710949074920469,0.0575791639257106,0.0085642375327923,-0.0026936928431193,0.0,0.0,1,1.0
crossover_02_05_1.mp4,13,0.1546942293643951,-0.0101168781518936,0.1433137021682881,0.0763705223798751,-0.0213935077190399,0.952773928642273,-0.074072316288948,-0.018222838640213,0.9741766452789308,0.0407042950391769,0.0862381160259246,0.7078964710235596,-0.0456702560186386,0.0955750644207,0.8285841941833496,0.1404840797185897,0.2305295765399933,0.7280552983283997,-0.1325118094682693,0.259301096200943,0.822420597076416,0.0764226025336165,0.0595232745380409,0.0097497341809449,-0.0032242019971211,0.0,0.0,1,1.0
crossover_02_05_1.mp4,14,0.1552906036376953,-0.0143755088249842,0.157769148658823,0.0750731378793716,-0.0179149806499481,0.9539750814437866,-0.0699529200792312,-0.0168672502040863,0.9761788845062256,0.0409063845872879,0.09229376912117,0.7147884368896484,-0.047070637345314,0.1083153784275055,0.8416454792022705,0.1405912190675735,0.2339961230754852,0.7241080403327942,-0.1323469430208206,0.2627418935298919,0.8232224583625793,0.0856919661627945,0.0592844568082801,0.0144554464905349,-0.0042586306730906,0.0,0.0,1,1.0
crossover_02_05_1.mp4,15,0.157424047589302,-0.0166739612817764,0.1726791439233003,0.073121353983879,-0.0172508955001831,0.9569109678268432,-0.0651700943708419,-0.0175338387489318,0.9778528213500975,0.0404966324567794,0.0953546166419982,0.7347940802574158,-0.0481522530317306,0.11453777551651,0.8515003323554993,0.1404090374708175,0.2338809967041015,0.7298378944396973,-0.1324328333139419,0.2635477185249328,0.8299659490585327,0.0961642309161562,0.066115819375618,0.0149099952644772,-0.0022984524567922,0.0,0.0,0,1.0
crossover_02_05_1.mp4,16,0.1601102799177169,-0.0216223021348317,0.1862643851174248,0.0707783997058868,-0.0162681341171264,0.9606617093086244,-0.0597438812255859,-0.018950879573822,0.9794130325317384,0.0405128300189971,0.1000523567199707,0.7588013410568237,-0.0489500164985656,0.1161508560180664,0.8617967367172241,0.1399706304073333,0.2345454096794128,0.7435856461524963,-0.1328512132167816,0.2650104761123657,0.8392744064331055,0.1062698851423921,0.0752509862733533,0.0135852411941245,-0.0049483408530552,0.0,0.0,0,1.0
crossover_02_05_1.mp4,17,0.1608418375253677,-0.0242762943108876,0.2047155735669312,0.0674948990345001,-0.014869600534439,0.9641499519348145,-0.0542002022266387,-0.016929417848587,0.9812453985214232,0.0403226315975189,0.1070544421672821,0.7813544869422913,-0.0468855500221252,0.1192326843738555,0.8746632933616638,0.1395204961299896,0.2358421385288238,0.760769248008728,-0.133297324180603,0.2669943869113922,0.8509564995765686,0.1170927743918442,0.0884222980283354,0.0184511884495064,-0.0026539921760559,0.0,0.0,0,1.0
crossover_02_05_1.mp4,18,0.1626062244176864,-0.0173495908578236,0.2261282040013207,0.0645028054714202,-0.0143085420131683,0.9672278761863708,-0.0493861138820648,-0.0157516300678253,0.9829716682434082,0.0407992303371429,0.1120111644268035,0.8011003136634827,-0.0377604663372039,0.1231334507465362,0.8865763545036316,0.1392887532711029,0.2365348041057586,0.7770665287971497,-0.1335896253585815,0.2681376039981842,0.8627535104751587,0.1280780392089764,0.1049977287175713,0.0214126304343894,0.006926703453064,0.25,0.25,0,1.0
crossover_02_05_1.mp4,19,0.1629511266946792,0.0017670234044392,0.2533919948118704,0.0614457130432128,-0.0148667097091674,0.9700698852539062,-0.0482549667358398,-0.0146094560623168,0.984606146812439,0.0431239008903503,0.1131454706192016,0.8197172284126282,-0.0338640511035919,0.1247869133949279,0.8977212309837341,0.1394389271736145,0.2378405928611755,0.794644296169281,-0.133632630109787,0.2691118121147156,0.874342679977417,0.1462172317598356,0.1334497674664713,0.0272637908105497,0.0191166142622629,0.75,0.75,0,1.0
crossover_02_05_1.mp4,20,0.1637555956840515,0.0216128120819727,0.2713898329823105,0.0588716715574264,-0.016314297914505,0.9728019833564758,-0.0496239513158798,-0.0142329037189483,0.9861097931861876,0.0495813339948654,0.1159680187702179,0.8371451497077942,-0.0303434580564498,0.1246587336063385,0.9078634977340698,0.1401839107275009,0.2391457259654998,0.8126308917999268,-0.13349150121212,0.2693100273609161,0.8856537938117981,0.1579182654127451,0.1556581817020169,0.01799783817044,0.0198457886775334,1.0,1.0,0,1.0
crossover_02_05_1.mp4,21,0.1640031039714813,0.040889416138331,0.2476394880700994,0.0558612048625946,-0.0173795521259307,0.9752655029296876,-0.0495232641696929,-0.0149248540401458,0.987472414970398,0.0527797639369964,0.1170720160007476,0.8528463244438171,-0.0265917479991912,0.1219322383403778,0.9170320630073548,0.1413635909557342,0.2396256625652313,0.8295707702636719,-0.1323674023151397,0.2695523202419281,0.8961210250854492,0.1311077615297972,0.1426745252242523,-0.0237503449122111,0.0192766040563583,0.75,0.75,0,1.0
crossover_02_05_1.mp4,22,0.1648952960968017,0.054653133948644,0.2214185253337577,0.0480978190898895,-0.0182782709598541,0.9771464467048644,-0.0486131906509399,-0.0152459442615509,0.98869389295578,0.0522399842739105,0.1187253892421722,0.866341233253479,-0.0247774422168731,0.1213065087795257,0.925269603729248,0.1418642103672027,0.2402199804782867,0.843882143497467,-0.1319021582603454,0.2700240910053253,0.904941976070404,0.1027214850538949,0.1277952749069418,-0.0262209627363416,0.0137637178103129,0.25,0.25,1,1.0
crossover_02_05_1.mp4,23,0.1645966470241546,0.0499275932709376,0.2223855952421823,0.0427958816289901,-0.0169341266155242,0.9782998561859132,-0.0477219671010971,-0.0143947899341583,0.9897879958152772,0.0499214977025985,0.12067911028862,0.8772775530815125,-0.0251527577638626,0.1234584748744964,0.9326578974723816,0.1419579237699508,0.2413958609104156,0.855829119682312,-0.1318411082029342,0.2714411914348602,0.912443459033966,0.101706485136225,0.124191925082718,0.0009670699084246,-0.0047255406777063,0.25,0.25,1,1.0
crossover_02_05_1.mp4,24,0.1643838584423065,0.0291900207599004,0.2446472265102245,0.0420035570859909,-0.0167555809020996,0.9798924922943116,-0.0468101352453231,-0.0139368176460266,0.990776300430298,0.0379716604948043,0.1197437047958374,0.8884246945381165,-0.0265016704797744,0.1270440816879272,0.9393227696418762,0.1419952362775802,0.2416987419128418,0.8677690625190735,-0.1318971961736679,0.2719124555587768,0.9198200702667236,0.1252118482136975,0.13012326519585,0.0222616312680421,-0.0207375725110372,0.75,0.75,1,1.0
crossover_02_05_1.mp4,25,0.1610175371170044,-0.0006623893976211,0.2753626282568331,0.0422802418470382,-0.0121968686580657,0.981408715248108,-0.0462941378355026,-0.0102713406085968,0.9916512966156006,0.0301156491041183,0.1255317628383636,0.8987953066825867,-0.0274787694215774,0.1353023946285247,0.9452860951423644,0.1424909681081771,0.2451831996440887,0.8769505023956299,-0.1314138919115066,0.2757004201412201,0.9258363842964172,0.1529593929317911,0.1426043031665088,0.0307154017466085,-0.0298524101575215,1.0,1.0,0,1.0
crossover_02_05_1.mp4,26,0.1592468470335006,-0.0225594421227773,0.2539920734034644,0.0420032441616058,-0.0102364122867584,0.982740879058838,-0.0465702712535858,-0.0082920491695404,0.9924156069755554,0.0219909846782684,0.1246869266033172,0.9078391194343568,-0.0354790985584259,0.1417445838451385,0.9505079984664916,0.1424616873264312,0.2471087872982025,0.8834843039512634,-0.1313190162181854,0.2778034508228302,0.9302194714546204,0.1367646208533586,0.1129885677162148,-0.0213705548533686,-0.0218970527251561,0.75,0.75,0,1.0
crossover_02_05_1.mp4,27,0.1592405140399933,-0.0412251124779383,0.2306631467960499,0.0395590215921402,-0.0109668374061584,0.9829476475715636,-0.0468829125165939,-0.0089832544326782,0.9927237629890442,0.0191424041986465,0.1198811531066894,0.9141268134117126,-0.0470916777849197,0.1402891278266906,0.9534969925880432,0.142401710152626,0.2472733259201049,0.8853564262390137,-0.1310871094465255,0.278027594089508,0.9311245679855348,0.126162146444515,0.0905642307601361,-0.0233289266074144,-0.0186656703551609,0.25,0.25,1,1.0
crossover_02_05_1.mp4,28,0.1592502892017364,-0.0495190232992172,0.2166933183316831,0.0396124869585037,-0.011338472366333,0.9818050265312196,-0.0473505407571792,-0.010823369026184,0.9924995303153992,0.0191367417573928,0.1185850501060485,0.917703092098236,-0.0577811747789382,0.1396844983100891,0.9554205536842346,0.1422581821680069,0.2471437454223632,0.8853553533554077,-0.1307483166456222,0.2778016328811645,0.9299150705337524,0.1197449221042024,0.0774507682866485,-0.0139698284643667,-0.0082939108212788,0.0,0.0,1,1.0
crossover_02_05_1.mp4,29,0.1590148508548736,-0.044772790869077,0.2202088545869898,0.0409858673810958,-0.0105413198471069,0.9825843572616576,-0.0470152646303176,-0.0110657811164855,0.992880642414093,0.0227093547582626,0.1198095083236694,0.9239829182624816,-0.0526974648237228,0.137892484664917,0.9586873054504396,0.1423791497945785,0.2469491958618164,0.8876879215240479,-0.1304738372564315,0.2776221632957458,0.9311724305152892,0.1209705282644148,0.0826969480357949,0.0035155362553066,0.0047462324301401,0.25,0.25,1,1.0
crossover_02_05_1.mp4,30,0.1596829146146774,-0.0302570521831512,0.2374865019762957,0.0420000255107879,-0.0110319256782531,0.9838303327560424,-0.0444820821285247,-0.0121145844459533,0.9935045838356018,0.0247142016887664,0.121817409992218,0.9305054545402528,-0.0413295924663543,0.1365728378295898,0.9625737071037292,0.1423723399639129,0.2456424832344055,0.8928965330123901,-0.1304807662963867,0.2759687900543213,0.9346700310707092,0.128067082393064,0.1015193024002692,0.0172776473893059,0.0145157386859258,0.75,0.75,0,1.0
crossover_02_05_1.mp4,31,0.1611572653055191,-0.0047182252009709,0.2580854148776442,0.0433041006326675,-0.01417937874794,0.9851443767547609,-0.041022703051567,-0.0134272873401641,0.9940520524978638,0.0342964679002761,0.1231065094470977,0.9368857741355896,-0.026666983962059,0.1328143179416656,0.9659713506698608,0.1417775899171829,0.2424686849117279,0.9004822373390198,-0.1310875862836837,0.2727281749248504,0.939217448234558,0.1405042746289696,0.127179384094655,0.0205989129013485,0.0255388269821802,1.0,1.0,0,1.0
crossover_02_05_1.mp4,32,0.1632203757762909,0.0223246028025945,0.2602474665200268,0.0474652498960495,-0.0155434310436248,0.986315369606018,-0.0383315533399581,-0.0087798535823822,0.9946048855781556,0.0450143069028854,0.1263199746608734,0.9425422549247742,-0.0136975198984146,0.1303581297397613,0.9692100882530212,0.1419334858655929,0.2392342388629913,0.906300127506256,-0.1315026730298996,0.269375592470169,0.9427171349525452,0.1358359147937038,0.1347918140433749,0.0021620516423825,0.0270428280035655,0.75,0.75,0,1.0
crossover_02_05_1.mp4,33,0.1630745679140091,0.0470646123091379,0.2326246740641417,0.0515012443065643,-0.0171107947826385,0.987086534500122,-0.035806655883789,-0.0065723955631256,0.9950875639915466,0.0567984282970428,0.1286984384059906,0.9465832710266112,-0.0052554905414581,0.1256069242954254,0.9720827341079712,0.1426244080066681,0.2377188503742218,0.909203827381134,-0.1308972537517547,0.2679533660411834,0.9448133707046508,0.1043810788972789,0.1191225920128358,-0.027622792455885,0.0247400095065434,0.25,0.25,1,1.0
crossover_02_05_1.mp4,34,0.1630108058452606,0.0631437768538792,0.2114851642538,0.0538640171289444,-0.01817387342453,0.9875911474227904,-0.0324472337961196,-0.0048573613166809,0.9955376982688904,0.0656297951936721,0.1258721947669983,0.9501100182533264,-0.0002247244119644,0.1242974996566772,0.9747973084449768,0.143294408917427,0.2368682026863098,0.9138294458389282,-0.1302941292524337,0.2673362493515014,0.9474104642868042,0.0856490562209171,0.1077833744627603,-0.0211395098103417,0.0160791645447413,0.0,0.0,1,1.0
crossover_02_05_1.mp4,35,0.1647493243217468,0.062589078148206,0.2059992854241972,0.0546621531248092,-0.020816832780838,0.9881450533866882,-0.0308456271886825,-0.0055116713047027,0.9959423542022704,0.0634969323873519,0.1226536333560943,0.9536226391792296,7.762014865875244e-05,0.1226741373538971,0.9772198796272278,0.1435533612966537,0.2344096004962921,0.9172862768173218,-0.130161240696907,0.2647734582424164,0.9491769075393676,0.0833505963864494,0.104166994207218,-0.0054858788296028,-0.0005546987056732,0.0,0.0,1,1.0
crossover_02_05_1.mp4,36,0.16462042927742,0.0479772408803303,0.2219374998852058,0.0543071031570434,-0.0211455523967742,0.9888081550598145,-0.0308883190155029,-0.0042580664157867,0.9963051676750184,0.0580434203147888,0.1210456192493438,0.9573534727096558,-0.0049625933170318,0.1238006651401519,0.979383945465088,0.1437693238258361,0.2340653836727142,0.9195743203163148,-0.1301778852939605,0.263335257768631,0.9505051374435424,0.1013927982977476,0.11150544551107,0.0159382144610086,-0.0146118372678756,0.25,0.25,1,1.0
crossover_02_05_1.mp4,37,0.1643881946802139,0.0209949771563212,0.2540526829383991,0.0540921092033386,-0.0210552513599395,0.9893999695777892,-0.0323080122470855,-0.0045042335987091,0.99663245677948,0.0503886342048645,0.1204399168491363,0.960552453994751,-0.0078693330287933,0.1319901645183563,0.9813074469566344,0.1436564922332763,0.2341909110546112,0.9223824143409728,-0.1301984190940857,0.2621987760066986,0.9519620537757874,0.1368077422396533,0.1254288914305862,0.0321151830531932,-0.0269822637240091,0.75,0.75,0,1.0
crossover_02_05_1.mp4,38,0.1641279309988021,-0.0054245332876841,0.2664136089660504,0.0532908141613006,-0.0206886231899261,0.990164041519165,-0.0350831747055053,-0.004991739988327,0.9968919157981871,0.039733737707138,0.1204878985881805,0.963969111442566,-0.0241722166538238,0.1369660198688507,0.982836663722992,0.1426948010921478,0.2340297400951385,0.9252792000770568,-0.1310149133205413,0.2621321976184845,0.9539012908935548,0.1527533383875054,0.130798142015376,0.0123609260276512,-0.0264195104440053,1.0,1.0,0,1.0
crossover_02_05_1.mp4,39,0.1638469994068145,-0.0297544002532959,0.240920028200856,0.0524141788482666,-0.0182975828647613,0.9907308220863342,-0.0400704443454742,-0.0052295625209808,0.9970741868019104,0.0319156050682067,0.1201510727405548,0.9665675163269044,-0.0389419794082641,0.1415536105632782,0.9838787913322448,0.1422992944717407,0.2339575588703155,0.9297813177108764,-0.1307548284530639,0.2622084319591522,0.9565920829772948,0.1356035772364666,0.0997902628759657,-0.0254935807651943,-0.0243298669656117,0.75,0.75,0,1.0
crossover_02_05_1.mp4,40,0.1634585261344909,-0.0461959818998972,0.2253085915689114,0.0507020056247711,-0.0178844034671783,0.9910541772842408,-0.0437497496604919,-0.0066872537136077,0.9971546530723572,0.0304746925830841,0.1208654940128326,0.9686606526374816,-0.0507614314556121,0.1390747725963592,0.9846130609512328,0.1416313350200653,0.2339271605014801,0.9339146614074708,-0.1309246122837066,0.2623233497142792,0.9589586853981018,0.1295637022965301,0.086354587974448,-0.0156114366319445,-0.0164415816466013,0.25,0.25,1,1.0
crossover_02_05_1.mp4,41,0.1625798046588897,-0.0443972686926523,0.2261007156636979,0.0504024922847747,-0.0164173543453216,0.9914928078651428,-0.0457914173603057,-0.007836490869522,0.9973021149635316,0.0314824879169464,0.1226387917995452,0.9708691239356996,-0.0494658350944519,0.1377495229244232,0.9856632351875304,0.1415307819843292,0.2339056432247162,0.9365056157112122,-0.1306735873222351,0.2623896896839142,0.960427701473236,0.128304743298148,0.0884964610807794,0.0007921240947864,0.0017987132072448,0.25,0.25,1,1.0
crossover_02_05_1.mp4,42,0.1618792712688446,-0.021792733669281,0.2415006496288158,0.0510138869285583,-0.0153417587280273,0.9920150637626648,-0.0475119054317474,-0.0081248879432678,0.9974914789199828,0.0336869955062866,0.1228896975517273,0.9730960726737976,-0.0435146391391754,0.1371387839317321,0.9868053793907166,0.1414484977722168,0.2337088584899902,0.9383584260940552,-0.1305341720581054,0.2622402906417846,0.9612817764282228,0.1309448674138384,0.1065984999379407,0.0153999339651178,0.0226045350233713,0.75,0.75,0,1.0
crossover_02_05_1.mp4,43,0.1613525599241256,,,0.0525696277618408,-0.0152938961982727,0.9924135804176332,-0.0481948852539062,-0.0084460377693176,0.997688889503479,0.0417138934135437,0.1229395866394043,0.97495698928833,-0.0367037653923034,0.1364101767539978,0.9879549145698548,0.1415443420410156,0.2340521812438964,0.9394209384918212,-0.130726009607315,0.2617486119270324,0.9620699882507324,,,0.0,0.0,1.0,1.0,0,0.0
crossover_02_05_1.mp4,44,0.1611712127923965,0.0369757533073424,0.254399874916783,0.0542047023773193,-0.0158182978630065,0.9928731322288512,-0.0478312373161315,-0.0090415477752685,0.9978750348091124,0.0520309209823608,0.1237123608589172,0.976936399936676,-0.0261160433292388,0.1338000297546386,0.9890482425689696,0.1418160200119018,0.2338704466819763,0.9421095252037048,-0.1305710077285766,0.2612367868423462,0.9639877676963806,0.131551831626731,0.1361061991827152,0.0128992252879672,0.0587684869766235,0.75,0.75,0,1.0
crossover_02_05_1.mp4,45,0.1636461466550827,0.0575153897205988,0.2236181279023488,0.0545354038476944,-0.0184856951236724,0.992942214012146,-0.0469724982976913,-0.0117368400096893,0.998008906841278,0.0579944401979446,0.1208416521549224,0.977867305278778,-0.0200629085302352,0.1267370879650116,0.9899193048477172,0.1421578675508499,0.2315333783626556,0.9408940076828004,-0.1302026063203811,0.2585643231868744,0.9636550545692444,0.1027775921902296,0.1241141742865628,-0.0307817470144342,0.0205396364132564,0.25,0.25,1,1.0
crossover_02_05_1.mp4,46,0.1653876900672912,0.0601606031258901,0.2135866260087048,0.0544082820415496,-0.0205977857112884,0.9931512475013732,-0.0468271672725677,-0.0136963427066802,0.9981483817100524,0.0575561821460723,0.1187277734279632,0.9792814254760742,-0.0187879204750061,0.1228728592395782,0.990764319896698,0.1422003209590912,0.2298080027103424,0.9415379762649536,-0.1301696300506591,0.2565303742885589,0.964145839214325,0.0948945990116138,0.1202574607257477,-0.0100315018936439,0.0026452134052912,0.25,0.25,1,1.0
crossover_02_05_1.mp4,47,0.1654030382633209,0.0458964129288991,0.2311743517716725,0.0543523132801055,-0.020311564207077,0.9935750365257264,-0.0465310215950012,-0.0141582190990448,0.9982900619506836,0.0559950172901153,0.1181980073451995,0.9808700680732728,-0.0206116139888763,0.1225385963916778,0.9915198683738708,0.1422406733036041,0.2294763028621673,0.9446254968643188,-0.1301726996898651,0.2561161816120147,0.966078281402588,0.1134267878854612,0.1273775686354453,0.0175877257629677,-0.0142641901969909,0.75,0.75,0,1.0
crossover_02_05_1.mp4,48,0.1649882346391677,0.0176485349734624,0.2637464774979485,0.0545136183500289,-0.0198859572410583,0.994009792804718,-0.0467783659696579,-0.0140105485916137,0.9984307289123536,0.0386693328619003,0.1152225136756897,0.9823175072669984,-0.0262653082609176,0.1255455017089843,0.992262065410614,0.1424078196287155,0.2296009659767151,0.9479478597640992,-0.1299829632043838,0.256207525730133,0.968143343925476,0.1500041391873644,0.1450101214972098,0.0325721257262759,-0.0282478779554367,1.0,1.0,0,1.0
crossover_02_05_1.mp4,49,0.1626917570829391,-0.0064576675494512,0.251121539760519,0.0540487915277481,-0.0176132023334503,0.9942444562911988,-0.0473000854253768,-0.0121733248233795,0.9985324144363404,0.0244010239839553,0.1132848560810089,0.9831135272979736,-0.0350994616746902,0.1303895413875579,0.992825448513031,0.1420860439538955,0.2310600578784942,0.9484810829162598,-0.1302467435598373,0.2581744492053985,0.9685325026512146,0.1412487529535013,0.1240829069688538,-0.0126249377374295,-0.0241062025229136,0.75,0.75,0,1.0
crossover_02_05_1.mp4,50,0.1614210903644561,-0.0312636872132619,0.2337148416925359,0.0520692765712738,-0.0169337093830108,0.9944324493408204,-0.047326385974884,-0.011317104101181,0.9985864758491516,0.0184857547283172,0.1081409156322479,0.9836279153823853,-0.040289282798767,0.1331239640712738,0.99313223361969,0.1419444978237152,0.2317214906215667,0.9501411318778992,-0.1301956176757812,0.2591801583766937,0.969342052936554,0.135069677869214,0.1009949802529256,-0.017406698067983,-0.0248060196638107,0.25,0.25,1,1.0
crossover_02_05_1.mp4,51,0.1601184159517288,-0.0361732949813207,0.2288011648036815,0.0502034276723861,-0.01636403799057,0.9945087432861328,-0.0472490042448043,-0.0105599164962768,0.998607575893402,0.0193044990301132,0.1095746159553527,0.9838937520980836,-0.0424681156873703,0.1336157917976379,0.993237853050232,0.1419687718153,0.2322009205818176,0.9524075388908386,-0.1300768405199051,0.2601217627525329,0.97063010931015,0.1315019223382609,0.0953932911793117,-0.0049136768888544,-0.0049096077680587,0.25,0.25,1,1.0
crossover_02_05_1.mp4,52,0.1593038141727447,-0.0245760073264439,0.2376154625857317,0.0504881590604782,-0.0155445337295532,0.9948319792747498,-0.0471953898668289,-0.009816288948059,0.9987086057662964,0.0243264287710189,0.111440360546112,0.9850109219551086,-0.0399836748838424,0.1353501677513122,0.9937812685966492,0.1421940177679062,0.2322019338607788,0.95424884557724,-0.129825934767723,0.2601542472839355,0.9717628359794616,0.1353203777373345,0.1034194698648666,0.0088142977820502,0.0115972876548767,0.75,0.75,1,1.0
crossover_02_05_1.mp4,53,0.1596141308546066,,,0.0523716062307357,-0.0150421559810638,0.995107114315033,-0.0472411960363388,-0.0091462433338165,0.9988031387329102,0.0363690108060836,0.1181341707706451,0.985945761203766,-0.0313818901777267,0.1345798075199127,0.9943008422851562,0.1423610299825668,0.231615275144577,0.9564569592475892,-0.1299020200967788,0.2591253817081451,0.9731485247612,,,0.0,0.0,1.0,1.0,0,0.0
crossover_02_05_1.mp4,54,0.1603388041257858,0.0305948038895924,0.2636210755065635,0.0538232028484344,-0.0166642665863037,0.9951411485671996,-0.0472000837326049,-0.010269284248352,0.9988822340965272,0.0496329367160797,0.1220501661300659,0.9863908886909484,-0.0173580348491668,0.127962052822113,0.9947447180747986,0.1425259411334991,0.2299689054489135,0.956816792488098,-0.129869669675827,0.2574612498283386,0.9735119938850404,0.1428452760269218,0.1438848330395032,0.0260056129208318,0.0551708112160364,0.75,0.75,0,1.0
crossover_02_05_1.mp4,55,0.1615075320005417,0.0560133119424184,0.235609687478454,0.0548590123653411,-0.0167252123355865,0.9951199293136596,-0.0466716289520263,-0.0107041299343109,0.9989182353019714,0.0576664507389068,0.1236293613910675,0.9866155385971068,-0.0115994811058044,0.1185336410999298,0.9950708150863647,0.1427088677883148,0.2278415262699127,0.9551846981048584,-0.1294245719909668,0.2557900846004486,0.9732720255851746,0.11199252786913,0.1351972278540065,-0.0280113880281095,0.0254185080528259,0.25,0.25,1,1.0
crossover_02_05_1.mp4,56,0.1628558337688446,0.0609702835480372,0.2207391288545396,0.0553937405347824,-0.0184387564659118,0.9947951436042786,-0.0459779351949691,-0.0121273398399353,0.9989464282989502,0.0588995665311813,0.1214057803153991,0.9861711263656616,-0.010400041937828,0.1152515411376953,0.9953212738037108,0.1429465264081955,0.2255960702896118,0.9494568705558776,-0.1291604191064834,0.2540085315704345,0.9709770083427428,0.0993549294245748,0.1273630814729185,-0.0148705586239143,0.0049569716056188,0.25,0.25,1,1.0
crossover_02_05_1.mp4,57,0.1628226041793823,0.0477688839038212,0.23093864608694,0.0554767102003097,-0.0186572670936584,0.9950162768363952,-0.0456185191869735,-0.0118331313133239,0.9990137815475464,0.0542292445898056,0.1205940842628479,0.9871202707290648,-0.0133217424154281,0.1159367561340332,0.9956742525100708,0.1429740637540817,0.2254384160041809,0.9506410360336304,-0.1292622536420822,0.253823459148407,0.9717180132865906,0.1105335179225917,0.130220963430696,0.0101995172324004,-0.0132013996442159,0.75,0.75,0,1.0
crossover_02_05_1.mp4,58,0.1623939275741577,0.0179427891969681,0.2630398156466307,0.0554191619157791,-0.0191459953784942,0.995292603969574,-0.0456561297178268,-0.0101790130138397,0.99908047914505,0.0429023653268814,0.1175902187824249,0.987943708896637,-0.0173585265874862,0.1248708665370941,0.9959895014762878,0.1429355293512344,0.2251910865306854,0.9530625343322754,-0.1293306797742843,0.2531910836696625,0.9730690717697144,0.1475756269461353,0.1426072978292046,0.0321011695596906,-0.0298260947068531,1.0,1.0,0,1.0
crossover_02_05_1.mp4,59,0.1606698632240295,-0.0068834940592447,0.2544809842551195,0.0544193983078002,-0.0175510346889495,0.995327651500702,-0.0470570027828216,-0.0079758465290069,0.999111533164978,0.026787519454956,0.1143800318241119,0.9880815148353576,-0.029846578836441,0.1345996558666229,0.9960946440696716,0.1420902013778686,0.226967841386795,0.9511029124259948,-0.1301434338092804,0.2555762231349945,0.9722172021865844,0.14409029815761,0.1220607887844219,-0.0085588313915111,-0.0248262832562128,0.75,0.75,0,1.0
crossover_02_05_1.mp4,60,0.1605710834264755,-0.0303599556287129,0.2312551067935095,0.0518984198570251,-0.0175891816616058,0.9952626824378968,-0.0474260449409484,-0.0079940855503082,0.9990817308425904,0.0192903280258178,0.106375902891159,0.9877982139587402,-0.0392908751964569,0.1361054480075836,0.9958680868148804,0.1417332291603088,0.2269377410411834,0.9512512683868408,-0.1304138898849487,0.2567827999591827,0.9719263911247252,0.1343873737903238,0.0955678758338995,-0.0232258774616099,-0.0234764615694682,0.25,0.25,1,1.0
crossover_02_05_1.mp4,61,0.1599917560815811,-0.0327947239081065,0.2288372558576089,0.0504321157932281,-0.0171782076358795,0.99504554271698,-0.0478043854236602,-0.0077289044857025,0.9990708231925964,0.0217170417308807,0.1074144542217254,0.9873749017715454,-0.0408037900924682,0.1367445886135101,0.9958285689353944,0.1413727700710296,0.2271956503391266,0.9497918486595154,-0.1307371854782104,0.2576269209384918,0.9711756110191344,0.1330978187281331,0.0924402753202185,-0.0024178509359006,-0.0024347682793935,0.25,0.25,1,1.0
crossover_02_05_1.mp4,62,0.1598433256149292,-0.0149469286203384,0.2363585856225755,0.0504149049520492,-0.0172059535980224,0.9951598644256592,-0.0480753630399704,-0.0077719688415527,0.9991102814674376,0.0252783149480819,0.1098812222480773,0.9878130555152892,-0.0388050824403762,0.1358889937400818,0.9960348010063172,0.1412891596555709,0.2271239757537841,0.9494222402572632,-0.1307610124349594,0.2575337886810303,0.9713433980941772,0.1327199821666036,0.1032634998280391,0.0075213297649665,0.017847795287768,0.75,0.75,0,1.0
crossover_02_05_1.mp4,63,0.1603079736232757,,,0.0526900589466095,-0.016919195652008,0.9952882528305054,-0.0488489866256713,-0.0083734393119812,0.9991542100906372,0.0407184064388275,0.1174808740615844,0.9883337020874025,-0.0294769704341888,0.1327195763587951,0.996251940727234,0.1413274705410003,0.2272065877914428,0.949080526828766,-0.131087064743042,0.2565094232559204,0.9715129733085632,,,0.0,0.0,1.0,1.0,0,0.0
crossover_02_05_1.mp4,64,0.1612875163555145,0.0438883920510609,0.248862149980333,0.054832249879837,-0.0166928172111511,0.994538187980652,-0.0489605069160461,-0.0092639923095703,0.9991481900215148,0.0535831749439239,0.1237703561782836,0.9852558970451356,-0.0213201642036438,0.1241542100906372,0.9962474703788756,0.1413321793079376,0.2265974879264831,0.9361030459403992,-0.1311558485031128,0.2558435797691345,0.9662437438964844,0.1254669107452406,0.1407274887161531,0.0125035643577575,0.0588353206713994,0.75,0.75,0,1.0
crossover_02_05_1.mp4,65,0.1623380035161972,0.0610480407873789,0.22467305638172,0.0552475154399871,-0.0176157057285308,0.9925208687782288,-0.0480437278747558,-0.0104299485683441,0.9990600943565368,0.0600917041301727,0.1247738301753997,0.9762965440750122,-0.0176546871662139,0.1178307235240936,0.9958041906356812,0.1415890157222747,0.2251355946063995,0.9112871885299684,-0.1308166980743408,0.2542215287685394,0.954522967338562,0.0999038036133933,0.1327004275720206,-0.0241890935986129,0.0171596487363179,0.25,0.25,1,1.0
crossover_02_05_1.mp4,66,0.1630121618509292,0.0545643140872319,0.2234436008665297,0.0551591962575912,-0.0185364484786987,0.9924880266189576,-0.0478680282831192,-0.0108025074005126,0.9991045594215392,0.0551788657903671,0.1234052777290344,0.9768984913825988,-0.0186766535043716,0.1180088520050048,0.9960247874259948,0.1413981765508651,0.2245802879333496,0.9103775024414062,-0.1311450153589248,0.2534419298171997,0.9545714855194092,0.1000402107652605,0.1283772783682811,-0.0012294555151903,-0.0064837267001469,0.25,0.25,1,1.0
crossover_02_05_1.mp4,67,0.1631878316402435,0.0294159382581711,0.2379625269660243,0.0550471395254135,-0.0185517966747283,0.9929549098014832,-0.0478855222463607,-0.009836345911026,0.9991605877876282,0.047725424170494,0.1185003817081451,0.978687584400177,-0.0211647599935531,0.1204114258289337,0.9963051080703736,0.1414556354284286,0.2248035371303558,0.9153156280517578,-0.1312169581651687,0.2520303428173065,0.956945300102234,0.1208571115987313,0.1279713577882742,0.0145189260994946,-0.0251483758290608,0.75,0.75,0,1.0
crossover_02_05_1.mp4,68,0.1617705971002578,,,0.0548533797264099,-0.0169655084609985,0.9932690262794496,-0.0479277968406677,-0.0082609057426452,0.9991962909698486,0.0306614637374877,0.1156080365180969,0.9799996614456176,-0.029433786869049,0.1300033926963806,0.9964515566825868,0.1414569616317749,0.2264438271522522,0.9158598184585572,-0.1311988234519958,0.2536744475364685,0.9567700028419496,,,0.0,0.0,1.0,1.0,0,0.0
crossover_02_05_1.mp4,69,0.1614715605974197,,,0.0530553460121154,-0.0171988606452941,0.9933581948280334,-0.0478446781635284,-0.0080152750015258,0.9991679787635804,0.0188050866127014,0.1062146425247192,0.9802361726760864,-0.036821573972702,0.1328232884407043,0.9960809350013732,0.1412507891654968,0.226990520954132,0.91471266746521,-0.1313270628452301,0.2550779581069946,0.9555255770683287,,,0.0,0.0,0.75,0.75,0,0.0
crossover_02_05_1.mp4,70,0.1608780324459076,-0.0388085573911666,0.2265965245388171,0.0507568269968032,-0.0167263746261596,0.9934141039848328,-0.047756627202034,-0.0082784295082092,0.9990717768669128,0.0180870443582534,0.1060611009597778,0.9806649088859558,-0.0425203889608383,0.1330035328865051,0.9952386617660522,0.1412106305360794,0.2273495197296142,0.9157729148864746,-0.1312507838010788,0.255856990814209,0.9553535580635072,0.1332887761058937,0.0936665670345154,-0.0113660024272072,-0.0682244956493378,0.25,0.25,1,1.0
crossover_02_05_1.mp4,71,0.1606955379247665,,,0.0505370497703552,-0.0165147483348846,0.993681013584137,-0.0481850504875183,-0.0088425576686859,0.9990950226783752,0.0234584212303161,0.1095797717571258,0.9817497730255128,-0.0394262373447418,0.1347863376140594,0.9954375624656676,0.1411827206611633,0.2273819148540496,0.9160557389259338,-0.1310047209262848,0.2559027373790741,0.9553128480911256,,,0.0,0.0,0.25,0.25,1,0.0
crossover_02_05_1.mp4,72,0.1607837229967117,-0.0005525022745132,0.2530138706719433,0.0513898581266403,-0.0150257647037506,0.9938528537750244,-0.0491067320108413,-0.0092630684375762,0.9991254210472108,0.0351918190717697,0.1170050799846649,0.9823603630065918,-0.0347955971956253,0.1339651048183441,0.9955950379371644,0.1411076039075851,0.227070540189743,0.9175376296043396,-0.1311938315629959,0.2545457780361175,0.9562471508979796,0.1406273360791644,0.1238757369344028,0.0264173461331261,0.0382560551166534,0.75,0.75,0,1.0
crossover_02_05_1.mp4,73,0.1610369533300399,0.0272384842236836,0.2491203637034804,0.0523232817649841,-0.0145637691020965,0.993574321269989,-0.049551635980606,-0.0096338689327239,0.999175488948822,0.0479205846786499,0.1270657479763031,0.9819554686546326,-0.0209714472293853,0.1259986460208892,0.9959129691123962,0.1412544250488281,0.2267335355281829,0.9103422164916992,-0.1314364671707153,0.2541444599628448,0.954669177532196,0.1237945010876421,0.1322238815638888,-0.0038935069684629,0.0277909864981969,1.0,1.0,0,1.0
crossover_02_05_1.mp4,74,0.1628622710704803,0.053121855854988,0.2231050769488016,0.0534686595201492,-0.0161734223365783,0.992392897605896,-0.0485038608312606,-0.0114477276802062,0.999114155769348,0.0549779087305069,0.1239426732063293,0.977106750011444,-0.0141978114843368,0.1142601370811462,0.9956790208816528,0.1420068889856338,0.224850058555603,0.8975775837898254,-0.1305547803640365,0.2522172927856445,0.9490260481834412,0.099179772374521,0.1279810866709253,-0.0260152867546787,0.0258833716313043,0.75,0.75,1,1.0
crossover_02_05_1.mp4,75,0.1641993224620819,0.0567986816167831,0.2118953380319806,0.0543480366468429,-0.0176735818386077,0.9919095635414124,-0.0470101684331893,-0.0124993026256561,0.9991275668144226,0.0558981746435165,0.1214989721775055,0.9757002592086792,-0.0130926221609115,0.1121464669704437,0.9958198666572572,0.1429326981306076,0.2233636677265167,0.8921375870704651,-0.129649743437767,0.2507283389568329,0.9468052983283995,0.0904008510607341,0.1217975025269283,-0.0112097389168209,0.003676825761795,0.25,0.25,1,1.0
crossover_02_05_1.mp4,76,0.165098637342453,0.0403165370225906,0.2177741975695998,0.0542144924402236,-0.0196277201175689,0.9920854568481444,-0.0470359474420547,-0.0128525793552398,0.9991771578788756,0.0538361221551895,0.119419127702713,0.9762811660766602,-0.0159170478582382,0.1130553781986236,0.996075451374054,0.1429044157266616,0.2223317921161651,0.8945474028587341,-0.1297072023153305,0.2497166097164154,0.9481563568115234,0.0992799020480871,0.1188623035238696,0.0058788595376191,-0.0164821445941925,0.75,0.75,0,1.0
crossover_02_05_1.mp4,77,0.165015310049057,0.0106460531552632,0.2514726239222067,0.0536270141601562,-0.0194596946239471,0.9926474690437316,-0.0466756522655487,-0.0125404298305511,0.9992189407348632,0.0333737730979919,0.1184959113597869,0.9781506061553956,-0.0243682563304901,0.1207433640956878,0.9963000416755676,0.1433083415031433,0.2221924364566803,0.9035760164260864,-0.1292715668678283,0.2493149936199188,0.9523807764053344,0.1349049863337286,0.1353371391878577,0.0336984263526068,-0.0296704838673274,1.0,1.0,0,1.0
crossover_02_05_1.mp4,78,0.1634781211614608,-0.0152497013409932,0.2459010501702626,0.0512198209762573,-0.0182171761989593,0.9928781390190125,-0.046820044517517,-0.0112533867359161,0.9992258548736572,0.0189849138259887,0.1107993423938751,0.9790365695953368,-0.0345767438411712,0.1260809004306793,0.996363639831543,0.143234372138977,0.2232713997364044,0.90745747089386,-0.1290777623653412,0.2506034076213836,0.9534820914268494,0.1393717342926023,0.121368871031331,-0.005571573751944,-0.0258957544962564,0.75,0.75,0,1.0
crossover_02_05_1.mp4,79,0.1608774065971374,-0.0363312651713689,0.226649112171597,0.0484236627817153,-0.0161480903625488,0.9929210543632508,-0.0471032708883285,-0.0093048810958862,0.9991520047187804,0.0147244483232498,0.1093807220458984,0.9789387583732604,-0.0421599000692367,0.130814790725708,0.9956754446029664,0.1431784182786941,0.2251936197280883,0.9106392860412598,-0.1289262622594833,0.2533043026924133,0.954123079776764,0.1279005910976084,0.0960114063628203,-0.0192519379986656,-0.0210815638303756,0.25,0.25,1,1.0
crossover_02_05_1.mp4,80,0.1590062975883484,-0.0366425901651382,0.2238667987011097,0.0482767671346664,-0.01502525806427,0.993219792842865,-0.0472205728292465,-0.0081605315208435,0.999163806438446,0.0191624015569686,0.1101152300834655,0.9802758693695068,-0.0424840599298477,0.133004605770111,0.9958470463752748,0.1433606594800949,0.2261512279510498,0.9147274494171144,-0.1287379413843155,0.2550333142280578,0.9556156992912292,0.126702866834492,0.0910497714068631,-0.0027823134704872,-0.0003113249937693,0.25,0.25,1,1.0
crossover_02_05_1.mp4,81,0.1596323996782302,-0.0184735576311746,0.232371966264866,0.0495650172233581,-0.0155575573444366,0.9936619997024536,-0.0475905835628509,-0.009288877248764,0.99921053647995,0.0255005359649658,0.1106561720371246,0.9817929863929749,-0.040432721376419,0.13168266415596,0.9961378574371338,0.1433168053627014,0.2247968018054962,0.9202356934547424,-0.1287432312965393,0.2532135546207428,0.958297610282898,0.1294158238859993,0.1030560062857521,0.0085051675637563,0.0181690325339635,0.75,0.75,0,1.0
crossover_02_05_1.mp4,82,0.1598513126373291,,,0.0527104884386062,-0.0151699185371398,0.994064211845398,-0.0477600544691085,-0.0098417997360229,0.9992365837097168,0.0423087030649185,0.1166648864746093,0.9831649661064148,-0.0288660377264022,0.1305046081542968,0.996334433555603,0.1433987766504287,0.2245069146156311,0.9233242273330688,-0.1293296962976455,0.252056360244751,0.959916055202484,,,0.0,0.0,1.0,1.0,0,0.0
crossover_02_05_1.mp4,83,0.1612936556339264,0.0413830329974492,0.2430576344331105,0.0537977069616317,-0.016519159078598,0.99416184425354,-0.0474319905042648,-0.0112114250659942,0.9992607235908508,0.0521485656499862,0.1224303543567657,0.9835615158081056,-0.019096091389656,0.1224517524242401,0.9965320229530334,0.143538162112236,0.2234069406986236,0.9246488213539124,-0.1295468360185623,0.2506145536899566,0.9611642956733704,0.1211067190204976,0.1349203589595304,0.0106856681682445,0.0598565906286239,0.75,0.75,0,1.0
crossover_02_05_1.mp4,84,0.162549152970314,0.0555531332890192,0.2198379304673936,0.0539158731698989,-0.0179002881050109,0.9937816858291626,-0.0468185096979141,-0.0125018954277038,0.9992215633392334,0.0525605827569961,0.1200131177902221,0.982274055480957,-0.0166710168123245,0.1155117750167846,0.9963924288749696,0.1436771303415298,0.2222577333450317,0.9238758087158204,-0.129558190703392,0.2493770122528076,0.9609827995300292,0.0998696579783824,0.1268868573531792,-0.0232197039657169,0.0141701002915699,0.25,0.25,1,1.0
crossover_02_05_1.mp4,85,0.1629461050033569,0.0473624110221863,0.2210189525727872,0.0539625883102417,-0.0181154310703277,0.9936031699180604,-0.0465165078639984,-0.0128309428691864,0.9992533922195436,0.0489726662635803,0.1190350353717804,0.9814195036888124,-0.0182653665542602,0.1158072054386138,0.996580958366394,0.1436324119567871,0.2219828069210052,0.9256136417388916,-0.1295983493328094,0.2489196956157684,0.9617666006088256,0.1019966288148988,0.1240020843560654,0.0011810221053936,-0.0081907222668329,0.25,0.25,1,1.0
crossover_02_05_1.mp4,86,0.1631211042404174,,,0.0538637042045593,-0.0187162458896636,0.9940201640129088,-0.0464482009410858,-0.0124813020229339,0.9993056654930116,0.0382099151611328,0.1126089990139007,0.9827735424041748,-0.0222134888172149,0.1205215156078338,0.9968507289886476,0.1433311104774475,0.2218125164508819,0.9302880764007568,-0.1297777593135833,0.2487733066082,0.9642214775085448,,,0.0,0.0,0.75,0.75,0,0.0
crossover_02_05_1.mp4,87,0.1605315953493118,-0.0002713441848755,0.2516180245964615,0.0534260272979736,-0.0154685378074646,0.9943580627441406,-0.0465556979179382,-0.0090509057044982,0.9993492364883424,0.0247986912727355,0.1124101281166076,0.9838825464248656,-0.0309670865535736,0.1301247477531433,0.9970837831497192,0.1430205106735229,0.2245898246765136,0.9334339499473572,-0.1298543214797973,0.2521986365318298,0.965907871723175,0.1414473227749171,0.1253109928046724,0.0305990720236742,-0.0476337552070618,1.0,1.0,0,1.0
crossover_02_05_1.mp4,88,0.1587094664573669,-0.0255076050758361,0.2364328655931684,0.0524889826774597,-0.0136670768260955,0.9944279193878174,-0.0470740795135498,-0.0068743526935577,0.999341607093811,0.0193003416061401,0.1079868376255035,0.9839633703231812,-0.0363655984401702,0.1350409090518951,0.9970439076423644,0.1423321366310119,0.2264947593212127,0.9334145188331604,-0.1302192509174347,0.2546892464160919,0.965781033039093,0.1360372529365577,0.1019716866152923,-0.015185159003293,-0.0252362608909606,0.75,0.75,1,1.0
crossover_02_05_1.mp4,89,0.1580176055431366,-0.0305421729882558,0.2288677582034358,0.0522577464580535,-0.0132191181182861,0.9943147897720336,-0.0471623241901397,-0.0070658326148986,0.9992998242378236,0.0225155055522918,0.1098732948303222,0.9836565852165222,-0.0384122729301452,0.1354876160621643,0.9968439936637878,0.1421980559825897,0.2272011637687683,0.932218849658966,-0.1302733719348907,0.2555608749389648,0.9652012586593628,0.1302873730089273,0.0937112022088043,-0.0075651073897325,-0.0050345679124196,0.25,0.25,1,1.0
crossover_02_05_1.mp4,90,0.1581863760948181,-0.016295396288236,0.2366825256082746,0.0529149025678634,-0.0136173665523529,0.9945588707923888,-0.0476991981267929,-0.0072119534015655,0.9993278980255128,0.0310754030942916,0.1126404106616973,0.9846221804618835,-0.0379998832941055,0.1350665986537933,0.9970182180404664,0.141801580786705,0.2270346581935882,0.933286726474762,-0.1306111365556717,0.2554228007793426,0.96562659740448,0.1327796630307502,0.1039080428408043,0.0078147674048387,0.0142467767000198,0.75,0.75,0,1.0
crossover_02_05_1.mp4,91,0.1581981480121612,,,0.0533678233623504,-0.0133646428585052,0.9947152137756348,-0.0482797622680664,-0.0074644982814788,0.9993511438369752,0.044080764055252,0.1217547953128814,0.9854801297187804,-0.0284916460514068,0.133749634027481,0.9971768260002136,0.1415906250476837,0.2270372807979583,0.9338917136192322,-0.1310455203056335,0.255194753408432,0.9661601781845092,,,0.0,0.0,1.0,1.0,0,0.0
crossover_02_05_1.mp4,92,0.1582993268966674,0.0411432911952336,0.2518647346231673,0.0541674345731735,-0.0132893025875091,0.9945583939552308,-0.0487530678510665,-0.008210152387619,0.9993526935577391,0.0528245419263839,0.1222563087940216,0.9851332306861876,-0.020457699894905,0.1277380883693695,0.9972436428070068,0.1414390057325363,0.2261352241039276,0.9316967725753784,-0.1311996728181839,0.2544817626476288,0.9659577012062072,0.130133760663992,0.1385716652620686,0.0151822090148926,0.0574386874834696,0.75,0.75,0,1.0
crossover_02_05_1.mp4,93,0.1588871479034423,0.0586451202630996,0.2260447952482435,0.0543771535158157,-0.013683795928955,0.9942561388015748,-0.0486311465501785,-0.0092265605926513,0.9992966651916504,0.0552479773759841,0.1231123805046081,0.9846324920654296,-0.0184785574674606,0.1200141310691833,0.9970800280570984,0.1415322571992874,0.2253561615943908,0.9286591410636902,-0.1311127990484237,0.2540969252586365,0.9648052453994752,0.102988458502646,0.1311127888992524,-0.0258199393749237,0.017501829067866,0.25,0.25,1,1.0
crossover_02_05_1.mp4,94,0.1597054600715637,0.0545169373353322,0.2227363206722118,0.0544562637805938,-0.0145664811134338,0.9941309094429016,-0.0482882559299469,-0.0090936422348022,0.9993250966072084,0.0521053969860076,0.1216825246810913,0.9842252135276794,-0.0195256769657135,0.1194625496864318,0.9971746206283568,0.1415600478649139,0.2246273159980774,0.9226427674293518,-0.131099134683609,0.2536004185676574,0.9628474712371826,0.1010825663063192,0.1270739174896121,-0.0033084745760316,-0.0041281829277673,0.25,0.25,1,1.0
crossover_02_05_1.mp4,95,0.1600809395313263,0.0329665929079056,0.2414031805815519,0.0544058233499527,-0.0161916017532348,0.9941357970237732,-0.0482517033815383,-0.0092578530311584,0.9993562698364258,0.0440935045480728,0.1166504025459289,0.9845448136329652,-0.0222575515508651,0.1244564652442932,0.997344970703125,0.1415646225214004,0.2242655158042907,0.925613820552826,-0.1311324685811996,0.2531770467758178,0.9641498923301696,0.1252480091269059,0.1293299669812724,0.0186668599093401,-0.0215503444274266,0.75,0.75,0,1.0
crossover_02_05_1.mp4,96,0.1594539433717727,0.0074092159668604,0.2529576010174221,0.0533431023359298,-0.0159429907798767,0.9940897226333618,-0.0482262820005416,-0.0077897906303405,0.9993831515312196,0.0269446820020675,0.1119961738586425,0.9846343994140624,-0.0316979736089706,0.1346880197525024,0.9974880814552308,0.1414901465177536,0.225329577922821,0.923334777355194,-0.1310866922140121,0.2546248435974121,0.9629550576210022,0.1423086728904906,0.1245675163479606,0.0115544204358701,-0.0255573769410451,1.0,1.0,0,1.0
crossover_02_05_1.mp4,97,0.1592689007520675,-0.0169020583232243,0.2404173199777249,0.0512044578790664,-0.0163356959819793,0.9941928386688232,-0.0483125001192092,-0.0071540772914886,0.999373197555542,0.0182799249887466,0.1045211255550384,0.9851069450378418,-0.0377467423677444,0.1356459558010101,0.997481405735016,0.1413778811693191,0.2256493270397186,0.9240480065345764,-0.1310695260763168,0.2551204860210418,0.9626391530036926,0.1403764496214818,0.1068248080006029,-0.0125402810396971,-0.0243112742900848,0.75,0.75,0,1.0
crossover_02_05_1.mp4,98,0.1587429344654083,-0.0331824799378713,0.2290857189231449,0.0504026710987091,-0.016520470380783,0.9942635893821716,-0.0483157932758331,-0.006710261106491,0.999326229095459,0.0200172364711761,0.1061990559101104,0.985335111618042,-0.0390548110008239,0.1356752216815948,0.997315526008606,0.1413451731204986,0.2261028587818145,0.925761878490448,-0.130867600440979,0.2556668817996979,0.9631683230400084,0.1339079600788622,0.0935948997917437,-0.01133160105458,-0.0162804216146469,0.25,0.25,1,1.0
crossover_02_05_1.mp4,99,0.1601033508777618,-0.0282059510548909,0.2288415321597346,0.0504040122032165,-0.0184841156005859,0.9944324493408204,-0.0484343767166137,-0.0084947943687438,0.9993273019790648,0.0210978984832763,0.1053969860076904,0.9860154390335084,-0.0372970700263977,0.1351134181022644,0.9973523020744324,0.1412334442138672,0.2243041396141052,0.9282891154289246,-0.1308683454990387,0.253848135471344,0.9640066027641296,0.1329263914877945,0.0941679765574489,-0.0002441867634102,0.0049765288829803,0.25,0.25,1,1.0
crossover_02_05_1.mp4,100,0.1595717370510101,-0.004537484049797,0.2435817488917597,0.0525865703821182,-0.0161696076393127,0.9945331811904908,-0.0486804991960525,-0.008517563343048,0.9993254542350768,0.0391680747270584,0.1155859231948852,0.9865641593933104,-0.0330658107995986,0.1340207457542419,0.9973443746566772,0.141152873635292,0.2242296934127807,0.92946857213974,-0.1310284882783889,0.2536513209342956,0.9645360112190248,0.1352520138993199,0.1132143049072979,0.014740216732025,0.0236684670050938,0.75,0.75,0,1.0
crossover_02_05_1.mp4,101,0.1592129319906234,0.0247856378555297,0.2535719920087743,0.0530163049697876,-0.016394555568695,0.994391918182373,-0.0491432845592498,-0.0091859698295593,0.9993420839309692,0.0500407218933105,0.1238017082214355,0.9864393472671508,-0.0226342976093292,0.1298553347587585,0.9974392652511596,0.1407462954521179,0.2239391803741455,0.9263207912445068,-0.1315146386623382,0.2532457113265991,0.9642054438591005,0.1322049387277261,0.1324932510002274,0.0099902431170145,0.0293231219053268,1.0,1.0,0,1.0
crossover_02_05_1.mp4,102,0.1592542082071304,0.0483622938394546,0.2329974273840586,0.0535418540239334,-0.0160607397556304,0.9938362836837769,-0.0487666875123977,-0.0095798671245574,0.9992968440055848,0.0517117530107498,0.1252385675907135,0.9842082858085632,-0.0178501158952713,0.120961993932724,0.9972529411315918,0.1411095410585403,0.2239616215229034,0.923041820526123,-0.1312252432107925,0.2535054385662079,0.962954878807068,0.1078109026986695,0.1301384706822224,-0.0205745646247157,0.0235766559839248,0.75,0.75,0,1.0
crossover_02_05_1.mp4,103,0.1601413190364837,0.0507692992687225,0.2223465996759909,0.0536860525608062,-0.0167180001735687,0.9938368797302246,-0.0478535294532775,-0.0104993283748626,0.9993171691894532,0.0504278838634491,0.1235824525356292,0.9841852188110352,-0.0169666707515716,0.1178652346134185,0.9973587989807128,0.1415947377681732,0.2232318818569183,0.9234304428100586,-0.1307372152805328,0.2527751624584198,0.9633135795593262,0.0987647372539509,0.1245171364910416,-0.0106508277080676,0.0024070054292678,0.25,0.25,1,1.0
crossover_02_05_1.mp4,104,0.1605137884616851,0.0374513924121856,0.2267109402903804,0.0536646544933319,-0.0171374082565307,0.9939230680465698,-0.0475377440452575,-0.0102052688598632,0.9993566870689392,0.0460256040096282,0.1228612661361694,0.9845094680786132,-0.0186228454113006,0.1211451888084411,0.9975136518478394,0.1416170299053192,0.2230157256126403,0.9250900149345398,-0.1307048797607422,0.2523320317268371,0.9643096923828124,0.1042030322325291,0.1195342964735705,0.0043643406143895,-0.0133179068565368,0.25,0.25,1,1.0
crossover_02_05_1.mp4,105,0.1601842045783996,0.0123146752516428,0.2562611111888179,0.0533290207386016,-0.0172392129898071,0.9941076636314392,-0.0475105047225952,-0.0090491771697998,0.9993870854377748,0.0290885865688323,0.1159865260124206,0.9852557182312012,-0.0292412340641021,0.1306234002113342,0.9976637363433838,0.1415511071681976,0.2240893840789795,0.9256486296653748,-0.1307199299335479,0.2535426616668701,0.9642715454101562,0.1412739301756954,0.1323318858730583,0.0295501708984374,-0.0251367171605427,0.75,0.75,0,1.0
crossover_02_05_1.mp4,106,0.1597945541143417,-0.0091199060281118,0.257082701170886,0.0522272884845733,-0.0172392725944519,0.9942935109138488,-0.0476239919662475,-0.007872462272644,0.9994012713432312,0.016961246728897,0.1066601872444152,0.9858567714691162,-0.0381052494049072,0.1334071159362793,0.9977461099624634,0.1413967907428741,0.224867582321167,0.9263089895248412,-0.1307561099529266,0.2551456093788147,0.9643163681030272,0.152666824245131,0.1270267708547817,0.0008215899820681,-0.0214345812797546,1.0,1.0,0,1.0
crossover_02_05_1.mp4,107,0.1586218923330307,-0.0282880385716756,0.243678883490739,0.051070213317871,-0.0161822140216827,0.9944282174110411,-0.0478403866291046,-0.0069884359836578,0.9993906617164612,0.0147873759269714,0.105011910200119,0.9860792756080629,-0.0404611527919769,0.1351674497127533,0.9976787567138672,0.1411952376365661,0.2263591587543487,0.9289674758911132,-0.1308131217956543,0.2568327486515045,0.9651941061019896,0.1452033774256363,0.109192105806119,-0.0134038176801469,-0.0191681325435638,0.75,0.75,0,1.0
crossover_02_05_1.mp4,108,0.1570315808057785,-0.032940008242925,0.2355988151497311,0.0509947836399078,-0.014198213815689,0.9944092631340028,-0.0479684770107269,-0.0060156881809234,0.9993724822998048,0.0198404490947723,0.1078812181949615,0.9859063029289246,-0.0395692288875579,0.13687065243721,0.9976269006729126,0.1410863101482391,0.2280916273593902,0.9287622570991516,-0.1307312548160553,0.2585847675800323,0.9647516012191772,0.138193926236566,0.0989504758904436,-0.0080800683410079,-0.0046519696712494,0.25,0.25,1,1.0
crossover_02_05_1.mp4,109,0.1573701649904251,-0.0182952562967936,0.2467387678446593,0.0525467991828918,-0.0136903226375579,0.99473375082016,-0.0488147437572479,-0.006228893995285,0.9994041919708252,0.0314944982528686,0.11055389046669,0.986879825592041,-0.0379775166511535,0.1365937292575836,0.99776029586792,0.1404644250869751,0.2279059588909149,0.9327932000160216,-0.1313410401344299,0.2582686245441437,0.966736376285553,0.1450011740799643,0.1118897711947128,0.0111399526949281,0.0146447519461314,0.75,0.75,0,1.0
crossover_02_05_1.mp4,110,0.1585404127836227,0.0102719336748122,0.2645254057866556,0.0547254234552383,-0.0138082206249237,0.9950276613235474,-0.0493899136781692,-0.0066443979740142,0.9994361996650696,0.0457613617181777,0.1221427619457244,0.9877326488494872,-0.0277156382799148,0.1355333626270294,0.9978872537612916,0.1404222398996353,0.2279963195323944,0.935148298740387,-0.1317674964666366,0.2573979198932647,0.9681850671768188,0.1467389408779369,0.1344693378488584,0.0177866379419963,0.0285671899716059,1.0,1.0,0,1.0
crossover_02_05_1.mp4,111,0.1598185002803802,0.0355684260527292,0.2511286603079902,0.0560671985149383,-0.012906014919281,0.9941837191581726,-0.0494278371334075,-0.0073030591011047,0.9994121193885804,0.0544191300868988,0.1267809271812439,0.9842508435249328,-0.0192496180534362,0.1260194778442382,0.9978058934211732,0.1404180228710174,0.2274021506309509,0.9241068959236144,-0.1318303942680359,0.2568178176879883,0.964451014995575,0.1257684689274079,0.1365918207521002,-0.0133967454786654,0.0252964923779169,0.75,0.75,0,1.0
crossover_02_05_1.mp4,112,0.1606583148241043,0.0555111835400263,0.2296168439918093,0.0560729652643203,-0.0123285353183746,0.9934036731719972,-0.0487807542085647,-0.0079759061336517,0.9993714690208436,0.0553484112024307,0.126235693693161,0.9810611605644226,-0.0153097957372665,0.1171599328517913,0.9976726770401,0.1407103687524795,0.2270391881465912,0.9125060439109802,-0.1315563768148422,0.2561927139759063,0.959375023841858,0.1033812784400812,0.1328990894210666,-0.0215118163161808,0.0199427574872971,0.25,0.25,1,1.0
crossover_02_05_1.mp4,113,0.161250352859497,0.0530160079399745,0.2232234248408564,0.0562506169080734,-0.0135710835456848,0.9931918382644652,-0.0480893701314926,-0.0085371136665344,0.9993865489959716,0.0520961135625839,0.1247392892837524,0.9806396961212158,-0.0159188956022262,0.118315577507019,0.997712790966034,0.141112133860588,0.2268592715263366,0.9058149456977844,-0.1311617940664291,0.2558275461196899,0.957062840461731,0.0984884316155739,0.1255295875823395,-0.0063934191509529,-0.0024951756000518,0.25,0.25,1,1.0
crossover_02_05_1.mp4,114,0.1626822650432586,0.0335835188627242,0.2289413019462868,0.0560017675161361,-0.0148653388023376,0.9935616850852966,-0.0480313748121261,-0.0093727111816406,0.99941223859787,0.0467728227376937,0.120752215385437,0.9817766547203064,-0.0171565264463424,0.1206187009811401,0.9978113770484924,0.1409960240125656,0.2259613275527954,0.910002052783966,-0.1312512308359146,0.2544852495193481,0.9589698314666748,0.1089900738029722,0.119617465605239,0.0057178771054303,-0.0194324890772502,0.75,0.75,0,1.0
crossover_02_05_1.mp4,115,0.1625088304281234,0.008163512746493,0.257309302577266,0.0558435767889022,-0.0157448649406433,0.9937225580215454,-0.0480432659387588,-0.0087829232215881,0.9994332790374756,0.03205107152462,0.1137256026268005,0.9823647141456604,-0.0291294902563095,0.1303019523620605,0.9979078769683838,0.1409612745046615,0.2264260649681091,0.9100911021232604,-0.1312795430421829,0.2553951740264892,0.9588568806648254,0.1455571858612407,0.132369313217433,0.0283680006309792,-0.0254200061162312,1.0,1.0,0,1.0
crossover_02_05_1.mp4,116,0.1617144495248794,-0.01299942334493,0.2417030524324488,0.0541934370994567,-0.0154406428337097,0.9940584301948548,-0.0480508208274841,-0.0075553059577941,0.9994396567344666,0.0198651552200317,0.1065109968185424,0.983445167541504,-0.0384742617607116,0.1365894079208374,0.99792742729187,0.1409567594528198,0.2275382280349731,0.9102344512939452,-0.1312668323516845,0.2570938467979431,0.9583325386047364,0.1391293370406331,0.1081565793413586,-0.0156062501448172,-0.021162936091423,0.75,0.75,0,1.0
crossover_02_05_1.mp4,117,0.1077720522880554,-0.0225703577200571,0.1057480701693782,0.0331934988498687,-0.0226080119609832,0.971253216266632,-0.0344535112380981,-0.0046628415584564,0.9909706115722656,0.0081062912940979,0.0609527230262756,0.9334644079208374,-0.036776840686798,0.0861159563064575,0.9786418080329896,0.1031202971935272,0.1807190775871276,0.9158950448036194,-0.1067887842655181,0.1854374408721923,0.9586577415466307,0.05429254019116,0.0242331189286683,-0.1359549822630705,-0.0095709343751271,0.25,0.25,1,1.0
crossover_02_05_1.mp4,118,0.1035300940275192,-0.0309188415606816,0.1074581830589859,0.0312175303697586,-0.0136263370513916,0.9016514420509338,-0.033725693821907,-0.0027599036693573,0.9671565890312196,0.0082761198282241,0.0627744793891906,0.8496301174163818,-0.0447496622800827,0.0734928846359252,0.930108368396759,0.1012379080057144,0.1850249171257019,0.9080783724784852,-0.1036002784967422,0.1894581913948059,0.9443992376327516,0.0594380212652464,0.0366733295289612,0.0017101128896076,-0.0083484838406244,0.0,0.0,1,1.0
crossover_02_05_1.mp4,119,0.0941179990768432,-0.0347999056180318,0.1081649538543488,0.031085193157196,0.0025385469198226,0.907896876335144,-0.0327488780021667,-0.0002483576536178,0.9648764729499816,0.0137169063091278,0.0786313861608505,0.8572367429733276,-0.0457332134246826,0.0733405202627182,0.9220556616783142,0.099952220916748,0.1906541436910629,0.915813684463501,-0.1037130057811737,0.1950743645429611,0.948627471923828,0.0567988790407154,0.036500388964679,0.0007067707953629,-0.0038810640573501,0.0,0.0,1,1.0
crossover_02_05_1.mp4,120,0.0950014144182205,-0.0323074509700139,0.1070230867023821,0.0353468805551528,0.0007274001836776,0.912946879863739,-0.0298273116350173,0.0018698126077651,0.966150403022766,0.0197231620550155,0.0861536413431167,0.8651049137115479,-0.0414988547563552,0.0696162730455398,0.9273190498352052,0.1010379344224929,0.192204549908638,0.922878086566925,-0.1027537435293197,0.1927020102739334,0.952358603477478,0.0560599539900251,0.0385194965117833,-0.0011418671519667,0.0024924546480178,0.0,0.0,1,1.0
crossover_02_05_1.mp4,121,0.1077398806810379,-0.026942025621732,0.1026096207124215,0.0371640175580978,-0.0099150538444519,0.9092856645584106,-0.0296830683946609,-0.0108797848224639,0.9634675979614258,0.0256048887968063,0.0821371078491211,0.8479527831077576,-0.0393159240484237,0.0672346949577331,0.9130184650421144,0.0997906178236007,0.1789354681968689,0.9258727431297302,-0.1039658933877945,0.1813662052154541,0.9546179175376892,0.0563941663458837,0.0374766425180244,-0.0044134659899606,0.0053654253482818,0.0,0.0,1,1.0
crossover_02_05_1.mp4,122,0.112198531627655,-0.0170535802841186,0.1139900685460478,0.039156436920166,-0.0113878101110458,0.9160128831863404,-0.0287842154502868,-0.0125995129346847,0.9649900197982788,0.0347527265548706,0.0813189595937728,0.858311116695404,-0.0329327285289764,0.0749911516904831,0.9128817319869996,0.0999817252159118,0.1749085038900375,0.9315986037254332,-0.1037696301937103,0.1766089648008346,0.958180844783783,0.061247814560741,0.0421077530258909,0.0113804478336263,0.0098884453376134,0.0,0.0,1,1.0
crossover_02_05_1.mp4,123,0.115849956870079,-0.0012001603841781,0.1359521980638857,0.0397288352251052,-0.0126120150089263,0.923410415649414,-0.0288614481687545,-0.0166843235492706,0.968407154083252,0.0401840358972549,0.0802164077758789,0.8708947896957397,-0.0250269621610641,0.0744667649269104,0.9214577674865724,0.0995231419801712,0.171114981174469,0.936309814453125,-0.1046511977910995,0.1748744845390319,0.9615604281425476,0.0694199540542116,0.0659406928304251,0.0219621295178378,0.0158534198999404,0.25,0.25,1,1.0
crossover_02_05_1.mp4,124,0.1160798370838165,0.0189574728409449,0.1663345366716384,0.0433021038770675,-0.0137221962213516,0.930425763130188,-0.0288854986429214,-0.0155442506074905,0.9715315103530884,0.0433649867773056,0.0808771401643753,0.88287752866745,-0.0185198038816452,0.0754773765802383,0.9292733669281006,0.099836990237236,0.1745784431695938,0.9409294128417968,-0.1048450917005539,0.1746645718812942,0.9646992087364196,0.0888745934131528,0.0982831105043786,0.0303823386077527,0.020157633225123,0.75,0.75,0,1.0
crossover_02_05_1.mp4,125,0.1194647550582885,0.0397688835859298,0.1802741063965691,0.0449497550725936,-0.0167694389820098,0.93629252910614,-0.0291085988283157,-0.017524242401123,0.974323034286499,0.0470908731222152,0.0755826234817504,0.8929883241653442,-0.0134117752313613,0.068049132823944,0.936290204524994,0.0995127409696579,0.1723608374595642,0.942697525024414,-0.105058804154396,0.1727572679519653,0.966490626335144,0.1049472159024394,0.1241878704448125,0.0139395697249307,0.0208114107449849,1.0,1.0,0,1.0
crossover_02_05_1.mp4,126,0.1185447126626968,0.0534965654214223,0.1536097158988316,0.0457125008106231,-0.0154671519994735,0.941228985786438,-0.0290319919586181,-0.0177586525678634,0.9768404960632324,0.0513705909252166,0.070802167057991,0.9014249444007874,-0.0115734338760375,0.0679040104150772,0.9426127076148988,0.0989450514316558,0.1715490967035293,0.9451974034309388,-0.1051910817623138,0.1745645552873611,0.9686388969421388,0.0828348351394914,0.1076084232810772,-0.0266643904977375,0.0137276818354924,0.75,0.75,0,1.0
crossover_02_05_1.mp4,127,0.1185183674097061,0.0630049725373586,0.1338647964927884,0.0460360944271087,-0.0136777013540267,0.9444074034690856,-0.0285184979438781,-0.0171725898981094,0.979106068611145,0.0559346973896026,0.0695229917764663,0.907215654850006,-0.00992351770401,0.070808008313179,0.9483084678649902,0.0988835394382476,0.1715760976076126,0.9482598304748536,-0.104848712682724,0.174604907631874,0.9708687663078308,0.0647291018384953,0.0964091449210785,-0.0197449194060431,0.0095084071159362,0.25,0.25,1,1.0
crossover_02_05_1.mp4,128,0.1169591099023819,0.0621954381465912,0.1318763120306862,0.0431082546710968,-0.0106876343488693,0.9456246495246888,-0.0275017321109771,-0.0140955597162246,0.9811286330223083,0.0542039573192596,0.0720053762197494,0.9089090824127196,-0.0084441602230072,0.0750419348478317,0.9534249901771544,0.0994182527065277,0.1735118478536605,0.9501675963401794,-0.1042936444282531,0.1767268627882003,0.9723386764526368,0.0604019264650634,0.0906647632081017,-0.0019884844621022,-0.0008095343907673,0.0,0.0,1,1.0
crossover_02_05_1.mp4,129,0.1172150075435638,0.0494727045297622,0.1430626468525992,0.040231242775917,-0.0126945525407791,0.9428776502609252,-0.0274512022733688,-0.012685552239418,0.9829216599464417,0.047705128788948,0.0728416889905929,0.8986519575119019,-0.0085314065217971,0.0762154310941696,0.9579622745513916,0.0994570404291153,0.1742530912160873,0.9509750604629515,-0.1044717282056808,0.1780825704336166,0.9734853506088256,0.0702432007176294,0.0885043905890306,0.011186334821913,-0.0127227336168289,0.25,0.25,1,1.0
crossover_02_05_1.mp4,130,0.1163896322250366,0.0178313761949538,0.1837919771671294,0.0384218245744705,-0.0136023461818695,0.9332236051559448,-0.0272032469511032,-0.0098911523818969,0.9845166206359864,0.0348191410303115,0.072075217962265,0.8666338920593262,-0.010684922337532,0.0796274840831756,0.961973249912262,0.1000823527574539,0.1768218576908111,0.9476208090782166,-0.1043121367692947,0.1805447041988372,0.9732881784439088,0.1130009665504639,0.1079973189548283,0.0407293303145301,-0.0316413283348083,0.75,0.75,0,1.0
crossover_02_05_1.mp4,131,0.1176321059465408,-0.0081563264131546,0.1723181259852868,0.0358825176954269,-0.0152936428785324,0.933441996574402,-0.0269874185323715,-0.0093722492456436,0.9853716492652892,0.0223560780286788,0.0704926401376724,0.8367687463760376,-0.0146974772214889,0.0811591297388076,0.9573355317115784,0.1004636138677597,0.1779211312532425,0.9442030787467957,-0.1041115075349807,0.1810696274042129,0.9730032682418824,0.1062988071096037,0.0913933764042174,-0.0114738511818426,-0.0259877026081085,1.0,1.0,0,1.0
crossover_02_05_1.mp4,132,0.1177951544523239,-0.0293164173762003,0.1462328564237665,0.0319438576698303,-0.0154580771923065,0.9367352724075316,-0.0267852842807769,-0.011174589395523,0.9856058955192566,0.0140962302684783,0.0726740658283233,0.8400897979736328,-0.0281315445899963,0.0821735560894012,0.9528506994247437,0.1009474396705627,0.1800901591777801,0.9446077942848206,-0.1036664843559265,0.1832224428653717,0.9735214710235596,0.0854140131909587,0.0640702573964542,-0.0260852695615203,-0.0211600909630457,0.75,0.75,0,1.0
crossover_02_05_1.mp4,133,0.1171729564666748,-0.0444529742002487,0.1314137927911899,0.0293159633874893,-0.014069065451622,0.9365854859352112,-0.0291227847337722,-0.0108294337987899,0.9855453372001648,0.0090432912111282,0.0717652887105941,0.8397670984268188,-0.0448265820741653,0.0819172114133834,0.9452487826347352,0.1009067445993423,0.1817119568586349,0.9405747056007384,-0.1035574823617935,0.1847472637891769,0.9713197350502014,0.080123619813494,0.0494979913828154,-0.0148190636325765,-0.0151365568240484,0.25,0.25,1,1.0
crossover_02_05_1.mp4,134,0.117338091135025,-0.0510997414588928,0.1197338425450854,0.0286700725555419,-0.0142587274312973,0.9286816716194152,-0.0348488986492157,-0.0113612562417984,0.983875811100006,0.0074765980243682,0.0696501284837722,0.8349988460540771,-0.0592913031578063,0.0715060979127883,0.939211130142212,0.1006520986557006,0.1818470507860183,0.9289476275444032,-0.1038168370723724,0.1849507242441177,0.9599264860153198,0.0770685795991702,0.0489184733550135,-0.0116799502461044,-0.0066467672586441,0.0,0.0,1,1.0
crossover_02_05_1.mp4,135,0.1162064671516418,-0.0498206396897634,0.1228312427247012,0.029531329870224,-0.0136315375566482,0.926833987236023,-0.0352120697498321,-0.0122351199388504,0.9833191633224488,0.0087793171405792,0.0711569041013717,0.8395701050758362,-0.0574441850185394,0.0690414160490036,0.9349556565284728,0.1006174981594085,0.183061346411705,0.924232006072998,-0.1038728952407836,0.186410591006279,0.9558568596839904,0.0781293300411346,0.0543273770504475,0.0030974001796157,0.0012791017691294,0.0,0.0,1,1.0
crossover_02_05_1.mp4,136,0.1168586760759353,-0.0415442764759063,0.1346107442069937,0.0302454531192779,-0.0143384486436843,0.9281924962997437,-0.031419426202774,-0.0175575166940689,0.9816160798072816,0.013334572315216,0.0718941837549209,0.8313925266265869,-0.0529701113700866,0.0703289061784744,0.9155017733573914,0.1006369888782501,0.1825232654809951,0.9246034026145936,-0.1038579642772674,0.1860309988260269,0.9572659730911256,0.0833369965836145,0.0652893896690255,0.0117795014822924,0.008276363213857,0.25,0.25,1,1.0
crossover_02_05_1.mp4,137,0.1171528548002243,-0.020343275864919,0.1577190311970534,0.0311622619628906,-0.0147338062524795,0.9229214191436768,-0.0275594294071197,-0.0171367675065994,0.9811768531799316,0.0196940898895263,0.0730963200330734,0.7918857932090759,-0.0279662311077117,0.0702157467603683,0.9107200503349304,0.1009492874145507,0.1816128343343734,0.9256386160850524,-0.1035257279872894,0.1853779405355453,0.9588501453399658,0.0936162053348544,0.0878346983477545,0.0231082869900597,0.0212010006109873,0.75,0.75,0,1.0
crossover_02_05_1.mp4,138,0.1154362559318542,0.0156254569689432,0.1950283367324758,0.0382603406906127,-0.0156718045473098,0.8979008197784424,-0.0240746140480041,-0.0145601779222488,0.9825446009635924,0.0344331264495849,0.0682386308908462,0.7321705222129822,-0.0126000940799713,0.0729072242975235,0.918354332447052,0.1017398834228515,0.182686761021614,0.916604459285736,-0.102709025144577,0.1862144023180008,0.9560520052909852,0.1281770569903211,0.1253405275015434,0.0373093055354224,0.0359687328338623,1.0,1.0,0,1.0
crossover_02_05_1.mp4,139,0.1158851683139801,0.0459272493918736,0.1543160683578914,0.0423417836427688,-0.0156497061252594,0.9058934450149536,-0.0232456177473068,-0.0145457684993743,0.9842234253883362,0.0445312410593032,0.0696593821048736,0.7536647319793701,-0.0028968900442123,0.0709284842014312,0.9264385104179382,0.1012167483568191,0.1822647154331207,0.9203307628631592,-0.1029139012098312,0.1858483254909515,0.9589066505432128,0.0846681957207457,0.0966296320138139,-0.0407122683745844,0.0303017924229303,0.75,0.75,0,1.0
crossover_02_05_1.mp4,140,0.1160169839859008,0.0575067142645517,0.1363171333516085,0.0448974668979644,-0.0197955518960952,0.9140385985374452,-0.0216376185417175,-0.0141781717538833,0.9857496619224548,0.055927962064743,0.0673086196184158,0.7759875059127808,0.005821019411087,0.0713099390268325,0.9337406158447266,0.1013289391994476,0.18207348883152,0.926311492919922,-0.1027957201004028,0.1858055740594864,0.9622113108634948,0.0690265704361201,0.0830502640962968,-0.0179989350062829,0.0115794648726781,0.25,0.25,1,1.0
crossover_02_05_1.mp4,141,0.121663749217987,0.0643065611521402,0.1128465993536843,0.0476050972938537,-0.023856833577156,0.922137439250946,-0.0206025540828704,-0.0192203670740127,0.9871382117271424,0.0663584470748901,0.063041016459465,0.7978469133377075,0.0073988437652587,0.0661831945180893,0.9403376579284668,0.1012774109840393,0.1766832321882248,0.9322723150253296,-0.1028570532798767,0.1805823296308517,0.9654433727264404,0.0498478316807555,0.0735932174119042,-0.0234705339979242,0.0067998468875885,0.0,0.0,1,1.0
crossover_02_05_1.mp4,142,0.1228986084461212,0.062268567085266,0.1123381944718184,0.0465593338012695,-0.024441972374916,0.925169050693512,-0.0208795964717865,-0.0204346925020217,0.988332450389862,0.0598569512367248,0.0570442229509353,0.807746171951294,0.0048142671585083,0.0653275996446609,0.9461942315101624,0.1008610725402832,0.1751376539468765,0.9344714283943176,-0.103276789188385,0.1792297512292862,0.967154324054718,0.0553465371776154,0.0742360600118096,-0.0005084048818658,-0.0020379940668742,0.0,0.0,1,1.0
crossover_02_05_1.mp4,143,0.1227028965950012,0.0511924584706624,0.1283296922842661,0.0449504852294921,-0.0237961411476135,0.927192747592926,-0.0219963490962982,-0.0205676555633544,0.9894129037857056,0.0524808764457702,0.0620945990085601,0.8111827969551086,-0.0022372901439666,0.0658104717731475,0.9514618515968324,0.1000874638557434,0.1748530566692352,0.9375990629196168,-0.1040617227554321,0.1793965995311737,0.9692788124084472,0.0662476233695975,0.0822398380977269,0.0159914978124476,-0.0110761086146036,0.25,0.25,1,1.0
crossover_02_05_1.mp4,144,0.1199315935373306,0.0312788188457489,0.1545008905507899,0.041338175535202,-0.0225055366754531,0.902249276638031,-0.0223530232906341,-0.0180806368589401,0.9898461103439332,0.0361267626285553,0.0633559972047805,0.7503844499588013,-0.0065274834632873,0.069803848862648,0.953599750995636,0.1000778973102569,0.1772561222314834,0.9306544661521912,-0.1039817035198211,0.1817381531000137,0.9685373902320862,0.0912737319384754,0.092751848310452,0.0261711982665238,-0.0199136396249135,0.75,0.75,0,1.0
crossover_02_05_1.mp4,145,0.1195060312747955,-0.0023000588019688,0.188382472704958,0.0363754481077194,-0.0216193348169326,0.9048187732696532,-0.0241781324148178,-0.0163457244634628,0.988904356956482,0.0230280011892318,0.0695147663354873,0.7305338382720947,-0.017545536160469,0.0790634900331497,0.936013162136078,0.10008405148983,0.17753566801548,0.9180037379264832,-0.1038486212491989,0.1819069534540176,0.964396834373474,0.1215361766736824,0.110376920378708,0.033881582154168,-0.0335788776477177,1.0,1.0,0,1.0
crossover_02_05_1.mp4,146,0.1196089684963226,-0.0301927506923675,0.1528426051139831,0.0314829051494598,-0.0198422372341156,0.9130549430847168,-0.0271946489810943,-0.016512393951416,0.9893677234649658,0.0100254118442535,0.0687734484672546,0.752170979976654,-0.031986653804779,0.0793480277061462,0.9359902143478394,0.0996635258197784,0.1773427128791809,0.9199606776237488,-0.1042118966579437,0.1816881895065307,0.9660327434539796,0.0931940110581911,0.0735164675207756,-0.0355398675909748,-0.0278926918903986,0.75,0.75,0,1.0
crossover_02_05_1.mp4,147,0.1154862940311431,-0.0464073052008947,0.1310997031353138,0.0283474773168563,-0.0148884952068328,0.9188569784164428,-0.0290609747171401,-0.0134870111942291,0.9878495335578918,0.0062744468450546,0.0710514783859252,0.7677944898605347,-0.0425551980733871,0.0768702626228332,0.9215223789215088,0.0997126549482345,0.1809905171394348,0.9078233242034912,-0.104219302535057,0.1852652430534362,0.960390031337738,0.0798821400200568,0.0543660826951736,-0.0217429019786693,-0.0162145545085271,0.25,0.25,1,1.0
crossover_02_05_1.mp4,148,0.1137874126434326,-0.0510288347800572,0.1243378637013612,0.0277492254972457,-0.0134038627147674,0.9212357997894288,-0.0312135070562362,-0.0121906697750091,0.9850990772247314,0.0062860697507858,0.072192758321762,0.7770064473152161,-0.0524212270975112,0.072616308927536,0.9125776886940002,0.0996295660734176,0.1823546588420868,0.90130615234375,-0.1044827848672866,0.1869484484195709,0.9553900361061096,0.0774861942311606,0.0517402936268002,-0.0067618394339525,-0.0046215295791625,0.0,0.0,1,1.0
crossover_02_05_1.mp4,149,0.1129755824804306,-0.0470533937215805,0.1293342992111489,0.0284159928560256,-0.0126549899578094,0.923760950565338,-0.0307405143976211,-0.0132353901863098,0.9822628498077391,0.0096251219511032,0.0737720727920532,0.7777055501937866,-0.0437401980161666,0.0696240067481994,0.8861974477767944,0.0996680408716201,0.182302713394165,0.8994856476783752,-0.1044687181711196,0.1868753433227539,0.955036759376526,0.079370114926876,0.0598021428695772,0.0049964355097876,0.0039754410584767,0.25,0.25,1,1.0
crossover_02_05_1.mp4,150,0.119338259100914,-0.0308399657408396,0.1430288395395985,0.0291220247745513,-0.0189094096422195,0.9284828305244446,-0.0302885472774505,-0.0202766805887222,0.9836385250091552,0.0131627023220062,0.0753628462553024,0.7900798320770264,-0.0392798781394958,0.0667533725500106,0.8958505988121033,0.0994246900081634,0.1752257198095321,0.90597265958786,-0.1047301292419433,0.1797947734594345,0.9583225846290588,0.0807150633017121,0.0767409863487347,0.0136945403284496,0.0162134279807408,0.75,0.75,0,1.0
crossover_02_05_1.mp4,151,0.1195391863584518,0.0084305435419082,0.1809824096935767,0.0326538830995559,-0.0186027437448501,0.9125795960426332,-0.0289127379655838,-0.0213498622179031,0.9818779230117798,0.0236412435770034,0.0766306370496749,0.7232887744903564,-0.0209113210439682,0.0697887390851974,0.8651262521743774,0.0998962074518203,0.174118086695671,0.899813175201416,-0.1043639630079269,0.1783537119626999,0.9563954472541808,0.1054545297722302,0.1149999017423087,0.0379535701539781,0.0392705092827478,1.0,1.0,0,1.0
crossover_02_05_1.mp4,152,0.1184556186199188,0.0319910526275635,0.1666324773320445,0.0383500456809997,-0.017265573143959,0.912892997264862,-0.0266416072845459,-0.0207452923059463,0.9836186170578004,0.0370141863822937,0.071499302983284,0.7207286953926086,-0.0076178908348083,0.0680055171251297,0.8784809112548828,0.1006629467010498,0.1751961261034011,0.9035951495170592,-0.1037849783897399,0.1793511658906936,0.9587955474853516,0.0952656954752842,0.1062833273936309,-0.0143499323615321,0.0235605090856552,0.75,0.75,0,1.0
crossover_02_05_1.mp4,153,0.1185280382633209,0.0543139209349949,0.1377282436247224,0.0428170710802078,-0.0171725451946258,0.919933021068573,-0.0233801752328872,-0.0216037333011627,0.9852114915847778,0.0490639358758926,0.0713914930820465,0.7448979616165161,0.0029529184103012,0.064674824476242,0.8905859589576721,0.1023958474397659,0.1752190291881561,0.9112683534622192,-0.1022266000509262,0.1795686781406402,0.962152898311615,0.0665441719137147,0.0893014816765386,-0.028904233707322,0.0223228683074314,0.25,0.25,0,1.0
crossover_02_05_1.mp4,154,0.1213660687208175,0.0636316001415252,0.1255081234154877,0.0457240045070648,-0.020333856344223,0.9271490573883056,-0.0200118720531463,-0.0224615931510925,0.9866403937339784,0.0586388409137725,0.0657935142517089,0.7691959142684937,0.0083198547363281,0.061937928199768,0.9014765620231628,0.1027696430683136,0.1717270612716674,0.918895959854126,-0.1018696129322052,0.1765567660331726,0.965422511100769,0.0599229688207215,0.0842648141250786,-0.0122201202092346,0.0093176792065302,0.0,0.0,1,1.0
crossover_02_05_1.mp4,155,0.121781975030899,0.0631755222876866,0.1257626320476885,0.0454147607088089,-0.0206710249185562,0.931736707687378,-0.0193583816289901,-0.020329400897026,0.98790043592453,0.0564329773187637,0.0649836808443069,0.7824383974075317,0.007603719830513,0.0643933564424514,0.9111896753311156,0.1025171428918838,0.1701280623674392,0.92474764585495,-0.1020170599222183,0.1758714467287063,0.9680720567703248,0.0611518014619437,0.0827913837102066,0.0002545086322007,-0.0004560778538386,0.25,0.25,1,1.0
crossover_02_05_1.mp4,156,0.1215548664331436,0.0503109713395436,0.1428144509041751,0.043565958738327,-0.0206634849309921,0.9350961446762084,-0.0206477642059326,-0.020364835858345,0.989044189453125,0.0486492812633514,0.0662333816289901,0.7937117218971252,0.0002228021621704,0.0654638856649398,0.9199760556221008,0.1016814410686492,0.1701994389295578,0.9283635020256042,-0.1028549373149871,0.175851508975029,0.9700762629508972,0.0765990951985726,0.0921516936055455,0.0170518188564865,-0.0128645509481429,0.75,0.75,1,1.0
crossover_02_05_1.mp4,157,0.1201057434082031,0.018619829416275,0.1847482434025517,0.042974978685379,-0.0201569199562072,0.920133411884308,-0.0213953852653503,-0.0193050503730773,0.9895910620689392,0.0400567352771759,0.0667745471000671,0.737909197807312,-0.005446434020996,0.0684661269187927,0.9251283407211304,0.1016755402088165,0.1707673668861389,0.9189741611480712,-0.1028948426246643,0.1763681173324585,0.9681869149208068,0.1199055209411142,0.1187464342613058,0.0419337924983765,-0.0316911419232686,1.0,1.0,0,1.0
crossover_02_05_1.mp4,158,0.1188908219337463,-0.006553108493487,0.1586858635699307,0.0406759232282638,-0.0197572261095047,0.9153679609298706,-0.0254264324903488,-0.0138720124959945,0.9893444776535034,0.0242162197828292,0.0691952556371688,0.6841775178909302,-0.0177629739046096,0.0786644667387008,0.9056564569473268,0.1010764688253402,0.1713656634092331,0.905811071395874,-0.1035004705190658,0.1768747419118881,0.9653499722480774,0.0946325550260111,0.0808027538723566,-0.0260623798326209,-0.0251729379097621,0.75,0.75,0,1.0
crossover_02_05_1.mp4,159,0.1186476796865463,-0.0285553395748138,0.1334238913324144,0.035820335149765,-0.0186434090137481,0.9220685362815856,-0.0282652676105499,-0.0140369236469268,0.9891425371170044,0.0141688883304595,0.0722202658653259,0.7074792385101318,-0.0313613712787628,0.0774109959602356,0.9019439220428468,0.1011297404766082,0.1722853779792785,0.9045889973640442,-0.1035166382789611,0.1775564551353454,0.96514493227005,0.0746407624587087,0.0560831370547173,-0.0252619722375163,-0.0220022310813267,0.25,0.25,1,1.0
crossover_02_05_1.mp4,160,0.1168081313371658,-0.0395292391379674,0.120144850788293,0.0316186994314193,-0.0165786892175674,0.9269567131996156,-0.0310992151498794,-0.0123815983533859,0.9870840311050416,0.0095964819192886,0.0740672796964645,0.7234192490577698,-0.0460637658834457,0.0778991430997848,0.880713164806366,0.1005357950925827,0.1743450611829757,0.9074879884719848,-0.1041554361581802,0.1793401092290878,0.965739369392395,0.0673533891286685,0.0427480977107783,-0.0132790405441213,-0.0109738995631535,0.0,0.0,1,1.0
crossover_02_05_1.mp4,161,0.1160504519939422,-0.0408867845932642,0.1186551383248082,0.0300991088151931,-0.0158696770668029,0.9298176765441896,-0.0320917516946792,-0.0119458138942718,0.985362470149994,0.0099213272333145,0.0747164189815521,0.7352312207221985,-0.0475716739892959,0.0747467577457428,0.8685844540596008,0.1002842336893081,0.1751604974269867,0.9053680300712584,-0.104421243071556,0.1800368130207061,0.964407205581665,0.0671719828865246,0.0444143403791301,-0.0014897124634848,-0.0013575454552968,0.0,0.0,1,1.0
crossover_02_05_1.mp4,162,0.1190571635961532,-0.0317699660857518,0.1275014520795256,0.0312259644269943,-0.0205421596765518,0.9344930052757264,-0.0314380675554275,-0.0186432749032974,0.9862398505210876,0.0153994113206863,0.0737714618444442,0.7512000799179077,-0.0376848429441452,0.0712989419698715,0.8768454194068909,0.1003548353910446,0.1719744652509689,0.9108225107192992,-0.1043776422739029,0.1767681688070297,0.9665900468826294,0.0714972867707086,0.0565129003934122,0.0088463137547174,0.0091168185075124,0.25,0.25,1,1.0
crossover_02_05_1.mp4,163,0.1186087876558303,-0.0076027790705363,0.1519283966885672,0.0312413573265075,-0.0198558419942855,0.912787139415741,-0.0311711430549621,-0.0194942504167556,0.9842114448547364,0.0205216109752655,0.0779158920049667,0.6857360005378723,-0.0238522887229919,0.0763283222913742,0.8444913625717163,0.1003450155258178,0.1717958301305771,0.8994868993759155,-0.1043910384178161,0.1760365217924118,0.9618590474128724,0.0791759569881437,0.0773266953438873,0.0244269446090416,0.0241671870152155,0.75,0.75,0,1.0
crossover_02_05_1.mp4,164,0.1187532842159271,0.024320845802625,0.1810920198758443,0.0359766334295272,-0.01939058303833,0.916609823703766,-0.0283939689397811,-0.0201408863067626,0.9857295751571656,0.03495554625988,0.0774242877960205,0.6871023178100586,-0.0131604224443435,0.0743184685707092,0.8599092364311218,0.1003895252943039,0.171737790107727,0.9063071608543396,-0.1044669598340988,0.1757283210754394,0.9647515416145324,0.1042117820996727,0.11316110960799,0.029163623187277,0.0319236248731613,1.0,1.0,0,1.0
crossover_02_05_1.mp4,165,0.1187644302845001,0.0483985424041748,0.1497463987933265,0.0400830507278442,-0.0180020034313201,0.9242611527442932,-0.0269582867622375,-0.0207096636295318,0.987126350402832,0.0457562208175659,0.0771887600421905,0.7165562510490417,-0.0034912824630737,0.0698900520801544,0.8738804459571838,0.1004108190536499,0.1714434325695037,0.912843644618988,-0.1044728457927703,0.1753508150577545,0.9675292372703552,0.0726057353416891,0.0952343952315973,-0.0313456210825178,0.0240776966015497,0.75,0.75,0,1.0
crossover_02_05_1.mp4,166,0.119407445192337,0.0588075757026672,0.1374034176270167,0.0422856211662292,-0.017183169722557,0.931287169456482,-0.0243610441684722,-0.0197162479162216,0.9883823990821838,0.0566732883453369,0.0748167484998703,0.7439103126525879,0.0016829073429107,0.0668442696332931,0.886466383934021,0.1010622382164001,0.1700134724378585,0.9201308488845824,-0.1038395464420318,0.1742517203092575,0.97031831741333,0.0626230495501022,0.0907844761003352,-0.0123429811663098,0.0104090332984924,0.25,0.25,1,1.0
crossover_02_05_1.mp4,167,0.1183780580759048,0.0573392748832702,0.137371457947625,0.0420273542404174,-0.0153669714927673,0.9369689226150512,-0.0240035951137542,-0.0182241201400756,0.9895018339157104,0.0528506636619567,0.0739706754684448,0.7670372128486633,0.0011071264743804,0.0669514536857605,0.8977763056755066,0.1008056998252868,0.1702978610992431,0.9262195229530334,-0.1041221022605896,0.1745267510414123,0.9727304577827454,0.0635594749008236,0.0901167660034492,-3.195967939162436e-05,-0.0014683008193969,0.25,0.25,1,1.0
crossover_02_05_1.mp4,168,0.1222720295190811,0.0463828057050704,0.1418518639273114,0.0404080599546432,-0.0214867442846298,0.938581109046936,-0.0254910141229629,-0.0228024572134017,0.9905080795288086,0.0464546531438827,0.0693188458681106,0.77387535572052,-0.0052778273820877,0.0637826472520828,0.9079294204711914,0.09952013194561,0.1659902483224868,0.9294320940971376,-0.1054262369871139,0.1700487285852432,0.9744440913200378,0.0725330536433618,0.0936142275685153,0.0044804059796863,-0.0109564691781998,0.75,0.75,1,1.0
crossover_02_05_1.mp4,169,0.1203198283910751,0.0172657559315363,0.1772619074141538,0.0360400825738906,-0.0236148089170455,0.8987701535224915,-0.026187315583229,-0.0199522525072097,0.9906395077705384,0.0312805920839309,0.0628944784402847,0.7040979266166687,-0.0131031423807144,0.0705252438783645,0.9088732004165648,0.0989052206277847,0.1672602444887161,0.9242703914642334,-0.1058699935674667,0.171039417386055,0.9735867977142334,0.1152229336654446,0.110972903573134,0.0354100434868424,-0.0291170497735341,1.0,1.0,0,1.0
crossover_02_05_1.mp4,170,0.1159285902976989,-0.0113384902477264,0.1590595325937978,0.0313697755336761,-0.018882468342781,0.9025037288665771,-0.0290333330631256,-0.0156847387552261,0.990474820137024,0.0130428373813629,0.0672105997800827,0.7021118998527527,-0.0228473246097564,0.0744035094976425,0.9059138298034668,0.098930686712265,0.1716168373823166,0.9145054817199708,-0.1059125959873199,0.1753851026296615,0.9704418778419496,0.0950298668628728,0.0854347441901093,-0.018202374820356,-0.0286042461792627,0.75,0.75,0,1.0
crossover_02_05_1.mp4,171,0.1145083010196685,-0.0351532965898513,0.1378739699169441,0.0285673588514328,-0.0173098742961883,0.9107490181922911,-0.031081423163414,-0.0138056874275207,0.990176260471344,0.0042561143636703,0.0646483600139617,0.7259756922721863,-0.034167394042015,0.0784896910190582,0.8933966159820557,0.0994035452604293,0.1732243597507476,0.9137673377990724,-0.1055245250463485,0.1770017445087433,0.9696709513664246,0.0831570298734106,0.0593924623505013,-0.0211855626768536,-0.0238148063421249,0.25,0.25,1,1.0
crossover_02_05_1.mp4,172,0.1089734435081482,-0.0467092017332712,0.1344794937857875,0.0251595079898834,-0.0116658806800842,0.9166337251663208,-0.0329494178295135,-0.0083599686622619,0.9885598421096802,0.0027468502521514,0.0689554512500763,0.7480604648590088,-0.0480484664440155,0.0812980234622955,0.8872894048690796,0.0997233092784881,0.1788209974765777,0.909052848815918,-0.1052131354808807,0.1825843155384063,0.9624647498130798,0.0820932471535054,0.0531983309487609,-0.0033944761311566,-0.0115559051434198,0.0,0.0,1,1.0
crossover_02_05_1.mp4,173,0.1090963929891586,-0.0448798408110936,0.135607350424484,0.025447592139244,-0.0119312554597854,0.915779709815979,-0.033045008778572,-0.0106322318315505,0.9855385422706604,0.0055670589208602,0.0690854638814926,0.7378057837486267,-0.0435200184583663,0.0805352181196212,0.8618152737617493,0.1001579612493515,0.1784898489713668,0.9010518193244934,-0.1047540456056594,0.1823450177907943,0.957148253917694,0.0834868317868419,0.0550889178822318,0.0011278566386965,0.0018293609221776,0.25,0.25,1,1.0
crossover_02_05_1.mp4,174,0.1111942678689956,-0.0308714608351389,0.1506697215415813,0.0265316665172576,-0.0136789381504058,0.9184482097625732,-0.0324870944023132,-0.0150453746318817,0.9863978624343872,0.0112889409065246,0.0720891058444976,0.7371048927307129,-0.0372107625007629,0.0786926448345184,0.870028555393219,0.100159615278244,0.1763765513896942,0.90551096200943,-0.1048200726509094,0.1804322898387909,0.95940899848938,0.0891763008783792,0.0722557009301148,0.0150623711170972,0.0140083799759546,0.75,0.75,0,1.0
crossover_02_05_1.mp4,175,0.1129819601774215,0.0027272711197535,0.1846706372720223,0.0301446169614791,-0.0156011581420898,0.901681423187256,-0.0319063514471054,-0.0170205831527709,0.9847005605697632,0.0192721039056777,0.0743140578269958,0.6763957738876343,-0.0208642333745956,0.0766816139221191,0.8426152467727661,0.1003872007131576,0.174129843711853,0.9027236104011536,-0.104639396071434,0.1782841682434082,0.9587233066558838,0.1115899015086967,0.1105359138396785,0.034000915730441,0.0335987319548924,1.0,1.0,0,1.0
crossover_02_05_1.mp4,176,0.1151541173458099,0.02637959420681,0.1578237398906991,0.0363542884588241,-0.0180723667144775,0.9071322083473206,-0.0291674882173538,-0.0185252726078033,0.9861850142478944,0.0344567745923996,0.0661112964153289,0.6921374201774597,-0.0086638182401657,0.0648159682750701,0.8582831025123596,0.1008666604757309,0.1720156967639923,0.909744143486023,-0.1043244451284408,0.1761070191860199,0.9619451761245728,0.0920674379528631,0.0993905746881153,-0.0268468973813232,0.0236523230870565,0.75,0.75,0,1.0
crossover_02_05_1.mp4,177,0.1155838817358017,0.0480463246504465,0.1367873243711612,0.0401072800159454,-0.018619880080223,0.91569322347641,-0.0275654792785644,-0.0190550535917282,0.9875490665435792,0.0448326170444488,0.0658205896615982,0.7210436463356018,0.0001625418663024,0.0614668279886245,0.8724344968795776,0.1011852920055389,0.1716496497392654,0.9174671769142152,-0.1041558980941772,0.1757006198167801,0.9653136134147644,0.0710394633419647,0.089252640459713,-0.0210364155195378,0.0216667304436365,0.25,0.25,1,1.0
crossover_02_05_1.mp4,178,0.1165174692869186,0.054171605904897,0.1250817998691841,0.0404800772666931,-0.0190017521381378,0.9226688146591188,-0.0261323451995849,-0.0199445188045501,0.9887564182281494,0.0490837097167968,0.0650308430194854,0.7460111379623413,0.0011990368366241,0.0597071945667266,0.8851506114006042,0.1010953783988952,0.1706242263317108,0.9241447448730468,-0.1043537557125091,0.1747568547725677,0.9683107137680054,0.0602661107604037,0.0841423323431495,-0.0117055245019771,0.0061252812544504,0.0,0.0,1,1.0
crossover_02_05_1.mp4,179,0.1175960749387741,0.0508435030778249,0.1267255491680569,0.0394419133663177,-0.0200749337673187,0.9286544919013976,-0.0253880620002746,-0.0209234952926635,0.9898203015327454,0.0431891977787017,0.0633213520050048,0.7667177319526672,-0.0035376250743865,0.0584889650344848,0.8965113162994385,0.1010974943637847,0.1695743799209594,0.9296380877494812,-0.1043593883514404,0.1735780239105224,0.9707431197166444,0.0638645489102002,0.0872555930203062,0.0016437492988727,-0.003328102827072,0.25,0.25,1,1.0
crossover_02_05_1.mp4,180,0.1198156327009201,0.036564952135086,0.1411279462001942,0.0388379991054534,-0.0233945250511169,0.9273589849472046,-0.0257025063037872,-0.0222508609294891,0.9906062483787536,0.0365342795848846,0.0614267587661743,0.7534562349319458,-0.0050362348556518,0.0603328943252563,0.9055485725402832,0.1009580194950103,0.1675751209259033,0.933520495891571,-0.1044203639030456,0.1715461015701294,0.9726371169090272,0.0797011933360982,0.0908762849510929,0.0144023970321373,-0.0142785509427388,0.75,0.75,1,1.0
crossover_02_05_1.mp4,181,0.1206138581037521,0.0041770001252492,0.1816391262743207,0.0362655818462371,-0.0237404704093933,0.9293127655982972,-0.0278123319149017,-0.0223302543163299,0.9909990429878236,0.0216141045093536,0.0615827739238739,0.7465084791183472,-0.0168997347354888,0.0725665986537933,0.9094940423965454,0.1006256639957428,0.1674723327159881,0.9313691854476928,-0.1045900881290435,0.1712270677089691,0.9720565676689148,0.1213160350036086,0.1110902562510347,0.0405111800741265,-0.0323879520098367,1.0,1.0,0,1.0
crossover_02_05_1.mp4,182,0.1208871603012085,-0.0239704251289367,0.1495334543563701,0.0330109596252441,-0.0238895714282989,0.9343118071556092,-0.0331954658031463,-0.0233938992023468,0.9912171959877014,0.0070670843124389,0.0582314431667327,0.7614726424217224,-0.0293408334255218,0.0718250572681427,0.9085068106651306,0.0996516346931457,0.1679387986660003,0.9258154630661012,-0.1052914559841156,0.1716769635677337,0.9707766771316528,0.0964333149881105,0.0778937498345898,-0.0321056719179506,-0.028147425254186,0.75,0.75,0,1.0
crossover_02_05_1.mp4,183,0.1166825890541076,-0.0430408994356791,0.1278621548855746,0.0272192955017089,-0.0176215916872024,0.9388221502304076,-0.0358439087867736,-0.0190624445676803,0.9907302856445312,0.0023362040519714,0.0623286515474319,0.7787032127380371,-0.0407323539257049,0.0755357295274734,0.9001267552375793,0.1000544428825378,0.1722432523965835,0.9181879162788392,-0.1046790182590484,0.1765313297510147,0.9647872447967528,0.0797102351062854,0.0523773249901954,-0.0216712994707954,-0.0190704743067423,0.25,0.25,1,1.0
crossover_02_05_1.mp4,184,0.1155069768428802,-0.0486466099818547,0.1168801454482255,0.0254603177309036,-0.0161453336477279,0.9430310130119324,-0.0365446954965591,-0.0170126110315322,0.9889129400253296,0.0016645342111587,0.0626084059476852,0.7962571978569031,-0.0478136092424392,0.0710068792104721,0.8845141530036926,0.1000613123178482,0.1736646145582199,0.9165266156196594,-0.1046404093503952,0.1781844347715377,0.961785614490509,0.0740042764874078,0.0458808287365396,-0.010982009437349,-0.0056057105461756,0.0,0.0,1,1.0
crossover_02_05_1.mp4,185,0.1155855357646942,-0.0448358972867329,0.1177928832946,0.0271620154380798,-0.0172425657510757,0.9472343921661376,-0.0360380113124847,-0.0191348940134048,0.9890980124473572,0.0077044069766998,0.0598885267972946,0.8119218945503235,-0.0411119163036346,0.0667988508939743,0.8877063393592834,0.100334346294403,0.173744186758995,0.9192346930503844,-0.1043173670768737,0.1781829446554184,0.9623041749000548,0.0781882220891428,0.0511298286212514,0.0009127378463744,0.0038107126951217,0.25,0.25,1,1.0
crossover_02_05_1.mp4,186,0.1195223033428192,-0.0283981800079345,0.1410616607577712,0.0281750559806823,-0.0191779434680938,0.9477314949035645,-0.0356372892856597,-0.0235323309898376,0.989776849746704,0.0159506499767303,0.061089664697647,0.8095701932907104,-0.037913292646408,0.0608063638210296,0.8975092172622681,0.1000227928161621,0.1701045334339141,0.9254409074783324,-0.104539543390274,0.1741066873073578,0.96522718667984,0.0914458248081848,0.0808173870830244,0.0232687774631712,0.0164377172787983,0.75,0.75,0,1.0
crossover_02_05_1.mp4,187,0.1222505271434784,0.0066392391920089,0.1824640646024986,0.034362718462944,-0.0185078531503677,0.943138837814331,-0.0349810868501663,-0.0250261574983596,0.9896670579910278,0.0273333638906478,0.0750200003385543,0.7658596634864807,-0.0223871916532516,0.0650350302457809,0.8970116972923279,0.1000182479619979,0.1673972457647323,0.926018238067627,-0.1045324057340622,0.1711048334836959,0.9660438895225524,0.1094187997676697,0.1209632663148853,0.0414024038447273,0.0350374191999435,1.0,1.0,0,1.0
crossover_02_05_1.mp4,188,0.1257397681474685,0.0277054409186044,0.1478119464936079,0.0390990674495697,-0.0224163681268692,0.9480931162834167,-0.0333206951618194,-0.0257419198751449,0.9906672835350036,0.0379131138324737,0.068315103650093,0.7870886921882629,-0.0100322067737579,0.0588535815477371,0.9072456955909728,0.0997549593448638,0.1639170795679092,0.9317352175712584,-0.1047964096069336,0.1665865927934646,0.9689533710479736,0.0801495140871299,0.0966318826640338,-0.0346521181088906,0.0210662017265955,0.75,0.75,0,1.0
crossover_02_05_1.mp4,189,0.1260690540075302,0.0463514218727747,0.1195127045666729,0.0406733006238937,-0.0240896642208099,0.9521710872650146,-0.0311001688241958,-0.0268569290637969,0.9915582537651062,0.0449073761701583,0.0627585649490356,0.8047821521759033,-0.0046660155057907,0.0560182929039001,0.9164401292800904,0.0994141548871994,0.1636710166931152,0.9369320273399352,-0.1051411181688308,0.1662052273750305,0.9715924859046936,0.0567725077104183,0.0814513304315988,-0.028299241926935,0.0186459809541702,0.25,0.25,1,1.0
crossover_02_05_1.mp4,190,0.1261114478111267,0.050208048025767,0.1103172422559173,0.0398893952369689,-0.0242922753095626,0.9563565254211426,-0.0282596945762634,-0.026882454752922,0.992380678653717,0.0477461814880371,0.05768983066082,0.8231449127197266,-0.004207044839859,0.0559896081686019,0.9247702360153198,0.0994345545768737,0.1636567562818527,0.9421062469482422,-0.1051880419254303,0.1660991162061691,0.9741465449333192,0.0526849621623606,0.0768927445023256,-0.0091954623107556,0.0038566261529923,0.0,0.0,1,1.0
crossover_02_05_1.mp4,191,0.1254522502422332,0.0461228440205255,0.1182573093308343,0.0390713363885879,-0.0238241255283355,0.9582430720329284,-0.0264251083135604,-0.0259763598442077,0.9930120706558228,0.0407428294420242,0.0583351850509643,0.8314543962478638,-0.0082301348447799,0.0571464300155639,0.931843638420105,0.0994402319192886,0.1641618013381958,0.9447882175445556,-0.1052387505769729,0.1666749119758606,0.975805640220642,0.0601631576222281,0.0817849979043705,0.007940067074917,-0.0040852040052414,0.25,0.25,1,1.0
crossover_02_05_1.mp4,192,0.1250665485858917,0.0283824314673741,0.1417948691933243,0.0367816239595413,-0.023700326681137,0.9589902758598328,-0.0270579904317855,-0.0256793498992919,0.9936493635177612,0.0337647944688797,0.0585935115814209,0.8360315561294556,-0.0086413770914077,0.0615060925483703,0.9384262561798096,0.0993878990411758,0.1643463373184204,0.9481588006019592,-0.1053346544504165,0.1671158671379089,0.9775679111480712,0.0833752705539467,0.0884140829016545,0.0235375598624899,-0.0177404125531513,0.75,0.75,1,1.0
crossover_02_05_1.mp4,193,0.1246423125267028,-0.0022695918877919,0.1717117261003564,0.0336895287036895,-0.0232725441455841,0.9554861187934875,-0.0278735756874084,-0.0243684649467468,0.9928434491157532,0.018939733505249,0.0606371760368347,0.8061124682426453,-0.0180624127388,0.0691556930541992,0.9253709316253662,0.0994437634944915,0.164838433265686,0.938188135623932,-0.1053256094455719,0.1676475405693054,0.9744961857795716,0.1130813475133794,0.1037648934110016,0.0299168569070321,-0.0306520233551661,1.0,1.0,0,1.0
crossover_02_05_1.mp4,194,0.1228345185518264,-0.0294630746046701,0.1324246984940987,0.0302996933460235,-0.0208832323551177,0.9582325220108032,-0.0300076007843017,-0.0225747823715209,0.9926080107688904,0.0068718194961547,0.0602765083312988,0.8189444541931152,-0.0318273305892944,0.0728473663330078,0.9166017174720764,0.0996741354465484,0.166882038116455,0.9315677285194396,-0.1050865650177002,0.1697724461555481,0.972319722175598,0.0807810984889764,0.0596242250582244,-0.0392870276062576,-0.0271934827168782,0.75,0.75,0,1.0
crossover_02_05_1.mp4,195,0.1099539399147033,-0.0427009324232737,0.1288513308321988,0.0253438055515289,-0.0078376978635787,0.9595251679420472,-0.0315160751342773,-0.0098656564950943,0.9883991479873656,0.0027256608009338,0.0724649876356124,0.8308232426643372,-0.0454046428203582,0.08101586997509,0.8817956447601318,0.0996082723140716,0.179870530962944,0.9112196564674376,-0.1051436066627502,0.1829795092344284,0.9567731022834778,0.0724085289937645,0.0479118082034407,-0.0035733676618999,-0.0132378578186035,0.25,0.25,1,1.0
crossover_02_05_1.mp4,196,0.1114470809698104,-0.0422999809185664,0.1246777304896602,0.0239136666059494,-0.0091221928596496,0.9597346186637878,-0.0332827717065811,-0.011388212442398,0.9868215918540956,0.0037169009447097,0.0705817341804504,0.8349186182022095,-0.0469731837511062,0.0781859755516052,0.8680001497268677,0.0996056050062179,0.1779385805130005,0.9085617661476136,-0.1050391644239425,0.1812185049057006,0.9544847011566162,0.0710206324465275,0.0467260323795442,-0.0041736003425385,0.0004009515047073,0.0,0.0,1,1.0
crossover_02_05_1.mp4,197,0.1126658469438552,-0.0308643569548924,0.1372372335857815,0.0255068987607955,-0.0104499757289886,0.9625632166862488,-0.0329568833112716,-0.0154472887516021,0.9879120588302612,0.0094105750322341,0.0693724751472473,0.8474977612495422,-0.0389249771833419,0.0766955614089965,0.8797773718833923,0.099879965186119,0.1765753626823425,0.9147498607635498,-0.1047662943601608,0.1799081563949585,0.9577357172966005,0.0789157499139955,0.0610759172540911,0.0125595030961213,0.0114356239636739,0.25,0.25,1,1.0
crossover_02_05_1.mp4,198,0.1185579150915145,-0.0056117882331212,0.1565565041921757,0.0269050449132919,-0.0190455764532089,0.9534963369369508,-0.0313653498888015,-0.0214596837759017,0.988213300704956,0.0150079280138015,0.0632931739091873,0.7974495887756348,-0.0215228646993637,0.0707124024629592,0.884253740310669,0.0995653718709945,0.1705877929925918,0.9175772070884703,-0.105100080370903,0.1736501604318618,0.9600588083267212,0.0955155561862956,0.0873061976952992,0.0193192706063941,0.0252525687217712,0.75,0.75,0,1.0
crossover_02_05_1.mp4,199,0.1194237619638443,0.022703488667806,0.1758945979453899,0.0330191850662231,-0.0200622081756591,0.9472744464874268,-0.0283089876174926,-0.0223743617534637,0.9893141984939576,0.0293417572975158,0.0648801028728485,0.7653247714042664,-0.0097316205501556,0.0654918253421783,0.8956289887428284,0.0998561978340148,0.1694315969944,0.9203120470046996,-0.1048645675182342,0.172496348619461,0.962337076663971,0.1112127903013476,0.1150687121178366,0.0193380937532142,0.0283152769009272,1.0,1.0,0,1.0
crossover_02_05_1.mp4,200,0.1226904988288879,0.0470205197731653,0.1404631664355595,0.0372891277074813,-0.0223033875226974,0.9515665769577026,-0.0266035944223403,-0.0257636159658432,0.9903605580329896,0.0420989245176315,0.0632644146680831,0.7861089706420898,3.413856029510498e-05,0.0588743537664413,0.9060328006744384,0.0998599380254745,0.1658051460981369,0.9270260334014891,-0.1049530953168869,0.1687679141759872,0.96572345495224,0.0773554741069804,0.0941512313899166,-0.0354314315098304,0.0243170311053593,0.75,0.75,0,1.0
crossover_02_05_1.mp4,201,0.1183545291423797,0.0587312549352645,0.1330350011587142,0.0402852147817611,-0.0149184614419937,0.9553404450416564,-0.0225462466478347,-0.0172771662473678,0.991269826889038,0.054865226149559,0.0725108832120895,0.8048905730247498,0.0076989084482192,0.0628854483366012,0.9153461456298828,0.1011372059583664,0.1696043461561203,0.9322100281715392,-0.1037866026163101,0.1725613921880722,0.9682573676109314,0.060647465171999,0.0867482573261057,-0.0074281652768453,0.0117107351620991,0.25,0.25,1,1.0
crossover_02_05_1.mp4,202,0.1224448382854461,0.0579590002695719,0.1299522717793783,0.0396831035614013,-0.0186578929424285,0.9584514498710632,-0.0212004482746124,-0.0185824334621429,0.9920892715454102,0.0510534644126892,0.0676940083503723,0.8207000494003296,0.0070487558841705,0.0593267679214477,0.923678994178772,0.100825011730194,0.1649473309516906,0.9373378753662108,-0.1042811572551727,0.1679106950759887,0.9709410071372986,0.0626400653788467,0.0870621317138964,-0.0030827293793359,-0.0007722546656926,0.25,0.25,1,1.0
crossover_02_05_1.mp4,203,0.1256899535655975,0.0450062503417333,0.1369432506737885,0.0363453179597854,-0.0238562822341918,0.955840229988098,-0.0246204286813735,-0.0231737494468688,0.9928422570228576,0.0409744530916214,0.0613386631011962,0.8158400058746338,-0.0010339170694351,0.0558525323867797,0.9312387108802797,0.0983186513185501,0.1613967418670654,0.9399505257606506,-0.1068373173475265,0.1642777919769287,0.9730324745178224,0.0757120139151494,0.0932491373019152,0.0069909788944102,-0.0129527499278385,0.75,0.75,1,1.0
crossover_02_05_1.mp4,204,0.1248862147331237,0.0176673322916031,0.1723453704957609,0.0339521318674087,-0.0264906883239746,0.9370170831680298,-0.0252431780099868,-0.0221780538558959,0.9925099611282348,0.0269733220338821,0.0585785806179046,0.7561988830566406,-0.0073447376489639,0.0596829354763031,0.9263973236083984,0.0982946902513504,0.1622359454631805,0.9334871768951416,-0.1068489402532577,0.1650072038173675,0.9722883105278016,0.1141467648433178,0.1154054934014207,0.0354021198219723,-0.0273389180501302,1.0,1.0,0,1.0
crossover_02_05_1.mp4,205,0.1210320889949798,-0.0088096112012863,0.1519037160608504,0.0300420671701431,-0.0231320559978485,0.936931610107422,-0.0283630043268203,-0.0186281502246856,0.992209255695343,0.0114510208368301,0.0598271787166595,0.7513870596885681,-0.0201352685689926,0.0708157122135162,0.9194688200950624,0.0980199724435806,0.1661774814128875,0.9188515543937684,-0.1070265024900436,0.1691219508647918,0.9684476852416992,0.0942792763012112,0.081875117604532,-0.0204416544349105,-0.0264769434928894,0.75,0.75,0,1.0
crossover_02_05_1.mp4,206,0.11135034263134,-0.0304140041271845,0.1407387532569743,0.0251985043287277,-0.0132249593734741,0.9407871961593628,-0.0327151268720626,-0.0090906023979187,0.9916084408760072,0.0007707625627517,0.06891730427742,0.7675309181213379,-0.0345122665166854,0.0856335461139679,0.9023317694664,0.0985782593488693,0.1759684979915619,0.911841630935669,-0.1063988357782363,0.1794522106647491,0.9650700092315674,0.0782994904646798,0.0552573941557765,-0.011164962803876,-0.0216043929258982,0.25,0.25,1,1.0
crossover_02_05_1.mp4,207,0.10875104367733,-0.0423681457837422,0.1346726291709475,0.0219787955284118,-0.0104233622550964,0.945140779018402,-0.0357250869274139,-0.0071467161178588,0.9914351105690002,0.0003768801689147,0.0708614885807037,0.7872865796089172,-0.0442414283752441,0.0865630209445953,0.9000418782234192,0.0988237261772155,0.1784468591213226,0.9100456833839417,-0.1060300469398498,0.1821871697902679,0.9627627730369568,0.0768049406426513,0.0481460651700709,-0.0060661240860268,-0.0119541416565577,0.0,0.0,1,1.0
crossover_02_05_1.mp4,208,0.1090546697378158,-0.0417485783497492,0.133544499013159,0.0233597606420516,-0.0112745016813278,0.9491556882858276,-0.0352415591478347,-0.0087523907423019,0.9913057088851928,0.0058353394269943,0.0703950971364975,0.8044634461402893,-0.0415039211511611,0.0857247561216354,0.8990352153778076,0.0995765179395675,0.1779953092336654,0.9135339260101318,-0.1052751094102859,0.1818620413541793,0.9632435441017152,0.0790700713820595,0.047820368749689,-0.0011281301577885,0.0006195674339929,0.0,0.0,1,1.0
crossover_02_05_1.mp4,209,0.1136647164821624,-0.031063229839007,0.1388726904436393,0.0241720527410507,-0.0164076834917068,0.942923903465271,-0.0342140942811965,-0.0145122855901718,0.9914125800132751,0.0092649012804031,0.065838411450386,0.7735340595245361,-0.0346836596727371,0.0802868157625198,0.9002307653427124,0.1000488847494125,0.1733117848634719,0.9163983464241028,-0.1048047691583633,0.1770158559083938,0.9643057584762572,0.0834287963933839,0.0586976338904116,0.0053281914304803,0.0106853485107422,0.25,0.25,1,1.0
crossover_02_05_1.mp4,210,0.1181042343378067,-0.0036453922589619,0.163706064776138,0.029458463191986,-0.0204947739839553,0.927538275718689,-0.0341161489486694,-0.0165354758501052,0.9905195832252502,0.0230808854103088,0.0708035677671432,0.7155970931053162,-0.0245613455772399,0.0795481652021408,0.8854442238807678,0.0999621152877807,0.1687717288732528,0.9124462008476256,-0.1048169434070587,0.171717569231987,0.9629199504852296,0.0966704084431282,0.0867181017084633,0.0248333743324986,0.027417837580045,0.75,0.75,0,1.0
crossover_02_05_1.mp4,211,0.1190284043550491,0.0269566863775253,0.1697663786234678,0.0382920950651168,-0.0212693512439727,0.931915521621704,-0.0327386409044265,-0.0176379382610321,0.9914048910140992,0.035096988081932,0.0694869458675384,0.7280884385108948,-0.0161284953355789,0.0740709006786346,0.8967588543891907,0.1003618091344833,0.1682985723018646,0.918382167816162,-0.1045088022947311,0.1707770526409149,0.9656552076339722,0.1006092895596114,0.1049474029328085,0.0060603138473298,0.0306020786364873,1.0,1.0,0,1.0
crossover_02_05_1.mp4,212,0.1211852729320526,0.0484760304292043,0.1382283508777618,0.0414598882198333,-0.0233598947525024,0.9376841187477112,-0.0314384996891021,-0.019894003868103,0.9922310709953308,0.0454703867435455,0.0674915611743927,0.7516384720802307,-0.0073081851005554,0.0636141002178192,0.9070367217063904,0.1002881824970245,0.1665039360523224,0.9240096807479858,-0.1044861972332,0.1685267388820648,0.9682701230049132,0.0708006166039803,0.0931620368165887,-0.031538027745706,0.0215193440516789,0.75,0.75,0,1.0
crossover_02_05_1.mp4,213,0.1213867962360382,0.0553944478432337,0.1283557131334587,0.0420071333646774,-0.0225875526666641,0.9430208802223206,-0.0300229638814926,-0.0206179767847061,0.9929752945899964,0.0526869148015975,0.0666122585535049,0.7748712301254272,-0.0046455413103103,0.0613116174936294,0.9163065552711488,0.1003434509038925,0.1660774499177932,0.9296312928199768,-0.1044390648603439,0.167883351445198,0.9708257913589478,0.0618027905408677,0.0899983947507969,-0.0098726377443031,0.0069184174140294,0.25,0.25,1,1.0
crossover_02_05_1.mp4,214,0.1232402473688125,0.0523170411586761,0.1284777677721447,0.0411665737628936,-0.0244152396917343,0.9474027156829834,-0.0296229422092437,-0.0230263620615005,0.9936563968658448,0.047118991613388,0.0640706866979599,0.7932964563369751,-0.0061409771442413,0.0597812980413436,0.9246472120285034,0.1002812683582305,0.1642937511205673,0.9352383613586426,-0.104508638381958,0.1660719960927963,0.9733089804649352,0.0646164979828827,0.0902027985008176,0.0001220546386859,-0.0030774066845575,0.25,0.25,1,1.0
crossover_02_05_1.mp4,215,0.1222884654998779,0.0394363979498545,0.1439445452557669,0.0404302179813385,-0.0242016166448593,0.9447780847549438,-0.0290161371231079,-0.0221934467554092,0.994232416152954,0.0395797789096832,0.0640905350446701,0.7821168899536133,-0.0094204843044281,0.0656806677579879,0.9320348501205444,0.1002260148525238,0.1652173846960067,0.9384475946426392,-0.1045721173286438,0.1669772118330001,0.9748855829238892,0.0798541389340189,0.0922617443179793,0.0154667774836222,-0.0128806432088216,0.75,0.75,1,1.0
crossover_02_05_1.mp4,216,0.1219059079885482,0.0062489181756973,0.1764778713385264,0.0370422750711441,-0.0239918529987335,0.925307273864746,-0.0293552428483963,-0.0216496288776397,0.992146372795105,0.0228095203638076,0.0595129430294036,0.7185376882553101,-0.0194083899259567,0.0719005167484283,0.903355062007904,0.1002273708581924,0.1652242243289947,0.9291290044784546,-0.1045527607202529,0.167338341474533,0.9706546068191528,0.1181314860618923,0.1076787841317235,0.0325333260827594,-0.0331874797741572,1.0,1.0,0,1.0
crossover_02_05_1.mp4,217,0.1197876185178756,-0.0213638514280319,0.1429523561839704,0.0323270112276077,-0.0218610018491745,0.9296799302101136,-0.0312817245721817,-0.0205406993627548,0.9922921657562256,0.0073920637369155,0.0592012852430343,0.7265111804008484,-0.031262919306755,0.0805730670690536,0.8954755067825317,0.1003002077341079,0.1673735231161117,0.9255977869033812,-0.1044348329305648,0.1699986308813095,0.9700696468353271,0.0885502373838001,0.0631598547761941,-0.033525515154556,-0.0276127696037292,0.75,0.75,0,1.0
crossover_02_05_1.mp4,218,0.1089757531881332,-0.040574229756991,0.1329545737416656,0.0253024250268936,-0.0105025917291641,0.9339603781700134,-0.0330492407083511,-0.0101655274629592,0.9916788339614868,0.0007287710905075,0.0696712583303451,0.7472365498542786,-0.0416284650564193,0.0829129666090011,0.893831729888916,0.1004080921411514,0.1780979484319687,0.9150501489639282,-0.104104146361351,0.1814358681440353,0.961832582950592,0.0755692787345303,0.050052710780601,-0.0099977824423047,-0.0192103783289591,0.25,0.25,1,1.0
crossover_02_05_1.mp4,219,0.1084601879119873,-0.0436185449361801,0.1270461860630247,0.0219978243112564,-0.0087622553110122,0.933807373046875,-0.0333663970232009,-0.0102084726095199,0.9882952570915222,7.750093936920166e-05,0.0725869387388229,0.7553067803382874,-0.0471901446580886,0.0785804241895675,0.879427969455719,0.1004288345575332,0.1788677424192428,0.9038951992988586,-0.1040854007005691,0.1822631806135177,0.9491837620735168,0.0698223033441084,0.0485971850887291,-0.0059083876786408,-0.003044315179189,0.0,0.0,1,1.0
crossover_02_05_1.mp4,220,0.1099060177803039,-0.0336734841267267,0.1356742889792831,0.0246152132749557,-0.0116868615150451,0.9342788457870485,-0.0333783477544784,-0.01303231716156,0.9880101084709167,0.0079959481954574,0.0704807043075561,0.7560175061225891,-0.0388031154870986,0.0779799222946167,0.8715071082115173,0.1009247153997421,0.1773277521133422,0.9068599939346312,-0.1035275906324386,0.1809902787208557,0.9507613182067872,0.0773727669946133,0.0579219566748056,0.0086281029162583,0.0099450608094533,0.25,0.25,1,1.0
crossover_02_05_1.mp4,221,0.1126435250043869,-0.0118368198474248,0.1535525007380379,0.0248946696519851,-0.0157799869775772,0.926085650920868,-0.0332904309034347,-0.0147997289896011,0.9885178804397584,0.0124977082014083,0.0709431916475296,0.715111494064331,-0.0271466225385665,0.0755547434091568,0.8786507844924927,0.1008833795785904,0.1742933541536331,0.9084528684616088,-0.103535309433937,0.1779087334871292,0.9526369571685792,0.0861189131594831,0.079486100714381,0.0178782117587548,0.0218366642793019,0.75,0.75,0,1.0
crossover_02_05_1.mp4,222,0.1136862337589263,0.0239785691102345,0.1833882633182737,0.0340959131717681,-0.0168629437685012,0.9235718846321106,-0.0312094688415527,-0.014468565583229,0.9894489645957948,0.0294400751590728,0.0751095861196518,0.6906173825263977,-0.0166086256504058,0.0763121098279953,0.8893814086914062,0.1012157499790191,0.1732107251882553,0.9111531376838684,-0.1033666729927063,0.1768062561750412,0.9549213647842408,0.1084163271108409,0.1145103620848865,0.0298357625802357,0.0358153889576594,1.0,1.0,0,1.0
crossover_02_05_1.mp4,223,0.1153904348611831,0.048116045196851,0.1467838119577478,0.0401632040739059,-0.0186567604541778,0.92942875623703,-0.0290128141641616,-0.0154655575752258,0.9904793500900269,0.0426041334867477,0.0694320201873779,0.7156172394752502,-0.0062681287527084,0.0659806728363037,0.9004110097885132,0.1015528291463851,0.1716258525848388,0.9181222915649414,-0.1031574159860611,0.1752159595489502,0.9587442874908448,0.0775479262184788,0.097400131766109,-0.0366044513605259,0.0241374760866165,0.75,0.75,0,1.0
crossover_02_05_1.mp4,224,0.1162218898534774,0.0597451031208038,0.1332339348616423,0.0415073335170745,-0.0191193521022796,0.935836911201477,-0.0264065563678741,-0.016101449728012,0.9913975596427916,0.05340376496315,0.0700144171714782,0.7425331473350525,-0.0004500746726989,0.0648155808448791,0.9103337526321412,0.1017332375049591,0.1710820794105529,0.9246901869773864,-0.1030116975307464,0.1744969487190246,0.9623120427131652,0.0635367609074202,0.0911291972748282,-0.0135498770961054,0.0116290579239527,0.25,0.25,1,1.0
crossover_02_05_1.mp4,225,0.1165944635868072,0.0611710210641225,0.1336049650554304,0.0414710938930511,-0.0183709114789962,0.940488338470459,-0.0245336890220642,-0.0158614069223403,0.992216169834137,0.050052672624588,0.0697802156209945,0.761766254901886,0.0013359189033508,0.0650751441717147,0.919213593006134,0.1016387641429901,0.1709755510091781,0.9300179481506348,-0.1031532883644104,0.1743219941854477,0.9653502106666564,0.0647859268081534,0.090975687966314,0.000371030193788,0.0014259179433186,0.25,0.25,1,1.0
crossover_02_05_1.mp4,226,0.1167854219675064,0.0514435976743697,0.1483465202428676,0.0402815788984298,-0.0214107185602188,0.9401968121528624,-0.0246428102254867,-0.0158898085355758,0.9929513931274414,0.0439587086439132,0.0623786002397537,0.763505756855011,-0.0040079206228256,0.067934051156044,0.9272056221961976,0.101614698767662,0.1707915216684341,0.93415105342865,-0.1031713634729385,0.1743429452180862,0.9676530361175536,0.0862931447651552,0.0976782271855072,0.0147415551874372,-0.0097274233897527,0.75,0.75,1,1.0
crossover_02_05_1.mp4,227,0.1169038563966751,0.0285180727640788,0.1843170218997532,0.0380632281303405,-0.0227858424186706,0.9403484463691713,-0.0260197818279266,-0.013915330171585,0.9934548139572144,0.0236597657203674,0.0627144575119018,0.7550756335258484,-0.0086589157581329,0.0718046426773071,0.9325783252716064,0.1006311774253845,0.1705874800682068,0.9320045709609984,-0.1041587591171264,0.1741949319839477,0.9684448838233948,0.1216995760593787,0.1184954174382966,0.0359705016568855,-0.0229255249102909,1.0,1.0,0,1.0
crossover_02_05_1.mp4,228,0.1163817048072815,0.0106241881847381,0.1623963924469771,0.0301765501499176,-0.021760269999504,0.9455521106719972,-0.0296303331851959,-0.0135174542665481,0.9940760135650636,0.0070122480392456,0.0635357052087783,0.7778077721595764,-0.0227524042129516,0.0740274339914321,0.9392191767692566,0.1006095707416534,0.1714280396699905,0.9317363500595092,-0.1040867269039154,0.1750359088182449,0.969155251979828,0.098926647536564,0.0944620015593537,-0.021920629452776,-0.0178938845793406,0.75,0.75,0,1.0
crossover_02_05_1.mp4,229,0.1160878986120224,-0.0052569150924682,0.1396973850550474,0.0234798789024353,-0.0195525288581848,0.9500485062599182,-0.0347881615161895,-0.0200543403625488,0.994563639163971,0.0029788613319396,0.0625756084918975,0.7980053424835205,-0.0309982001781463,0.0703791081905365,0.9448958039283752,0.1010043025016784,0.1720604002475738,0.9345187544822692,-0.1032792031764984,0.1755430400371551,0.9705643653869628,0.077560276131337,0.0739434734464587,-0.0226990073919296,-0.0158811032772064,0.25,0.25,0,1.0
crossover_02_05_1.mp4,230,0.1152692884206771,-0.0232813020547231,0.1170818112514636,0.0234158635139465,-0.0170857608318328,0.9493104219436646,-0.0349182784557342,-0.0212853550910949,0.994321346282959,0.0018721222877502,0.0637464523315429,0.7969273924827576,-0.0340084135532379,0.0687208771705627,0.9444196224212646,0.1026209890842437,0.173021137714386,0.9273908138275146,-0.1016198992729187,0.1765716671943664,0.965520441532135,0.0589691043451509,0.0495363590333283,-0.0226155738035838,-0.0180243869622548,0.0,0.0,1,1.0
crossover_02_05_1.mp4,231,0.1111027598381042,-0.028549301624298,0.1128033321212839,0.02587890625,-0.0147416740655899,0.9406285285949708,-0.0346563160419464,-0.0169687420129776,0.9893792271614076,0.0065750181674957,0.0671903938055038,0.7697030901908875,-0.0365420877933502,0.0693210214376449,0.9006518721580505,0.1025219559669494,0.1771103590726852,0.906668782234192,-0.1016579568386077,0.1806936115026474,0.9528312683105468,0.0575695925175379,0.0442108128531097,-0.0042784791301797,-0.0052679995695749,0.0,0.0,1,1.0
crossover_02_05_1.mp4,232,0.1115227937698364,-0.0257089475790659,0.1198771509859296,0.027744323015213,-0.0165807902812957,0.9270237684249878,-0.0333165526390075,-0.0172396600246429,0.9876164197921752,0.0090746581554412,0.0651954114437103,0.7251694202423096,-0.0319388806819915,0.0698539316654205,0.8836410641670227,0.1024880707263946,0.1765341460704803,0.9072755575180054,-0.1017221212387085,0.1802885830402374,0.953862190246582,0.0648073442385719,0.0504096671051762,0.0070738188646457,0.0028403540452321,0.25,0.25,1,1.0
crossover_02_05_1.mp4,233,0.1161845177412033,-0.0137271712223688,0.1338833027415805,0.0310077518224716,-0.0219537317752838,0.9259564876556396,-0.030898168683052,-0.0214336812496185,0.9886053204536438,0.0204268246889114,0.0602874159812927,0.7150641679763794,-0.0241728276014328,0.067983329296112,0.8940594792366028,0.1008645147085189,0.1713228225708007,0.9143997430801392,-0.1033610254526138,0.1752211451530456,0.9578050971031188,0.0811347643414391,0.0667226965679815,0.0140061517556508,0.011981776356697,0.75,0.75,0,1.0
crossover_02_05_1.mp4,234,0.1192880272865295,0.020514370004336,0.1768348781047044,0.0362899154424667,-0.0210704952478408,0.9314033389091492,-0.0282978564500808,-0.0237179547548294,0.9897074699401855,0.0313369482755661,0.0717998892068862,0.7340586185455322,-0.0132808536291122,0.0667503625154495,0.9045284390449524,0.1004646271467208,0.1681873947381973,0.9214745759963988,-0.1041929274797439,0.1723773628473281,0.9616050720214844,0.1055910843452309,0.1151551896918054,0.0429515753631238,0.0342415412267049,1.0,1.0,0,1.0
crossover_02_05_1.mp4,235,0.1191677153110504,0.0440741151571273,0.1610427567252406,0.0414335578680038,-0.0209276974201202,0.9367309212684632,-0.0269952863454818,-0.0213739871978759,0.9907191395759584,0.0441071838140487,0.0718972384929657,0.7560614347457886,-0.0021433979272842,0.0671465694904327,0.914046585559845,0.1006141155958175,0.1683767139911651,0.9277943968772888,-0.104180559515953,0.1725570261478424,0.964924454689026,0.0891455243657073,0.1046544432546552,-0.0157921213794638,0.0235597451527913,0.75,0.75,0,1.0
crossover_02_05_1.mp4,236,0.1198888719081878,0.0584703524907429,0.1367021944787767,0.0451135039329528,-0.0214818716049194,0.9423391819000244,-0.0259667336940765,-0.0219126939773559,0.9916267395019532,0.0537853240966796,0.0701313018798828,0.7790583968162537,-0.0009525418281555,0.0625830888748169,0.9226226806640624,0.1015916466712951,0.1677563190460205,0.9329761862754822,-0.1033660173416137,0.1720791459083557,0.9677385091781616,0.0667355469930879,0.0949985378033047,-0.0243405622464638,0.0143962373336156,0.25,0.25,1,1.0
crossover_02_05_1.mp4,237,0.1190883517265319,0.0642028401295343,0.1322379990860268,0.047641709446907,-0.0181836485862731,0.94760262966156,-0.0258750766515731,-0.0233703255653381,0.9924339056015016,0.0645879060029983,0.0720400810241699,0.8001604676246643,-0.0013721138238906,0.0618055462837219,0.930336892604828,0.1019232422113418,0.1682799458503723,0.937375009059906,-0.1031949669122695,0.1728430986404419,0.970031440258026,0.0601991496178222,0.0962330764017379,-0.0044641953927498,0.0057324876387914,0.0,0.0,1,1.0
crossover_02_05_1.mp4,238,0.1200481802225112,0.0565521319707235,0.1364494400995749,0.0461277961730957,-0.0205635428428649,0.951846718788147,-0.0260964930057525,-0.0243808627128601,0.9931720495224,0.0544008016586303,0.06863734126091,0.8179879784584045,-0.0036220550537109,0.0611982643604278,0.9372829794883728,0.1015592217445373,0.1671635210514068,0.9420682787895204,-0.1036284863948822,0.1717987358570099,0.9725279808044434,0.0678462155983411,0.0963518148981928,0.004211441013548,-0.0076507081588108,0.25,0.25,1,1.0
crossover_02_05_1.mp4,239,0.1158821284770965,0.0397506992022196,0.1534631016077818,0.0439632534980773,-0.017101764678955,0.9529216289520264,-0.0254879295825958,-0.0204846560955047,0.9937865734100342,0.0517894029617309,0.0686505734920501,0.8214181065559387,-0.006310611963272,0.0668023526668548,0.9434295296669006,0.1010594367980957,0.1709797084331512,0.9451447129249572,-0.1041067540645599,0.1755981743335724,0.974324643611908,0.0856626833200493,0.098141376560993,0.0170136615082069,-0.0168014327685038,0.75,0.75,1,1.0
crossover_02_05_1.mp4,240,0.1170640140771865,0.0033228278160095,0.1826434307628207,0.0383759140968322,-0.020717442035675,0.937479555606842,-0.025128036737442,-0.0204256176948547,0.9922664761543274,0.0279982089996337,0.0602868199348449,0.762395977973938,-0.0145794749259948,0.0716530084609985,0.9262474179267884,0.1004385352134704,0.1694554090499878,0.9447697401046752,-0.1046681106090545,0.1740906834602356,0.9747850298881532,0.124819928897055,0.1124249362294825,0.0291803291550388,-0.0364278713862101,1.0,1.0,0,1.0
crossover_02_05_1.mp4,241,0.1173285841941833,-0.0230939924716949,0.1569472436551694,0.0313731729984283,-0.0220908820629119,0.942468523979187,-0.0257705450057983,-0.0196033418178558,0.9925363659858704,0.0082682371139526,0.0566814541816711,0.7816279530525208,-0.020929217338562,0.0716301202774047,0.9284213185310364,0.1001330912113189,0.1695107221603393,0.9439802765846252,-0.1048464775085449,0.173967182636261,0.9753727316856384,0.1050562610382015,0.0853445826800608,-0.0256961871076513,-0.0264168202877044,0.75,0.75,0,1.0
crossover_02_05_1.mp4,242,0.1092719435691833,-0.0398969103892644,0.1429261174466874,0.0270633250474929,-0.013710618019104,0.9455468654632568,-0.0283009558916091,-0.0094082057476043,0.9922307729721068,0.0004661828279495,0.0651402175426483,0.7941819429397583,-0.0383955091238021,0.0859694182872772,0.9180569648742676,0.1001311093568801,0.1779164373874664,0.9372761845588684,-0.1047223061323165,0.1824062764644622,0.972167432308197,0.0876346136976862,0.0569764844904939,-0.0140211262084819,-0.0168029179175694,0.25,0.25,1,1.0
crossover_02_05_1.mp4,243,0.1060438603162765,-0.0441644579172134,0.1433591058960667,0.0247374027967453,-0.0102446675300598,0.9492101073265076,-0.031235858798027,-0.0052279829978942,0.991737425327301,0.0012069195508956,0.0686325132846832,0.810666024684906,-0.0448770672082901,0.0889613330364227,0.9128565192222596,0.1001105159521102,0.1816179454326629,0.9338237047195436,-0.1045497804880142,0.186402827501297,0.9690358638763428,0.0874221112571717,0.054402440240224,0.0004329884493792,-0.004267547527949,0.0,0.0,1,1.0
crossover_02_05_1.mp4,244,0.108399674296379,-0.0359551489353179,0.1453346974319882,0.0259170234203338,-0.0131841897964477,0.950634241104126,-0.0313042700290679,-0.0102553069591522,0.9911432266235352,0.0083948969841003,0.0648391544818878,0.8138606548309326,-0.0369503796100616,0.0828395783901214,0.9036568999290466,0.1001517474651336,0.1792573034763336,0.9321599006652832,-0.1044991314411163,0.1840333044528961,0.9687370657920836,0.0919046190780745,0.0625030430311441,0.0019755915359215,0.0082093089818954,0.25,0.25,1,1.0
crossover_02_05_1.mp4,245,0.1131348758935928,-0.0168694645166397,0.1606490545802645,0.0265951603651046,-0.0201005935668945,0.9267887473106384,-0.0310853868722915,-0.0171183943748474,0.9901429414749146,0.0118463784456253,0.0565863251686096,0.7511723041534424,-0.030138149857521,0.0705161690711975,0.9001522660255432,0.100226029753685,0.1748082637786865,0.9300822615623474,-0.1044556349515914,0.1795938611030578,0.9682496190071106,0.107952078672144,0.091104308684419,0.0153143571482763,0.0190856844186782,0.75,0.75,0,1.0
crossover_02_05_1.mp4,246,0.1132034659385681,0.0144177585840225,0.183165172404713,0.0338080078363418,-0.0176132768392562,0.9212103486061096,-0.0280798524618148,-0.0172279626131057,0.9906998872756958,0.027730718255043,0.076683685183525,0.7125130295753479,-0.0155075639486312,0.0710134953260421,0.9075295329093932,0.101752832531929,0.174669548869133,0.9266968965530396,-0.1030467003583908,0.1797001212835312,0.96669203042984,0.1073104935038425,0.1160755081842928,0.0225161178244485,0.0312872231006622,1.0,1.0,0,1.0
crossover_02_05_1.mp4,247,0.1133143007755279,0.0370306740204493,0.1541545711181782,0.0388213247060775,-0.0146820843219757,0.9286600351333618,-0.0259205549955368,-0.017208844423294,0.991617739200592,0.0418003052473068,0.0763924419879913,0.7400308847427368,-0.0007587522268295,0.0670935809612274,0.9167609214782716,0.102682277560234,0.1746956408023834,0.9327048063278198,-0.1021817177534103,0.1795275509357452,0.969469666481018,0.0779082672692704,0.0949086758057829,-0.0290106012865348,0.0226129154364268,0.75,0.75,0,1.0
crossover_02_05_1.mp4,248,0.1133334338665008,0.0486793835957845,0.140089296190827,0.0398938655853271,-0.0135828256607055,0.9355482459068298,-0.0247593522071838,-0.0168700814247131,0.992442548274994,0.0470682382583618,0.0753359496593475,0.7655477523803711,0.0019268691539764,0.0648570358753204,0.9250692129135132,0.1026493310928344,0.174755185842514,0.9386900663375854,-0.1021613478660583,0.1794259250164032,0.9721994996070862,0.0647733870993648,0.0885759030369525,-0.0140652749273512,0.0116487095753351,0.25,0.25,1,1.0
crossover_02_05_1.mp4,249,0.1132798194885253,0.0472098549207051,0.1385706518535261,0.0395470857620239,-0.0124978572130203,0.9400989413261414,-0.0246621668338775,-0.0163831859827041,0.9931631088256836,0.042911410331726,0.0741988867521286,0.7834715843200684,0.0005482733249664,0.0658057779073715,0.9325018525123596,0.1024997234344482,0.1746593564748764,0.9425430297851562,-0.1022969782352447,0.1793229430913925,0.9740919470787048,0.0645151204614393,0.0864409051168227,-0.0015186443373008,-0.0014695286750793,0.25,0.25,1,1.0
crossover_02_05_1.mp4,250,0.1143214404582977,0.0331714163223902,0.1485658260407271,0.0392582863569259,-0.0160995870828628,0.9322596788406372,-0.0248420685529708,-0.0158266276121139,0.993625819683075,0.042151853442192,0.0723927170038223,0.7442803382873535,-0.0010233074426651,0.0670870691537857,0.9382187128067015,0.1023954600095748,0.1735834032297134,0.9424604773521424,-0.1023259311914444,0.1782665401697158,0.9745302200317384,0.0767006570454966,0.0883632670129944,0.0099951741872009,-0.0140384385983148,0.75,0.75,1,1.0
crossover_02_05_1.mp4,251,0.1179077923297882,0.0028930813074111,0.1764909898793255,0.0386507660150527,-0.0244925916194915,0.9107809662818908,-0.0280244797468185,-0.0192567110061645,0.9921766519546508,0.0296834260225296,0.0581395626068115,0.6858258247375488,-0.0143894404172897,0.069239318370819,0.9225011467933656,0.1020156294107437,0.1698657870292663,0.9396715760231018,-0.1025799363851547,0.1745425462722778,0.973198413848877,0.1213457164773279,0.1086351996294632,0.0279251638385984,-0.0302783350149791,1.0,1.0,0,1.0
crossover_02_05_1.mp4,252,0.1179151087999343,-0.0218394964933395,0.1633868772674489,0.0366333276033401,-0.0245357006788253,0.9152538180351256,-0.0311204642057418,-0.0178932398557662,0.99247145652771,0.0166958719491958,0.0591849237680435,0.6950286626815796,-0.0269763022661209,0.0763133317232132,0.9244444966316224,0.1015459448099136,0.1701582223176956,0.9382888674736024,-0.102931872010231,0.174893632531166,0.97316575050354,0.1110991527154649,0.0872249339764231,-0.0131041126118766,-0.0247325778007507,0.75,0.75,0,1.0
crossover_02_05_1.mp4,253,0.117394134402275,-0.0402900010347366,0.1400562086591014,0.0321781486272811,-0.0235180407762527,0.9218195676803588,-0.0325295776128768,-0.0162189751863479,0.9920568466186525,0.0102171450853347,0.059846892952919,0.7172971367835999,-0.0390516966581344,0.0838281065225601,0.91285240650177,0.1010057181119918,0.1707679778337478,0.9386824369430542,-0.1034654229879379,0.1757785230875015,0.973190188407898,0.0947866347922969,0.05624173599389,-0.0233306686083475,-0.018450504541397,0.25,0.25,1,1.0
crossover_02_05_1.mp4,254,0.1158616691827774,-0.0434816092252731,0.1375032429341917,0.0299858003854751,-0.0222363173961639,0.924796998500824,-0.0323576480150222,-0.0140433609485626,0.9907759428024292,0.0109658688306808,0.0612114071846008,0.728358805179596,-0.0405849367380142,0.0838215947151184,0.903493106365204,0.100734606385231,0.1719858050346374,0.9351888298988342,-0.1037455052137374,0.1775463223457336,0.9711355566978456,0.0937281818275386,0.0537597439262388,-0.0025529657249097,-0.0031916081905364,0.25,0.25,1,1.0
crossover_02_05_1.mp4,255,0.1156114935874939,-0.0328164368867874,0.1470690365190858,0.0302795022726058,-0.0212402939796447,0.9232228994369508,-0.0329410284757614,-0.0134024918079376,0.9911444783210754,0.0141689330339431,0.0730149745941162,0.7228174805641174,-0.0355219990015029,0.0845894813537597,0.91021466255188,0.1005480140447616,0.1717018485069275,0.936616599559784,-0.1039625853300094,0.1773942708969116,0.9720833897590636,0.0877019331267854,0.0625381074227035,0.0095657935848941,0.0106651723384856,0.75,0.75,1,1.0
crossover_02_05_1.mp4,256,0.1176999509334564,-0.0016172448794046,0.1758868750598695,0.0344847440719604,-0.0231919735670089,0.9193342924118042,-0.0331416726112365,-0.0165577977895736,0.9915618300437928,0.0226237773895263,0.0743580013513565,0.6871998310089111,-0.0278195142745971,0.0789351016283035,0.9152864813804626,0.1003558635711669,0.1686710268259048,0.936972975730896,-0.1041671335697174,0.1743262559175491,0.9730462431907654,0.104382658316226,0.1004301015282965,0.0288178385407836,0.0311991920073827,1.0,1.0,0,1.0
crossover_02_05_1.mp4,257,0.1178503632545471,0.0197602619727452,0.1618518116297544,0.0381132513284683,-0.0207335948944091,0.9252846837043762,-0.0331581085920333,-0.015162706375122,0.9923514127731324,0.0324781090021133,0.0768435895442962,0.7065854072570801,-0.0152957886457443,0.0777820646762847,0.9235824942588806,0.1001311689615249,0.1681292355060577,0.9396368861198424,-0.1044725626707077,0.173573225736618,0.9747743606567384,0.0859542986429008,0.0910859431404568,-0.014035063430115,0.0213775068521499,0.75,0.75,0,1.0
crossover_02_05_1.mp4,258,0.1175145953893661,0.0413772741953532,0.1386089660503245,0.0403366684913635,-0.019875943660736,0.9318797588348388,-0.0319446623325347,-0.0152081549167633,0.993089497089386,0.042005181312561,0.0746031403541565,0.7336218357086182,-0.0069122016429901,0.066236138343811,0.9311883449554444,0.1001099348068237,0.1682226657867431,0.9435120224952698,-0.104619413614273,0.1737793684005737,0.9766632914543152,0.0640089055553685,0.0870040209816686,-0.0232428455794299,0.0216170122226079,0.25,0.25,1,1.0
crossover_02_05_1.mp4,259,0.1170054227113723,0.0467859506607055,0.1328095726392887,0.0406732559204101,-0.0192760080099105,0.9381640553474426,-0.0297439992427825,-0.0149712711572647,0.9937525987625122,0.0466738939285278,0.0734955817461013,0.759300708770752,-0.0055407881736755,0.0652302056550979,0.9380353093147278,0.1002659201622009,0.1682973057031631,0.9477494955062866,-0.1046064496040344,0.1739488393068313,0.9785540103912354,0.0593140967425816,0.0854696346021524,-0.0057993934110358,0.0054086764653523,0.0,0.0,1,1.0
crossover_02_05_1.mp4,260,0.1167143285274505,0.0441323916117349,0.1361724505821864,0.040109097957611,-0.0194439142942428,0.9418562650680542,-0.0290198028087615,-0.013223186135292,0.9943040013313292,0.0411021709442138,0.0725531429052352,0.7737811803817749,-0.0096754729747772,0.0675428956747055,0.943997085094452,0.1003314852714538,0.1679313033819198,0.9510029554367064,-0.1046184003353118,0.1737885326147079,0.980104684829712,0.0636914322855786,0.0872083831873941,0.0033628779428976,-0.0026535590489705,0.25,0.25,1,1.0
crossover_02_05_1.mp4,261,0.1175189763307571,0.0256679763396581,0.15228271484375,0.0389821678400039,-0.0205669999122619,0.9311674237251282,-0.0302177518606185,-0.0145849585533142,0.9944100379943848,0.0344543606042861,0.0710066556930542,0.7290583252906799,-0.014840081334114,0.0754151940345764,0.945077419281006,0.0996593981981277,0.1668428778648376,0.9494128227233888,-0.1052932888269424,0.1727182269096374,0.9802507162094116,0.081749607580178,0.0868879651726888,0.0161102642615635,-0.0184644152720768,0.75,0.75,0,1.0
crossover_02_05_1.mp4,262,0.1175297647714614,-0.0009486357371012,0.1764268943557032,0.0355197191238403,-0.0211214125156402,0.924675464630127,-0.0325359106063842,-0.0150186121463775,0.9928708076477052,0.0201376080513,0.0664524734020233,0.6880329251289368,-0.0246973931789398,0.0766990482807159,0.9201856255531312,0.0993756651878357,0.1668321192264557,0.9432169795036316,-0.1055222749710083,0.1727257668972015,0.9782947897911072,0.1119776894796507,0.1025165682355181,0.0241441795119532,-0.0266166120767593,1.0,1.0,0,1.0
crossover_02_05_1.mp4,263,0.1175912469625473,-0.0259762922922769,0.1497259598087381,0.0299904942512512,-0.0198876708745956,0.9305983781814576,-0.0351835489273071,-0.0151101201772689,0.9931232333183287,0.0060413181781768,0.063139334321022,0.7118518948554993,-0.0377641916275024,0.0812339931726455,0.921221911907196,0.0991994142532348,0.1669870764017105,0.9420490860939026,-0.1056249141693115,0.1727711707353592,0.9780405163764954,0.0923166891390052,0.0694989500957894,-0.026700934546965,-0.0250276565551757,0.75,0.75,0,1.0
crossover_02_05_1.mp4,264,0.1167124956846237,-0.0412574539581934,0.1330111161426261,0.0250512510538101,-0.0183133780956268,0.9352256059646606,-0.0353978425264358,-0.0146494507789611,0.992912769317627,0.0019221752882003,0.0644446909427642,0.7312554121017456,-0.0441574901342392,0.0825869143009185,0.9198875427246094,0.0993163734674453,0.1682079136371612,0.9382869005203248,-0.1055538207292556,0.1738195121288299,0.9756380915641784,0.0810298404696954,0.0505075275696172,-0.0167148436661119,-0.0152811616659164,0.25,0.25,1,1.0
crossover_02_05_1.mp4,265,0.1166508495807647,-0.0378239353497822,0.1348917606804106,0.0250256061553955,-0.0181744843721389,0.9363994598388672,-0.0361297130584716,-0.0156070739030838,0.9917798638343812,0.0056257247924804,0.0644683986902237,0.7281982898712158,-0.0411198735237121,0.0817676931619644,0.8959925174713135,0.0992677211761474,0.1685404330492019,0.9321555495262146,-0.105668157339096,0.1739792376756668,0.973059892654419,0.0827485521352431,0.0532262130735486,0.0018806445377844,0.0034335186084111,0.25,0.25,1,1.0
crossover_02_05_1.mp4,266,0.1197935491800308,-0.0246021727720896,0.1407906152583934,0.0262418687343597,-0.0213728547096252,0.9389175772666932,-0.0362424552440643,-0.0197942554950714,0.9923912882804872,0.0095115303993225,0.0656145215034484,0.7333939075469971,-0.035999983549118,0.0782702565193176,0.9046049118041992,0.0991692245006561,0.1654549837112426,0.9361851215362548,-0.1057671010494232,0.1705597043037414,0.9748024344444276,0.0825541629254363,0.0635508091795193,0.0058988545779827,0.0132217625776926,0.75,0.75,1,1.0
crossover_02_05_1.mp4,267,0.1210869997739791,4.23818826675304e-05,0.1598455239225317,0.0319420844316482,-0.0227463543415069,0.9322579503059388,-0.0347553640604019,-0.02131849527359,0.9924220442771912,0.0246978551149368,0.0701783895492553,0.691678524017334,-0.021212413907051,0.0757662057876586,0.9084208011627196,0.0991891771554946,0.1636149287223816,0.9337178468704224,-0.1057299226522445,0.1682977676391601,0.9743739366531372,0.0929950931341129,0.0867242646673226,0.0190549086641382,0.0246445546547571,1.0,1.0,0,1.0
crossover_02_05_1.mp4,268,0.1211522966623306,0.025843404730161,0.1604907262104529,0.0364287048578262,-0.0228669494390487,0.9379032254219056,-0.0338140279054641,-0.0232843309640884,0.9931524395942688,0.0373009592294693,0.0646477192640304,0.719789981842041,-0.0092805176973342,0.0599034875631332,0.9175373911857604,0.0991751104593277,0.1638592928647995,0.9386882185935974,-0.1057130843400955,0.1679541915655136,0.9765192866325378,0.0965254242965893,0.1065433362786502,0.0006452022879211,0.0258010228474934,0.75,0.75,0,1.0
crossover_02_05_1.mp4,269,0.1231370717287063,0.0452466120322545,0.1369591401682959,0.0385613590478897,-0.0243763625621795,0.9437793493270874,-0.0318424552679061,-0.0259638726711273,0.9938194155693054,0.0450717359781265,0.0656804740428924,0.7473834753036499,-0.0045221298933029,0.0537085235118866,0.92576664686203,0.0995095521211624,0.1622818410396576,0.943593978881836,-0.1053038388490676,0.1661399900913238,0.9785313606262208,0.0712788806467318,0.0969927463603601,-0.0235315860421569,0.0194032073020935,0.25,0.25,1,1.0
crossover_02_05_1.mp4,270,0.1231588870286941,0.0474394053220749,0.1283185142057913,0.0380350202322006,-0.0240940451622009,0.948599338531494,-0.0310899466276168,-0.0257652997970581,0.9944115877151488,0.0435844510793685,0.065799593925476,0.7713648676872253,-0.0049270540475845,0.0530605912208557,0.9331621527671814,0.0995104759931564,0.162550151348114,0.9472512602806092,-0.1052670329809188,0.1662183403968811,0.9801024198532104,0.062637656926403,0.0916842464053705,-0.0086406259625045,0.0021927932898203,0.0,0.0,1,1.0
crossover_02_05_1.mp4,271,0.1233478188514709,0.0408048331737518,0.1320152282714843,0.0374306738376617,-0.0259513258934021,0.9465900659561156,-0.0312391221523284,-0.0258277952671051,0.994872510433197,0.03827366232872,0.0608800053596496,0.7691686153411865,-0.0093746185302734,0.0552716255187988,0.939487099647522,0.0994670689105987,0.1623694896697998,0.9501373767852784,-0.1052481532096862,0.166054368019104,0.9813507199287416,0.0711802413915768,0.0916927365540946,0.003696714065693,-0.006634572148323,0.25,0.25,1,1.0
crossover_02_05_1.mp4,272,0.1231762915849685,0.0210645814736684,0.1504063130528838,0.035156100988388,-0.0275380760431289,0.93924742937088,-0.0314704179763793,-0.0237437337636947,0.995173990726471,0.0267181098461151,0.0602758377790451,0.7476740479469299,-0.0164102017879486,0.0686816424131393,0.944526195526123,0.0996768176555633,0.1624828428030014,0.9493916034698486,-0.1048806011676788,0.1662980765104293,0.9811610579490662,0.0903076129467838,0.0899070696423807,0.0183910847813995,-0.0197402517000834,0.75,0.75,0,1.0
crossover_02_05_1.mp4,273,0.1206402480602264,-0.0064917693535486,0.1613584277806459,0.0321192890405654,-0.0261582136154174,0.941207766532898,-0.0331908613443374,-0.02124485373497,0.9949949383735656,0.0169095247983932,0.0597216784954071,0.754547655582428,-0.0271718055009841,0.0721465051174163,0.9429495334625244,0.0997301489114761,0.1649278104305267,0.9473650455474854,-0.1046430915594101,0.168969064950943,0.9804078936576844,0.104295970071984,0.0915774592371359,0.010952114727762,-0.027556350827217,1.0,1.0,0,1.0
crossover_02_05_1.mp4,274,0.117734283208847,-0.0260577042897542,0.1479324105713102,0.0295209884643554,-0.0233542472124099,0.9455456733703612,-0.0343168973922729,-0.0168380588293075,0.9952160120010376,0.0059205591678619,0.0594406872987747,0.774204671382904,-0.0347504913806915,0.0858131796121597,0.9446239471435548,0.0998657941818237,0.1677522808313369,0.9426836371421814,-0.1044285297393798,0.1720920950174331,0.9787741899490356,0.0940924780283084,0.0627245040025399,-0.0134260172093356,-0.0195659349362055,0.75,0.75,0,1.0
crossover_02_05_1.mp4,275,0.1160831451416015,-0.0323945830265681,0.1390206184652116,0.0276713222265243,-0.0219558775424957,0.9483731985092164,-0.034155324101448,-0.0136505663394927,0.9952321648597716,0.0054213255643844,0.0609674751758575,0.7865685224533081,-0.0374889224767684,0.0873138010501861,0.9443566799163818,0.0999542921781539,0.1691119968891143,0.9380275011062622,-0.1043161004781723,0.173562079668045,0.9765875935554504,0.0867314021557804,0.0519571675673785,-0.0089117921060986,-0.0063368787368138,0.25,0.25,1,1.0
crossover_02_05_1.mp4,276,0.1154277324676513,-0.0277448385953903,0.1402305353570867,0.0284654647111892,-0.0222728252410888,0.946873128414154,-0.034041628241539,-0.0143676996231079,0.993954598903656,0.0110739916563034,0.0619809925556182,0.7749766111373901,-0.0330805927515029,0.0780141055583953,0.9288299083709716,0.1000185757875442,0.1695241034030914,0.9373408555984496,-0.1042630821466445,0.1741426289081573,0.976047933101654,0.0873492560400411,0.0624448109077925,0.0012099168918751,0.0046497444311777,0.0,0.0,1,1.0
crossover_02_05_1.mp4,277,0.1165204644203186,-0.0128805855909983,0.1460118620483963,0.0304378569126129,-0.0231732726097106,0.9348582029342652,-0.0333339571952819,-0.0158781111240386,0.9931121468544006,0.0173031091690063,0.0628448724746704,0.7267290949821472,-0.0216487050056457,0.0764814615249633,0.9144150018692015,0.1000367701053619,0.1678809523582458,0.936834454536438,-0.1042597293853759,0.1724773645401001,0.9759915471076964,0.0884748754399878,0.0700810710179184,0.0057813266913095,0.014864253004392,0.25,0.25,0,1.0
crossover_02_05_1.mp4,278,0.1155850887298584,0.0095453103383382,0.1595448152886496,0.0356528759002685,-0.0181956142187118,0.9349380135536194,-0.030205100774765,-0.0148404389619827,0.993736207485199,0.031021773815155,0.0747721344232559,0.7192237377166748,-0.0096746683120727,0.071480706334114,0.9228056073188782,0.100052535533905,0.1677838712930679,0.9385100603103638,-0.104264348745346,0.1721097379922866,0.9767107963562012,0.0874508199194091,0.0901370892878096,0.0135329532402532,0.0224258959293365,0.75,0.75,0,1.0
crossover_02_05_1.mp4,279,0.1150103211402893,0.0383394926786422,0.1763315035237206,0.0394624918699264,-0.0166534781455993,0.9409134984016418,-0.0287217646837234,-0.0154148340225219,0.9943432211875916,0.0417967289686203,0.0776497423648834,0.7457770109176636,-0.0022381395101547,0.0654437243938446,0.9304930567741394,0.1001086086034774,0.1678151190280914,0.9424145817756652,-0.1042321175336837,0.1717530190944671,0.9784242510795592,0.0987423033363843,0.1180789727021939,0.016786688235071,0.028794182340304,1.0,1.0,0,1.0
crossover_02_05_1.mp4,280,0.1142660826444625,0.054602246483167,0.1547405617104635,0.0402567833662033,-0.0139971524477005,0.9463106989860536,-0.0269879847764968,-0.0152271538972854,0.9948822855949402,0.0486311763525009,0.0811646729707717,0.7703985571861267,-0.0001289397478103,0.0607054382562637,0.9374180436134338,0.1004469841718673,0.167759969830513,0.9453446865081788,-0.1038349121809005,0.1718449145555496,0.9797567129135132,0.0738177829682038,0.1088030660840793,-0.021590941813257,0.0162627538045248,0.75,0.75,0,1.0
crossover_02_05_1.mp4,281,0.1148436069488525,0.0563071539004643,0.1463676453740509,0.0390779227018356,-0.0136579126119613,0.9505585432052612,-0.0272708386182785,-0.01551453769207,0.9953689575195312,0.0441690534353256,0.077894851565361,0.7910963892936707,-0.001491829752922,0.061287447810173,0.9436421394348145,0.1001738160848617,0.1668221205472946,0.948101818561554,-0.1041009277105331,0.1708331555128097,0.9809543490409852,0.0695403262493724,0.1028560281601079,-0.0083729163364126,0.0017049074172973,0.25,0.25,1,1.0
crossover_02_05_1.mp4,282,0.1152375787496566,0.0470918387174605,0.1524377892414729,0.0380775779485702,-0.0149315744638443,0.9389934539794922,-0.0281642228364944,-0.0125115364789962,0.9957168698310852,0.0433636158704757,0.0762730985879898,0.7513411045074463,-0.0051584392786026,0.0692096501588821,0.9488754272460938,0.0996641963720321,0.1659319549798965,0.9448474645614624,-0.1045901924371719,0.1697859317064285,0.980600893497467,0.0762558833660561,0.0982701108466707,0.0060701438674219,-0.0092153151830037,0.75,0.75,1,1.0
crossover_02_05_1.mp4,283,0.116216704249382,0.0249223311742147,0.1780342491688551,0.0368058681488037,-0.0202458649873733,0.9350916147232056,-0.031812846660614,-0.0138585716485977,0.9957749843597412,0.0240833759307861,0.0670459121465683,0.7312974333763123,-0.0143385231494903,0.0725111216306686,0.9503048658370972,0.0988316535949707,0.1649942249059677,0.9398319721221924,-0.105446308851242,0.1688969582319259,0.9797815680503844,0.110991507787187,0.1125901644357426,0.0255964599273822,-0.0221695075432458,1.0,1.0,0,1.0
crossover_02_05_1.mp4,284,0.1152463406324386,0.0078164766232172,0.1585281051971294,0.032484546303749,-0.0210371017456054,0.9378960728645324,-0.0356906205415725,-0.0129659473896026,0.9960424304008484,0.0060574263334274,0.0587733685970306,0.7470428347587585,-0.027136281132698,0.075792521238327,0.9542737007141112,0.098788097500801,0.1661319434642791,0.9304966926574708,-0.105327233672142,0.1700397431850433,0.9770793318748474,0.0997702447229488,0.0898157677011544,-0.0195061439717256,-0.0171058545509974,0.75,0.75,0,1.0
crossover_02_05_1.mp4,285,0.1141785830259323,-0.0144553234179814,0.1399238841401205,0.0281005650758743,-0.0214643031358718,0.9401023983955384,-0.0372657924890518,-0.0121459513902664,0.9960534572601318,-3.992021083831787e-05,0.0563855916261673,0.7564149498939514,-0.0329996198415756,0.0820276290178299,0.9538288712501526,0.099072590470314,0.1671190410852432,0.9205567836761476,-0.1050212830305099,0.1711163073778152,0.9734281301498412,0.0847729329784651,0.0607936451204523,-0.0186042210570088,-0.0222718000411987,0.25,0.25,0,1.0
crossover_02_05_1.mp4,286,0.1121597439050674,-0.0268828709920247,0.1320898802192123,0.0260351300239563,-0.0194877386093139,0.939130425453186,-0.0371913909912109,-0.0152565836906433,0.9953050017356871,0.0015000104904174,0.0588301420211792,0.7530915141105652,-0.0342449843883514,0.0826137661933898,0.9428119659423828,0.0993692278861999,0.1691632866859436,0.908157229423523,-0.1046716570854187,0.1735861897468567,0.9680057168006896,0.0785657508211479,0.0500208613755956,-0.0078340039209082,-0.0124275475740432,0.0,0.0,1,1.0
crossover_02_05_1.mp4,287,0.1125787496566772,-0.027247275908788,0.1296905462388639,0.0271840989589691,-0.0190576016902923,0.9387292861938475,-0.0366123020648956,-0.0172359943389892,0.99491286277771,0.0072355568408966,0.0573969185352325,0.7503830790519714,-0.0333995819091796,0.0813172757625579,0.9376626014709472,0.0993787944316864,0.1688868105411529,0.907231330871582,-0.10468789935112,0.1734132468700409,0.9674413800239564,0.0800964066671781,0.0487629384440304,-0.0023993339803484,-0.0003644049167633,0.0,0.0,1,1.0
crossover_02_05_1.mp4,288,0.1178956925868988,-0.0200102716684341,0.1313582589228947,0.030207023024559,-0.0243653804063797,0.9370348453521729,-0.0362651199102401,-0.0225496441125869,0.9948077201843262,0.0176128596067428,0.0559896081686019,0.7340609431266785,-0.0311654955148696,0.0747092217206955,0.9392771124839784,0.0992680042982101,0.1634092181921005,0.91342031955719,-0.1048056632280349,0.1680153459310531,0.9696354866027832,0.0842373641769005,0.0577369243638786,0.0016677126840308,0.0072370042403538,0.25,0.25,1,1.0
crossover_02_05_1.mp4,289,0.1197268962860107,0.0009358028570811,0.1542167641498424,0.0352255403995513,-0.0228395760059356,0.9379133582115172,-0.0342079401016235,-0.024615854024887,0.9951291084289552,0.0286649167537689,0.0714557766914367,0.7274723052978516,-0.0201779007911682,0.0744502544403076,0.9439162611961364,0.0988104045391082,0.1612343788146972,0.9174250960350036,-0.1052636206150055,0.1654919981956482,0.9713221788406372,0.0872827864047995,0.0825135416340094,0.0228585052269476,0.0209460745255152,0.75,0.75,0,1.0
crossover_02_05_1.mp4,290,0.1195110082626342,0.0252472996711731,0.1727609677447212,0.0393396615982055,-0.0198655575513839,0.943335771560669,-0.0312716364860534,-0.0218677967786788,0.9956027865409852,0.0383200049400329,0.0728321224451065,0.7523360848426819,-0.0079694986343383,0.0744834095239639,0.94950133562088,0.0991906523704528,0.161698892712593,0.9237237572669984,-0.1051118671894073,0.1656522899866104,0.9735605716705322,0.100780304355369,0.1037392603574142,0.0185442035948788,0.024311496814092,1.0,1.0,0,1.0
crossover_02_05_1.mp4,291,0.1172738969326019,0.045340962211291,0.1456212754602786,0.0415777713060379,-0.0166757404804229,0.9476944208145142,-0.0299905091524124,-0.0193982720375061,0.9960100054740906,0.0459784418344497,0.0747397541999816,0.7722442150115967,-0.002232477068901,0.0712455511093139,0.954490602016449,0.0995757728815078,0.1641110181808471,0.9286530613899232,-0.1048392802476883,0.1678740382194519,0.97543603181839,0.0708843878187846,0.0882891867539666,-0.0271396922844426,0.0200936625401179,0.75,0.75,0,1.0
crossover_02_05_1.mp4,292,0.1157732456922531,0.0502384454011917,0.141460562966488,0.0421184450387954,-0.0136978477239608,0.9516297578811646,-0.0278008729219436,-0.0160310119390487,0.9963845610618592,0.0502144247293472,0.0769231468439102,0.7910682559013367,-0.001039519906044,0.0700242668390274,0.9590075016021729,0.1007056385278701,0.1655326634645462,0.9341198801994324,-0.1037010699510574,0.1691833287477493,0.9772822856903076,0.0645374205927959,0.0879350563226084,-0.0041607124937905,0.0048974831899006,0.25,0.25,1,1.0
crossover_02_05_1.mp4,293,0.1159129589796066,0.0462573061386744,0.1419368690914577,0.0411872714757919,-0.0143900215625762,0.9544498920440674,-0.0274656862020492,-0.0162381827831268,0.996723771095276,0.0430389493703842,0.0757656097412109,0.8045299053192139,-0.003976747393608,0.0699256062507629,0.9630640149116516,0.1006843894720077,0.165455162525177,0.9389694929122924,-0.1038747578859329,0.168923795223236,0.9790112376213074,0.0662494783699134,0.087801378748832,0.0004763061249697,-0.0039811392625173,0.25,0.25,1,1.0
crossover_02_05_1.mp4,294,0.115287959575653,0.025877954562505,0.1632714474642718,0.0392908751964569,-0.0165111422538757,0.9399568438529968,-0.0268127918243408,-0.0137548148632049,0.996723473072052,0.0343470871448516,0.0758091807365417,0.7558926343917847,-0.0048365890979766,0.071714699268341,0.9651162624359132,0.1006843149662017,0.1657915711402893,0.9387227892875672,-0.103874921798706,0.169262945652008,0.9786582589149476,0.0878713508935077,0.0965713276934966,0.021334578372814,-0.0203793515761693,0.75,0.75,0,1.0
crossover_02_05_1.mp4,295,0.1174924671649932,-0.0049673398335775,0.1609206838740242,0.0351248383522033,-0.018543317914009,0.9325768351554872,-0.0271831154823303,-0.014213815331459,0.9938220381736756,0.0174095332622528,0.0729366689920425,0.7127321362495422,-0.0146060287952423,0.074336364865303,0.9233939051628112,0.1006372570991516,0.1639128476381302,0.9247233867645264,-0.1039403975009918,0.1673854142427444,0.9729515314102172,0.0907849730093019,0.0871191633517202,-0.0023507635902475,-0.0308452943960825,1.0,1.0,0,1.0
crossover_02_05_1.mp4,296,0.1169672757387161,-0.0249090691407521,0.144371113733009,0.0292671024799346,-0.0175976455211639,0.9326737523078918,-0.0284908413887023,-0.0140407681465148,0.991610586643219,0.0062244534492492,0.0669166147708892,0.702396035194397,-0.027433693408966,0.0775865018367767,0.8890917301177979,0.1002138555049896,0.1649941504001617,0.8942573070526123,-0.1042799055576324,0.1685210168361663,0.959924042224884,0.0834775157652354,0.0668323133957371,-0.0165495701410152,-0.0199417293071746,0.75,0.75,0,1.0
crossover_02_05_1.mp4,297,0.1117286384105682,-0.0379171977440516,0.1377656184964709,0.023238256573677,-0.0122808665037155,0.934679388999939,-0.0325464457273483,-0.0088549107313156,0.9909573197364808,0.0028914362192153,0.0701488405466079,0.7131174206733704,-0.0404724031686782,0.0852331072092056,0.8815893530845642,0.0987687855958938,0.1704572588205337,0.8779467344284058,-0.1055801063776016,0.1742773801088333,0.9514166116714478,0.0789770426533495,0.052594617756085,-0.006605495236538,-0.0130081286032994,0.25,0.25,1,1.0
crossover_02_05_1.mp4,298,0.1118883490562439,-0.0363351076841354,0.1370376628858072,0.0237173587083816,-0.0137450993061065,0.9333012700080872,-0.035078153014183,-0.0104382932186126,0.9905573725700378,0.0064382404088974,0.068801611661911,0.706632137298584,-0.0403684824705123,0.0854697525501251,0.8708579540252686,0.0987323671579361,0.1705330908298492,0.8702610731124878,-0.1055539697408676,0.1745226681232452,0.9481312036514282,0.080533955532545,0.0517254046727169,-0.0007279556106637,0.0015820900599161,0.0,0.0,1,1.0
crossover_02_05_1.mp4,299,0.1142785400152206,-0.0244058569272359,0.1442236441153067,0.0252739787101745,-0.0159317851066589,0.9320664405822754,-0.035198837518692,-0.0148178935050964,0.9906696677207948,0.0080293118953704,0.0674572587013244,0.6980644464492798,-0.0342377126216888,0.0828220248222351,0.87349933385849,0.098685622215271,0.1689737439155578,0.8771138787269592,-0.1055671274662017,0.1730492711067199,0.951067328453064,0.0833373752051206,0.0621837940158676,0.0071859812294995,0.0119292507568995,0.25,0.25,1,1.0
crossover_02_05_1.mp4,300,0.1172186583280563,-0.0006630510091781,0.1598080978349403,0.030855968594551,-0.0190619975328445,0.923911988735199,-0.0345290154218673,-0.0189060717821121,0.9914380311965942,0.0247715860605239,0.0689531713724136,0.6648870706558228,-0.0208777636289596,0.0762060433626174,0.8854153752326965,0.0991261154413223,0.1662964969873428,0.8812829256057739,-0.1051118522882461,0.1703007966279983,0.9531295895576476,0.0943479646064428,0.0860112673915085,0.0155844537196335,0.0237428059180577,0.75,0.75,0,1.0
crossover_02_05_1.mp4,301,0.1180463433265686,0.0261993438005447,0.1711644765403536,0.0369106084108352,-0.0182972997426986,0.9305729866027832,-0.0334574431180954,-0.0207816511392593,0.9922735095024108,0.0371703654527664,0.0706160515546798,0.695701539516449,-0.0111293643712997,0.0655679553747177,0.8968490958213806,0.0996331125497818,0.1662630289793014,0.8907623291015625,-0.1048209518194198,0.1701862663030624,0.9570425748825072,0.1011451881366245,0.112000257749986,0.0113563787054132,0.0268623948097229,1.0,1.0,0,1.0
crossover_02_05_1.mp4,302,0.1181641668081283,0.048723292350769,0.1459427938417151,0.0401139259338378,-0.0181786864995956,0.9369323253631592,-0.0316684544086456,-0.021011009812355,0.993023157119751,0.0478354096412658,0.0743348747491836,0.7247822880744934,-0.0042474567890167,0.0584097653627395,0.907142460346222,0.1004149317741394,0.1662649661302566,0.9001122117042542,-0.1040721237659454,0.170147493481636,0.9608742594718932,0.0716134234097796,0.1023129089564521,-0.0252216826986384,0.0225239485502242,0.75,0.75,0,1.0
crossover_02_05_1.mp4,303,0.1180706620216369,0.0523630032936731,0.1401414104081966,0.0408465713262558,-0.0166461914777755,0.9424171447753906,-0.0296074002981185,-0.0207170099020004,0.9936954379081726,0.0498684495687484,0.0745435208082199,0.7507439851760864,-0.0015167444944381,0.0589073747396469,0.9164053797721864,0.1016148775815963,0.1663424223661422,0.9086446166038512,-0.1028493791818618,0.1701899617910385,0.9642829298973083,0.0656453038553198,0.0974781810084169,-0.0058013834335185,0.0036397109429041,0.25,0.25,1,1.0
crossover_02_05_1.mp4,304,0.1180406361818313,0.0461552600065867,0.1426518776902445,0.0400726497173309,-0.017286017537117,0.944286048412323,-0.0296563804149627,-0.019541397690773,0.9942837953567504,0.0427226722240448,0.0715223997831344,0.7574257850646973,-0.0053085684776306,0.0611629337072372,0.924664318561554,0.1015035212039947,0.166625902056694,0.9153396487236024,-0.1030123829841613,0.170438751578331,0.9670423269271852,0.0712122551687764,0.0963793216085206,0.0025104672820479,-0.0062077432870863,0.25,0.25,1,1.0
crossover_02_05_1.mp4,305,0.1189720034599304,0.023356815179189,0.1627641140310852,0.0393157005310058,-0.024599477648735,0.9346688985824584,-0.0307214558124542,-0.0209211856126785,0.9946927428245544,0.0326690077781677,0.0551622956991195,0.7226716876029968,-0.0126217901706695,0.0683038681745529,0.9314788579940796,0.1009455919265747,0.1660055965185165,0.9168299436569214,-0.1035094261169433,0.1698829978704452,0.9682498574256896,0.108004019551801,0.1010801567578791,0.0201122363408406,-0.0227984448273976,0.75,0.75,0,1.0
crossover_02_05_1.mp4,306,0.1190467178821563,-0.0069115728139877,0.1636316640509499,0.0361478477716445,-0.0241660326719284,0.935911238193512,-0.0328084975481033,-0.0216585248708724,0.9944060444831848,0.0163903683423995,0.0583950728178024,0.7189511656761169,-0.021880879998207,0.0683793276548385,0.9300992488861084,0.1001956015825271,0.1659845560789108,0.9119402170181274,-0.1042108088731765,0.1699228733778,0.966765820980072,0.1077855305503866,0.0964214070966271,0.0008675500198647,-0.0302683879931768,1.0,1.0,0,1.0
crossover_02_05_1.mp4,307,0.1165718436241149,-0.0301569561163584,0.1435525407393773,0.0333956778049469,-0.020796313881874,0.9402494430541992,-0.0340733230113983,-0.0185740739107131,0.993921399116516,0.0082339942455291,0.0585192590951919,0.7370921969413757,-0.0343883037567138,0.0782719999551773,0.914390742778778,0.0998277962207794,0.1689428836107254,0.911280870437622,-0.1043835282325744,0.1730615049600601,0.966540515422821,0.0932980388693581,0.0654175305857011,-0.0200791233115726,-0.0232453833023706,0.75,0.75,0,1.0
crossover_02_05_1.mp4,308,0.1153428703546524,-0.0391094704469044,0.1344579371037306,0.0307983458042144,-0.0193540900945663,0.9450461864471436,-0.0346933305263519,-0.0144381672143936,0.9940062165260316,0.0073911547660827,0.0613014549016952,0.7592628598213196,-0.0401195585727691,0.0835588425397872,0.9149351119995116,0.0995011031627655,0.1700534075498581,0.913004755973816,-0.1046583652496337,0.1743469685316085,0.9670742750167848,0.0866843644112098,0.0509091161330783,-0.0090946036356466,-0.008952514330546,0.25,0.25,1,1.0
crossover_02_05_1.mp4,309,0.1166478097438812,-0.0353549708922704,0.1336592499856596,0.030907317996025,-0.0211923420429229,0.9467028975486756,-0.0350736826658248,-0.0159547924995422,0.99321186542511,0.0128405541181564,0.0603277385234832,0.76491379737854,-0.0366780906915664,0.0832702219486236,0.9020581245422364,0.0993168205022811,0.168582409620285,0.9160504937171936,-0.1048476248979568,0.1728933155536651,0.9677490592002868,0.0877514626907037,0.05040639634531,-0.000798687118071,0.003754499554634,0.25,0.25,1,1.0
crossover_02_05_1.mp4,310,0.1193655282258987,-0.0209739834070205,0.1435228910711076,0.034832939505577,-0.0236996412277221,0.949677586555481,-0.0351225286722183,-0.0206384658813476,0.9936683177947998,0.0198660045862197,0.0584971010684967,0.7767508029937744,-0.0306795388460159,0.0678233206272125,0.910875678062439,0.0991769284009933,0.1659033000469207,0.9228485226631165,-0.1050177961587905,0.1701271831989288,0.9704139828681946,0.0943254450551711,0.0763192162680516,0.009863641085448,0.0143809874852498,0.75,0.75,1,1.0
crossover_02_05_1.mp4,311,0.1196745038032531,0.0126839747031529,0.1764702628056208,0.0391440540552139,-0.0217448025941848,0.9499506950378418,-0.0346576124429702,-0.0211365669965744,0.9942207932472228,0.0326697379350662,0.0686792880296707,0.7651864886283875,-0.0193087011575698,0.0677179247140884,0.919491708278656,0.0990612655878067,0.1657466441392898,0.9247893691062928,-0.1051699966192245,0.1697968989610672,0.9715566039085388,0.109628121278765,0.1133604973044148,0.0329473717345132,0.0336579581101735,1.0,1.0,0,1.0
crossover_02_05_1.mp4,312,0.1196055561304092,0.0373971223831176,0.1563857712127544,0.0414953231811523,-0.0216704010963439,0.9531773924827576,-0.0337731838226318,-0.0210794508457183,0.9947634935379028,0.042115569114685,0.0680566132068634,0.7806799411773682,-0.0070607960224151,0.0628236234188079,0.9274824261665344,0.0989586114883422,0.1658138334751129,0.9292644262313844,-0.1053169965744018,0.1695294082164764,0.9735655188560486,0.088455095351191,0.1035875572101654,-0.0200844915928664,0.0247131476799646,0.75,0.75,0,1.0
crossover_02_05_1.mp4,313,0.1198880821466445,0.0501051406065623,0.1366554780138863,0.0416188538074493,-0.0214085727930068,0.9571533799171448,-0.0332153737545013,-0.0214810222387313,0.995255410671234,0.0474507510662078,0.06779445707798,0.8012967705726624,-0.0051273107528686,0.057977095246315,0.9346998333930968,0.0991275012493133,0.1655301600694656,0.9337052702903748,-0.1051894128322601,0.1690349727869033,0.975473940372467,0.0689121613952665,0.096129660345246,-0.0197302931988681,0.0127080182234446,0.25,0.25,1,1.0
crossover_02_05_1.mp4,314,0.1200650185346603,0.049665876229604,0.133035624579147,0.0411161184310913,-0.0217244178056716,0.9598805904388428,-0.0330839157104492,-0.0217431336641311,0.9956626892089844,0.0448312163352966,0.0647384971380233,0.8165624737739563,-0.0069733560085296,0.0592266768217086,0.9410624504089355,0.0991908907890319,0.1652503460645675,0.937858819961548,-0.1051598191261291,0.1686512678861618,0.9771295189857484,0.0684680330738565,0.093036355246675,-0.0036198534347392,-0.0004392643769582,0.25,0.25,1,1.0
crossover_02_05_1.mp4,315,0.1201780140399932,0.0404866238435109,0.1401171666604501,0.0405468642711639,-0.022140234708786,0.9531099796295166,-0.0333240926265716,-0.0220440924167633,0.995885133743286,0.0411281883716583,0.0610771179199218,0.786471962928772,-0.0085357725620269,0.0644022226333618,0.945871114730835,0.0991614758968353,0.1651546955108642,0.9404958486557008,-0.1051888763904571,0.1686321496963501,0.9783523678779602,0.0790426524728824,0.0901994905660049,0.007081542081303,-0.009179252386093,0.75,0.75,1,1.0
crossover_02_05_1.mp4,316,0.1195028871297836,0.0081234027942021,0.1747735602988137,0.0395903438329696,-0.0223103612661361,0.9350744485855104,-0.0343438237905502,-0.0211967676877975,0.9954085946083068,0.0289007276296615,0.0503501147031784,0.7365906834602356,-0.0199314206838607,0.0712194293737411,0.9434590339660645,0.0990418642759323,0.1654124110937118,0.9372456669807434,-0.1053070276975631,0.1690994352102279,0.9773064255714417,0.1261463080760123,0.1072871434610519,0.0346563936383635,-0.0323632210493088,1.0,1.0,0,1.0
crossover_02_05_1.mp4,317,0.118082121014595,-0.0157755335172017,0.1593096356700968,0.0377197265625,-0.0211413651704788,0.9382725954055786,-0.0360061228275299,-0.0200244933366775,0.9953544735908508,0.017497181892395,0.0534688979387283,0.7415258884429932,-0.0314699411392211,0.0764377862215042,0.9423063397407532,0.0992265343666076,0.1665596514940261,0.9353058338165284,-0.1051560342311859,0.1704097539186477,0.976511776447296,0.1109474441086785,0.084344874542774,-0.0154639246287169,-0.0238989363114038,0.75,0.75,0,1.0
crossover_02_05_1.mp4,318,0.1149906516075134,-0.0348720580339431,0.1387771573331621,0.0334850996732711,-0.0172833502292633,0.9426429271697998,-0.0371066480875015,-0.0164848566055297,0.9951941967010498,0.0086422711610794,0.0625723302364349,0.7569112181663513,-0.0379652827978134,0.0853003561496734,0.9346771836280824,0.0993279069662094,0.1694599092006683,0.934255063533783,-0.1051154881715774,0.173601359128952,0.9759476780891418,0.087753475817969,0.053566186202288,-0.0205324783369347,-0.0190965245167414,0.25,0.25,1,1.0
crossover_02_05_1.mp4,319,0.1141814589500427,-0.0367189566294351,0.1353142017567599,0.0328187942504882,-0.0170111805200576,0.9440258741378784,-0.0374387204647064,-0.0160426348447799,0.9941646456718444,0.0117856562137603,0.0630445629358291,0.7550420761108398,-0.0390523076057434,0.0835610181093216,0.9174343347549438,0.0992907881736755,0.1697533875703811,0.9312995076179504,-0.1051551699638366,0.174047365784645,0.9741595983505248,0.0870379122128746,0.0518057578308059,-0.0034629555764021,-0.001846898595492,0.0,0.0,1,1.0
crossover_02_05_1.mp4,320,0.1146034598350524,-0.0279102832078933,0.1384154950027112,0.0328235477209091,-0.0178232043981552,0.9450981616973876,-0.0373497754335403,-0.0173575431108474,0.9943066239356996,0.0134341269731521,0.0651506334543228,0.753700315952301,-0.0343344062566757,0.0825612694025039,0.9210594296455384,0.099256619811058,0.1690170913934707,0.935093343257904,-0.1051854640245437,0.1731638461351394,0.9755241870880128,0.0841255026191407,0.0562224499141112,0.0031012932459513,0.0088086734215418,0.25,0.25,1,1.0
crossover_02_05_1.mp4,321,0.1174456775188446,-0.0081882794698079,0.1552313589387469,0.0364294052124023,-0.0205833166837692,0.9365588426589966,-0.0370057523250579,-0.0194409936666488,0.9945977330207824,0.0240599513053894,0.0624064058065414,0.7093893885612488,-0.0258556008338928,0.0786256045103073,0.9268193244934082,0.0993282198905944,0.1658593863248825,0.92751282453537,-0.1051139235496521,0.1697681993246078,0.9736051559448242,0.0982670866166619,0.0786166385425645,0.0168158639360357,0.0197220037380854,0.75,0.75,0,1.0
crossover_02_05_1.mp4,322,0.1181778758764267,0.018530535697937,0.1751860695856588,0.0395612120628356,-0.0184248387813568,0.9391921758651732,-0.0349596440792083,-0.0203337669372558,0.9950609803199768,0.0352488756179809,0.0708605945110321,0.7165800333023071,-0.0150251388549804,0.0714589059352874,0.933940291404724,0.0994437336921691,0.1649658977985382,0.9300042390823364,-0.1050329506397247,0.1686837971210479,0.9748099446296692,0.1056565551171753,0.1090197586387542,0.0199547106469119,0.0267188151677449,1.0,1.0,0,1.0
crossover_02_05_1.mp4,323,0.119570255279541,0.0433216154575347,0.1423956156880766,0.0408490598201751,-0.0197786539793014,0.9446985721588136,-0.0329091250896453,-0.0218848139047622,0.99552983045578,0.043970376253128,0.0708029717206955,0.743472158908844,-0.0029326677322387,0.0621368139982223,0.9405120015144348,0.0994307696819305,0.163625106215477,0.9351151585578918,-0.1050497889518737,0.1670285910367965,0.9768301844596864,0.0715955833889919,0.0926333307297709,-0.0327904538975821,0.0247910797595977,0.75,0.75,0,1.0
crossover_02_05_1.mp4,324,0.1207364797592163,0.0478339622418085,0.1327765146891276,0.040882721543312,-0.0211573541164398,0.9494923949241638,-0.0299951583147048,-0.0227474868297576,0.9959463477134703,0.0463824421167373,0.0684907436370849,0.7678111791610718,-0.0009716898202896,0.0581579208374023,0.9464327096939088,0.0997871309518814,0.162405252456665,0.93945974111557,-0.1047099977731704,0.1656246781349182,0.978482723236084,0.064302156032509,0.0891623587710381,-0.009619100998949,0.0045123467842738,0.25,0.25,1,1.0
crossover_02_05_1.mp4,325,0.1205456107854843,0.0444446702798208,0.1351867655913035,0.040762573480606,-0.0214342474937438,0.952871322631836,-0.0287556946277618,-0.0212173163890838,0.9963266253471376,0.0411281287670135,0.0570985972881317,0.7869080305099487,-0.0028410851955413,0.0595768988132476,0.951750874519348,0.0998443067073822,0.1625935733318328,0.9432782530784608,-0.1046496033668518,0.1656828224658966,0.9799836277961732,0.0781585662390927,0.0891784426028571,0.0024102509021758,-0.0033892919619877,0.75,0.75,1,1.0
crossover_02_05_1.mp4,326,0.1211972683668136,0.0229991654555002,0.1541061458764252,0.0390034019947052,-0.0250846743583679,0.929884910583496,-0.0284965336322784,-0.0183320641517639,0.9958165884017944,0.0330283343791961,0.0533277988433837,0.7304331064224243,-0.0038171708583831,0.0616872906684875,0.949890673160553,0.1000016033649444,0.1615882515907287,0.9395978450775146,-0.1045039892196655,0.164648175239563,0.9788867235183716,0.1012761544491701,0.0962307679032286,0.0189193802851217,-0.0214455048243205,1.0,1.0,0,1.0
crossover_02_05_1.mp4,327,0.1208921372890472,-0.0084701796372731,0.1560705753388228,0.0373933613300323,-0.025825098156929,0.9278446435928344,-0.0288096666336059,-0.0162152200937271,0.9949063658714294,0.019470989704132,0.0540611892938613,0.7037609219551086,-0.0173496007919311,0.0709386020898819,0.9359262585639954,0.1001196205615997,0.1617548018693924,0.9269152283668518,-0.1044378578662872,0.1650797873735427,0.9744052290916444,0.1057668368886725,0.0855937906001375,0.0019644294623976,-0.0314693450927734,0.75,0.75,0,1.0
crossover_02_05_1.mp4,328,0.1204249858856201,-0.027967083454132,0.1369064400593439,0.0335267782211303,-0.0251645594835281,0.9322694540023804,-0.0315510332584381,-0.0160309821367263,0.994137167930603,0.0090142786502838,0.0552449375391006,0.7185397744178772,-0.0317788124084472,0.0755309611558914,0.9150224328041076,0.0995327234268188,0.1625599414110183,0.9219714999198914,-0.1049743592739105,0.1660284548997879,0.9726603031158448,0.0896449783142459,0.0614937288530246,-0.0191641352794789,-0.0194969038168589,0.25,0.25,0,1.0
crossover_02_05_1.mp4,329,0.1177119761705398,-0.0370105902353922,0.1297262012958526,0.0299865007400512,-0.0223602056503295,0.9369618892669678,-0.0334933996200561,-0.013803631067276,0.9943606853485109,0.0073641240596771,0.0592788755893707,0.7392673492431641,-0.0402538180351257,0.080080360174179,0.918671488761902,0.0990253090858459,0.1653793156147003,0.9158890843391418,-0.1054106056690216,0.1690617501735687,0.9705476760864258,0.0832582786752415,0.049751663964529,-0.0071802387634912,-0.0090435067812602,0.0,0.0,1,1.0
crossover_02_05_1.mp4,330,0.1179172843694686,-0.0330801486968994,0.1331658883227242,0.0306010842323303,-0.0226957947015762,0.9388818740844728,-0.0336930453777313,-0.0174513310194015,0.9938822388648988,0.0129139423370361,0.0613607317209243,0.7451414465904236,-0.0352875590324401,0.0767951160669326,0.915089190006256,0.0988464951515197,0.1655071526765823,0.9178099632263184,-0.1056166291236877,0.1693338304758072,0.9711945056915284,0.085272720870434,0.0564139754414078,0.0034396870268715,0.0039304415384928,0.25,0.25,1,1.0
crossover_02_05_1.mp4,331,0.1185010075569152,-0.0140857696533203,0.147959844050584,0.0324856638908386,-0.0224681794643402,0.923267424106598,-0.0330443978309631,-0.0208169221878051,0.9921036958694458,0.0191742479801177,0.0610935986042022,0.6899047493934631,-0.0262456536293029,0.0657269060611724,0.902917504310608,0.0990278720855712,0.1651631891727447,0.9118371605873108,-0.10544154047966,0.168963998556137,0.9695126414299012,0.0930159844915252,0.0831271247468584,0.0147939557278597,0.018994379043579,0.75,0.75,0,1.0
crossover_02_05_1.mp4,332,0.118332102894783,0.0148721317450205,0.1758423067905284,0.0381334722042083,-0.0211117565631866,0.9254321455955504,-0.0296522080898284,-0.0215734839439392,0.9928321838378906,0.03195521235466,0.0658971071243286,0.6959604024887085,-0.0101797878742218,0.0645525455474853,0.912498414516449,0.099819928407669,0.1655076146125793,0.9116415977478028,-0.1047084927558898,0.1692277789115905,0.969650149345398,0.1112644533207079,0.1140745792634911,0.0278824627399444,0.0289579013983408,1.0,1.0,0,1.0
crossover_02_05_1.mp4,333,0.1157469451427459,0.0409839769204457,0.1499107284678353,0.041980892419815,-0.0173330754041671,0.9321616291999816,-0.0270083546638488,-0.0193075090646743,0.9935247898101808,0.0445170104503631,0.0726174265146255,0.7244983911514282,-0.0004840195178985,0.0615772753953933,0.9212228655815125,0.1005525887012481,0.1680829674005508,0.9169119596481324,-0.1040370762348175,0.1714829951524734,0.9715076684951782,0.0773740063118977,0.0975827528834468,-0.0259315783226931,0.0261118451754251,0.75,0.75,0,1.0
crossover_02_05_1.mp4,334,0.1135748922824859,0.0529421925544738,0.1430414134705507,0.045149803161621,-0.0124417096376419,0.9377054572105408,-0.0216890573501586,-0.0152101069688797,0.9941219687461852,0.0553079843521118,0.0763581842184066,0.749110996723175,0.0079054832458496,0.0640297383069992,0.9290457367897034,0.1031323075294494,0.1701117008924484,0.9211556315422058,-0.1014536619186401,0.1733369082212448,0.9728115797042848,0.0667251829096314,0.0909458630037678,-0.0068693149972846,0.0119582156340281,0.25,0.25,1,1.0
crossover_02_05_1.mp4,335,0.1133845448493957,0.0510097126166025,0.143070532547103,0.0445545613765716,-0.0130818337202072,0.9427276253700256,-0.0218769311904907,-0.0148473531007766,0.9946655631065368,0.0497526228427886,0.0757731944322586,0.770672082901001,0.0048008561134338,0.063776209950447,0.9360654950141908,0.1027444899082183,0.1701054126024246,0.925210177898407,-0.1019015312194824,0.1735910326242447,0.974384069442749,0.0673090780804722,0.0917760753976382,2.9119076552230894e-05,-0.0019324799378712,0.25,0.25,1,1.0
crossover_02_05_1.mp4,336,0.1139740496873855,0.0363696833451588,0.152513015711749,0.0433850586414337,-0.0154861509799957,0.9450292587280272,-0.0230892896652221,-0.0150882899761199,0.9951582551002502,0.0434000790119171,0.0710518956184387,0.7807812690734863,-0.0006612241268157,0.0645570755004882,0.9423819184303284,0.1021194159984588,0.169862151145935,0.9300658106803894,-0.1025594472885131,0.1732288599014282,0.9762169718742372,0.0817639318409278,0.0954334088600256,0.009442483164646,-0.0146400292714437,0.75,0.75,1,1.0
crossover_02_05_1.mp4,337,0.1170550286769867,0.0060159693161646,0.1772854263031924,0.0381710976362228,-0.019772782921791,0.9203492403030396,-0.0243304520845413,-0.0144978314638137,0.9907018542289734,0.0261402577161788,0.066915139555931,0.7135595083236694,-0.0116605013608932,0.0721492022275924,0.8862441778182983,0.1016048043966293,0.1665467470884323,0.9184089303016664,-0.1030156761407852,0.1698223799467086,0.9724656343460084,0.1121899602472504,0.1066118343734486,0.0247724105914434,-0.0303537140289942,1.0,1.0,0,1.0
crossover_02_05_1.mp4,338,0.1184978783130645,-0.0227464189132054,0.1539637455233821,0.0313190668821334,-0.0211642980575561,0.9238607883453368,-0.0285773128271102,-0.0163646936416625,0.990587830543518,0.0108921974897384,0.0634704232215881,0.7191718220710754,-0.0236001163721084,0.0745843648910522,0.8825179934501648,0.0998927801847457,0.1648687720298767,0.914945125579834,-0.104517325758934,0.1681910157203674,0.9715813994407654,0.0965432436513336,0.0793839711083014,-0.0233216807798103,-0.0287623882293701,0.75,0.75,0,1.0
crossover_02_05_1.mp4,339,0.1164427548646926,-0.0379270186026891,0.1385895098801012,0.027518019080162,-0.0183106809854507,0.9298492670059204,-0.0313914865255355,-0.0137192159891128,0.989774763584137,0.0041158646345138,0.0628818720579147,0.7409599423408508,-0.0381001085042953,0.0796817988157272,0.8635785579681396,0.0994883626699447,0.1670033186674118,0.9073508381843568,-0.104745015501976,0.1706181615591049,0.9688189625740052,0.0865982127732001,0.0589079653608729,-0.0153742356432808,-0.0151805996894836,0.25,0.25,1,1.0
crossover_02_05_1.mp4,340,0.1162507086992263,-0.0407978504896163,0.135055121006789,0.0270498543977737,-0.0172710418701171,0.930808961391449,-0.0327687412500381,-0.0136289000511169,0.9883560538291932,0.0064645558595657,0.0629909932613372,0.7346045970916748,-0.0398847013711929,0.0805436670780181,0.8382552862167358,0.0991233140230178,0.1672106087207794,0.9015292525291444,-0.1051077097654342,0.1711620986461639,0.966200828552246,0.0861798907032725,0.0545191017051912,-0.0035343888733121,-0.0028708318869272,0.25,0.25,1,1.0
crossover_02_05_1.mp4,341,0.1195324957370758,-0.0292288362979888,0.1420217160825376,0.0271757543087005,-0.0223952233791351,0.9260982275009156,-0.0326693058013916,-0.0195545852184295,0.9884256720542908,0.0083907842636108,0.0600578784942626,0.7045431137084961,-0.0326765179634094,0.0705064535140991,0.8447012901306152,0.0990448892116546,0.1641138792037964,0.9056766033172609,-0.1051935851573944,0.168002963066101,0.9677569270133972,0.0901848464177649,0.0715983190382203,0.0069665950757485,0.0115690141916274,0.75,0.75,1,1.0
crossover_02_05_1.mp4,342,0.1199381202459335,0.000699970126152,0.1697838915718926,0.0333117693662643,-0.0227464437484741,0.9087241291999816,-0.0316654294729232,-0.0245342552661895,0.9868390560150146,0.0232477635145187,0.0616455674171447,0.6500820517539978,-0.0253713279962539,0.0595790147781372,0.8436458110809326,0.0990006774663925,0.1636704802513122,0.8993955850601196,-0.1052300482988357,0.1673224568367004,0.9657901525497437,0.1104640219152,0.1132467547213349,0.027762175489355,0.0299288064241409,1.0,1.0,0,1.0
crossover_02_05_1.mp4,343,0.1193264722824096,0.0266326228777568,0.1623239859386727,0.0384997129440307,-0.0211636424064636,0.9166123270988464,-0.0296098291873931,-0.0236939191818237,0.988119900226593,0.0383108854293823,0.0619336664676666,0.6808812022209167,-0.0094101428985595,0.0589613616466522,0.8592284917831421,0.0989004373550415,0.1644031107425689,0.9076927304267884,-0.1055057644844055,0.1676894724369049,0.9687155485153198,0.1010672947086017,0.109466492888645,-0.0074599056332199,0.0259326527516047,0.75,0.75,0,1.0
crossover_02_05_1.mp4,344,0.1145895570516586,0.047760925690333,0.1415211106891984,0.0419529378414154,-0.0161849409341812,0.9237930178642272,-0.0254262387752532,-0.0186216086149215,0.989269495010376,0.0468079149723053,0.0671170502901077,0.7099648714065552,0.0006916522979736,0.0622856169939041,0.8732648491859436,0.0998066961765289,0.169381096959114,0.9141386151313782,-0.1044490933418273,0.1726077944040298,0.9708839654922484,0.0744101635080868,0.0921617054899794,-0.0208028752494742,0.0211283028125762,0.25,0.25,1,1.0
crossover_02_05_1.mp4,345,0.1122063249349594,0.0516193141539891,0.1409449511104159,0.0426895171403884,-0.0135065913200378,0.9306227564811708,-0.0229195803403854,-0.0145459771156311,0.990300476551056,0.0491233617067337,0.0698508620262146,0.7369714975357056,0.0028209537267684,0.0660725831985473,0.8858858942985535,0.1001969128847122,0.1720427870750427,0.9208022356033324,-0.1040200740098953,0.1751210689544677,0.9730437994003296,0.0711378892105417,0.0893708646993814,-0.0005761595787825,0.003858388463656,0.0,0.0,1,1.0
crossover_02_05_1.mp4,346,0.11360864341259,0.0469422976175943,0.1426709215950082,0.0417833924293518,-0.0143851190805435,0.9360239505767822,-0.0235156118869781,-0.0154706984758377,0.991236686706543,0.0432924032211303,0.0688218921422958,0.7593517303466797,-0.0028607249259948,0.0655621141195297,0.8972494006156921,0.100052535533905,0.1710595339536667,0.926428496837616,-0.1041670739650726,0.1738774627447128,0.9750367403030396,0.0739391701347325,0.0917938409958297,0.0017259704845923,-0.0046770165363947,0.25,0.25,1,1.0
crossover_02_05_1.mp4,347,0.1170646101236343,0.0239547739426294,0.166791358700505,0.0408232659101486,-0.0198216140270233,0.933082640171051,-0.0240579694509506,-0.0161894857883453,0.9919865727424622,0.0371893495321273,0.0600391030311584,0.7434046268463135,-0.0096932500600814,0.0721679925918579,0.9070578217506408,0.1001049727201461,0.1680860519409179,0.9297820329666138,-0.1041565686464309,0.1710324883460998,0.9763350486755372,0.107569503492057,0.1004279390061255,0.0241204371054967,-0.0229875236749649,0.75,0.75,0,1.0
crossover_02_05_1.mp4,348,0.1187746822834014,-0.0070115198691685,0.1631021191676457,0.0367389172315597,-0.0218410640954971,0.9293029308319092,-0.0279815047979354,-0.0161638706922531,0.9915090799331664,0.0202618986368179,0.0612141340970993,0.7111690044403076,-0.0208577066659927,0.0789393037557601,0.8991899490356445,0.0998848527669906,0.1667525023221969,0.9099274277687072,-0.1044844537973404,0.1698840111494064,0.9699093103408812,0.1054751196194561,0.0852941755741132,-0.0036892395328592,-0.030966293811798,1.0,1.0,0,1.0
crossover_02_05_1.mp4,349,0.1199663579463958,-0.0294507672389348,0.1389439927207099,0.0308612138032913,-0.0214402973651886,0.9328796863555908,-0.0309257954359054,-0.0179064571857452,0.990532159805298,0.0087548941373825,0.0606107115745544,0.7231130599975586,-0.0334036797285079,0.0770943760871887,0.8796025514602661,0.0996517091989517,0.1659379601478576,0.9095945358276368,-0.1046308726072311,0.1690633893013,0.9691213965415956,0.0871537463126196,0.0619758065285459,-0.0241581264469358,-0.0224392473697662,0.75,0.75,1,1.0
crossover_02_05_1.mp4,350,0.1182667911052703,-0.040739103158315,0.1289570535774584,0.0280870795249938,-0.0193552821874618,0.9361492395401,-0.0328635871410369,-0.0160628706216812,0.9905420541763306,0.0079920291900634,0.0637993067502975,0.7371745705604553,-0.0414274036884307,0.0778937190771102,0.8816239237785339,0.0990437865257263,0.1678618639707565,0.905770182609558,-0.1051439940929412,0.1710954159498214,0.9670121669769288,0.0813649508790337,0.0510679732113406,-0.0099869391432514,-0.0112883359193801,0.25,0.25,1,1.0
crossover_02_05_1.mp4,351,0.1186292618513107,-0.0367294083038965,0.1307951518782862,0.0289405137300491,-0.0190494358539581,0.9380350708961488,-0.033182755112648,-0.0174625813961029,0.9895949959754944,0.0137418061494827,0.0695623457431793,0.7400655150413513,-0.0384161323308944,0.0774599015712738,0.8669611215591431,0.0988661795854568,0.1677998602390289,0.9077321290969848,-0.1053169518709182,0.1712693870067596,0.967108428478241,0.0793523788904819,0.0533619149136809,0.0018380983008278,0.0040096948544184,0.25,0.25,1,1.0
crossover_02_05_1.mp4,352,0.1197366863489151,-0.0170981039603551,0.1469506737258699,0.0336065739393234,-0.0206343680620193,0.9239671230316162,-0.0328462868928909,-0.0196311920881271,0.989991009235382,0.0205783993005752,0.0646833628416061,0.6929731369018555,-0.034773513674736,0.0674837678670883,0.8773380517959595,0.0990234464406967,0.1668652147054672,0.9077479839324952,-0.1051473170518875,0.1703221052885055,0.9676533341407776,0.0904844148906263,0.0814089014502694,0.0161555218475836,0.0196313043435414,0.75,0.75,0,1.0
crossover_02_05_1.mp4,353,0.121151253581047,0.0185146341721216,0.1778011457787619,0.0392079204320907,-0.0213809758424758,0.9190746545791626,-0.0292765945196151,-0.0207655876874923,0.9900622367858888,0.0329232066869735,0.0649895220994949,0.6586822271347046,-0.0170039683580398,0.0664025098085403,0.8817580938339233,0.099719688296318,0.1655636578798294,0.9063925743103028,-0.1045366078615188,0.1689646989107132,0.966726005077362,0.1137280501858196,0.1169240232874388,0.030850472052892,0.0356127381324767,1.0,1.0,0,1.0
crossover_02_05_1.mp4,354,0.1194551289081573,0.0467532247304915,0.1550390795425132,0.044026181101799,-0.0190218687057495,0.9267271161079408,-0.0255283564329147,-0.0186959207057952,0.991036057472229,0.0454056113958358,0.0666565299034118,0.6917248368263245,-0.0021112114191055,0.0629460215568542,0.8935584425926208,0.1014798730611801,0.1680607795715332,0.9130611419677734,-0.1029879599809646,0.1712537407875061,0.969161331653595,0.0883928229123155,0.1042538462089913,-0.0227620662362486,0.0282385905583699,0.75,0.75,0,1.0
crossover_02_05_1.mp4,355,0.1174600571393966,0.0611754149198532,0.1424197469596509,0.0472885221242904,-0.0165231972932815,0.9334079027175904,-0.02054925262928,-0.0159762948751449,0.991906464099884,0.0569248050451278,0.0699088126420974,0.7212939262390137,0.0055870860815048,0.0658416897058487,0.9041786789894104,0.1034434288740158,0.1703944951295852,0.9196774959564208,-0.1009028702974319,0.1735676079988479,0.9715398550033568,0.0726354134008451,0.0946269578704027,-0.0126193325828622,0.0144221901893616,0.25,0.25,1,1.0
crossover_02_05_1.mp4,356,0.1180378049612045,0.0605638106664021,0.141869631520024,0.0469709038734436,-0.0178701877593994,0.9396684169769288,-0.0203225314617156,-0.0157603919506073,0.9926930665969848,0.0547754168510437,0.0675409436225891,0.7482950687408447,0.0040743649005889,0.0649397373199462,0.913737177848816,0.103130042552948,0.1695820093154907,0.926571011543274,-0.1012125611305236,0.1734201312065124,0.974066197872162,0.0745537346315795,0.0954424753690091,-0.0005501154396269,-0.000611604253451,0.25,0.25,1,1.0
crossover_02_05_1.mp4,357,0.1164692193269729,0.0483025064071019,0.1540177158735416,0.0458858758211135,-0.0172924250364303,0.9436250925064088,-0.0211639553308486,-0.0148102194070816,0.9933683276176452,0.0496579557657241,0.0600150376558303,0.7667123675346375,-0.0008198171854019,0.067562535405159,0.9222449660301208,0.1028715521097183,0.1714211851358413,0.9270920753479004,-0.1015011519193649,0.1747275739908218,0.9749536514282228,0.0940124500003396,0.0994359135571614,0.0121480843535175,-0.0122613042593001,0.75,0.75,1,1.0
crossover_02_05_1.mp4,358,0.1193764805793762,0.0144800285498301,0.1838032590018378,0.0427348315715789,-0.0219526886940002,0.9338685274124146,-0.0226769745349884,-0.0165474712848663,0.9938209652900696,0.0350730121135711,0.0495876669883728,0.7317929267883301,-0.0087335109710693,0.0737717747688293,0.9285783767700196,0.1015426814556121,0.1691067814826965,0.9239189624786376,-0.1028127372264862,0.1724541187286377,0.9745848178863524,0.1357862147332394,0.1124535279108981,0.0297855431282961,-0.0338224778572718,1.0,1.0,0,1.0
crossover_02_05_1.mp4,359,0.1220691800117492,-0.0136709332466125,0.156593914605953,0.0343345403671264,-0.024281769990921,0.9397984147071838,-0.025869995355606,-0.0189470648765563,0.9942947030067444,0.0107116997241973,0.0507371127605438,0.7568373680114746,-0.0204716920852661,0.0737450420856475,0.9348846673965454,0.1001314520835876,0.1665897071361541,0.9225695729255676,-0.1039735674858093,0.1699309051036834,0.9742645025253296,0.1086286117352489,0.0831275285249558,-0.0272093443958847,-0.0281509617964426,0.75,0.75,0,1.0
crossover_02_05_1.mp4,360,0.1199048310518264,-0.0336380064487457,0.1353934435932724,0.0273796617984771,-0.0217139720916748,0.9445552825927734,-0.0286954045295715,-0.0178533792495727,0.99308979511261,0.0014939606189727,0.0540176928043365,0.7755787372589111,-0.0358547866344451,0.0756443440914154,0.9110080599784852,0.0995561778545379,0.1688993871212005,0.9128324389457704,-0.1043281257152557,0.1723057925701141,0.9706591367721558,0.0886355906310227,0.0597902082758918,-0.0212004710126806,-0.0199670732021331,0.25,0.25,1,1.0
crossover_02_05_1.mp4,361,0.115349531173706,-0.0434879610935847,0.1338359176008789,0.0252275913953781,-0.0165932923555374,0.9480215907096864,-0.0319099873304367,-0.0128601640462875,0.992869794368744,0.001430794596672,0.0594935268163681,0.7924652695655823,-0.0456378906965255,0.0800575464963913,0.9123266935348512,0.0992402881383895,0.1737439483404159,0.9033957719802856,-0.1046259552240371,0.1776916831731796,0.965919017791748,0.0868589988447823,0.0538213284483911,-0.0015575259923934,-0.009849954644839,0.0,0.0,1,1.0
crossover_02_05_1.mp4,362,0.1161422282457351,-0.0377199500799179,0.1363838196904571,0.0263125449419021,-0.0169881433248519,0.9521569609642028,-0.0322141200304031,-0.0134776085615158,0.9928300380706788,0.0070980936288833,0.0598311275243759,0.8100348711013794,-0.0398193150758743,0.0791114419698715,0.9130510091781616,0.0993321686983108,0.1733853071928024,0.9066920280456544,-0.1046622842550277,0.1771728247404098,0.9662205576896667,0.0887072247325932,0.0573108417592664,0.0025479020895781,0.0057680110136668,0.25,0.25,1,1.0
crossover_02_05_1.mp4,363,0.1189390271902084,-0.022709775964419,0.1494455488743605,0.0283809453248977,-0.0200181752443313,0.9394019842147828,-0.0320902019739151,-0.0166580229997634,0.9907498359680176,0.0146221369504928,0.0593814700841903,0.7527310848236084,-0.0336340814828872,0.0756960958242416,0.8888970017433167,0.0989007502794265,0.1705195754766464,0.9040822982788086,-0.1051270812749862,0.1740340441465377,0.965912103652954,0.0974946665731441,0.0745541566664966,0.0130617291839034,0.0150101741154988,0.75,0.75,0,1.0
crossover_02_05_1.mp4,364,0.1204694509506225,0.013289870818456,0.1829365406875257,0.0360842049121856,-0.0216522961854934,0.9316128492355348,-0.0297616720199584,-0.0184110254049301,0.9914735555648804,0.0324753820896148,0.0581659823656082,0.7145969271659851,-0.0187234282493591,0.0723906904458999,0.8993094563484192,0.0992165505886077,0.1690467745065689,0.9058154225349426,-0.1050114333629608,0.1724451929330825,0.9669079780578612,0.1262369837515883,0.1150879503807819,0.0334909918131651,0.035999646782875,1.0,1.0,0,1.0
crossover_02_05_1.mp4,365,0.1188414543867111,0.0398933053016662,0.1587654058580045,0.0417654514312744,-0.0198999941349029,0.9366263747215272,-0.025822639465332,-0.0167237520217895,0.9922758340835572,0.0444434285163879,0.0641503632068634,0.7362395524978638,-0.0064470469951629,0.0681586563587188,0.909291684627533,0.1000441312789917,0.1706360876560211,0.9096122980117798,-0.1046034097671508,0.173986941576004,0.9685609936714172,0.094724389241348,0.1017694026012757,-0.0241711348295211,0.0266034344832102,0.75,0.75,0,1.0
crossover_02_05_1.mp4,366,0.1175504773855209,0.053309541940689,0.1412491697956014,0.0443080365657806,-0.017326608300209,0.9424408078193665,-0.023601084947586,-0.0158886164426803,0.9930018782615662,0.0519944131374359,0.0688404887914657,0.7611952424049377,0.0006240904331207,0.0682681649923324,0.9183037281036376,0.1008860170841217,0.1717709749937057,0.9161742329597472,-0.1041094958782196,0.1750575751066208,0.9708462953567504,0.0724206230885085,0.0900110207844078,-0.0175162360624031,0.0134162366390228,0.25,0.25,1,1.0
crossover_02_05_1.mp4,367,0.117318570613861,0.0545595288276672,0.1381963383268427,0.044571578502655,-0.0162520408630371,0.94663667678833,-0.0224436819553375,-0.0156666338443756,0.9936645030975342,0.052031397819519,0.0701496303081512,0.778728187084198,5.266070365905762e-05,0.0688532292842865,0.9264087677001952,0.1014344096183776,0.1719978153705597,0.9225614070892334,-0.1036852002143859,0.1751897633075714,0.9731683135032654,0.0680936554942926,0.0882012780200823,-0.0030528314687586,0.0012499868869781,0.0,0.0,1,1.0
crossover_02_05_1.mp4,368,0.1181623935699462,0.0472168405850728,0.1406412209625597,0.0432464480400085,-0.0178589671850204,0.946345329284668,-0.0230105221271514,-0.0168669670820236,0.9942527413368224,0.044873833656311,0.0654927343130111,0.7741565108299255,-0.0049419403076171,0.069416269659996,0.9336398243904114,0.1011987328529357,0.1712094396352768,0.926985502243042,-0.1039460897445678,0.1742022484540939,0.9750842452049256,0.075185003339666,0.08828098386552,0.0024448826357169,-0.0073426882425944,0.0,0.0,1,1.0
crossover_02_05_1.mp4,369,0.1199594438076019,0.023138956228892,0.1594147819059866,0.040618896484375,-0.0231876373291015,0.933151125907898,-0.0243928134441375,-0.0184432566165924,0.994567573070526,0.0350886583328247,0.0577788949012756,0.7352772355079651,-0.0119224488735198,0.0691971778869628,0.9390175938606262,0.1007661819458007,0.1690422296524047,0.9295536279678344,-0.1042746007442474,0.1720417737960815,0.9762585759162904,0.102335960969774,0.096791106010257,0.0187735609434269,-0.0240778843561807,0.0,0.0,0,1.0
crossover_02_05_1.mp4,370,0.180049866437912,0.025839747985204,-0.0876663258782139,0.0429776608943939,-0.0927210450172424,0.9282580614089966,-0.0477146506309509,-0.0718416273593902,0.9916179776191713,0.0198129713535308,-0.087803304195404,0.7486816644668579,-0.024273931980133,-0.0949915647506713,0.9434462189674376,0.0341936647891998,0.2714145481586456,0.9348934888839722,-0.031882494688034,0.2468932569026947,0.9739558696746826,0.0060283330720408,0.050646224382542,-0.2470811077842006,0.0027007917563119,0.0,0.0,1,1.0
crossover_02_05_1.mp4,371,0.1883042901754379,0.0250054657459258,-0.0931106417267411,0.0457200706005096,-0.1103305518627166,0.8737812042236328,-0.0530920028686523,-0.0745784938335418,0.9774389266967772,0.032856673002243,-0.0918477177619934,0.7040314078330994,-0.0283085405826568,-0.1112518012523651,0.9429409503936768,0.0275675952434539,0.2798360586166382,0.9386913776397704,-0.0327562689781188,0.2569425106048584,0.9694318771362304,0.0079521338219613,0.0563159385941342,-0.0054443158485271,-0.0008342822392781,0.0,0.0,1,1.0
crossover_02_05_1.mp4,372,0.1950190216302871,0.0272809922695159,-0.104650287495719,0.0424614250659942,-0.1007251143455505,0.8437655568122864,-0.0528752207756042,-0.0847977101802825,0.9632543921470642,0.0332787334918975,-0.1066810488700866,0.7019741535186768,-0.0281341969966888,-0.1243027746677398,0.942855179309845,0.0245297253131866,0.2730698883533478,0.9415121078491212,-0.0345335304737091,0.2512651979923248,0.9668635129928588,0.0063322106353373,0.0587967979864188,-0.0115396457689779,0.00227552652359,0.0,0.0,1,1.0
crossover_02_05_1.mp4,373,0.201121412217617,0.0283753395080565,-0.1133019694575557,0.0429285168647766,-0.1011521518230438,0.8319478631019592,-0.051433116197586,-0.089140385389328,0.9483851790428162,0.0334025621414184,-0.1229976713657379,0.7183294892311096,-0.0280808210372924,-0.136583924293518,0.9422113299369812,0.0224233865737915,0.270965039730072,0.9452014565467834,-0.0358951389789581,0.2515871524810791,0.9662710428237916,0.0109215201733876,0.0610683836736,-0.0086516819618366,0.0010943472385406,0.0,0.0,1,1.0
crossover_02_05_1.mp4,374,0.2056818976998329,0.0300666222969691,-0.1175871877758591,0.0439753979444503,-0.1046274602413177,0.8322448134422302,-0.0491671115159988,-0.0935350656509399,0.9355360269546508,0.0330443829298019,-0.1376479268074035,0.7396525740623474,-0.0272292643785476,-0.1412684619426727,0.9399055242538452,0.0212028473615646,0.2698210775852203,0.9495794773101808,-0.0359023064374923,0.2503303587436676,0.9673004746437072,0.020280540152525,0.0619969465062389,-0.0042852183183034,0.0016912827889125,0.0,0.0,1,1.0
crossover_02_05_1.mp4,375,0.2055982947349548,0.0307330598433812,-0.1188206017017364,0.0451132804155349,-0.1028136610984802,0.8249711394309998,-0.0468900352716445,-0.092581033706665,0.9223174452781676,0.0342824012041091,-0.1326988935470581,0.7564443349838257,-0.0255638509988784,-0.1432773470878601,0.937378466129303,0.0178874880075454,0.2780333459377289,0.95307856798172,-0.0382047444581985,0.2477201521396637,0.9671689867973328,0.0143249715056922,0.0613797569664708,-0.0012334139258773,0.0006664375464121,0.0,0.0,1,1.0
crossover_02_05_1.mp4,376,0.2049092650413513,0.0306711773077646,-0.1167723582850562,0.0438475906848907,-0.0941422879695892,0.8211782574653625,-0.0470432639122009,-0.0899724066257476,0.9121667742729188,0.0339074432849884,-0.1302006244659423,0.7713521718978882,-0.026134967803955,-0.1431429386138916,0.9377416372299194,0.0139026343822479,0.2830961048603058,0.9565836787223816,-0.0420264303684234,0.2493782341480255,0.9678465127944946,0.0138127386893427,0.062628632663769,0.0020482434166802,-6.18825356165642e-05,0.0,0.0,1,1.0
crossover_02_05_1.mp4,377,0.2067432701587677,0.0314751227696736,-0.1198225149401912,0.045802354812622,-0.0970294773578643,0.811190664768219,-0.0466908514499664,-0.0938289761543273,0.9057531356811525,0.0362424254417419,-0.129101812839508,0.7844924330711365,-0.0282630026340484,-0.1468176245689392,0.9391350150108336,0.0115749835968017,0.2753326296806335,0.9594683051109314,-0.0437268912792205,0.245129644870758,0.967704176902771,0.0104322837514791,0.0655544016113255,-0.0030501566551349,0.0008039454619089,0.0,0.0,1,1.0
crossover_02_05_1.mp4,378,0.205985389649868,0.0341670175393422,-0.1186682632675877,0.0468641221523284,-0.0944830477237701,0.8077762126922607,-0.0461186170578002,-0.0934785008430481,0.8992518186569214,0.0415607988834381,-0.1245432496070861,0.7991352677345276,-0.0268810391426086,-0.1422134339809417,0.939766764640808,0.0102584660053253,0.2723870575428009,0.962716579437256,-0.0424830913543701,0.2438587844371795,0.969094455242157,0.0094436998604145,0.0654311874304881,0.0011542516726034,0.0026918947696685,0.0,0.0,1,1.0
crossover_02_05_1.mp4,379,0.2067554146051406,0.0371060450871785,-0.117730798875844,0.0453006029129028,-0.0942911654710769,0.7886065244674683,-0.0457701385021209,-0.0955180674791336,0.8953537344932556,0.0437033772468566,-0.1192752569913864,0.8031384944915771,-0.0243026316165924,-0.1408660560846328,0.9406115412712096,0.0088427364826202,0.2719068974256515,0.96553236246109,-0.0393905639648437,0.2413176745176315,0.9696494340896606,0.0067757023618063,0.0656221433711599,0.0009374643917436,0.0029390275478362,0.0,0.0,1,1.0
crossover_02_05_1.mp4,380,0.2020308151841163,0.0391370316346486,-0.1126195681315881,0.0426906049251556,-0.0913812071084976,0.7746719717979431,-0.0455669462680816,-0.0918041616678237,0.8928217887878418,0.0472575724124908,-0.1117962151765823,0.809302806854248,-0.0211794376373291,-0.1306036859750747,0.9415168166160583,0.0079070627689361,0.2758295387029648,0.9678774476051332,-0.0426400601863861,0.2468962520360946,0.9701294302940368,0.008162174502736,0.0629404874468402,0.0051112307442559,0.0020309865474701,0.0,0.0,1,1.0
crossover_02_05_1.mp4,381,0.2027312740683555,0.0409997949997583,-0.1100375388507489,0.0443646162748336,-0.0924706608057022,0.7750513553619385,-0.0467459410429,-0.0952792018651962,0.8953689932823181,0.0476577132940292,-0.1133814305067062,0.8216820359230042,-0.0192275792360305,-0.1134658902883529,0.9441737532615662,0.0061176866292953,0.2755261808633804,0.9701328277587892,-0.0458930283784866,0.247862234711647,0.9709905385971068,0.0074504689396015,0.0603248721583187,0.0025820292808391,0.0018627633651097,0.0,0.0,1,1.0
crossover_02_05_1.mp4,382,0.201407641172409,0.0427128056685129,-0.1061202499601576,0.0475381910800933,-0.0947117507457733,0.7630007863044739,-0.0478459596633911,-0.0986823439598083,0.8952789306640625,0.0485006272792816,-0.1082916259765625,0.8232947587966919,-0.0156910121440887,-0.1030003428459167,0.9450765252113342,0.0052517056465148,0.2760918140411377,0.971902072429657,-0.0471570193767547,0.248270571231842,0.9714577794075012,0.0061817273316362,0.0584870905028542,0.0039172888905913,0.0017130106687546,0.0,0.0,1,1.0
crossover_02_05_1.mp4,383,0.202604554593563,0.0437073568503062,-0.1055992171720222,0.0488529503345489,-0.0951381772756576,0.7665296196937561,-0.0482301712036132,-0.1041384190320968,0.8972991704940796,0.0504737198352813,-0.111874982714653,0.834855318069458,-0.0171238780021667,-0.0961772054433822,0.947008728981018,0.00412118434906,0.2747889906167984,0.9732917547225952,-0.0475233793258667,0.2453891187906265,0.971160352230072,0.0092286998645808,0.0615565872891874,0.0005210327881354,0.0009945511817932,0.0,0.0,1,1.0
crossover_02_05_1.mp4,384,0.2025976628065109,0.0451545010010401,-0.1045697053273518,0.0492355078458786,-0.0942594707012176,0.7669677734375,-0.050328716635704,-0.1033842861652374,0.8999846577644348,0.0522976368665695,-0.112630009651184,0.8437162041664124,-0.0151754766702651,-0.0886189937591552,0.948111057281494,0.003006026148796,0.2738294005393982,0.9747920632362366,-0.0474448353052139,0.2448774576187133,0.9717352390289308,0.0107699998043732,0.0624029759334601,0.0010295118446703,0.0014471441507338,0.0,0.0,1,1.0
crossover_02_05_1.mp4,385,0.2027665674686432,0.0462090561787287,-0.1062966111633512,0.0465148836374282,-0.0961832255125045,0.7508293986320496,-0.0497129708528518,-0.1043868213891983,0.9006403088569641,0.0517015606164932,-0.1074209660291671,0.8423356413841248,-0.0132661312818527,-0.0855192989110946,0.9472262859344482,0.0017906576395034,0.2740969508886337,0.9758492708206176,-0.0474257916212081,0.2449979037046432,0.9715787768363952,0.0056064051640196,0.0629999573642639,-0.0017269058359993,0.0010545551776885,0.0,0.0,1,1.0
crossover_02_05_1.mp4,386,0.2030599936842918,0.0468043307463328,-0.1100456561203356,0.0424919426441192,-0.0957262367010116,0.7410441637039185,-0.0487487614154815,-0.1045955866575241,0.901936948299408,0.0523294508457183,-0.107273444533348,0.8468757271766663,-0.0118731558322906,-0.0827987939119339,0.947037398815155,0.0008145868778228,0.2746047526597976,0.977039635181427,-0.0475848317146301,0.2454556971788406,0.9720025062561036,0.0061815943894485,0.0646949683622163,-0.0037490449569843,0.0005952745676041,0.0,0.0,1,1.0
crossover_02_05_1.mp4,387,0.204479731619358,0.0470254361629486,-0.1145740279444941,0.0394078195095062,-0.0930755734443664,0.7206835746765137,-0.0471508502960205,-0.1063080132007598,0.9039827585220336,0.0521863996982574,-0.1072730422019958,0.8439732193946838,-0.012143462896347,-0.0838531255722045,0.9489774107933044,-0.0001598298549652,0.2745445370674133,0.9782188534736632,-0.0481512546539306,0.2448559999465942,0.9726502299308776,0.008940913679538,0.0666688267367655,-0.0045283718241585,0.0002211054166157,0.0,0.0,1,1.0
crossover_02_05_1.mp4,388,0.2047377377748489,0.047252654035886,-0.1176449276782848,0.0423582345247268,-0.0964455306529998,0.6945583820343018,-0.0450899451971054,-0.1057326793670654,0.9034735560417176,0.051951840519905,-0.1084391176700592,0.8324146866798401,-0.0111761540174484,-0.0846746265888214,0.9492376446723938,-0.0006203204393386,0.2750992178916931,0.9793598651885986,-0.0480582863092422,0.2440937161445617,0.9730505347251892,0.0103358256331622,0.0670892417937725,-0.0030708997337906,0.0002272178729374,0.0,0.0,1,1.0
crossover_02_05_1.mp4,389,0.2051679491996765,0.046688903371493,-0.1212631080989484,0.0416129678487777,-0.0978363305330276,0.6513895392417908,-0.0440422147512435,-0.1044576317071914,0.901150643825531,0.0496138781309127,-0.105662778019905,0.7951191067695618,-0.0108549445867538,-0.0851974338293075,0.9479989409446716,-0.0011984854936599,0.2759632021188736,0.9802680611610411,-0.0479612499475479,0.243601456284523,0.9730491638183594,0.0158721698553899,0.0679119083693402,-0.0036181804206636,-0.000563750664393,0.0,0.0,1,1.0
